題號,domain1,subdomain1,entities1,domain2,subdomain2,entities2,domain3,subdomain3,entities3,domain4,subdomain4,entities4
1,Carpool_Cost_Sharing,"['Rideshare_Booking', 'Transaction_Validation']","['calender', 'mail', 'grab', 'uber', 'google_maps', 'maps', 'stripe', 'klarna', 'openbanking', 'plaid', 'paypal-sdk']",Fitness_Tracker_Data_Plan,"['Normalization', 'CSV_Analysis']","['scrapy', 'polars', 'apache-spark', 'airflow', 'scrapy', 'beautifulsoup', 'spacy', 'pandas']",,,,,,
2,Finance payments,Invoicing,"['stripe', 'klarna', 'openbanking', 'plaid', 'paypal-sdk']",Cybersecurity,Vulnerability_Scanning,"['scapy', 'nmap', 'metasploit', 'wireshark', 'burp-suite']",,,,,,
3,Databases,DB_Migrations,"['aws', 'kubernetes', 'sqlalchemy', 'mongoengine', 'redis', 'postgresql']",Wine_Management,Tasting_Notes,"['vivino', 'cellartracker', 'wine_searcher', 'delectable']",,,,,,
4,Web_Data_Clustering,"['HTML_Scraping', 'Clustering_Analysis']","['scrapy', 'beautifulsoup', 'spacy', 'pandas', 'huggingface_trl', 'pandas', 'numpy', 'scikit-learn', 'matplotlib', 'seaborn', 'xgboost', 'lightgbm']",Library_Management,Catalog_System,"['worldcat', 'libby', 'sierra_api', 'koha']",,,,,,
5,Seasonal_Product_Recommendations,"['Product_Catalog_Management', 'Clustering_Analysis']","['shopify', 'instacart', 'klarna', 'wish', 'huggingface_trl', 'pandas', 'numpy', 'scikit-learn', 'matplotlib', 'seaborn', 'xgboost', 'lightgbm']",News_Briefing_Refinement,"['News_Search', 'Feature_Selection']","['serper', 'duckduckgo', 'bind', 'huggingface_trl', 'pandas', 'numpy', 'scikit-learn', 'matplotlib', 'seaborn', 'xgboost', 'lightgbm']",,,,,,
6,Environmental_Monitoring,Waste_Management,"['openaq', 'airvisual', 'breezometer', 'weatherbit']",Smart_Garden,Plant_Monitoring,"['gardena', 'rachio', 'orbit_bhyve', 'rainmachine']",,,,,,
7,SaaS,Usage,"['microsoft365', 'google_workspace', 'salesforce', 'zendesk', 'slack', 'trello', 'asana', 'zapier', 'shopify']",Healthcare_Management,Insurance_Claims,"['epic', 'cerner', 'meditech', 'allscripts', 'healthit']",,,,,,
8,Real_Estate,Transaction_Management,"['mls', 'zillow_api', 'realtor_api', 'redfin']",Bioinformatics,Protein_Analysis,"['biopython', 'blast', 'samtools', 'galaxy']",,,,,,
9,Devops,Containerization,"['aws', 'docker', 'kubernetes', 'prometheus', 'terraform', 'ansible', 'jenkins', 'gitlab-ci']",Space_Technology,Mission_Planning,"['nasa_api', 'spacex_api', 'esa_toolkit', 'orbital_mechanics']",,,,,,
10,Healthy_Food_Alternatives,"['Food_Ordering', 'OCR_Processing']","['calender', 'mail', 'grab', 'uber', 'google_maps', 'maps', 'scrapy', 'beautifulsoup', 'spacy', 'pandas']",Time_Series_Analysis,Anomaly_Detection,"['prophet', 'statsmodels', 'pmdarima', 'neuralprophet']",,,,,,
11,SSH_Based_Financial_Deployment,"['SSH', 'Payment_Gateway_Integration', 'Deployment_Pipelines']","['scapy', 'docker', 'psutil', 'subprocess', 'os', 'stripe', 'klarna', 'openbanking', 'plaid', 'paypal-sdk', 'aws', 'docker', 'kubernetes', 'prometheus', 'terraform', 'ansible', 'jenkins', 'gitlab-ci']",Fitness_Technology,Nutrition_Planning,"['fitbit', 'garmin_connect', 'apple_healthkit', 'myfitnesspal']",,,,,,
12,Smart_Home,Automation_Rules,"['homeassistant', 'smartthings', 'philips_hue', 'nest']",Wine_Management,Pairing_Suggestions,"['vivino', 'cellartracker', 'wine_searcher', 'delectable']",,,,,,
13,Devops,Service_Scaling,"['aws', 'docker', 'kubernetes', 'prometheus', 'terraform', 'ansible', 'jenkins', 'gitlab-ci']",Drone_Operations,Data_Collection,"['dji_sdk', 'airmap', 'dronelogbook', 'kittyhawk']",,,,,,
14,SaaS,Team_Management,"['microsoft365', 'google_workspace', 'salesforce', 'zendesk', 'slack', 'trello', 'asana', 'zapier', 'shopify']",Language_Learning,Course_Progress,"['duolingo', 'rosetta_stone', 'babbel', 'memrise']",,,,,,
15,DIY_Product_Instruction_Finder,"['Product_Search', 'PDF_Parsing']","['serper', 'duckduckgo', 'bind', 'scrapy', 'beautifulsoup', 'spacy', 'pandas']",Manufacturing,Production_Planning,"['siemens_mindsphere', 'ge_predix', 'rockwell_automation', 'fanuc']",,,,,,
16,Algorithmic Trading,Order_Execution,"['quantlib', 'pandas', 'numpy', 'backtrader', 'ccxt']",Home_Services,Project_Tracking,"['angi', 'thumbtack', 'homeadvisor', 'taskrabbit']",,,,,,
17,APIs in general,API_Auth,"['scrapy', 'requests', 'httpx', 'fastapi', 'flask', 'postman']",Data Science,Feature_Selection,"['huggingface_trl', 'pandas', 'numpy', 'scikit-learn', 'matplotlib', 'seaborn', 'xgboost', 'lightgbm']",,,,,,
18,Machine Learning Engineering,Model_Serving,"['huggingface_trl', 'pytorch', 'aws', 'mlflow']",Weather_Services,Historical_Data,"['openweathermap', 'darksky', 'weatherapi', 'noaa_api']",,,,,,
19,Telecommunications,Service_Provisioning,"['cisco_meraki', 'nokia_apis', 'ericsson_api', 'twilio']",Music_Streaming,Artist_Analytics,"['spotify_api', 'apple_music', 'pandora', 'deezer']",,,,,,
20,APIs in general,API_Auth,"['scrapy', 'requests', 'httpx', 'fastapi', 'flask', 'postman']",Local_Repair_Service_Comparison,"['Service_Search', 'Normalization']","['serper', 'duckduckgo', 'bind', 'scrapy', 'polars', 'apache-spark', 'airflow']",,,,,,
21,SSH_Scaling_Strategy,"['SSH', 'Service_Scaling']","['scapy', 'docker', 'psutil', 'subprocess', 'os', 'aws', 'docker', 'kubernetes', 'prometheus', 'terraform', 'ansible', 'jenkins', 'gitlab-ci']",Agriculture_Tech,Crop_Management,"['john_deere_api', 'climate_fieldview', 'farmers_edge', 'agrivi']",,,,,,
22,Student_Research_Data_Curation,"['Scholar_Search', 'CSV_Analysis']","['serper', 'duckduckgo', 'bind', 'scrapy', 'beautifulsoup', 'spacy', 'pandas']",Pet_Medical_Appointment_Booking,"['Calendar_Management', 'Transaction_Validation']","['calender', 'mail', 'grab', 'uber', 'google_maps', 'maps', 'stripe', 'klarna', 'openbanking', 'plaid', 'paypal-sdk']",,,,,,
23,Data Processing,Normalization,"['scrapy', 'polars', 'apache-spark', 'airflow']",Public_Transportation,Fare_Calculation,"['transitland', 'here_transit', 'moovit', 'citymapper']",,,,,,
24,Event_Management,Schedule_Planning,"['eventbrite', 'ticketmaster', 'meetup_api', 'cvent']",Library_Management,Digital_Archives,"['worldcat', 'libby', 'sierra_api', 'koha']",,,,,,
25,Supply_Chain,Inventory_Management,"['sap', 'oracle_scm', 'manhattan', 'blueyonder']",Space_Technology,Mission_Planning,"['nasa_api', 'spacex_api', 'esa_toolkit', 'orbital_mechanics']",,,,,,
26,Adaptive_Calendar_Integration,"['Calendar_Management', 'Integration']","['calender', 'mail', 'grab', 'uber', 'google_maps', 'maps', 'microsoft365', 'google_workspace', 'salesforce', 'zendesk', 'slack', 'trello', 'asana', 'zapier', 'shopify']",Voice_Assistant,Device_Control,"['alexa_skills', 'google_assistant', 'siri_shortcuts', 'cortana']",,,,,,
27,Unified_System_Infrastructure_Monitoring,"['System_Monitoring', 'Infrastructure_Monitoring']","['scapy', 'docker', 'psutil', 'subprocess', 'os', 'aws', 'docker', 'kubernetes', 'prometheus', 'terraform', 'ansible', 'jenkins', 'gitlab-ci']",Job_Search,Resume_Parsing,"['indeed_api', 'linkedin_jobs', 'glassdoor_api', 'monster']",,,,,,
28,Personal Assistant,Calendar_Management,"['calender', 'mail', 'grab', 'uber', 'google_maps', 'maps']",Bioinformatics,Genome_Sequencing,"['biopython', 'blast', 'samtools', 'galaxy']",,,,,,
29,SSH_Scaling_Strategy,"['SSH', 'Service_Scaling']","['scapy', 'docker', 'psutil', 'subprocess', 'os', 'aws', 'docker', 'kubernetes', 'prometheus', 'terraform', 'ansible', 'jenkins', 'gitlab-ci']",Video_Production,Export_Control,"['adobe_premiere', 'final_cut', 'davinci_resolve', 'avid']",,,,,,
30,Devops,Service_Scaling,"['aws', 'docker', 'kubernetes', 'prometheus', 'terraform', 'ansible', 'jenkins', 'gitlab-ci']",Operating System Functions,SSH,"['scapy', 'docker', 'psutil', 'subprocess', 'os']",,,,,,
31,Family_Medical_Budget_Plan,"['Accounting', 'Calendar_Management']","['stripe', 'klarna', 'openbanking', 'plaid', 'paypal-sdk', 'calender', 'mail', 'grab', 'uber', 'google_maps', 'maps']",Federated_Learning,Model_Distribution,"['tensorflow_federated', 'pysyft', 'flower', 'fedml']",,,,,,
32,Predictive_Social_Event_Planning,"['Calendar_Management', 'Feature_Selection', 'Email_Automation']","['calender', 'mail', 'grab', 'uber', 'google_maps', 'maps', 'huggingface_trl', 'pandas', 'numpy', 'scikit-learn', 'matplotlib', 'seaborn', 'xgboost', 'lightgbm', 'calender', 'mail', 'grab', 'uber', 'google_maps', 'maps']",Voice_Assistant,Response_Generation,"['alexa_skills', 'google_assistant', 'siri_shortcuts', 'cortana']",,,,,,
33,Machine Learning Engineering,Hyperparameter_Tuning,"['huggingface_trl', 'pytorch', 'aws', 'mlflow']",Gaming_Development,Game_Analytics,"['unity', 'unreal_engine', 'steam_api', 'playfab']",,,,,,
34,Public_Transportation,Service_Alerts,"['transitland', 'here_transit', 'moovit', 'citymapper']",Job_Search,Resume_Parsing,"['indeed_api', 'linkedin_jobs', 'glassdoor_api', 'monster']",,,,,,
35,RESTful_DB_Access_Control,"['REST_API_Integration', 'Database_Testing', 'Access_Control']","['scrapy', 'requests', 'httpx', 'fastapi', 'flask', 'postman', 'aws', 'kubernetes', 'sqlalchemy', 'mongoengine', 'redis', 'postgresql', 'scapy', 'nmap', 'metasploit', 'wireshark', 'burp-suite']",Energy_Management,Smart_Metering,"['enphase', 'solaredge', 'schneider_electric', 'siemens_energy']",,,,,,
36,Local_Charity_Payment_Scheduling,"['Transaction_Validation', 'Calendar_Management']","['stripe', 'klarna', 'openbanking', 'plaid', 'paypal-sdk', 'calender', 'mail', 'grab', 'uber', 'google_maps', 'maps']",Healthcare_Management,Insurance_Claims,"['epic', 'cerner', 'meditech', 'allscripts', 'healthit']",,,,,,
37,AI_Coupon_Email_Campaign,"['Email_Automation', 'Ad_Campaigns', 'Feature_Selection']","['calender', 'mail', 'grab', 'uber', 'google_maps', 'maps', 'shopify', 'klarna', 'stripe', 'figma', 'huggingface_trl', 'pandas', 'numpy', 'scikit-learn', 'matplotlib', 'seaborn', 'xgboost', 'lightgbm']",Event_Management,Attendee_Tracking,"['eventbrite', 'ticketmaster', 'meetup_api', 'cvent']",,,,,,
38,Sports_Analytics,Performance_Tracking,"['mlb_statsapi', 'nba_api', 'fifa_api', 'strava_api']",Mental_Health,Meditation_Sessions,"['betterhelp', 'talkspace', 'calm', 'headspace']",,,,,,
39,Gaming_Development,Monetization,"['unity', 'unreal_engine', 'steam_api', 'playfab']",Vacation_Rental,Guest_Communication,"['airbnb_api', 'vrbo_api', 'booking_com', 'homeaway']",,,,,,
40,Cybersecurity,Log_Analysis,"['scapy', 'nmap', 'metasploit', 'wireshark', 'burp-suite']",Customized_Research_Paper_Extraction,"['Scholar_Search', 'PDF_Parsing', 'Clustering_Analysis']","['serper', 'duckduckgo', 'bind', 'scrapy', 'beautifulsoup', 'spacy', 'pandas', 'huggingface_trl', 'pandas', 'numpy', 'scikit-learn', 'matplotlib', 'seaborn', 'xgboost', 'lightgbm']",,,,,,
41,Personal Assistant,Food_Ordering,"['calender', 'mail', 'grab', 'uber', 'google_maps', 'maps']",Video_Production,Editing_Workflow,"['adobe_premiere', 'final_cut', 'davinci_resolve', 'avid']",,,,,,
42,Cybersecurity,Network_Monitoring,"['scapy', 'nmap', 'metasploit', 'wireshark', 'burp-suite']",Pet_Medical_Appointment_Booking,"['Calendar_Management', 'Transaction_Validation']","['calender', 'mail', 'grab', 'uber', 'google_maps', 'maps', 'stripe', 'klarna', 'openbanking', 'plaid', 'paypal-sdk']",,,,,,
43,APIs in general,API_Creation,"['scrapy', 'requests', 'httpx', 'fastapi', 'flask', 'postman']",Entertainment,Engagement_Analytics,"['netflix_api', 'spotify_api', 'youtube_api', 'twitch_api']",,,,,,
44,Blockchain,Smart_Contract_Deployment,['web3'],Home_Services,Project_Tracking,"['angi', 'thumbtack', 'homeadvisor', 'taskrabbit']",,,,,,
45,Healthy_Food_Alternatives,"['Food_Ordering', 'OCR_Processing']","['calender', 'mail', 'grab', 'uber', 'google_maps', 'maps', 'scrapy', 'beautifulsoup', 'spacy', 'pandas']",Agriculture_Tech,Crop_Management,"['john_deere_api', 'climate_fieldview', 'farmers_edge', 'agrivi']",,,,,,
46,Information Extraction,OCR_Processing,"['scrapy', 'beautifulsoup', 'spacy', 'pandas']",Bioinformatics,Genome_Sequencing,"['biopython', 'blast', 'samtools', 'galaxy']",,,,,,
47,Finance payments,Transaction_Validation,"['stripe', 'klarna', 'openbanking', 'plaid', 'paypal-sdk']",GraphQL_Based_Ad_Campaigns,"['GraphQL_Queries', 'Ad_Campaigns']","['scrapy', 'requests', 'httpx', 'fastapi', 'flask', 'postman', 'shopify', 'klarna', 'stripe', 'figma']",,,,,,
48,Finance payments,Invoicing,"['stripe', 'klarna', 'openbanking', 'plaid', 'paypal-sdk']",Entertainment,Engagement_Analytics,"['netflix_api', 'spotify_api', 'youtube_api', 'twitch_api']",,,,,,
49,Household_Bill_Organization,"['Invoicing', 'PDF_Parsing']","['stripe', 'klarna', 'openbanking', 'plaid', 'paypal-sdk', 'scrapy', 'beautifulsoup', 'spacy', 'pandas']",Doctor_Appointment_Booking,"['Calendar_Management', 'Payment_Gateway_Integration']","['calender', 'mail', 'grab', 'uber', 'google_maps', 'maps', 'stripe', 'klarna', 'openbanking', 'plaid', 'paypal-sdk']",,,,,,
50,Doctor_Appointment_Booking,"['Calendar_Management', 'Payment_Gateway_Integration']","['calender', 'mail', 'grab', 'uber', 'google_maps', 'maps', 'stripe', 'klarna', 'openbanking', 'plaid', 'paypal-sdk']",Drone_Operations,Safety_Compliance,"['dji_sdk', 'airmap', 'dronelogbook', 'kittyhawk']",,,,,,
51,Digital_Marketing,Campaign_Analytics,"['google_ads', 'facebook_marketing', 'mailchimp', 'hubspot']",Video_Production,Color_Grading,"['adobe_premiere', 'final_cut', 'davinci_resolve', 'avid']",,,,,,
52,Smart_Home,Security_Systems,"['homeassistant', 'smartthings', 'philips_hue', 'nest']",Time_Series_Analysis,Anomaly_Detection,"['prophet', 'statsmodels', 'pmdarima', 'neuralprophet']",,,,,,
53,Search,Web_Search,"['serper', 'duckduckgo', 'bind']",Food_Delivery,Driver_Dispatch,"['doordash', 'uber_eats', 'grubhub', 'postmates']",,,,,,
54,Art_Gallery,Exhibition_Planning,"['artsy', 'museum_api', 'getty', 'smithsonian_api']",Waste_Management,Collection_Routing,"['rubicon', 'waste_management_api', 'recycle_track_systems', 'compology']",,,,,,
55,Healthcare_Management,Patient_Records,"['epic', 'cerner', 'meditech', 'allscripts', 'healthit']",Weather_Services,Historical_Data,"['openweathermap', 'darksky', 'weatherapi', 'noaa_api']",,,,,,
56,Developer Tools,CI_CD_Configuration,"['github', 'git', 'docker', 'aws', 'vercel', 'vscode', 'pre-commit']",Gaming_Development,Multiplayer_Systems,"['unity', 'unreal_engine', 'steam_api', 'playfab']",,,,,,
57,Devops,Containerization,"['aws', 'docker', 'kubernetes', 'prometheus', 'terraform', 'ansible', 'jenkins', 'gitlab-ci']",Search,Image_Search,"['serper', 'duckduckgo', 'bind']",,,,,,
58,Doctor_Appointment_Booking,"['Calendar_Management', 'Payment_Gateway_Integration']","['calender', 'mail', 'grab', 'uber', 'google_maps', 'maps', 'stripe', 'klarna', 'openbanking', 'plaid', 'paypal-sdk']",Gaming_Development,Player_Engagement,"['unity', 'unreal_engine', 'steam_api', 'playfab']",,,,,,
59,Sports_Analytics,Player_Statistics,"['mlb_statsapi', 'nba_api', 'fifa_api', 'strava_api']",Job_Search,Application_Tracking,"['indeed_api', 'linkedin_jobs', 'glassdoor_api', 'monster']",,,,,,
60,Machine Learning Engineering,Data_Feature_Engineering,"['huggingface_trl', 'pytorch', 'aws', 'mlflow']",Event_Ticket_Advisor,"['Venue_Search', 'GraphQL_Queries', 'Classification_Pipelines']","['serper', 'duckduckgo', 'bind', 'scrapy', 'requests', 'httpx', 'fastapi', 'flask', 'postman', 'huggingface_trl', 'pandas', 'numpy', 'scikit-learn', 'matplotlib', 'seaborn', 'xgboost', 'lightgbm']",,,,,,
61,Education_Technology,Course_Management,"['canvas', 'blackboard', 'moodle', 'schoology']",Gaming_Development,Player_Engagement,"['unity', 'unreal_engine', 'steam_api', 'playfab']",,,,,,
62,Healthcare_Management,Prescription_Management,"['epic', 'cerner', 'meditech', 'allscripts', 'healthit']",Restaurant_Management,Order_Processing,"['toast_pos', 'square', 'opentable', 'yelp_fusion']",,,,,,
63,APIs in general,API_Creation,"['scrapy', 'requests', 'httpx', 'fastapi', 'flask', 'postman']",Food_Delivery,Menu_Synchronization,"['doordash', 'uber_eats', 'grubhub', 'postmates']",,,,,,
64,Developer Tools,Frontend_Bundling,"['github', 'git', 'docker', 'aws', 'vercel', 'vscode', 'pre-commit']",Service_Cost_Breakdown,"['Service_Search', 'Accounting']","['serper', 'duckduckgo', 'bind', 'stripe', 'klarna', 'openbanking', 'plaid', 'paypal-sdk']",,,,,,
65,Food_Order_Validation,"['Food_Ordering', 'Transaction_Validation']","['calender', 'mail', 'grab', 'uber', 'google_maps', 'maps', 'stripe', 'klarna', 'openbanking', 'plaid', 'paypal-sdk']",Time_Series_Analysis,Forecasting,"['prophet', 'statsmodels', 'pmdarima', 'neuralprophet']",,,,,,
66,Food_Delivery,Order_Tracking,"['doordash', 'uber_eats', 'grubhub', 'postmates']",Speech_Technology,Voice_Recognition,"['deepspeech', 'whisper', 'google_speech', 'azure_speech']",,,,,,
67,Digital_Marketing,Content_Optimization,"['google_ads', 'facebook_marketing', 'mailchimp', 'hubspot']",Art_Gallery,Artist_Profiles,"['artsy', 'museum_api', 'getty', 'smithsonian_api']",,,,,,
68,Data_Preprocessing_for_ML,"['Normalization', 'Data_Feature_Engineering']","['scrapy', 'polars', 'apache-spark', 'airflow', 'huggingface_trl', 'pytorch', 'aws', 'mlflow']",Space_Technology,Satellite_Control,"['nasa_api', 'spacex_api', 'esa_toolkit', 'orbital_mechanics']",,,,,,
69,Information Extraction,OCR_Processing,"['scrapy', 'beautifulsoup', 'spacy', 'pandas']",Web_Data_Clustering,"['HTML_Scraping', 'Clustering_Analysis']","['scrapy', 'beautifulsoup', 'spacy', 'pandas', 'huggingface_trl', 'pandas', 'numpy', 'scikit-learn', 'matplotlib', 'seaborn', 'xgboost', 'lightgbm']",,,,,,
70,Entertainment,Content_Streaming,"['netflix_api', 'spotify_api', 'youtube_api', 'twitch_api']",Wine_Management,Inventory_Control,"['vivino', 'cellartracker', 'wine_searcher', 'delectable']",,,,,,
71,Machine_Learning_Enhanced_Pentesting,"['Model_Training', 'Pentesting']","['huggingface_trl', 'pytorch', 'aws', 'mlflow', 'scapy', 'nmap', 'metasploit', 'wireshark', 'burp-suite']",Event_Management,Schedule_Planning,"['eventbrite', 'ticketmaster', 'meetup_api', 'cvent']",,,,,,
72,Devops,Service_Scaling,"['aws', 'docker', 'kubernetes', 'prometheus', 'terraform', 'ansible', 'jenkins', 'gitlab-ci']",Databases,DB_Migrations,"['aws', 'kubernetes', 'sqlalchemy', 'mongoengine', 'redis', 'postgresql']",,,,,,
73,Shared_Event_Email_Reminders,"['Email_Automation', 'Calendar_Management']","['calender', 'mail', 'grab', 'uber', 'google_maps', 'maps', 'calender', 'mail', 'grab', 'uber', 'google_maps', 'maps']",Legal_Technology,Compliance_Tracking,"['clio', 'lexisnexis', 'westlaw', 'rocket_lawyer']",,,,,,
74,Personal Assistant,Rideshare_Booking,"['calender', 'mail', 'grab', 'uber', 'google_maps', 'maps']",Shared_Event_Email_Reminders,"['Email_Automation', 'Calendar_Management']","['calender', 'mail', 'grab', 'uber', 'google_maps', 'maps', 'calender', 'mail', 'grab', 'uber', 'google_maps', 'maps']",,,,,,
75,Energy_Management,Consumption_Analysis,"['enphase', 'solaredge', 'schneider_electric', 'siemens_energy']",Library_Management,Digital_Archives,"['worldcat', 'libby', 'sierra_api', 'koha']",,,,,,
76,Blockchain,Wallet_Management,['web3'],Water_Utilities,Leak_Detection,"['water_smart', 'aquahawk', 'sensus_analytics', 'waterscope']",,,,,,
77,Supply_Chain,Logistics_Planning,"['sap', 'oracle_scm', 'manhattan', 'blueyonder']",Real_Estate,Market_Analysis,"['mls', 'zillow_api', 'realtor_api', 'redfin']",,,,,,
78,XLSX_Driven_Feature_Selection,"['XLSX_Analysis', 'Feature_Selection']","['scrapy', 'beautifulsoup', 'spacy', 'pandas', 'huggingface_trl', 'pandas', 'numpy', 'scikit-learn', 'matplotlib', 'seaborn', 'xgboost', 'lightgbm']",Online_Coursework_Notifier,"['Scholar_Search', 'Email_Automation']","['serper', 'duckduckgo', 'bind', 'calender', 'mail', 'grab', 'uber', 'google_maps', 'maps']",,,,,,
79,APIs in general,API_Creation,"['scrapy', 'requests', 'httpx', 'fastapi', 'flask', 'postman']",Cybersecurity,Vulnerability_Scanning,"['scapy', 'nmap', 'metasploit', 'wireshark', 'burp-suite']",,,,,,
80,Automotive_Technology,Vehicle_Diagnostics,"['obd2', 'tesla_api', 'bmw_connecteddrive', 'ford_sync']",Gaming_Development,Multiplayer_Systems,"['unity', 'unreal_engine', 'steam_api', 'playfab']",,,,,,
81,Smart_Garden,Irrigation_Control,"['gardena', 'rachio', 'orbit_bhyve', 'rainmachine']",Voice_Assistant,Skill_Integration,"['alexa_skills', 'google_assistant', 'siri_shortcuts', 'cortana']",,,,,,
82,APIs in general,REST_API_Integration,"['scrapy', 'requests', 'httpx', 'fastapi', 'flask', 'postman']",Art_Gallery,Artwork_Tracking,"['artsy', 'museum_api', 'getty', 'smithsonian_api']",,,,,,
83,Data Science,Classification_Pipelines,"['huggingface_trl', 'pandas', 'numpy', 'scikit-learn', 'matplotlib', 'seaborn', 'xgboost', 'lightgbm']",Healthcare_Management,Patient_Records,"['epic', 'cerner', 'meditech', 'allscripts', 'healthit']",,,,,,
84,Search,News_Search,"['serper', 'duckduckgo', 'bind']",Smart_Garden,Plant_Monitoring,"['gardena', 'rachio', 'orbit_bhyve', 'rainmachine']",,,,,,
85,Finance payments,Invoicing,"['stripe', 'klarna', 'openbanking', 'plaid', 'paypal-sdk']",Parking_Management,Permit_Management,"['parkwhiz', 'spothero', 'passport_parking', 'parkmobile']",,,,,,
86,Developer Tools,Cloud_Infra_Setup,"['github', 'git', 'docker', 'aws', 'vercel', 'vscode', 'pre-commit']",Water_Utilities,Quality_Testing,"['water_smart', 'aquahawk', 'sensus_analytics', 'waterscope']",,,,,,
87,SSH_Based_Financial_Deployment,"['SSH', 'Payment_Gateway_Integration', 'Deployment_Pipelines']","['scapy', 'docker', 'psutil', 'subprocess', 'os', 'stripe', 'klarna', 'openbanking', 'plaid', 'paypal-sdk', 'aws', 'docker', 'kubernetes', 'prometheus', 'terraform', 'ansible', 'jenkins', 'gitlab-ci']",Dental_Care,Insurance_Processing,"['dentrix', 'eaglesoft', 'opendental', 'curve_dental']",,,,,,
88,APIs in general,API_Testing,"['scrapy', 'requests', 'httpx', 'fastapi', 'flask', 'postman']",Developer Tools,Cloud_Infra_Setup,"['github', 'git', 'docker', 'aws', 'vercel', 'vscode', 'pre-commit']",,,,,,
89,Family_Medical_Budget_Plan,"['Accounting', 'Calendar_Management']","['stripe', 'klarna', 'openbanking', 'plaid', 'paypal-sdk', 'calender', 'mail', 'grab', 'uber', 'google_maps', 'maps']",Home_Services,Provider_Management,"['angi', 'thumbtack', 'homeadvisor', 'taskrabbit']",,,,,,
90,Sports_Analytics,Player_Statistics,"['mlb_statsapi', 'nba_api', 'fifa_api', 'strava_api']",Federated_Learning,Model_Distribution,"['tensorflow_federated', 'pysyft', 'flower', 'fedml']",,,,,,
91,Databases,DB_Migrations,"['aws', 'kubernetes', 'sqlalchemy', 'mongoengine', 'redis', 'postgresql']",Vacation_Rental,Booking_Coordination,"['airbnb_api', 'vrbo_api', 'booking_com', 'homeaway']",,,,,,
92,Digital_Marketing,Audience_Segmentation,"['google_ads', 'facebook_marketing', 'mailchimp', 'hubspot']",Federated_Learning,Model_Distribution,"['tensorflow_federated', 'pysyft', 'flower', 'fedml']",,,,,,
93,Predictive_Social_Event_Planning,"['Calendar_Management', 'Feature_Selection', 'Email_Automation']","['calender', 'mail', 'grab', 'uber', 'google_maps', 'maps', 'huggingface_trl', 'pandas', 'numpy', 'scikit-learn', 'matplotlib', 'seaborn', 'xgboost', 'lightgbm', 'calender', 'mail', 'grab', 'uber', 'google_maps', 'maps']",Vacation_Rental,Revenue_Optimization,"['airbnb_api', 'vrbo_api', 'booking_com', 'homeaway']",,,,,,
94,Safe_Online_Grocery_Ordering,"['Food_Ordering', 'Access_Control']","['calender', 'mail', 'grab', 'uber', 'google_maps', 'maps', 'scapy', 'nmap', 'metasploit', 'wireshark', 'burp-suite']",Virtual_Reality,Performance_Optimization,"['unity_xr', 'unreal_vr', 'oculus_sdk', 'steamvr']",,,,,,
95,Regular_Inventory_Alerts,"['Inventory_Tracking', 'Normalization']","['shopify', 'instacart', 'klarna', 'wish', 'scrapy', 'polars', 'apache-spark', 'airflow']",Language_Learning,Speaking_Practice,"['duolingo', 'rosetta_stone', 'babbel', 'memrise']",,,,,,
96,Operating System Functions,System_Monitoring,"['scapy', 'docker', 'psutil', 'subprocess', 'os']",Federated_Learning,Aggregation_Control,"['tensorflow_federated', 'pysyft', 'flower', 'fedml']",,,,,,
97,Developer Tools,Cloud_Infra_Setup,"['github', 'git', 'docker', 'aws', 'vercel', 'vscode', 'pre-commit']",Adaptive_Calendar_Integration,"['Calendar_Management', 'Integration']","['calender', 'mail', 'grab', 'uber', 'google_maps', 'maps', 'microsoft365', 'google_workspace', 'salesforce', 'zendesk', 'slack', 'trello', 'asana', 'zapier', 'shopify']",,,,,,
98,Devops,Deployment_Pipelines,"['aws', 'docker', 'kubernetes', 'prometheus', 'terraform', 'ansible', 'jenkins', 'gitlab-ci']",Supply_Chain,Supplier_Management,"['sap', 'oracle_scm', 'manhattan', 'blueyonder']",,,,,,
99,Local_Repair_Service_Comparison,"['Service_Search', 'Normalization']","['serper', 'duckduckgo', 'bind', 'scrapy', 'polars', 'apache-spark', 'airflow']",Data_Science_Billing_API_Integration,"['Regression_Models', 'Invoicing', 'API_Auth']","['huggingface_trl', 'pandas', 'numpy', 'scikit-learn', 'matplotlib', 'seaborn', 'xgboost', 'lightgbm', 'stripe', 'klarna', 'openbanking', 'plaid', 'paypal-sdk', 'scrapy', 'requests', 'httpx', 'fastapi', 'flask', 'postman']",,,,,,
100,Pet_Medical_Appointment_Booking,"['Calendar_Management', 'Transaction_Validation']","['calender', 'mail', 'grab', 'uber', 'google_maps', 'maps', 'stripe', 'klarna', 'openbanking', 'plaid', 'paypal-sdk']",Food_Delivery,Order_Tracking,"['doordash', 'uber_eats', 'grubhub', 'postmates']",,,,,,
101,Manufacturing,Resource_Optimization,"['siemens_mindsphere', 'ge_predix', 'rockwell_automation', 'fanuc']",Sleep_Analysis,Quality_Assessment,"['oura_ring', 'withings', 'sleep_cycle', 'fitbit']",,,,,,
102,Library_Management,Digital_Archives,"['worldcat', 'libby', 'sierra_api', 'koha']",Virtual_Reality,Performance_Optimization,"['unity_xr', 'unreal_vr', 'oculus_sdk', 'steamvr']",,,,,,
103,Predictive_Social_Event_Planning,"['Calendar_Management', 'Feature_Selection', 'Email_Automation']","['calender', 'mail', 'grab', 'uber', 'google_maps', 'maps', 'huggingface_trl', 'pandas', 'numpy', 'scikit-learn', 'matplotlib', 'seaborn', 'xgboost', 'lightgbm', 'calender', 'mail', 'grab', 'uber', 'google_maps', 'maps']",Vacation_Rental,Guest_Communication,"['airbnb_api', 'vrbo_api', 'booking_com', 'homeaway']",,,,,,
104,Restaurant_Management,Table_Management,"['toast_pos', 'square', 'opentable', 'yelp_fusion']",Virtual_Reality,Performance_Optimization,"['unity_xr', 'unreal_vr', 'oculus_sdk', 'steamvr']",,,,,,
105,Data Processing,Data_Cleaning,"['scrapy', 'polars', 'apache-spark', 'airflow']",Dental_Care,Treatment_Planning,"['dentrix', 'eaglesoft', 'opendental', 'curve_dental']",,,,,,
106,Smart_Garden,Growth_Tracking,"['gardena', 'rachio', 'orbit_bhyve', 'rainmachine']",Cloud_Gaming,Quality_Optimization,"['stadia', 'geforce_now', 'xbox_cloud', 'amazon_luna']",,,,,,
107,Supply_Chain,Logistics_Planning,"['sap', 'oracle_scm', 'manhattan', 'blueyonder']",Weather_Services,Alert_Systems,"['openweathermap', 'darksky', 'weatherapi', 'noaa_api']",,,,,,
108,Finance payments,Transaction_Validation,"['stripe', 'klarna', 'openbanking', 'plaid', 'paypal-sdk']",Local_Charity_Payment_Scheduling,"['Transaction_Validation', 'Calendar_Management']","['stripe', 'klarna', 'openbanking', 'plaid', 'paypal-sdk', 'calender', 'mail', 'grab', 'uber', 'google_maps', 'maps']",,,,,,
109,Algorithmic Trading,Strategy_Backtesting,"['quantlib', 'pandas', 'numpy', 'backtrader', 'ccxt']",Digital_Marketing,Audience_Segmentation,"['google_ads', 'facebook_marketing', 'mailchimp', 'hubspot']",,,,,,
110,Event_Management,Venue_Management,"['eventbrite', 'ticketmaster', 'meetup_api', 'cvent']",Parking_Management,Permit_Management,"['parkwhiz', 'spothero', 'passport_parking', 'parkmobile']",,,,,,
111,Entertainment,Content_Streaming,"['netflix_api', 'spotify_api', 'youtube_api', 'twitch_api']",Dental_Care,Patient_Records,"['dentrix', 'eaglesoft', 'opendental', 'curve_dental']",,,,,,
112,Cybersecurity,Log_Analysis,"['scapy', 'nmap', 'metasploit', 'wireshark', 'burp-suite']",Mental_Health,Mood_Tracking,"['betterhelp', 'talkspace', 'calm', 'headspace']",,,,,,
113,Chain_Data_Extraction_for_CRM,"['Chain_Data_Extraction', 'CRM_Enhancements']","['web3', 'shopify', 'klarna', 'stripe', 'figma']",Weather_Services,Climate_Modeling,"['openweathermap', 'darksky', 'weatherapi', 'noaa_api']",,,,,,
114,Pet_Care,Diet_Planning,"['petfinder', 'vetsource', 'whistle', 'pawboost']",Speech_Technology,Text_Synthesis,"['deepspeech', 'whisper', 'google_speech', 'azure_speech']",,,,,,
115,SaaS,Support_Ticketing,"['microsoft365', 'google_workspace', 'salesforce', 'zendesk', 'slack', 'trello', 'asana', 'zapier', 'shopify']",Event_Management,Schedule_Planning,"['eventbrite', 'ticketmaster', 'meetup_api', 'cvent']",,,,,,
116,Public_Transportation,Schedule_Management,"['transitland', 'here_transit', 'moovit', 'citymapper']",Sleep_Analysis,Environmental_Monitoring,"['oura_ring', 'withings', 'sleep_cycle', 'fitbit']",,,,,,
117,Kid_Friendly_Grocery_Curation,"['Food_Ordering', 'Feature_Selection']","['calender', 'mail', 'grab', 'uber', 'google_maps', 'maps', 'huggingface_trl', 'pandas', 'numpy', 'scikit-learn', 'matplotlib', 'seaborn', 'xgboost', 'lightgbm']",Entertainment,Media_Management,"['netflix_api', 'spotify_api', 'youtube_api', 'twitch_api']",,,,,,
118,Developer Tools,Cloud_Infra_Setup,"['github', 'git', 'docker', 'aws', 'vercel', 'vscode', 'pre-commit']",Neighborhood_Event_Polling,"['Email_Automation', 'GraphQL_Queries']","['calender', 'mail', 'grab', 'uber', 'google_maps', 'maps', 'scrapy', 'requests', 'httpx', 'fastapi', 'flask', 'postman']",,,,,,
119,Entertainment,Media_Management,"['netflix_api', 'spotify_api', 'youtube_api', 'twitch_api']",Wine_Management,Collection_Valuation,"['vivino', 'cellartracker', 'wine_searcher', 'delectable']",,,,,,
120,Visual_Recipe_Explorer,"['Image_Search', 'Food_Ordering']","['serper', 'duckduckgo', 'bind', 'calender', 'mail', 'grab', 'uber', 'google_maps', 'maps']",Sports_Analytics,Performance_Tracking,"['mlb_statsapi', 'nba_api', 'fifa_api', 'strava_api']",,,,,,
121,Safe_Online_Grocery_Ordering,"['Food_Ordering', 'Access_Control']","['calender', 'mail', 'grab', 'uber', 'google_maps', 'maps', 'scapy', 'nmap', 'metasploit', 'wireshark', 'burp-suite']",Job_Search,Application_Tracking,"['indeed_api', 'linkedin_jobs', 'glassdoor_api', 'monster']",,,,,,
122,Information Extraction,HTML_Scraping,"['scrapy', 'beautifulsoup', 'spacy', 'pandas']",Healthcare_Management,Insurance_Claims,"['epic', 'cerner', 'meditech', 'allscripts', 'healthit']",,,,,,
123,Algorithmic Trading,Market_Data_Streaming,"['quantlib', 'pandas', 'numpy', 'backtrader', 'ccxt']",Remote_DevOps_Inspection,"['SSH', 'Infrastructure_Monitoring', 'DB_Migrations']","['scapy', 'docker', 'psutil', 'subprocess', 'os', 'aws', 'docker', 'kubernetes', 'prometheus', 'terraform', 'ansible', 'jenkins', 'gitlab-ci', 'aws', 'kubernetes', 'sqlalchemy', 'mongoengine', 'redis', 'postgresql']",,,,,,
124,Automated_Model_Deployment,"['Model_Serving', 'Deployment_Pipelines']","['huggingface_trl', 'pytorch', 'aws', 'mlflow', 'aws', 'docker', 'kubernetes', 'prometheus', 'terraform', 'ansible', 'jenkins', 'gitlab-ci']",Containerized_Shell_Scripting,"['Containerization', 'Shell_Scripting']","['aws', 'docker', 'kubernetes', 'prometheus', 'terraform', 'ansible', 'jenkins', 'gitlab-ci', 'scapy', 'docker', 'psutil', 'subprocess', 'os']",,,,,,
125,E-commerce,Order_Fulfillment,"['shopify', 'instacart', 'klarna', 'wish']",Public_Transportation,Schedule_Management,"['transitland', 'here_transit', 'moovit', 'citymapper']",,,,,,
126,Devops,Service_Scaling,"['aws', 'docker', 'kubernetes', 'prometheus', 'terraform', 'ansible', 'jenkins', 'gitlab-ci']",Concert_Ticket_Planning,"['Venue_Search', 'Integration']","['serper', 'duckduckgo', 'bind', 'microsoft365', 'google_workspace', 'salesforce', 'zendesk', 'slack', 'trello', 'asana', 'zapier', 'shopify']",,,,,,
127,E-commerce,Order_Fulfillment,"['shopify', 'instacart', 'klarna', 'wish']",Personal_Assistant_Budgeting,"['Calendar_Management', 'Accounting', 'CSV_Analysis']","['calender', 'mail', 'grab', 'uber', 'google_maps', 'maps', 'stripe', 'klarna', 'openbanking', 'plaid', 'paypal-sdk', 'scrapy', 'beautifulsoup', 'spacy', 'pandas']",,,,,,
128,Grocery_Choice_Refinement,"['Food_Ordering', 'Feature_Selection']","['calender', 'mail', 'grab', 'uber', 'google_maps', 'maps', 'huggingface_trl', 'pandas', 'numpy', 'scikit-learn', 'matplotlib', 'seaborn', 'xgboost', 'lightgbm']",Language_Learning,Vocabulary_Training,"['duolingo', 'rosetta_stone', 'babbel', 'memrise']",,,,,,
129,Consumer Discretionary Software,Customer_Retention,"['shopify', 'klarna', 'stripe', 'figma']",Public_Transportation,Service_Alerts,"['transitland', 'here_transit', 'moovit', 'citymapper']",,,,,,
130,XLSX_Based_Access_Controls,"['XLSX_Analysis', 'Access_Control']","['scrapy', 'beautifulsoup', 'spacy', 'pandas', 'scapy', 'nmap', 'metasploit', 'wireshark', 'burp-suite']",Smart_Home,Automation_Rules,"['homeassistant', 'smartthings', 'philips_hue', 'nest']",,,,,,
131,Seamless_Checkout_and_Payment,"['Cart_Checkout_Flow', 'Payment_Gateway_Integration']","['shopify', 'instacart', 'klarna', 'wish', 'stripe', 'klarna', 'openbanking', 'plaid', 'paypal-sdk']",Drone_Operations,Safety_Compliance,"['dji_sdk', 'airmap', 'dronelogbook', 'kittyhawk']",,,,,,
132,Automotive_Technology,Fleet_Management,"['obd2', 'tesla_api', 'bmw_connecteddrive', 'ford_sync']",Parking_Management,Permit_Management,"['parkwhiz', 'spothero', 'passport_parking', 'parkmobile']",,,,,,
133,Unified_System_Infrastructure_Monitoring,"['System_Monitoring', 'Infrastructure_Monitoring']","['scapy', 'docker', 'psutil', 'subprocess', 'os', 'aws', 'docker', 'kubernetes', 'prometheus', 'terraform', 'ansible', 'jenkins', 'gitlab-ci']",Virtual_Reality,Scene_Development,"['unity_xr', 'unreal_vr', 'oculus_sdk', 'steamvr']",,,,,,
134,Education_Technology,Course_Management,"['canvas', 'blackboard', 'moodle', 'schoology']",Restaurant_Management,Inventory_Control,"['toast_pos', 'square', 'opentable', 'yelp_fusion']",,,,,,
135,Language_Learning,Assessment_Tools,"['duolingo', 'rosetta_stone', 'babbel', 'memrise']",Space_Technology,Satellite_Control,"['nasa_api', 'spacex_api', 'esa_toolkit', 'orbital_mechanics']",,,,,,
136,Multi_Cloud_Hyperparameter_Tuning,"['Cloud_Infra_Setup', 'Hyperparameter_Tuning']","['github', 'git', 'docker', 'aws', 'vercel', 'vscode', 'pre-commit', 'huggingface_trl', 'pytorch', 'aws', 'mlflow']",Space_Technology,Satellite_Control,"['nasa_api', 'spacex_api', 'esa_toolkit', 'orbital_mechanics']",,,,,,
137,Personalized_Budget_Analysis,"['Accounting', 'CSV_Analysis']","['stripe', 'klarna', 'openbanking', 'plaid', 'paypal-sdk', 'scrapy', 'beautifulsoup', 'spacy', 'pandas']",Seasonal_Product_Recommendations,"['Product_Catalog_Management', 'Clustering_Analysis']","['shopify', 'instacart', 'klarna', 'wish', 'huggingface_trl', 'pandas', 'numpy', 'scikit-learn', 'matplotlib', 'seaborn', 'xgboost', 'lightgbm']",,,,,,
138,Log_Analysis_Powered_by_Regression,"['Log_Analysis', 'Regression_Models']","['scapy', 'nmap', 'metasploit', 'wireshark', 'burp-suite', 'huggingface_trl', 'pandas', 'numpy', 'scikit-learn', 'matplotlib', 'seaborn', 'xgboost', 'lightgbm']",Adaptive_Calendar_Integration,"['Calendar_Management', 'Integration']","['calender', 'mail', 'grab', 'uber', 'google_maps', 'maps', 'microsoft365', 'google_workspace', 'salesforce', 'zendesk', 'slack', 'trello', 'asana', 'zapier', 'shopify']",,,,,,
139,Smart_Home,Energy_Monitoring,"['homeassistant', 'smartthings', 'philips_hue', 'nest']",Education_Technology,Virtual_Classroom,"['canvas', 'blackboard', 'moodle', 'schoology']",,,,,,
140,Subscription_Bill_Validation,"['Transaction_Validation', 'Feature_Selection']","['stripe', 'klarna', 'openbanking', 'plaid', 'paypal-sdk', 'huggingface_trl', 'pandas', 'numpy', 'scikit-learn', 'matplotlib', 'seaborn', 'xgboost', 'lightgbm']",Data_Science_Billing_API_Integration,"['Regression_Models', 'Invoicing', 'API_Auth']","['huggingface_trl', 'pandas', 'numpy', 'scikit-learn', 'matplotlib', 'seaborn', 'xgboost', 'lightgbm', 'stripe', 'klarna', 'openbanking', 'plaid', 'paypal-sdk', 'scrapy', 'requests', 'httpx', 'fastapi', 'flask', 'postman']",,,,,,
141,Healthcare_Management,Patient_Records,"['epic', 'cerner', 'meditech', 'allscripts', 'healthit']",Smart_Home,Security_Systems,"['homeassistant', 'smartthings', 'philips_hue', 'nest']",,,,,,
142,Smart_Home,Energy_Monitoring,"['homeassistant', 'smartthings', 'philips_hue', 'nest']",Gaming_Development,Monetization,"['unity', 'unreal_engine', 'steam_api', 'playfab']",,,,,,
143,Restaurant_Management,Inventory_Control,"['toast_pos', 'square', 'opentable', 'yelp_fusion']",Home_Services,Service_Scheduling,"['angi', 'thumbtack', 'homeadvisor', 'taskrabbit']",,,,,,
144,Information Extraction,XLSX_Analysis,"['scrapy', 'beautifulsoup', 'spacy', 'pandas']",Energy_Management,Grid_Optimization,"['enphase', 'solaredge', 'schneider_electric', 'siemens_energy']",,,,,,
145,Data Processing,Normalization,"['scrapy', 'polars', 'apache-spark', 'airflow']",Weather_Services,Forecast_Analysis,"['openweathermap', 'darksky', 'weatherapi', 'noaa_api']",,,,,,
146,APIs in general,API_Auth,"['scrapy', 'requests', 'httpx', 'fastapi', 'flask', 'postman']",Information Extraction,OCR_Processing,"['scrapy', 'beautifulsoup', 'spacy', 'pandas']",,,,,,
147,Seamless_Checkout_and_Payment,"['Cart_Checkout_Flow', 'Payment_Gateway_Integration']","['shopify', 'instacart', 'klarna', 'wish', 'stripe', 'klarna', 'openbanking', 'plaid', 'paypal-sdk']",Cloud_Gaming,Quality_Optimization,"['stadia', 'geforce_now', 'xbox_cloud', 'amazon_luna']",,,,,,
148,Developer Tools,Cloud_Infra_Setup,"['github', 'git', 'docker', 'aws', 'vercel', 'vscode', 'pre-commit']",Developer Tools,Deploy_WebApp,"['github', 'git', 'docker', 'aws', 'vercel', 'vscode', 'pre-commit']",,,,,,
149,Kid-Friendly_Restaurant_Finder,"['Food_Ordering', 'Classification_Pipelines']","['calender', 'mail', 'grab', 'uber', 'google_maps', 'maps', 'huggingface_trl', 'pandas', 'numpy', 'scikit-learn', 'matplotlib', 'seaborn', 'xgboost', 'lightgbm']",Job_Search,Resume_Parsing,"['indeed_api', 'linkedin_jobs', 'glassdoor_api', 'monster']",,,,,,
150,Algorithmic Trading,Order_Execution,"['quantlib', 'pandas', 'numpy', 'backtrader', 'ccxt']",MultiLocation_Rideshare_Planning,"['Rideshare_Booking', 'Team_Management']","['calender', 'mail', 'grab', 'uber', 'google_maps', 'maps', 'microsoft365', 'google_workspace', 'salesforce', 'zendesk', 'slack', 'trello', 'asana', 'zapier', 'shopify']",,,,,,
151,Machine Learning Engineering,Data_Feature_Engineering,"['huggingface_trl', 'pytorch', 'aws', 'mlflow']",Regular_Inventory_Alerts,"['Inventory_Tracking', 'Normalization']","['shopify', 'instacart', 'klarna', 'wish', 'scrapy', 'polars', 'apache-spark', 'airflow']",,,,,,
152,Operating System Functions,User_Permissions,"['scapy', 'docker', 'psutil', 'subprocess', 'os']",Vacation_Rental,Guest_Communication,"['airbnb_api', 'vrbo_api', 'booking_com', 'homeaway']",,,,,,
153,Databases,Writing_Queries,"['aws', 'kubernetes', 'sqlalchemy', 'mongoengine', 'redis', 'postgresql']",Automated_Model_Deployment,"['Model_Serving', 'Deployment_Pipelines']","['huggingface_trl', 'pytorch', 'aws', 'mlflow', 'aws', 'docker', 'kubernetes', 'prometheus', 'terraform', 'ansible', 'jenkins', 'gitlab-ci']",,,,,,
154,Devops,Service_Scaling,"['aws', 'docker', 'kubernetes', 'prometheus', 'terraform', 'ansible', 'jenkins', 'gitlab-ci']",Kid-Friendly_Restaurant_Finder,"['Food_Ordering', 'Classification_Pipelines']","['calender', 'mail', 'grab', 'uber', 'google_maps', 'maps', 'huggingface_trl', 'pandas', 'numpy', 'scikit-learn', 'matplotlib', 'seaborn', 'xgboost', 'lightgbm']",,,,,,
155,Devops,Infrastructure_Monitoring,"['aws', 'docker', 'kubernetes', 'prometheus', 'terraform', 'ansible', 'jenkins', 'gitlab-ci']",Smart_Garden,Plant_Monitoring,"['gardena', 'rachio', 'orbit_bhyve', 'rainmachine']",,,,,,
156,APIs in general,GraphQL_Queries,"['scrapy', 'requests', 'httpx', 'fastapi', 'flask', 'postman']",Tokenized_Accounting_Audit,"['Token_Transfers', 'Accounting']","['web3', 'stripe', 'klarna', 'openbanking', 'plaid', 'paypal-sdk']",,,,,,
157,Parking_Management,Occupancy_Tracking,"['parkwhiz', 'spothero', 'passport_parking', 'parkmobile']",Smart_Garden,Plant_Monitoring,"['gardena', 'rachio', 'orbit_bhyve', 'rainmachine']",,,,,,
158,Operating System Functions,System_Monitoring,"['scapy', 'docker', 'psutil', 'subprocess', 'os']",Academic_Conference_Trip_Planning,"['Calendar_Management', 'Venue_Search', 'Rideshare_Booking']","['calender', 'mail', 'grab', 'uber', 'google_maps', 'maps', 'serper', 'duckduckgo', 'bind', 'calender', 'mail', 'grab', 'uber', 'google_maps', 'maps']",,,,,,
159,Blockchain,Smart_Contract_Deployment,['web3'],Gaming_Development,Player_Engagement,"['unity', 'unreal_engine', 'steam_api', 'playfab']",,,,,,
160,Databases,Writing_Queries,"['aws', 'kubernetes', 'sqlalchemy', 'mongoengine', 'redis', 'postgresql']",Dental_Care,Treatment_Planning,"['dentrix', 'eaglesoft', 'opendental', 'curve_dental']",,,,,,
161,APIs in general,GraphQL_Queries,"['scrapy', 'requests', 'httpx', 'fastapi', 'flask', 'postman']",XLSX_Based_Access_Controls,"['XLSX_Analysis', 'Access_Control']","['scrapy', 'beautifulsoup', 'spacy', 'pandas', 'scapy', 'nmap', 'metasploit', 'wireshark', 'burp-suite']",,,,,,
162,Vacation_Itinerary_Customization,"['Venue_Search', 'HTML_Scraping']","['serper', 'duckduckgo', 'bind', 'scrapy', 'beautifulsoup', 'spacy', 'pandas']",Customized_Research_Paper_Extraction,"['Scholar_Search', 'PDF_Parsing', 'Clustering_Analysis']","['serper', 'duckduckgo', 'bind', 'scrapy', 'beautifulsoup', 'spacy', 'pandas', 'huggingface_trl', 'pandas', 'numpy', 'scikit-learn', 'matplotlib', 'seaborn', 'xgboost', 'lightgbm']",,,,,,
163,Information Extraction,OCR_Processing,"['scrapy', 'beautifulsoup', 'spacy', 'pandas']",Social_Media_Analytics,Trend_Analysis,"['twitter_api', 'facebook_api', 'instagram_api', 'linkedin_api']",,,,,,
164,Weather_Services,Historical_Data,"['openweathermap', 'darksky', 'weatherapi', 'noaa_api']",Space_Technology,Mission_Planning,"['nasa_api', 'spacex_api', 'esa_toolkit', 'orbital_mechanics']",,,,,,
165,Cultural_Venue_Recommendation,"['Venue_Search', 'Classification_Pipelines']","['serper', 'duckduckgo', 'bind', 'huggingface_trl', 'pandas', 'numpy', 'scikit-learn', 'matplotlib', 'seaborn', 'xgboost', 'lightgbm']",Automotive_Technology,Service_Scheduling,"['obd2', 'tesla_api', 'bmw_connecteddrive', 'ford_sync']",,,,,,
166,Agriculture_Tech,Yield_Prediction,"['john_deere_api', 'climate_fieldview', 'farmers_edge', 'agrivi']",Weather_Services,Historical_Data,"['openweathermap', 'darksky', 'weatherapi', 'noaa_api']",,,,,,
167,Automated_User_Permissioning,"['User_Permissions', 'API_Auth']","['scapy', 'docker', 'psutil', 'subprocess', 'os', 'scrapy', 'requests', 'httpx', 'fastapi', 'flask', 'postman']",Smart_Garden,Weather_Integration,"['gardena', 'rachio', 'orbit_bhyve', 'rainmachine']",,,,,,
168,Databases,DB_Caching,"['aws', 'kubernetes', 'sqlalchemy', 'mongoengine', 'redis', 'postgresql']",Dental_Care,Patient_Records,"['dentrix', 'eaglesoft', 'opendental', 'curve_dental']",,,,,,
169,Consumer Discretionary Software,Ad_Campaigns,"['shopify', 'klarna', 'stripe', 'figma']",Telecommunications,Quality_Monitoring,"['cisco_meraki', 'nokia_apis', 'ericsson_api', 'twilio']",,,,,,
170,Search,Venue_Search,"['serper', 'duckduckgo', 'bind']",MultiLocation_Rideshare_Planning,"['Rideshare_Booking', 'Team_Management']","['calender', 'mail', 'grab', 'uber', 'google_maps', 'maps', 'microsoft365', 'google_workspace', 'salesforce', 'zendesk', 'slack', 'trello', 'asana', 'zapier', 'shopify']",,,,,,
171,Devops,Containerization,"['aws', 'docker', 'kubernetes', 'prometheus', 'terraform', 'ansible', 'jenkins', 'gitlab-ci']",Automotive_Technology,Performance_Monitoring,"['obd2', 'tesla_api', 'bmw_connecteddrive', 'ford_sync']",,,,,,
172,Finance payments,Invoicing,"['stripe', 'klarna', 'openbanking', 'plaid', 'paypal-sdk']",Public_Transportation,Service_Alerts,"['transitland', 'here_transit', 'moovit', 'citymapper']",,,,,,
173,SaaS,Tracking,"['microsoft365', 'google_workspace', 'salesforce', 'zendesk', 'slack', 'trello', 'asana', 'zapier', 'shopify']",Log_Analysis_Powered_by_Regression,"['Log_Analysis', 'Regression_Models']","['scapy', 'nmap', 'metasploit', 'wireshark', 'burp-suite', 'huggingface_trl', 'pandas', 'numpy', 'scikit-learn', 'matplotlib', 'seaborn', 'xgboost', 'lightgbm']",,,,,,
174,CSV_GraphQL_Insight_Pipeline,"['CSV_Analysis', 'GraphQL_Queries']","['scrapy', 'beautifulsoup', 'spacy', 'pandas', 'scrapy', 'requests', 'httpx', 'fastapi', 'flask', 'postman']",Library_Management,Resource_Tracking,"['worldcat', 'libby', 'sierra_api', 'koha']",,,,,,
175,Remote_DevOps_Inspection,"['SSH', 'Infrastructure_Monitoring', 'DB_Migrations']","['scapy', 'docker', 'psutil', 'subprocess', 'os', 'aws', 'docker', 'kubernetes', 'prometheus', 'terraform', 'ansible', 'jenkins', 'gitlab-ci', 'aws', 'kubernetes', 'sqlalchemy', 'mongoengine', 'redis', 'postgresql']",Gaming_Development,Player_Engagement,"['unity', 'unreal_engine', 'steam_api', 'playfab']",,,,,,
176,Safe_Online_Grocery_Ordering,"['Food_Ordering', 'Access_Control']","['calender', 'mail', 'grab', 'uber', 'google_maps', 'maps', 'scapy', 'nmap', 'metasploit', 'wireshark', 'burp-suite']",Music_Streaming,Artist_Analytics,"['spotify_api', 'apple_music', 'pandora', 'deezer']",,,,,,
177,Information Extraction,HTML_Scraping,"['scrapy', 'beautifulsoup', 'spacy', 'pandas']",RESTful_DB_Access_Control,"['REST_API_Integration', 'Database_Testing', 'Access_Control']","['scrapy', 'requests', 'httpx', 'fastapi', 'flask', 'postman', 'aws', 'kubernetes', 'sqlalchemy', 'mongoengine', 'redis', 'postgresql', 'scapy', 'nmap', 'metasploit', 'wireshark', 'burp-suite']",,,,,,
178,Machine_Learning_Enhanced_Pentesting,"['Model_Training', 'Pentesting']","['huggingface_trl', 'pytorch', 'aws', 'mlflow', 'scapy', 'nmap', 'metasploit', 'wireshark', 'burp-suite']",XLSX_Driven_Feature_Selection,"['XLSX_Analysis', 'Feature_Selection']","['scrapy', 'beautifulsoup', 'spacy', 'pandas', 'huggingface_trl', 'pandas', 'numpy', 'scikit-learn', 'matplotlib', 'seaborn', 'xgboost', 'lightgbm']",,,,,,
179,Personal Assistant,Food_Ordering,"['calender', 'mail', 'grab', 'uber', 'google_maps', 'maps']",Algorithmic Trading,Order_Execution,"['quantlib', 'pandas', 'numpy', 'backtrader', 'ccxt']",,,,,,
180,Family_Budget_Alerts,"['Accounting', 'Email_Automation']","['stripe', 'klarna', 'openbanking', 'plaid', 'paypal-sdk', 'calender', 'mail', 'grab', 'uber', 'google_maps', 'maps']",Parking_Management,Permit_Management,"['parkwhiz', 'spothero', 'passport_parking', 'parkmobile']",,,,,,
181,Shared_Expense_Validation,"['Transaction_Validation', 'User_Permissions']","['stripe', 'klarna', 'openbanking', 'plaid', 'paypal-sdk', 'scapy', 'docker', 'psutil', 'subprocess', 'os']",Education_Technology,Student_Assessment,"['canvas', 'blackboard', 'moodle', 'schoology']",,,,,,
182,Agriculture_Tech,Yield_Prediction,"['john_deere_api', 'climate_fieldview', 'farmers_edge', 'agrivi']",Video_Production,Color_Grading,"['adobe_premiere', 'final_cut', 'davinci_resolve', 'avid']",,,,,,
183,Art_Gallery,Artist_Profiles,"['artsy', 'museum_api', 'getty', 'smithsonian_api']",Bioinformatics,Genome_Sequencing,"['biopython', 'blast', 'samtools', 'galaxy']",,,,,,
184,Blockchain,Smart_Contract_Interaction,['web3'],Voice_Assistant,Command_Processing,"['alexa_skills', 'google_assistant', 'siri_shortcuts', 'cortana']",,,,,,
185,Operating System Functions,User_Permissions,"['scapy', 'docker', 'psutil', 'subprocess', 'os']",Event_Management,Venue_Management,"['eventbrite', 'ticketmaster', 'meetup_api', 'cvent']",,,,,,
186,Library_Management,Borrower_Services,"['worldcat', 'libby', 'sierra_api', 'koha']",Sleep_Analysis,Sleep_Tracking,"['oura_ring', 'withings', 'sleep_cycle', 'fitbit']",,,,,,
187,Secure_Online_Appointment_Booking,"['Access_Control', 'Calendar_Management', 'Payment_Gateway_Integration']","['scapy', 'nmap', 'metasploit', 'wireshark', 'burp-suite', 'calender', 'mail', 'grab', 'uber', 'google_maps', 'maps', 'stripe', 'klarna', 'openbanking', 'plaid', 'paypal-sdk']",Human_Resources,Performance_Evaluation,"['workday', 'successfactors', 'bamboo_hr', 'greenhouse']",,,,,,
188,Pentesting_Containerized_Backend_Deployment,"['Pentesting', 'Containerization', 'Backend_Deployment']","['scapy', 'nmap', 'metasploit', 'wireshark', 'burp-suite', 'aws', 'docker', 'kubernetes', 'prometheus', 'terraform', 'ansible', 'jenkins', 'gitlab-ci', 'github', 'git', 'docker', 'aws', 'vercel', 'vscode', 'pre-commit']",Language_Learning,Speaking_Practice,"['duolingo', 'rosetta_stone', 'babbel', 'memrise']",,,,,,
189,Safe_Driving_Record_Audit,"['CSV_Analysis', 'Access_Control']","['scrapy', 'beautifulsoup', 'spacy', 'pandas', 'scapy', 'nmap', 'metasploit', 'wireshark', 'burp-suite']",Wine_Management,Tasting_Notes,"['vivino', 'cellartracker', 'wine_searcher', 'delectable']",,,,,,
190,APIs in general,API_Testing,"['scrapy', 'requests', 'httpx', 'fastapi', 'flask', 'postman']",Social_Media_Analytics,Sentiment_Analysis,"['twitter_api', 'facebook_api', 'instagram_api', 'linkedin_api']",,,,,,
191,Manufacturing,Quality_Control,"['siemens_mindsphere', 'ge_predix', 'rockwell_automation', 'fanuc']",Human_Resources,Employee_Onboarding,"['workday', 'successfactors', 'bamboo_hr', 'greenhouse']",,,,,,
192,Personalized_Budget_Analysis,"['Accounting', 'CSV_Analysis']","['stripe', 'klarna', 'openbanking', 'plaid', 'paypal-sdk', 'scrapy', 'beautifulsoup', 'spacy', 'pandas']",Visual_Recipe_Explorer,"['Image_Search', 'Food_Ordering']","['serper', 'duckduckgo', 'bind', 'calender', 'mail', 'grab', 'uber', 'google_maps', 'maps']",,,,,,
193,Data Processing,Data_Cleaning,"['scrapy', 'polars', 'apache-spark', 'airflow']",Consumer Discretionary Software,Conversion_Tracking,"['shopify', 'klarna', 'stripe', 'figma']",,,,,,
194,Language_Learning,Assessment_Tools,"['duolingo', 'rosetta_stone', 'babbel', 'memrise']",Food_Delivery,Driver_Dispatch,"['doordash', 'uber_eats', 'grubhub', 'postmates']",,,,,,
195,Order_Fulfillment_Orchestrator,"['Process_Control', 'Order_Fulfillment']","['scapy', 'docker', 'psutil', 'subprocess', 'os', 'shopify', 'instacart', 'klarna', 'wish']",Human_Resources,Recruitment_Management,"['workday', 'successfactors', 'bamboo_hr', 'greenhouse']",,,,,,
196,Wine_Management,Tasting_Notes,"['vivino', 'cellartracker', 'wine_searcher', 'delectable']",Vacation_Rental,Revenue_Optimization,"['airbnb_api', 'vrbo_api', 'booking_com', 'homeaway']",,,,,,
197,Order_Fulfillment_Orchestrator,"['Process_Control', 'Order_Fulfillment']","['scapy', 'docker', 'psutil', 'subprocess', 'os', 'shopify', 'instacart', 'klarna', 'wish']",Wine_Management,Pairing_Suggestions,"['vivino', 'cellartracker', 'wine_searcher', 'delectable']",,,,,,
198,Education_Technology,Learning_Analytics,"['canvas', 'blackboard', 'moodle', 'schoology']",Time_Series_Analysis,Pattern_Recognition,"['prophet', 'statsmodels', 'pmdarima', 'neuralprophet']",,,,,,
199,Travel_Management,Itinerary_Planning,"['amadeus', 'sabre', 'travelport', 'expedia_api']",Home_Services,Project_Tracking,"['angi', 'thumbtack', 'homeadvisor', 'taskrabbit']",,,,,,
200,Automated_Online_Marketplace_Scaling,"['Service_Scaling', 'Order_Fulfillment', 'API_Creation']","['aws', 'docker', 'kubernetes', 'prometheus', 'terraform', 'ansible', 'jenkins', 'gitlab-ci', 'shopify', 'instacart', 'klarna', 'wish', 'scrapy', 'requests', 'httpx', 'fastapi', 'flask', 'postman']",Automotive_Technology,Vehicle_Diagnostics,"['obd2', 'tesla_api', 'bmw_connecteddrive', 'ford_sync']",,,,,,
201,Hyperparameter_Controlled_DB_Caching,"['Hyperparameter_Tuning', 'DB_Caching']","['huggingface_trl', 'pytorch', 'aws', 'mlflow', 'aws', 'kubernetes', 'sqlalchemy', 'mongoengine', 'redis', 'postgresql']",Supply_Chain,Logistics_Planning,"['sap', 'oracle_scm', 'manhattan', 'blueyonder']",,,,,,
202,Developer Tools,CI_CD_Configuration,"['github', 'git', 'docker', 'aws', 'vercel', 'vscode', 'pre-commit']",Music_Streaming,Audio_Quality_Control,"['spotify_api', 'apple_music', 'pandora', 'deezer']",,,,,,
203,Developer Tools,Frontend_Bundling,"['github', 'git', 'docker', 'aws', 'vercel', 'vscode', 'pre-commit']",Energy_Management,Grid_Optimization,"['enphase', 'solaredge', 'schneider_electric', 'siemens_energy']",,,,,,
204,E-commerce,Cart_Checkout_Flow,"['shopify', 'instacart', 'klarna', 'wish']",Smart_Garden,Plant_Monitoring,"['gardena', 'rachio', 'orbit_bhyve', 'rainmachine']",,,,,,
205,Databases,DB_Caching,"['aws', 'kubernetes', 'sqlalchemy', 'mongoengine', 'redis', 'postgresql']",OCR_Fulfillment_Inventory_Sync,"['OCR_Processing', 'Order_Fulfillment', 'Inventory_Tracking']","['scrapy', 'beautifulsoup', 'spacy', 'pandas', 'shopify', 'instacart', 'klarna', 'wish', 'shopify', 'instacart', 'klarna', 'wish']",,,,,,
206,Databases,DB_Migrations,"['aws', 'kubernetes', 'sqlalchemy', 'mongoengine', 'redis', 'postgresql']",Drone_Operations,Safety_Compliance,"['dji_sdk', 'airmap', 'dronelogbook', 'kittyhawk']",,,,,,
207,Subscription_Bill_Validation,"['Transaction_Validation', 'Feature_Selection']","['stripe', 'klarna', 'openbanking', 'plaid', 'paypal-sdk', 'huggingface_trl', 'pandas', 'numpy', 'scikit-learn', 'matplotlib', 'seaborn', 'xgboost', 'lightgbm']",Customized_Research_Paper_Extraction,"['Scholar_Search', 'PDF_Parsing', 'Clustering_Analysis']","['serper', 'duckduckgo', 'bind', 'scrapy', 'beautifulsoup', 'spacy', 'pandas', 'huggingface_trl', 'pandas', 'numpy', 'scikit-learn', 'matplotlib', 'seaborn', 'xgboost', 'lightgbm']",,,,,,
208,News_Briefing_Refinement,"['News_Search', 'Feature_Selection']","['serper', 'duckduckgo', 'bind', 'huggingface_trl', 'pandas', 'numpy', 'scikit-learn', 'matplotlib', 'seaborn', 'xgboost', 'lightgbm']",Public_Transportation,Route_Planning,"['transitland', 'here_transit', 'moovit', 'citymapper']",,,,,,
209,Customized_Research_Paper_Extraction,"['Scholar_Search', 'PDF_Parsing', 'Clustering_Analysis']","['serper', 'duckduckgo', 'bind', 'scrapy', 'beautifulsoup', 'spacy', 'pandas', 'huggingface_trl', 'pandas', 'numpy', 'scikit-learn', 'matplotlib', 'seaborn', 'xgboost', 'lightgbm']",Music_Streaming,Playlist_Management,"['spotify_api', 'apple_music', 'pandora', 'deezer']",,,,,,
210,Online_Coursework_Notifier,"['Scholar_Search', 'Email_Automation']","['serper', 'duckduckgo', 'bind', 'calender', 'mail', 'grab', 'uber', 'google_maps', 'maps']",Space_Technology,Mission_Planning,"['nasa_api', 'spacex_api', 'esa_toolkit', 'orbital_mechanics']",,,,,,
211,Language_Learning,Assessment_Tools,"['duolingo', 'rosetta_stone', 'babbel', 'memrise']",Cloud_Gaming,Session_Control,"['stadia', 'geforce_now', 'xbox_cloud', 'amazon_luna']",,,,,,
212,AI_Coupon_Email_Campaign,"['Email_Automation', 'Ad_Campaigns', 'Feature_Selection']","['calender', 'mail', 'grab', 'uber', 'google_maps', 'maps', 'shopify', 'klarna', 'stripe', 'figma', 'huggingface_trl', 'pandas', 'numpy', 'scikit-learn', 'matplotlib', 'seaborn', 'xgboost', 'lightgbm']",Mental_Health,Therapy_Management,"['betterhelp', 'talkspace', 'calm', 'headspace']",,,,,,
213,Cultural_Venue_Recommendation,"['Venue_Search', 'Classification_Pipelines']","['serper', 'duckduckgo', 'bind', 'huggingface_trl', 'pandas', 'numpy', 'scikit-learn', 'matplotlib', 'seaborn', 'xgboost', 'lightgbm']",Dental_Care,Insurance_Processing,"['dentrix', 'eaglesoft', 'opendental', 'curve_dental']",,,,,,
214,Human_Resources,Employee_Onboarding,"['workday', 'successfactors', 'bamboo_hr', 'greenhouse']",Federated_Learning,Privacy_Protection,"['tensorflow_federated', 'pysyft', 'flower', 'fedml']",,,,,,
215,Databases,Writing_Queries,"['aws', 'kubernetes', 'sqlalchemy', 'mongoengine', 'redis', 'postgresql']",Log_Analysis_Powered_by_Regression,"['Log_Analysis', 'Regression_Models']","['scapy', 'nmap', 'metasploit', 'wireshark', 'burp-suite', 'huggingface_trl', 'pandas', 'numpy', 'scikit-learn', 'matplotlib', 'seaborn', 'xgboost', 'lightgbm']",,,,,,
216,Travel_Management,Hotel_Reservations,"['amadeus', 'sabre', 'travelport', 'expedia_api']",Dental_Care,Treatment_Planning,"['dentrix', 'eaglesoft', 'opendental', 'curve_dental']",,,,,,
217,Databases,Schema_Design,"['aws', 'kubernetes', 'sqlalchemy', 'mongoengine', 'redis', 'postgresql']",Waste_Management,Compliance_Reporting,"['rubicon', 'waste_management_api', 'recycle_track_systems', 'compology']",,,,,,
218,Job_Search,Application_Tracking,"['indeed_api', 'linkedin_jobs', 'glassdoor_api', 'monster']",Bioinformatics,Genome_Sequencing,"['biopython', 'blast', 'samtools', 'galaxy']",,,,,,
219,Local_Repair_Service_Comparison,"['Service_Search', 'Normalization']","['serper', 'duckduckgo', 'bind', 'scrapy', 'polars', 'apache-spark', 'airflow']",Vacation_Rental,Guest_Communication,"['airbnb_api', 'vrbo_api', 'booking_com', 'homeaway']",,,,,,
220,Education_Technology,Course_Management,"['canvas', 'blackboard', 'moodle', 'schoology']",Human_Resources,Employee_Onboarding,"['workday', 'successfactors', 'bamboo_hr', 'greenhouse']",,,,,,
221,Devops,Service_Scaling,"['aws', 'docker', 'kubernetes', 'prometheus', 'terraform', 'ansible', 'jenkins', 'gitlab-ci']",Music_Streaming,Playlist_Management,"['spotify_api', 'apple_music', 'pandora', 'deezer']",,,,,,
222,Search,Venue_Search,"['serper', 'duckduckgo', 'bind']",Automated_Model_Deployment,"['Model_Serving', 'Deployment_Pipelines']","['huggingface_trl', 'pytorch', 'aws', 'mlflow', 'aws', 'docker', 'kubernetes', 'prometheus', 'terraform', 'ansible', 'jenkins', 'gitlab-ci']",,,,,,
223,Secure_Smart_Contract_Release,"['Smart_Contract_Deployment', 'Vulnerability_Scanning']","['web3', 'scapy', 'nmap', 'metasploit', 'wireshark', 'burp-suite']",API_Driven_Inventory_Validation,"['Inventory_Tracking', 'API_Testing']","['shopify', 'instacart', 'klarna', 'wish', 'scrapy', 'requests', 'httpx', 'fastapi', 'flask', 'postman']",,,,,,
224,Finance payments,Transaction_Validation,"['stripe', 'klarna', 'openbanking', 'plaid', 'paypal-sdk']",Databases,DB_Caching,"['aws', 'kubernetes', 'sqlalchemy', 'mongoengine', 'redis', 'postgresql']",,,,,,
225,Recurring_Calendar_Invoicing,"['Calendar_Management', 'Invoicing']","['calender', 'mail', 'grab', 'uber', 'google_maps', 'maps', 'stripe', 'klarna', 'openbanking', 'plaid', 'paypal-sdk']",Supply_Chain,Supplier_Management,"['sap', 'oracle_scm', 'manhattan', 'blueyonder']",,,,,,
226,Travel_Management,Flight_Booking,"['amadeus', 'sabre', 'travelport', 'expedia_api']",Cloud_Gaming,Stream_Management,"['stadia', 'geforce_now', 'xbox_cloud', 'amazon_luna']",,,,,,
227,Consumer Discretionary Software,Ad_Campaigns,"['shopify', 'klarna', 'stripe', 'figma']",Event_Management,Attendee_Tracking,"['eventbrite', 'ticketmaster', 'meetup_api', 'cvent']",,,,,,
228,Data Processing,Transformation,"['scrapy', 'polars', 'apache-spark', 'airflow']",Concert_Ticket_Planning,"['Venue_Search', 'Integration']","['serper', 'duckduckgo', 'bind', 'microsoft365', 'google_workspace', 'salesforce', 'zendesk', 'slack', 'trello', 'asana', 'zapier', 'shopify']",,,,,,
229,Data Science,Feature_Selection,"['huggingface_trl', 'pandas', 'numpy', 'scikit-learn', 'matplotlib', 'seaborn', 'xgboost', 'lightgbm']",Smart_Contract_Prediction,"['Smart_Contract_Interaction', 'Classification_Pipelines']","['web3', 'huggingface_trl', 'pandas', 'numpy', 'scikit-learn', 'matplotlib', 'seaborn', 'xgboost', 'lightgbm']",,,,,,
230,Neighborhood_Event_Polling,"['Email_Automation', 'GraphQL_Queries']","['calender', 'mail', 'grab', 'uber', 'google_maps', 'maps', 'scrapy', 'requests', 'httpx', 'fastapi', 'flask', 'postman']",Drone_Operations,Data_Collection,"['dji_sdk', 'airmap', 'dronelogbook', 'kittyhawk']",,,,,,
231,Machine Learning Engineering,Hyperparameter_Tuning,"['huggingface_trl', 'pytorch', 'aws', 'mlflow']",Remote_DevOps_Inspection,"['SSH', 'Infrastructure_Monitoring', 'DB_Migrations']","['scapy', 'docker', 'psutil', 'subprocess', 'os', 'aws', 'docker', 'kubernetes', 'prometheus', 'terraform', 'ansible', 'jenkins', 'gitlab-ci', 'aws', 'kubernetes', 'sqlalchemy', 'mongoengine', 'redis', 'postgresql']",,,,,,
232,Algorithmic Trading,Risk_Management,"['quantlib', 'pandas', 'numpy', 'backtrader', 'ccxt']",Academic_Conference_Trip_Planning,"['Calendar_Management', 'Venue_Search', 'Rideshare_Booking']","['calender', 'mail', 'grab', 'uber', 'google_maps', 'maps', 'serper', 'duckduckgo', 'bind', 'calender', 'mail', 'grab', 'uber', 'google_maps', 'maps']",,,,,,
233,Subscription_Bill_Validation,"['Transaction_Validation', 'Feature_Selection']","['stripe', 'klarna', 'openbanking', 'plaid', 'paypal-sdk', 'huggingface_trl', 'pandas', 'numpy', 'scikit-learn', 'matplotlib', 'seaborn', 'xgboost', 'lightgbm']",Art_Gallery,Collection_Management,"['artsy', 'museum_api', 'getty', 'smithsonian_api']",,,,,,
234,Cybersecurity,Network_Monitoring,"['scapy', 'nmap', 'metasploit', 'wireshark', 'burp-suite']",Federated_Learning,Privacy_Protection,"['tensorflow_federated', 'pysyft', 'flower', 'fedml']",,,,,,
235,Blockchain,Wallet_Management,['web3'],Automated_Online_Marketplace_Scaling,"['Service_Scaling', 'Order_Fulfillment', 'API_Creation']","['aws', 'docker', 'kubernetes', 'prometheus', 'terraform', 'ansible', 'jenkins', 'gitlab-ci', 'shopify', 'instacart', 'klarna', 'wish', 'scrapy', 'requests', 'httpx', 'fastapi', 'flask', 'postman']",,,,,,
236,Dental_Care,Patient_Records,"['dentrix', 'eaglesoft', 'opendental', 'curve_dental']",Bioinformatics,Phylogenetic_Studies,"['biopython', 'blast', 'samtools', 'galaxy']",,,,,,
237,Multi_Cloud_Hyperparameter_Tuning,"['Cloud_Infra_Setup', 'Hyperparameter_Tuning']","['github', 'git', 'docker', 'aws', 'vercel', 'vscode', 'pre-commit', 'huggingface_trl', 'pytorch', 'aws', 'mlflow']",Automotive_Technology,Fleet_Management,"['obd2', 'tesla_api', 'bmw_connecteddrive', 'ford_sync']",,,,,,
238,Cybersecurity,Pentesting,"['scapy', 'nmap', 'metasploit', 'wireshark', 'burp-suite']",Food_Order_Validation,"['Food_Ordering', 'Transaction_Validation']","['calender', 'mail', 'grab', 'uber', 'google_maps', 'maps', 'stripe', 'klarna', 'openbanking', 'plaid', 'paypal-sdk']",,,,,,
239,Cybersecurity,Access_Control,"['scapy', 'nmap', 'metasploit', 'wireshark', 'burp-suite']",Sports_Analytics,Game_Analysis,"['mlb_statsapi', 'nba_api', 'fifa_api', 'strava_api']",,,,,,
240,Supply_Chain,Supplier_Management,"['sap', 'oracle_scm', 'manhattan', 'blueyonder']",Space_Technology,Telemetry_Analysis,"['nasa_api', 'spacex_api', 'esa_toolkit', 'orbital_mechanics']",,,,,,
241,SaaS,Usage,"['microsoft365', 'google_workspace', 'salesforce', 'zendesk', 'slack', 'trello', 'asana', 'zapier', 'shopify']",Safe_Online_Grocery_Ordering,"['Food_Ordering', 'Access_Control']","['calender', 'mail', 'grab', 'uber', 'google_maps', 'maps', 'scapy', 'nmap', 'metasploit', 'wireshark', 'burp-suite']",,,,,,
242,Waste_Management,Compliance_Reporting,"['rubicon', 'waste_management_api', 'recycle_track_systems', 'compology']",Job_Search,Application_Tracking,"['indeed_api', 'linkedin_jobs', 'glassdoor_api', 'monster']",,,,,,
243,SaaS,Team_Management,"['microsoft365', 'google_workspace', 'salesforce', 'zendesk', 'slack', 'trello', 'asana', 'zapier', 'shopify']",Legal_Technology,Compliance_Tracking,"['clio', 'lexisnexis', 'westlaw', 'rocket_lawyer']",,,,,,
244,Local_Service_Discovery,"['API_Auth', 'Product_Catalog_Management']","['scrapy', 'requests', 'httpx', 'fastapi', 'flask', 'postman', 'shopify', 'instacart', 'klarna', 'wish']",Local_Charity_Payment_Scheduling,"['Transaction_Validation', 'Calendar_Management']","['stripe', 'klarna', 'openbanking', 'plaid', 'paypal-sdk', 'calender', 'mail', 'grab', 'uber', 'google_maps', 'maps']",,,,,,
245,Legal_Technology,Legal_Research,"['clio', 'lexisnexis', 'westlaw', 'rocket_lawyer']",Legal_Technology,Compliance_Tracking,"['clio', 'lexisnexis', 'westlaw', 'rocket_lawyer']",,,,,,
246,Sports_Analytics,Team_Management,"['mlb_statsapi', 'nba_api', 'fifa_api', 'strava_api']",Music_Streaming,Recommendation_Engine,"['spotify_api', 'apple_music', 'pandora', 'deezer']",,,,,,
247,Real_Estate,Property_Valuation,"['mls', 'zillow_api', 'realtor_api', 'redfin']",Travel_Management,Hotel_Reservations,"['amadeus', 'sabre', 'travelport', 'expedia_api']",,,,,,
248,Wine_Management,Tasting_Notes,"['vivino', 'cellartracker', 'wine_searcher', 'delectable']",Food_Delivery,Restaurant_Integration,"['doordash', 'uber_eats', 'grubhub', 'postmates']",,,,,,
249,Public_Transportation,Fare_Calculation,"['transitland', 'here_transit', 'moovit', 'citymapper']",Speech_Technology,Voice_Recognition,"['deepspeech', 'whisper', 'google_speech', 'azure_speech']",,,,,,
250,Art_Gallery,Artwork_Tracking,"['artsy', 'museum_api', 'getty', 'smithsonian_api']",Time_Series_Analysis,Pattern_Recognition,"['prophet', 'statsmodels', 'pmdarima', 'neuralprophet']",,,,,,
251,Family_Medical_Budget_Plan,"['Accounting', 'Calendar_Management']","['stripe', 'klarna', 'openbanking', 'plaid', 'paypal-sdk', 'calender', 'mail', 'grab', 'uber', 'google_maps', 'maps']",Entertainment,Content_Streaming,"['netflix_api', 'spotify_api', 'youtube_api', 'twitch_api']",,,,,,
252,Search,News_Search,"['serper', 'duckduckgo', 'bind']",Weather_Services,Alert_Systems,"['openweathermap', 'darksky', 'weatherapi', 'noaa_api']",,,,,,
253,Order_Fulfillment_Orchestrator,"['Process_Control', 'Order_Fulfillment']","['scapy', 'docker', 'psutil', 'subprocess', 'os', 'shopify', 'instacart', 'klarna', 'wish']",Waste_Management,Compliance_Reporting,"['rubicon', 'waste_management_api', 'recycle_track_systems', 'compology']",,,,,,
254,Vulnerability_Aware_Chain_Accounting,"['Vulnerability_Scanning', 'Chain_Data_Extraction', 'Accounting']","['scapy', 'nmap', 'metasploit', 'wireshark', 'burp-suite', 'web3', 'stripe', 'klarna', 'openbanking', 'plaid', 'paypal-sdk']",Dental_Care,Appointment_Scheduling,"['dentrix', 'eaglesoft', 'opendental', 'curve_dental']",,,,,,
255,Algorithmic Trading,Market_Data_Streaming,"['quantlib', 'pandas', 'numpy', 'backtrader', 'ccxt']",Music_Streaming,Audio_Quality_Control,"['spotify_api', 'apple_music', 'pandora', 'deezer']",,,,,,
256,Budget_Travel_Plan,"['Rideshare_Booking', 'Normalization']","['calender', 'mail', 'grab', 'uber', 'google_maps', 'maps', 'scrapy', 'polars', 'apache-spark', 'airflow']",Customized_Research_Paper_Extraction,"['Scholar_Search', 'PDF_Parsing', 'Clustering_Analysis']","['serper', 'duckduckgo', 'bind', 'scrapy', 'beautifulsoup', 'spacy', 'pandas', 'huggingface_trl', 'pandas', 'numpy', 'scikit-learn', 'matplotlib', 'seaborn', 'xgboost', 'lightgbm']",,,,,,
257,Parking_Management,Space_Allocation,"['parkwhiz', 'spothero', 'passport_parking', 'parkmobile']",Virtual_Reality,Interaction_Design,"['unity_xr', 'unreal_vr', 'oculus_sdk', 'steamvr']",,,,,,
258,Sleep_Analysis,Habit_Formation,"['oura_ring', 'withings', 'sleep_cycle', 'fitbit']",Vacation_Rental,Guest_Communication,"['airbnb_api', 'vrbo_api', 'booking_com', 'homeaway']",,,,,,
259,Databases,Writing_Queries,"['aws', 'kubernetes', 'sqlalchemy', 'mongoengine', 'redis', 'postgresql']",Parking_Management,Permit_Management,"['parkwhiz', 'spothero', 'passport_parking', 'parkmobile']",,,,,,
260,Operating System Functions,Process_Control,"['scapy', 'docker', 'psutil', 'subprocess', 'os']",Data_Preprocessing_for_ML,"['Normalization', 'Data_Feature_Engineering']","['scrapy', 'polars', 'apache-spark', 'airflow', 'huggingface_trl', 'pytorch', 'aws', 'mlflow']",,,,,,
261,Databases,Database_Testing,"['aws', 'kubernetes', 'sqlalchemy', 'mongoengine', 'redis', 'postgresql']",Databases,DB_Caching,"['aws', 'kubernetes', 'sqlalchemy', 'mongoengine', 'redis', 'postgresql']",,,,,,
262,Video_Production,Asset_Management,"['adobe_premiere', 'final_cut', 'davinci_resolve', 'avid']",3D_Printing,Model_Optimization,"['marlin', 'cura', 'slic3r', 'repetier']",,,,,,
263,Consumer Discretionary Software,Customer_Retention,"['shopify', 'klarna', 'stripe', 'figma']",Load_Balanced_Ad_Campaigns,"['Load_Testing', 'Ad_Campaigns']","['scrapy', 'requests', 'httpx', 'fastapi', 'flask', 'postman', 'shopify', 'klarna', 'stripe', 'figma']",,,,,,
264,SaaS,Support_Ticketing,"['microsoft365', 'google_workspace', 'salesforce', 'zendesk', 'slack', 'trello', 'asana', 'zapier', 'shopify']",Energy_Management,Smart_Metering,"['enphase', 'solaredge', 'schneider_electric', 'siemens_energy']",,,,,,
265,Data Processing,Data_Cleaning,"['scrapy', 'polars', 'apache-spark', 'airflow']",Parking_Management,Permit_Management,"['parkwhiz', 'spothero', 'passport_parking', 'parkmobile']",,,,,,
266,Machine Learning Engineering,Model_Training,"['huggingface_trl', 'pytorch', 'aws', 'mlflow']",Unified_System_Infrastructure_Monitoring,"['System_Monitoring', 'Infrastructure_Monitoring']","['scapy', 'docker', 'psutil', 'subprocess', 'os', 'aws', 'docker', 'kubernetes', 'prometheus', 'terraform', 'ansible', 'jenkins', 'gitlab-ci']",,,,,,
267,News_Briefing_Refinement,"['News_Search', 'Feature_Selection']","['serper', 'duckduckgo', 'bind', 'huggingface_trl', 'pandas', 'numpy', 'scikit-learn', 'matplotlib', 'seaborn', 'xgboost', 'lightgbm']",Public_Transportation,Fare_Calculation,"['transitland', 'here_transit', 'moovit', 'citymapper']",,,,,,
268,Personalized_Market_Analytics,"['Rideshare_Booking', 'Market_Data_Streaming']","['calender', 'mail', 'grab', 'uber', 'google_maps', 'maps', 'quantlib', 'pandas', 'numpy', 'backtrader', 'ccxt']",Predictive_Social_Event_Planning,"['Calendar_Management', 'Feature_Selection', 'Email_Automation']","['calender', 'mail', 'grab', 'uber', 'google_maps', 'maps', 'huggingface_trl', 'pandas', 'numpy', 'scikit-learn', 'matplotlib', 'seaborn', 'xgboost', 'lightgbm', 'calender', 'mail', 'grab', 'uber', 'google_maps', 'maps']",,,,,,
269,Operating System Functions,Shell_Scripting,"['scapy', 'docker', 'psutil', 'subprocess', 'os']",Entertainment,User_Recommendations,"['netflix_api', 'spotify_api', 'youtube_api', 'twitch_api']",,,,,,
270,Real_Estate,Property_Listings,"['mls', 'zillow_api', 'realtor_api', 'redfin']",Vacation_Rental,Property_Management,"['airbnb_api', 'vrbo_api', 'booking_com', 'homeaway']",,,,,,
271,Containerized_Shell_Scripting,"['Containerization', 'Shell_Scripting']","['aws', 'docker', 'kubernetes', 'prometheus', 'terraform', 'ansible', 'jenkins', 'gitlab-ci', 'scapy', 'docker', 'psutil', 'subprocess', 'os']",Manufacturing,Resource_Optimization,"['siemens_mindsphere', 'ge_predix', 'rockwell_automation', 'fanuc']",,,,,,
272,APIs in general,Load_Testing,"['scrapy', 'requests', 'httpx', 'fastapi', 'flask', 'postman']",Kid-Friendly_Restaurant_Finder,"['Food_Ordering', 'Classification_Pipelines']","['calender', 'mail', 'grab', 'uber', 'google_maps', 'maps', 'huggingface_trl', 'pandas', 'numpy', 'scikit-learn', 'matplotlib', 'seaborn', 'xgboost', 'lightgbm']",,,,,,
273,Social_Media_Analytics,Trend_Analysis,"['twitter_api', 'facebook_api', 'instagram_api', 'linkedin_api']",Mental_Health,Therapy_Management,"['betterhelp', 'talkspace', 'calm', 'headspace']",,,,,,
274,Language_Learning,Vocabulary_Training,"['duolingo', 'rosetta_stone', 'babbel', 'memrise']",Time_Series_Analysis,Pattern_Recognition,"['prophet', 'statsmodels', 'pmdarima', 'neuralprophet']",,,,,,
275,Developer Tools,Backend_Deployment,"['github', 'git', 'docker', 'aws', 'vercel', 'vscode', 'pre-commit']",Parking_Management,Payment_Processing,"['parkwhiz', 'spothero', 'passport_parking', 'parkmobile']",,,,,,
276,Public_Transportation,Service_Alerts,"['transitland', 'here_transit', 'moovit', 'citymapper']",Parking_Management,Occupancy_Tracking,"['parkwhiz', 'spothero', 'passport_parking', 'parkmobile']",,,,,,
277,Devops,Service_Scaling,"['aws', 'docker', 'kubernetes', 'prometheus', 'terraform', 'ansible', 'jenkins', 'gitlab-ci']",Sports_Analytics,Performance_Tracking,"['mlb_statsapi', 'nba_api', 'fifa_api', 'strava_api']",,,,,,
278,Developer Tools,Backend_Deployment,"['github', 'git', 'docker', 'aws', 'vercel', 'vscode', 'pre-commit']",Historic_News_Review,"['News_Search', 'HTML_Scraping']","['serper', 'duckduckgo', 'bind', 'scrapy', 'beautifulsoup', 'spacy', 'pandas']",,,,,,
279,SSH_Scaling_Strategy,"['SSH', 'Service_Scaling']","['scapy', 'docker', 'psutil', 'subprocess', 'os', 'aws', 'docker', 'kubernetes', 'prometheus', 'terraform', 'ansible', 'jenkins', 'gitlab-ci']",Smart_Contract_Prediction,"['Smart_Contract_Interaction', 'Classification_Pipelines']","['web3', 'huggingface_trl', 'pandas', 'numpy', 'scikit-learn', 'matplotlib', 'seaborn', 'xgboost', 'lightgbm']",,,,,,
280,Databases,DB_Caching,"['aws', 'kubernetes', 'sqlalchemy', 'mongoengine', 'redis', 'postgresql']",Legal_Technology,Legal_Research,"['clio', 'lexisnexis', 'westlaw', 'rocket_lawyer']",,,,,,
281,Chain_Data_Extraction_for_CRM,"['Chain_Data_Extraction', 'CRM_Enhancements']","['web3', 'shopify', 'klarna', 'stripe', 'figma']",Education_Technology,Virtual_Classroom,"['canvas', 'blackboard', 'moodle', 'schoology']",,,,,,
282,OCR_Powered_Accounting_Audit,"['OCR_Processing', 'Accounting']","['scrapy', 'beautifulsoup', 'spacy', 'pandas', 'stripe', 'klarna', 'openbanking', 'plaid', 'paypal-sdk']",Travel_Management,Flight_Booking,"['amadeus', 'sabre', 'travelport', 'expedia_api']",,,,,,
283,Search,Scholar_Search,"['serper', 'duckduckgo', 'bind']",Fitness_Technology,Progress_Monitoring,"['fitbit', 'garmin_connect', 'apple_healthkit', 'myfitnesspal']",,,,,,
284,Manufacturing,Resource_Optimization,"['siemens_mindsphere', 'ge_predix', 'rockwell_automation', 'fanuc']",Energy_Management,Smart_Metering,"['enphase', 'solaredge', 'schneider_electric', 'siemens_energy']",,,,,,
285,Search,Scholar_Search,"['serper', 'duckduckgo', 'bind']",Restaurant_Management,Order_Processing,"['toast_pos', 'square', 'opentable', 'yelp_fusion']",,,,,,
286,Local_Food_Recipe_Curation,"['Food_Ordering', 'Aggregation']","['calender', 'mail', 'grab', 'uber', 'google_maps', 'maps', 'scrapy', 'polars', 'apache-spark', 'airflow']",Family_Medical_Budget_Plan,"['Accounting', 'Calendar_Management']","['stripe', 'klarna', 'openbanking', 'plaid', 'paypal-sdk', 'calender', 'mail', 'grab', 'uber', 'google_maps', 'maps']",,,,,,
287,Data Science,Feature_Selection,"['huggingface_trl', 'pandas', 'numpy', 'scikit-learn', 'matplotlib', 'seaborn', 'xgboost', 'lightgbm']",Pet_Care,Health_Records,"['petfinder', 'vetsource', 'whistle', 'pawboost']",,,,,,
288,Operating System Functions,System_Monitoring,"['scapy', 'docker', 'psutil', 'subprocess', 'os']",Recurring_Calendar_Invoicing,"['Calendar_Management', 'Invoicing']","['calender', 'mail', 'grab', 'uber', 'google_maps', 'maps', 'stripe', 'klarna', 'openbanking', 'plaid', 'paypal-sdk']",,,,,,
289,E-commerce,Cart_Checkout_Flow,"['shopify', 'instacart', 'klarna', 'wish']",MultiCloud_DevOps_Clustering_Insights,"['Cloud_Infra_Setup', 'Continuous_Integration', 'Clustering_Analysis']","['github', 'git', 'docker', 'aws', 'vercel', 'vscode', 'pre-commit', 'aws', 'docker', 'kubernetes', 'prometheus', 'terraform', 'ansible', 'jenkins', 'gitlab-ci', 'huggingface_trl', 'pandas', 'numpy', 'scikit-learn', 'matplotlib', 'seaborn', 'xgboost', 'lightgbm']",,,,,,
290,Machine_Learning_Enhanced_Pentesting,"['Model_Training', 'Pentesting']","['huggingface_trl', 'pytorch', 'aws', 'mlflow', 'scapy', 'nmap', 'metasploit', 'wireshark', 'burp-suite']",Language_Learning,Vocabulary_Training,"['duolingo', 'rosetta_stone', 'babbel', 'memrise']",,,,,,
291,Overdue_Bill_Automation,"['Email_Automation', 'Invoicing']","['calender', 'mail', 'grab', 'uber', 'google_maps', 'maps', 'stripe', 'klarna', 'openbanking', 'plaid', 'paypal-sdk']",Human_Resources,Performance_Evaluation,"['workday', 'successfactors', 'bamboo_hr', 'greenhouse']",,,,,,
292,Custom_API_WebApp_Deployment,"['API_Creation', 'Deploy_WebApp']","['scrapy', 'requests', 'httpx', 'fastapi', 'flask', 'postman', 'github', 'git', 'docker', 'aws', 'vercel', 'vscode', 'pre-commit']",Federated_Learning,Model_Distribution,"['tensorflow_federated', 'pysyft', 'flower', 'fedml']",,,,,,
293,Local_Repair_Service_Comparison,"['Service_Search', 'Normalization']","['serper', 'duckduckgo', 'bind', 'scrapy', 'polars', 'apache-spark', 'airflow']",Automotive_Technology,Vehicle_Diagnostics,"['obd2', 'tesla_api', 'bmw_connecteddrive', 'ford_sync']",,,,,,
294,Student_Research_Data_Curation,"['Scholar_Search', 'CSV_Analysis']","['serper', 'duckduckgo', 'bind', 'scrapy', 'beautifulsoup', 'spacy', 'pandas']",Service_Cost_Breakdown,"['Service_Search', 'Accounting']","['serper', 'duckduckgo', 'bind', 'stripe', 'klarna', 'openbanking', 'plaid', 'paypal-sdk']",,,,,,
295,Cybersecurity,Threat_Detection,"['scapy', 'nmap', 'metasploit', 'wireshark', 'burp-suite']",Home_Services,Service_Scheduling,"['angi', 'thumbtack', 'homeadvisor', 'taskrabbit']",,,,,,
296,Algorithmic Trading,Market_Data_Streaming,"['quantlib', 'pandas', 'numpy', 'backtrader', 'ccxt']",Machine_Learning_Enhanced_Pentesting,"['Model_Training', 'Pentesting']","['huggingface_trl', 'pytorch', 'aws', 'mlflow', 'scapy', 'nmap', 'metasploit', 'wireshark', 'burp-suite']",,,,,,
297,Custom_API_WebApp_Deployment,"['API_Creation', 'Deploy_WebApp']","['scrapy', 'requests', 'httpx', 'fastapi', 'flask', 'postman', 'github', 'git', 'docker', 'aws', 'vercel', 'vscode', 'pre-commit']",Log_Analysis_Powered_by_Regression,"['Log_Analysis', 'Regression_Models']","['scapy', 'nmap', 'metasploit', 'wireshark', 'burp-suite', 'huggingface_trl', 'pandas', 'numpy', 'scikit-learn', 'matplotlib', 'seaborn', 'xgboost', 'lightgbm']",,,,,,
298,Personal Assistant,Email_Automation,"['calender', 'mail', 'grab', 'uber', 'google_maps', 'maps']",Local_Service_Discovery,"['API_Auth', 'Product_Catalog_Management']","['scrapy', 'requests', 'httpx', 'fastapi', 'flask', 'postman', 'shopify', 'instacart', 'klarna', 'wish']",,,,,,
299,Digital_Marketing,Campaign_Analytics,"['google_ads', 'facebook_marketing', 'mailchimp', 'hubspot']",Sleep_Analysis,Environmental_Monitoring,"['oura_ring', 'withings', 'sleep_cycle', 'fitbit']",,,,,,
300,Adaptive_Calendar_Integration,"['Calendar_Management', 'Integration']","['calender', 'mail', 'grab', 'uber', 'google_maps', 'maps', 'microsoft365', 'google_workspace', 'salesforce', 'zendesk', 'slack', 'trello', 'asana', 'zapier', 'shopify']",Healthcare_Management,Appointment_Scheduling,"['epic', 'cerner', 'meditech', 'allscripts', 'healthit']",,,,,,
301,Consumer Discretionary Software,Conversion_Tracking,"['shopify', 'klarna', 'stripe', 'figma']",Speech_Technology,Text_Synthesis,"['deepspeech', 'whisper', 'google_speech', 'azure_speech']",,,,,,
302,Smart_Home,Energy_Monitoring,"['homeassistant', 'smartthings', 'philips_hue', 'nest']",Mental_Health,Meditation_Sessions,"['betterhelp', 'talkspace', 'calm', 'headspace']",,,,,,
303,Household_Bill_Organization,"['Invoicing', 'PDF_Parsing']","['stripe', 'klarna', 'openbanking', 'plaid', 'paypal-sdk', 'scrapy', 'beautifulsoup', 'spacy', 'pandas']",Library_Management,Borrower_Services,"['worldcat', 'libby', 'sierra_api', 'koha']",,,,,,
304,Freelance_Invoice_Organizer,"['Invoicing', 'Aggregation']","['stripe', 'klarna', 'openbanking', 'plaid', 'paypal-sdk', 'scrapy', 'polars', 'apache-spark', 'airflow']",Bioinformatics,Genome_Sequencing,"['biopython', 'blast', 'samtools', 'galaxy']",,,,,,
305,Order_Fulfillment_Orchestrator,"['Process_Control', 'Order_Fulfillment']","['scapy', 'docker', 'psutil', 'subprocess', 'os', 'shopify', 'instacart', 'klarna', 'wish']",Household_Bill_Organization,"['Invoicing', 'PDF_Parsing']","['stripe', 'klarna', 'openbanking', 'plaid', 'paypal-sdk', 'scrapy', 'beautifulsoup', 'spacy', 'pandas']",,,,,,
306,Supply_Chain,Order_Processing,"['sap', 'oracle_scm', 'manhattan', 'blueyonder']",Automotive_Technology,Fleet_Management,"['obd2', 'tesla_api', 'bmw_connecteddrive', 'ford_sync']",,,,,,
307,Team_Travel_Cost_Analysis,"['Rideshare_Booking', 'Accounting']","['calender', 'mail', 'grab', 'uber', 'google_maps', 'maps', 'stripe', 'klarna', 'openbanking', 'plaid', 'paypal-sdk']",Parking_Management,Occupancy_Tracking,"['parkwhiz', 'spothero', 'passport_parking', 'parkmobile']",,,,,,
308,Cybersecurity,Vulnerability_Scanning,"['scapy', 'nmap', 'metasploit', 'wireshark', 'burp-suite']",Secure_APIs_for_Trading,"['API_Auth', 'Market_Data_Streaming', 'Risk_Management']","['scrapy', 'requests', 'httpx', 'fastapi', 'flask', 'postman', 'quantlib', 'pandas', 'numpy', 'backtrader', 'ccxt', 'quantlib', 'pandas', 'numpy', 'backtrader', 'ccxt']",,,,,,
309,Adaptive_Calendar_Integration,"['Calendar_Management', 'Integration']","['calender', 'mail', 'grab', 'uber', 'google_maps', 'maps', 'microsoft365', 'google_workspace', 'salesforce', 'zendesk', 'slack', 'trello', 'asana', 'zapier', 'shopify']",Dental_Care,Patient_Records,"['dentrix', 'eaglesoft', 'opendental', 'curve_dental']",,,,,,
310,Healthcare_Management,Insurance_Claims,"['epic', 'cerner', 'meditech', 'allscripts', 'healthit']",Public_Transportation,Schedule_Management,"['transitland', 'here_transit', 'moovit', 'citymapper']",,,,,,
311,Healthy_Food_Alternatives,"['Food_Ordering', 'OCR_Processing']","['calender', 'mail', 'grab', 'uber', 'google_maps', 'maps', 'scrapy', 'beautifulsoup', 'spacy', 'pandas']",Vacation_Rental,Revenue_Optimization,"['airbnb_api', 'vrbo_api', 'booking_com', 'homeaway']",,,,,,
312,Vulnerability_Aware_Chain_Accounting,"['Vulnerability_Scanning', 'Chain_Data_Extraction', 'Accounting']","['scapy', 'nmap', 'metasploit', 'wireshark', 'burp-suite', 'web3', 'stripe', 'klarna', 'openbanking', 'plaid', 'paypal-sdk']",Fitness_Technology,Workout_Tracking,"['fitbit', 'garmin_connect', 'apple_healthkit', 'myfitnesspal']",,,,,,
313,SSH_Based_Financial_Deployment,"['SSH', 'Payment_Gateway_Integration', 'Deployment_Pipelines']","['scapy', 'docker', 'psutil', 'subprocess', 'os', 'stripe', 'klarna', 'openbanking', 'plaid', 'paypal-sdk', 'aws', 'docker', 'kubernetes', 'prometheus', 'terraform', 'ansible', 'jenkins', 'gitlab-ci']",Energy_Management,Grid_Optimization,"['enphase', 'solaredge', 'schneider_electric', 'siemens_energy']",,,,,,
314,Databases,DB_Migrations,"['aws', 'kubernetes', 'sqlalchemy', 'mongoengine', 'redis', 'postgresql']",Cloud_Gaming,Stream_Management,"['stadia', 'geforce_now', 'xbox_cloud', 'amazon_luna']",,,,,,
315,Data Science,Regression_Models,"['huggingface_trl', 'pandas', 'numpy', 'scikit-learn', 'matplotlib', 'seaborn', 'xgboost', 'lightgbm']",Language_Learning,Assessment_Tools,"['duolingo', 'rosetta_stone', 'babbel', 'memrise']",,,,,,
316,APIs in general,GraphQL_Queries,"['scrapy', 'requests', 'httpx', 'fastapi', 'flask', 'postman']",Consumer Discretionary Software,Conversion_Tracking,"['shopify', 'klarna', 'stripe', 'figma']",,,,,,
317,XLSX_Based_Access_Controls,"['XLSX_Analysis', 'Access_Control']","['scrapy', 'beautifulsoup', 'spacy', 'pandas', 'scapy', 'nmap', 'metasploit', 'wireshark', 'burp-suite']",Language_Learning,Assessment_Tools,"['duolingo', 'rosetta_stone', 'babbel', 'memrise']",,,,,,
318,Fitness_Tracker_Data_Plan,"['Normalization', 'CSV_Analysis']","['scrapy', 'polars', 'apache-spark', 'airflow', 'scrapy', 'beautifulsoup', 'spacy', 'pandas']",Sleep_Analysis,Habit_Formation,"['oura_ring', 'withings', 'sleep_cycle', 'fitbit']",,,,,,
319,Digital_Marketing,ROI_Tracking,"['google_ads', 'facebook_marketing', 'mailchimp', 'hubspot']",Sleep_Analysis,Sleep_Tracking,"['oura_ring', 'withings', 'sleep_cycle', 'fitbit']",,,,,,
320,Automated_Online_Marketplace_Scaling,"['Service_Scaling', 'Order_Fulfillment', 'API_Creation']","['aws', 'docker', 'kubernetes', 'prometheus', 'terraform', 'ansible', 'jenkins', 'gitlab-ci', 'shopify', 'instacart', 'klarna', 'wish', 'scrapy', 'requests', 'httpx', 'fastapi', 'flask', 'postman']",Federated_Learning,Model_Distribution,"['tensorflow_federated', 'pysyft', 'flower', 'fedml']",,,,,,
321,Smart_Garden,Growth_Tracking,"['gardena', 'rachio', 'orbit_bhyve', 'rainmachine']",Food_Delivery,Order_Tracking,"['doordash', 'uber_eats', 'grubhub', 'postmates']",,,,,,
322,Local_Food_Recipe_Curation,"['Food_Ordering', 'Aggregation']","['calender', 'mail', 'grab', 'uber', 'google_maps', 'maps', 'scrapy', 'polars', 'apache-spark', 'airflow']",Water_Utilities,Leak_Detection,"['water_smart', 'aquahawk', 'sensus_analytics', 'waterscope']",,,,,,
323,Smart_Contract_Prediction,"['Smart_Contract_Interaction', 'Classification_Pipelines']","['web3', 'huggingface_trl', 'pandas', 'numpy', 'scikit-learn', 'matplotlib', 'seaborn', 'xgboost', 'lightgbm']",Home_Services,Provider_Management,"['angi', 'thumbtack', 'homeadvisor', 'taskrabbit']",,,,,,
324,Algorithmic Trading,Risk_Management,"['quantlib', 'pandas', 'numpy', 'backtrader', 'ccxt']",Healthcare_Management,Insurance_Claims,"['epic', 'cerner', 'meditech', 'allscripts', 'healthit']",,,,,,
325,Machine_Learning_Enhanced_Pentesting,"['Model_Training', 'Pentesting']","['huggingface_trl', 'pytorch', 'aws', 'mlflow', 'scapy', 'nmap', 'metasploit', 'wireshark', 'burp-suite']",Library_Management,Digital_Archives,"['worldcat', 'libby', 'sierra_api', 'koha']",,,,,,
326,Chain_Data_Extraction_for_CRM,"['Chain_Data_Extraction', 'CRM_Enhancements']","['web3', 'shopify', 'klarna', 'stripe', 'figma']",Fitness_Technology,Goal_Setting,"['fitbit', 'garmin_connect', 'apple_healthkit', 'myfitnesspal']",,,,,,
327,Search,News_Search,"['serper', 'duckduckgo', 'bind']",Secure_Smart_Contract_Release,"['Smart_Contract_Deployment', 'Vulnerability_Scanning']","['web3', 'scapy', 'nmap', 'metasploit', 'wireshark', 'burp-suite']",,,,,,
328,Databases,Schema_Design,"['aws', 'kubernetes', 'sqlalchemy', 'mongoengine', 'redis', 'postgresql']",Operating System Functions,Shell_Scripting,"['scapy', 'docker', 'psutil', 'subprocess', 'os']",,,,,,
329,Supply_Chain,Supplier_Management,"['sap', 'oracle_scm', 'manhattan', 'blueyonder']",Gaming_Development,Player_Engagement,"['unity', 'unreal_engine', 'steam_api', 'playfab']",,,,,,
330,Language_Learning,Course_Progress,"['duolingo', 'rosetta_stone', 'babbel', 'memrise']",Vacation_Rental,Guest_Communication,"['airbnb_api', 'vrbo_api', 'booking_com', 'homeaway']",,,,,,
331,Data_Science_Billing_API_Integration,"['Regression_Models', 'Invoicing', 'API_Auth']","['huggingface_trl', 'pandas', 'numpy', 'scikit-learn', 'matplotlib', 'seaborn', 'xgboost', 'lightgbm', 'stripe', 'klarna', 'openbanking', 'plaid', 'paypal-sdk', 'scrapy', 'requests', 'httpx', 'fastapi', 'flask', 'postman']",Event_Management,Venue_Management,"['eventbrite', 'ticketmaster', 'meetup_api', 'cvent']",,,,,,
332,Operating System Functions,File_Management,"['scapy', 'docker', 'psutil', 'subprocess', 'os']",Water_Utilities,Quality_Testing,"['water_smart', 'aquahawk', 'sensus_analytics', 'waterscope']",,,,,,
333,Cybersecurity,Network_Monitoring,"['scapy', 'nmap', 'metasploit', 'wireshark', 'burp-suite']",Personalized_Market_Analytics,"['Rideshare_Booking', 'Market_Data_Streaming']","['calender', 'mail', 'grab', 'uber', 'google_maps', 'maps', 'quantlib', 'pandas', 'numpy', 'backtrader', 'ccxt']",,,,,,
334,Data Processing,Data_Cleaning,"['scrapy', 'polars', 'apache-spark', 'airflow']",Food_Delivery,Menu_Synchronization,"['doordash', 'uber_eats', 'grubhub', 'postmates']",,,,,,
335,Legal_Technology,Case_Management,"['clio', 'lexisnexis', 'westlaw', 'rocket_lawyer']",Agriculture_Tech,Weather_Monitoring,"['john_deere_api', 'climate_fieldview', 'farmers_edge', 'agrivi']",,,,,,
336,RESTful_DB_Access_Control,"['REST_API_Integration', 'Database_Testing', 'Access_Control']","['scrapy', 'requests', 'httpx', 'fastapi', 'flask', 'postman', 'aws', 'kubernetes', 'sqlalchemy', 'mongoengine', 'redis', 'postgresql', 'scapy', 'nmap', 'metasploit', 'wireshark', 'burp-suite']",Parking_Management,Permit_Management,"['parkwhiz', 'spothero', 'passport_parking', 'parkmobile']",,,,,,
337,Family_Medical_Budget_Plan,"['Accounting', 'Calendar_Management']","['stripe', 'klarna', 'openbanking', 'plaid', 'paypal-sdk', 'calender', 'mail', 'grab', 'uber', 'google_maps', 'maps']",Human_Resources,Employee_Onboarding,"['workday', 'successfactors', 'bamboo_hr', 'greenhouse']",,,,,,
338,Parking_Management,Permit_Management,"['parkwhiz', 'spothero', 'passport_parking', 'parkmobile']",Wine_Management,Collection_Valuation,"['vivino', 'cellartracker', 'wine_searcher', 'delectable']",,,,,,
339,Cybersecurity,Pentesting,"['scapy', 'nmap', 'metasploit', 'wireshark', 'burp-suite']",Smart_Garden,Growth_Tracking,"['gardena', 'rachio', 'orbit_bhyve', 'rainmachine']",,,,,,
340,Household_Expense_Auditing,"['Invoicing', 'CSV_Analysis']","['stripe', 'klarna', 'openbanking', 'plaid', 'paypal-sdk', 'scrapy', 'beautifulsoup', 'spacy', 'pandas']",Social_Media_Analytics,Engagement_Metrics,"['twitter_api', 'facebook_api', 'instagram_api', 'linkedin_api']",,,,,,
341,Safe_Online_Grocery_Ordering,"['Food_Ordering', 'Access_Control']","['calender', 'mail', 'grab', 'uber', 'google_maps', 'maps', 'scapy', 'nmap', 'metasploit', 'wireshark', 'burp-suite']",Space_Technology,Telemetry_Analysis,"['nasa_api', 'spacex_api', 'esa_toolkit', 'orbital_mechanics']",,,,,,
342,Information Extraction,HTML_Scraping,"['scrapy', 'beautifulsoup', 'spacy', 'pandas']",Containerized_Shell_Scripting,"['Containerization', 'Shell_Scripting']","['aws', 'docker', 'kubernetes', 'prometheus', 'terraform', 'ansible', 'jenkins', 'gitlab-ci', 'scapy', 'docker', 'psutil', 'subprocess', 'os']",,,,,,
343,Data Science,Classification_Pipelines,"['huggingface_trl', 'pandas', 'numpy', 'scikit-learn', 'matplotlib', 'seaborn', 'xgboost', 'lightgbm']",Job_Search,Application_Tracking,"['indeed_api', 'linkedin_jobs', 'glassdoor_api', 'monster']",,,,,,
344,Developer Tools,Frontend_Bundling,"['github', 'git', 'docker', 'aws', 'vercel', 'vscode', 'pre-commit']",Multi_Cloud_Hyperparameter_Tuning,"['Cloud_Infra_Setup', 'Hyperparameter_Tuning']","['github', 'git', 'docker', 'aws', 'vercel', 'vscode', 'pre-commit', 'huggingface_trl', 'pytorch', 'aws', 'mlflow']",,,,,,
345,Human_Resources,Employee_Onboarding,"['workday', 'successfactors', 'bamboo_hr', 'greenhouse']",Restaurant_Management,Order_Processing,"['toast_pos', 'square', 'opentable', 'yelp_fusion']",,,,,,
346,Fitness_Technology,Goal_Setting,"['fitbit', 'garmin_connect', 'apple_healthkit', 'myfitnesspal']",Smart_Garden,Irrigation_Control,"['gardena', 'rachio', 'orbit_bhyve', 'rainmachine']",,,,,,
347,Water_Utilities,Consumption_Monitoring,"['water_smart', 'aquahawk', 'sensus_analytics', 'waterscope']",Federated_Learning,Privacy_Protection,"['tensorflow_federated', 'pysyft', 'flower', 'fedml']",,,,,,
348,E-commerce,Order_Fulfillment,"['shopify', 'instacart', 'klarna', 'wish']",Manufacturing,Equipment_Monitoring,"['siemens_mindsphere', 'ge_predix', 'rockwell_automation', 'fanuc']",,,,,,
349,Algorithmic Trading,Risk_Management,"['quantlib', 'pandas', 'numpy', 'backtrader', 'ccxt']",Legal_Technology,Document_Analysis,"['clio', 'lexisnexis', 'westlaw', 'rocket_lawyer']",,,,,,
350,Automated_Online_Marketplace_Scaling,"['Service_Scaling', 'Order_Fulfillment', 'API_Creation']","['aws', 'docker', 'kubernetes', 'prometheus', 'terraform', 'ansible', 'jenkins', 'gitlab-ci', 'shopify', 'instacart', 'klarna', 'wish', 'scrapy', 'requests', 'httpx', 'fastapi', 'flask', 'postman']",Music_Streaming,Audio_Quality_Control,"['spotify_api', 'apple_music', 'pandora', 'deezer']",,,,,,
351,Blockchain,Smart_Contract_Interaction,['web3'],Secure_Roommate_Payment_Splits,"['Transaction_Validation', 'Access_Control']","['stripe', 'klarna', 'openbanking', 'plaid', 'paypal-sdk', 'scapy', 'nmap', 'metasploit', 'wireshark', 'burp-suite']",,,,,,
352,Devops,Service_Scaling,"['aws', 'docker', 'kubernetes', 'prometheus', 'terraform', 'ansible', 'jenkins', 'gitlab-ci']",Seamless_Checkout_and_Payment,"['Cart_Checkout_Flow', 'Payment_Gateway_Integration']","['shopify', 'instacart', 'klarna', 'wish', 'stripe', 'klarna', 'openbanking', 'plaid', 'paypal-sdk']",,,,,,
353,Algorithmic Trading,Market_Data_Streaming,"['quantlib', 'pandas', 'numpy', 'backtrader', 'ccxt']",Remote_Work_Support_Tracker,"['Team_Management', 'Integration']","['microsoft365', 'google_workspace', 'salesforce', 'zendesk', 'slack', 'trello', 'asana', 'zapier', 'shopify', 'microsoft365', 'google_workspace', 'salesforce', 'zendesk', 'slack', 'trello', 'asana', 'zapier', 'shopify']",,,,,,
354,Search,Image_Search,"['serper', 'duckduckgo', 'bind']",Restaurant_Management,Menu_Planning,"['toast_pos', 'square', 'opentable', 'yelp_fusion']",,,,,,
355,Personal_Reading_List_Curation,"['HTML_Scraping', 'Feature_Selection']","['scrapy', 'beautifulsoup', 'spacy', 'pandas', 'huggingface_trl', 'pandas', 'numpy', 'scikit-learn', 'matplotlib', 'seaborn', 'xgboost', 'lightgbm']",Space_Technology,Mission_Planning,"['nasa_api', 'spacex_api', 'esa_toolkit', 'orbital_mechanics']",,,,,,
356,Algorithmic Trading,Strategy_Backtesting,"['quantlib', 'pandas', 'numpy', 'backtrader', 'ccxt']",Event_Management,Attendee_Tracking,"['eventbrite', 'ticketmaster', 'meetup_api', 'cvent']",,,,,,
357,Information Extraction,HTML_Scraping,"['scrapy', 'beautifulsoup', 'spacy', 'pandas']",Operating System Functions,Process_Control,"['scapy', 'docker', 'psutil', 'subprocess', 'os']",,,,,,
358,Finance payments,Accounting,"['stripe', 'klarna', 'openbanking', 'plaid', 'paypal-sdk']",AI_Coupon_Email_Campaign,"['Email_Automation', 'Ad_Campaigns', 'Feature_Selection']","['calender', 'mail', 'grab', 'uber', 'google_maps', 'maps', 'shopify', 'klarna', 'stripe', 'figma', 'huggingface_trl', 'pandas', 'numpy', 'scikit-learn', 'matplotlib', 'seaborn', 'xgboost', 'lightgbm']",,,,,,
359,Data_Preprocessing_for_ML,"['Normalization', 'Data_Feature_Engineering']","['scrapy', 'polars', 'apache-spark', 'airflow', 'huggingface_trl', 'pytorch', 'aws', 'mlflow']",Bioinformatics,Protein_Analysis,"['biopython', 'blast', 'samtools', 'galaxy']",,,,,,
360,CSV_GraphQL_Insight_Pipeline,"['CSV_Analysis', 'GraphQL_Queries']","['scrapy', 'beautifulsoup', 'spacy', 'pandas', 'scrapy', 'requests', 'httpx', 'fastapi', 'flask', 'postman']",Hyperparameter_Controlled_DB_Caching,"['Hyperparameter_Tuning', 'DB_Caching']","['huggingface_trl', 'pytorch', 'aws', 'mlflow', 'aws', 'kubernetes', 'sqlalchemy', 'mongoengine', 'redis', 'postgresql']",,,,,,
361,Kid-Friendly_Restaurant_Finder,"['Food_Ordering', 'Classification_Pipelines']","['calender', 'mail', 'grab', 'uber', 'google_maps', 'maps', 'huggingface_trl', 'pandas', 'numpy', 'scikit-learn', 'matplotlib', 'seaborn', 'xgboost', 'lightgbm']",Vacation_Rental,Booking_Coordination,"['airbnb_api', 'vrbo_api', 'booking_com', 'homeaway']",,,,,,
362,Personal Assistant,Food_Ordering,"['calender', 'mail', 'grab', 'uber', 'google_maps', 'maps']",XLSX_Driven_Feature_Selection,"['XLSX_Analysis', 'Feature_Selection']","['scrapy', 'beautifulsoup', 'spacy', 'pandas', 'huggingface_trl', 'pandas', 'numpy', 'scikit-learn', 'matplotlib', 'seaborn', 'xgboost', 'lightgbm']",,,,,,
363,Smart_Garden,Growth_Tracking,"['gardena', 'rachio', 'orbit_bhyve', 'rainmachine']",3D_Printing,Material_Management,"['marlin', 'cura', 'slic3r', 'repetier']",,,,,,
364,Restaurant_Management,Menu_Planning,"['toast_pos', 'square', 'opentable', 'yelp_fusion']",Parking_Management,Permit_Management,"['parkwhiz', 'spothero', 'passport_parking', 'parkmobile']",,,,,,
365,Supply_Chain,Logistics_Planning,"['sap', 'oracle_scm', 'manhattan', 'blueyonder']",Water_Utilities,Leak_Detection,"['water_smart', 'aquahawk', 'sensus_analytics', 'waterscope']",,,,,,
366,SSH_Scaling_Strategy,"['SSH', 'Service_Scaling']","['scapy', 'docker', 'psutil', 'subprocess', 'os', 'aws', 'docker', 'kubernetes', 'prometheus', 'terraform', 'ansible', 'jenkins', 'gitlab-ci']",Mental_Health,Progress_Assessment,"['betterhelp', 'talkspace', 'calm', 'headspace']",,,,,,
367,Information Extraction,CSV_Analysis,"['scrapy', 'beautifulsoup', 'spacy', 'pandas']",Language_Learning,Course_Progress,"['duolingo', 'rosetta_stone', 'babbel', 'memrise']",,,,,,
368,Real_Estate,Property_Valuation,"['mls', 'zillow_api', 'realtor_api', 'redfin']",Art_Gallery,Artwork_Tracking,"['artsy', 'museum_api', 'getty', 'smithsonian_api']",,,,,,
369,Developer Tools,Backend_Deployment,"['github', 'git', 'docker', 'aws', 'vercel', 'vscode', 'pre-commit']",Automatic_Birthday_Reminders,"['Calendar_Management', 'User_Permissions']","['calender', 'mail', 'grab', 'uber', 'google_maps', 'maps', 'scapy', 'docker', 'psutil', 'subprocess', 'os']",,,,,,
370,Data_Preprocessing_for_ML,"['Normalization', 'Data_Feature_Engineering']","['scrapy', 'polars', 'apache-spark', 'airflow', 'huggingface_trl', 'pytorch', 'aws', 'mlflow']",Parking_Management,Permit_Management,"['parkwhiz', 'spothero', 'passport_parking', 'parkmobile']",,,,,,
371,Machine Learning Engineering,Hyperparameter_Tuning,"['huggingface_trl', 'pytorch', 'aws', 'mlflow']",Mental_Health,Meditation_Sessions,"['betterhelp', 'talkspace', 'calm', 'headspace']",,,,,,
372,Cybersecurity,Network_Monitoring,"['scapy', 'nmap', 'metasploit', 'wireshark', 'burp-suite']",Automotive_Technology,Fleet_Management,"['obd2', 'tesla_api', 'bmw_connecteddrive', 'ford_sync']",,,,,,
373,Information Extraction,XLSX_Analysis,"['scrapy', 'beautifulsoup', 'spacy', 'pandas']",Pet_Medical_Appointment_Booking,"['Calendar_Management', 'Transaction_Validation']","['calender', 'mail', 'grab', 'uber', 'google_maps', 'maps', 'stripe', 'klarna', 'openbanking', 'plaid', 'paypal-sdk']",,,,,,
374,Customized_Research_Paper_Extraction,"['Scholar_Search', 'PDF_Parsing', 'Clustering_Analysis']","['serper', 'duckduckgo', 'bind', 'scrapy', 'beautifulsoup', 'spacy', 'pandas', 'huggingface_trl', 'pandas', 'numpy', 'scikit-learn', 'matplotlib', 'seaborn', 'xgboost', 'lightgbm']",Space_Technology,Satellite_Control,"['nasa_api', 'spacex_api', 'esa_toolkit', 'orbital_mechanics']",,,,,,
375,Legal_Technology,Compliance_Tracking,"['clio', 'lexisnexis', 'westlaw', 'rocket_lawyer']",Music_Streaming,Audio_Quality_Control,"['spotify_api', 'apple_music', 'pandora', 'deezer']",,,,,,
376,Search,News_Search,"['serper', 'duckduckgo', 'bind']",Waste_Management,Container_Monitoring,"['rubicon', 'waste_management_api', 'recycle_track_systems', 'compology']",,,,,,
377,Freelance_Invoice_Organizer,"['Invoicing', 'Aggregation']","['stripe', 'klarna', 'openbanking', 'plaid', 'paypal-sdk', 'scrapy', 'polars', 'apache-spark', 'airflow']",Pet_Care,Health_Records,"['petfinder', 'vetsource', 'whistle', 'pawboost']",,,,,,
378,Machine Learning Engineering,Hyperparameter_Tuning,"['huggingface_trl', 'pytorch', 'aws', 'mlflow']",SaaS,Support_Ticketing,"['microsoft365', 'google_workspace', 'salesforce', 'zendesk', 'slack', 'trello', 'asana', 'zapier', 'shopify']",,,,,,
379,Education_Technology,Learning_Analytics,"['canvas', 'blackboard', 'moodle', 'schoology']",Supply_Chain,Logistics_Planning,"['sap', 'oracle_scm', 'manhattan', 'blueyonder']",,,,,,
380,Data Processing,Aggregation,"['scrapy', 'polars', 'apache-spark', 'airflow']",MultiLocation_Rideshare_Planning,"['Rideshare_Booking', 'Team_Management']","['calender', 'mail', 'grab', 'uber', 'google_maps', 'maps', 'microsoft365', 'google_workspace', 'salesforce', 'zendesk', 'slack', 'trello', 'asana', 'zapier', 'shopify']",,,,,,
381,Machine Learning Engineering,Model_Training,"['huggingface_trl', 'pytorch', 'aws', 'mlflow']",Legal_Technology,Compliance_Tracking,"['clio', 'lexisnexis', 'westlaw', 'rocket_lawyer']",,,,,,
382,Agriculture_Tech,Yield_Prediction,"['john_deere_api', 'climate_fieldview', 'farmers_edge', 'agrivi']",Mental_Health,Progress_Assessment,"['betterhelp', 'talkspace', 'calm', 'headspace']",,,,,,
383,Multi_Cloud_Hyperparameter_Tuning,"['Cloud_Infra_Setup', 'Hyperparameter_Tuning']","['github', 'git', 'docker', 'aws', 'vercel', 'vscode', 'pre-commit', 'huggingface_trl', 'pytorch', 'aws', 'mlflow']",Carpool_Cost_Sharing,"['Rideshare_Booking', 'Transaction_Validation']","['calender', 'mail', 'grab', 'uber', 'google_maps', 'maps', 'stripe', 'klarna', 'openbanking', 'plaid', 'paypal-sdk']",,,,,,
384,Real_Estate,Market_Analysis,"['mls', 'zillow_api', 'realtor_api', 'redfin']",Sports_Analytics,Team_Management,"['mlb_statsapi', 'nba_api', 'fifa_api', 'strava_api']",,,,,,
385,Developer Tools,CI_CD_Configuration,"['github', 'git', 'docker', 'aws', 'vercel', 'vscode', 'pre-commit']",Entertainment,Content_Streaming,"['netflix_api', 'spotify_api', 'youtube_api', 'twitch_api']",,,,,,
386,Cybersecurity,Network_Monitoring,"['scapy', 'nmap', 'metasploit', 'wireshark', 'burp-suite']",Healthy_Food_Alternatives,"['Food_Ordering', 'OCR_Processing']","['calender', 'mail', 'grab', 'uber', 'google_maps', 'maps', 'scrapy', 'beautifulsoup', 'spacy', 'pandas']",,,,,,
387,Smart_Garden,Growth_Tracking,"['gardena', 'rachio', 'orbit_bhyve', 'rainmachine']",Food_Delivery,Driver_Dispatch,"['doordash', 'uber_eats', 'grubhub', 'postmates']",,,,,,
388,Machine Learning Engineering,Model_Serving,"['huggingface_trl', 'pytorch', 'aws', 'mlflow']",Event_Management,Schedule_Planning,"['eventbrite', 'ticketmaster', 'meetup_api', 'cvent']",,,,,,
389,Search,Image_Search,"['serper', 'duckduckgo', 'bind']",E-commerce,Order_Fulfillment,"['shopify', 'instacart', 'klarna', 'wish']",,,,,,
390,Information Extraction,HTML_Scraping,"['scrapy', 'beautifulsoup', 'spacy', 'pandas']",Order_Fulfillment_Orchestrator,"['Process_Control', 'Order_Fulfillment']","['scapy', 'docker', 'psutil', 'subprocess', 'os', 'shopify', 'instacart', 'klarna', 'wish']",,,,,,
391,Algorithmic Trading,Strategy_Backtesting,"['quantlib', 'pandas', 'numpy', 'backtrader', 'ccxt']",Weather_Services,Historical_Data,"['openweathermap', 'darksky', 'weatherapi', 'noaa_api']",,,,,,
392,Local_Food_Recipe_Curation,"['Food_Ordering', 'Aggregation']","['calender', 'mail', 'grab', 'uber', 'google_maps', 'maps', 'scrapy', 'polars', 'apache-spark', 'airflow']",Drone_Operations,Flight_Planning,"['dji_sdk', 'airmap', 'dronelogbook', 'kittyhawk']",,,,,,
393,Personal_Reading_List_Curation,"['HTML_Scraping', 'Feature_Selection']","['scrapy', 'beautifulsoup', 'spacy', 'pandas', 'huggingface_trl', 'pandas', 'numpy', 'scikit-learn', 'matplotlib', 'seaborn', 'xgboost', 'lightgbm']",Social_Media_Analytics,Engagement_Metrics,"['twitter_api', 'facebook_api', 'instagram_api', 'linkedin_api']",,,,,,
394,API_Testing_Based_Risk_Monitor,"['API_Testing', 'Risk_Management', 'Infrastructure_Monitoring']","['scrapy', 'requests', 'httpx', 'fastapi', 'flask', 'postman', 'quantlib', 'pandas', 'numpy', 'backtrader', 'ccxt', 'aws', 'docker', 'kubernetes', 'prometheus', 'terraform', 'ansible', 'jenkins', 'gitlab-ci']",Wine_Management,Inventory_Control,"['vivino', 'cellartracker', 'wine_searcher', 'delectable']",,,,,,
395,Restaurant_Management,Menu_Planning,"['toast_pos', 'square', 'opentable', 'yelp_fusion']",3D_Printing,Material_Management,"['marlin', 'cura', 'slic3r', 'repetier']",,,,,,
396,Personal Assistant,Calendar_Management,"['calender', 'mail', 'grab', 'uber', 'google_maps', 'maps']",Time_Series_Analysis,Anomaly_Detection,"['prophet', 'statsmodels', 'pmdarima', 'neuralprophet']",,,,,,
397,Data Processing,Normalization,"['scrapy', 'polars', 'apache-spark', 'airflow']",Agriculture_Tech,Yield_Prediction,"['john_deere_api', 'climate_fieldview', 'farmers_edge', 'agrivi']",,,,,,
398,Finance payments,Payment_Gateway_Integration,"['stripe', 'klarna', 'openbanking', 'plaid', 'paypal-sdk']",Library_Management,Digital_Archives,"['worldcat', 'libby', 'sierra_api', 'koha']",,,,,,
399,SaaS,Support_Ticketing,"['microsoft365', 'google_workspace', 'salesforce', 'zendesk', 'slack', 'trello', 'asana', 'zapier', 'shopify']",Manufacturing,Equipment_Monitoring,"['siemens_mindsphere', 'ge_predix', 'rockwell_automation', 'fanuc']",,,,,,
400,Developer Tools,Cloud_Infra_Setup,"['github', 'git', 'docker', 'aws', 'vercel', 'vscode', 'pre-commit']",Consumer Discretionary Software,Ad_Campaigns,"['shopify', 'klarna', 'stripe', 'figma']",,,,,,
401,Cybersecurity,Vulnerability_Scanning,"['scapy', 'nmap', 'metasploit', 'wireshark', 'burp-suite']",Personalized_Budget_Analysis,"['Accounting', 'CSV_Analysis']","['stripe', 'klarna', 'openbanking', 'plaid', 'paypal-sdk', 'scrapy', 'beautifulsoup', 'spacy', 'pandas']",,,,,,
402,Fitness_Technology,Progress_Monitoring,"['fitbit', 'garmin_connect', 'apple_healthkit', 'myfitnesspal']",Job_Search,Salary_Analysis,"['indeed_api', 'linkedin_jobs', 'glassdoor_api', 'monster']",,,,,,
403,Entertainment,User_Recommendations,"['netflix_api', 'spotify_api', 'youtube_api', 'twitch_api']",Human_Resources,Performance_Evaluation,"['workday', 'successfactors', 'bamboo_hr', 'greenhouse']",,,,,,
404,Real_Estate,Property_Listings,"['mls', 'zillow_api', 'realtor_api', 'redfin']",Waste_Management,Compliance_Reporting,"['rubicon', 'waste_management_api', 'recycle_track_systems', 'compology']",,,,,,
405,Education_Technology,Course_Management,"['canvas', 'blackboard', 'moodle', 'schoology']",Water_Utilities,Billing_Management,"['water_smart', 'aquahawk', 'sensus_analytics', 'waterscope']",,,,,,
406,Investor_Research_Pipeline,"['Scholar_Search', 'Risk_Management', 'Aggregation']","['serper', 'duckduckgo', 'bind', 'quantlib', 'pandas', 'numpy', 'backtrader', 'ccxt', 'scrapy', 'polars', 'apache-spark', 'airflow']",Real_Estate,Transaction_Management,"['mls', 'zillow_api', 'realtor_api', 'redfin']",,,,,,
407,Library_Management,Resource_Tracking,"['worldcat', 'libby', 'sierra_api', 'koha']",Job_Search,Salary_Analysis,"['indeed_api', 'linkedin_jobs', 'glassdoor_api', 'monster']",,,,,,
408,Shared_Event_Email_Reminders,"['Email_Automation', 'Calendar_Management']","['calender', 'mail', 'grab', 'uber', 'google_maps', 'maps', 'calender', 'mail', 'grab', 'uber', 'google_maps', 'maps']",Weather_Services,Historical_Data,"['openweathermap', 'darksky', 'weatherapi', 'noaa_api']",,,,,,
409,Waste_Management,Recycling_Analytics,"['rubicon', 'waste_management_api', 'recycle_track_systems', 'compology']",Smart_Garden,Growth_Tracking,"['gardena', 'rachio', 'orbit_bhyve', 'rainmachine']",,,,,,
410,Healthcare_Management,Appointment_Scheduling,"['epic', 'cerner', 'meditech', 'allscripts', 'healthit']",Real_Estate,Transaction_Management,"['mls', 'zillow_api', 'realtor_api', 'redfin']",,,,,,
411,E-commerce,Order_Fulfillment,"['shopify', 'instacart', 'klarna', 'wish']",Art_Gallery,Exhibition_Planning,"['artsy', 'museum_api', 'getty', 'smithsonian_api']",,,,,,
412,Real_Estate,Property_Listings,"['mls', 'zillow_api', 'realtor_api', 'redfin']",Music_Streaming,Audio_Quality_Control,"['spotify_api', 'apple_music', 'pandora', 'deezer']",,,,,,
413,Cybersecurity,Network_Monitoring,"['scapy', 'nmap', 'metasploit', 'wireshark', 'burp-suite']",Smart_Contract_Prediction,"['Smart_Contract_Interaction', 'Classification_Pipelines']","['web3', 'huggingface_trl', 'pandas', 'numpy', 'scikit-learn', 'matplotlib', 'seaborn', 'xgboost', 'lightgbm']",,,,,,
414,GraphQL_Based_Ad_Campaigns,"['GraphQL_Queries', 'Ad_Campaigns']","['scrapy', 'requests', 'httpx', 'fastapi', 'flask', 'postman', 'shopify', 'klarna', 'stripe', 'figma']",Adaptive_Calendar_Integration,"['Calendar_Management', 'Integration']","['calender', 'mail', 'grab', 'uber', 'google_maps', 'maps', 'microsoft365', 'google_workspace', 'salesforce', 'zendesk', 'slack', 'trello', 'asana', 'zapier', 'shopify']",,,,,,
415,E-commerce,Cart_Checkout_Flow,"['shopify', 'instacart', 'klarna', 'wish']",Remote_DevOps_Inspection,"['SSH', 'Infrastructure_Monitoring', 'DB_Migrations']","['scapy', 'docker', 'psutil', 'subprocess', 'os', 'aws', 'docker', 'kubernetes', 'prometheus', 'terraform', 'ansible', 'jenkins', 'gitlab-ci', 'aws', 'kubernetes', 'sqlalchemy', 'mongoengine', 'redis', 'postgresql']",,,,,,
416,Search,Product_Search,"['serper', 'duckduckgo', 'bind']",Data Science,Feature_Selection,"['huggingface_trl', 'pandas', 'numpy', 'scikit-learn', 'matplotlib', 'seaborn', 'xgboost', 'lightgbm']",,,,,,
417,Job_Search,Application_Tracking,"['indeed_api', 'linkedin_jobs', 'glassdoor_api', 'monster']",Bioinformatics,Phylogenetic_Studies,"['biopython', 'blast', 'samtools', 'galaxy']",,,,,,
418,Automatic_Birthday_Reminders,"['Calendar_Management', 'User_Permissions']","['calender', 'mail', 'grab', 'uber', 'google_maps', 'maps', 'scapy', 'docker', 'psutil', 'subprocess', 'os']",Personalized_Food_Schedule,"['Food_Ordering', 'Calendar_Management', 'Normalization']","['calender', 'mail', 'grab', 'uber', 'google_maps', 'maps', 'calender', 'mail', 'grab', 'uber', 'google_maps', 'maps', 'scrapy', 'polars', 'apache-spark', 'airflow']",,,,,,
419,Household_Expense_Auditing,"['Invoicing', 'CSV_Analysis']","['stripe', 'klarna', 'openbanking', 'plaid', 'paypal-sdk', 'scrapy', 'beautifulsoup', 'spacy', 'pandas']",Historic_News_Review,"['News_Search', 'HTML_Scraping']","['serper', 'duckduckgo', 'bind', 'scrapy', 'beautifulsoup', 'spacy', 'pandas']",,,,,,
420,Information Extraction,OCR_Processing,"['scrapy', 'beautifulsoup', 'spacy', 'pandas']",Library_Management,Borrower_Services,"['worldcat', 'libby', 'sierra_api', 'koha']",,,,,,
421,Kid_Friendly_Grocery_Curation,"['Food_Ordering', 'Feature_Selection']","['calender', 'mail', 'grab', 'uber', 'google_maps', 'maps', 'huggingface_trl', 'pandas', 'numpy', 'scikit-learn', 'matplotlib', 'seaborn', 'xgboost', 'lightgbm']",Home_Services,Provider_Management,"['angi', 'thumbtack', 'homeadvisor', 'taskrabbit']",,,,,,
422,Sleep_Analysis,Quality_Assessment,"['oura_ring', 'withings', 'sleep_cycle', 'fitbit']",3D_Printing,Model_Optimization,"['marlin', 'cura', 'slic3r', 'repetier']",,,,,,
423,Kid_Friendly_Grocery_Curation,"['Food_Ordering', 'Feature_Selection']","['calender', 'mail', 'grab', 'uber', 'google_maps', 'maps', 'huggingface_trl', 'pandas', 'numpy', 'scikit-learn', 'matplotlib', 'seaborn', 'xgboost', 'lightgbm']",Food_Delivery,Menu_Synchronization,"['doordash', 'uber_eats', 'grubhub', 'postmates']",,,,,,
424,Sports_Analytics,Team_Management,"['mlb_statsapi', 'nba_api', 'fifa_api', 'strava_api']",Vacation_Rental,Booking_Coordination,"['airbnb_api', 'vrbo_api', 'booking_com', 'homeaway']",,,,,,
425,Telecommunications,Traffic_Analysis,"['cisco_meraki', 'nokia_apis', 'ericsson_api', 'twilio']",Food_Delivery,Menu_Synchronization,"['doordash', 'uber_eats', 'grubhub', 'postmates']",,,,,,
426,Smart_Contract_Prediction,"['Smart_Contract_Interaction', 'Classification_Pipelines']","['web3', 'huggingface_trl', 'pandas', 'numpy', 'scikit-learn', 'matplotlib', 'seaborn', 'xgboost', 'lightgbm']",Travel_Management,Flight_Booking,"['amadeus', 'sabre', 'travelport', 'expedia_api']",,,,,,
427,Telecommunications,Quality_Monitoring,"['cisco_meraki', 'nokia_apis', 'ericsson_api', 'twilio']",Cloud_Gaming,Stream_Management,"['stadia', 'geforce_now', 'xbox_cloud', 'amazon_luna']",,,,,,
428,E-commerce,Product_Catalog_Management,"['shopify', 'instacart', 'klarna', 'wish']",API_Testing_Based_Risk_Monitor,"['API_Testing', 'Risk_Management', 'Infrastructure_Monitoring']","['scrapy', 'requests', 'httpx', 'fastapi', 'flask', 'postman', 'quantlib', 'pandas', 'numpy', 'backtrader', 'ccxt', 'aws', 'docker', 'kubernetes', 'prometheus', 'terraform', 'ansible', 'jenkins', 'gitlab-ci']",,,,,,
429,Devops,Containerization,"['aws', 'docker', 'kubernetes', 'prometheus', 'terraform', 'ansible', 'jenkins', 'gitlab-ci']",Vacation_Rental,Property_Management,"['airbnb_api', 'vrbo_api', 'booking_com', 'homeaway']",,,,,,
430,Academic_Resource_Planner,"['Scholar_Search', 'Calendar_Management']","['serper', 'duckduckgo', 'bind', 'calender', 'mail', 'grab', 'uber', 'google_maps', 'maps']",Bioinformatics,Protein_Analysis,"['biopython', 'blast', 'samtools', 'galaxy']",,,,,,
431,Sports_Analytics,Performance_Tracking,"['mlb_statsapi', 'nba_api', 'fifa_api', 'strava_api']",Dental_Care,Appointment_Scheduling,"['dentrix', 'eaglesoft', 'opendental', 'curve_dental']",,,,,,
432,Remote_Work_Support_Tracker,"['Team_Management', 'Integration']","['microsoft365', 'google_workspace', 'salesforce', 'zendesk', 'slack', 'trello', 'asana', 'zapier', 'shopify', 'microsoft365', 'google_workspace', 'salesforce', 'zendesk', 'slack', 'trello', 'asana', 'zapier', 'shopify']",Predictive_Supply_Chain_Management,"['Feature_Selection', 'Inventory_Tracking', 'Model_Training']","['huggingface_trl', 'pandas', 'numpy', 'scikit-learn', 'matplotlib', 'seaborn', 'xgboost', 'lightgbm', 'shopify', 'instacart', 'klarna', 'wish', 'huggingface_trl', 'pytorch', 'aws', 'mlflow']",,,,,,
433,APIs in general,Load_Testing,"['scrapy', 'requests', 'httpx', 'fastapi', 'flask', 'postman']",Automated_Online_Marketplace_Scaling,"['Service_Scaling', 'Order_Fulfillment', 'API_Creation']","['aws', 'docker', 'kubernetes', 'prometheus', 'terraform', 'ansible', 'jenkins', 'gitlab-ci', 'shopify', 'instacart', 'klarna', 'wish', 'scrapy', 'requests', 'httpx', 'fastapi', 'flask', 'postman']",,,,,,
434,Agriculture_Tech,Yield_Prediction,"['john_deere_api', 'climate_fieldview', 'farmers_edge', 'agrivi']",Sports_Analytics,Player_Statistics,"['mlb_statsapi', 'nba_api', 'fifa_api', 'strava_api']",,,,,,
435,Education_Technology,Student_Assessment,"['canvas', 'blackboard', 'moodle', 'schoology']",Waste_Management,Container_Monitoring,"['rubicon', 'waste_management_api', 'recycle_track_systems', 'compology']",,,,,,
436,Blockchain,Chain_Data_Extraction,['web3'],Pet_Care,Activity_Monitoring,"['petfinder', 'vetsource', 'whistle', 'pawboost']",,,,,,
437,Machine Learning Engineering,Hyperparameter_Tuning,"['huggingface_trl', 'pytorch', 'aws', 'mlflow']",Pet_Medical_Appointment_Booking,"['Calendar_Management', 'Transaction_Validation']","['calender', 'mail', 'grab', 'uber', 'google_maps', 'maps', 'stripe', 'klarna', 'openbanking', 'plaid', 'paypal-sdk']",,,,,,
438,Finance payments,Invoicing,"['stripe', 'klarna', 'openbanking', 'plaid', 'paypal-sdk']",Healthcare_Management,Prescription_Management,"['epic', 'cerner', 'meditech', 'allscripts', 'healthit']",,,,,,
439,Blockchain,Smart_Contract_Interaction,['web3'],Doctor_Appointment_Booking,"['Calendar_Management', 'Payment_Gateway_Integration']","['calender', 'mail', 'grab', 'uber', 'google_maps', 'maps', 'stripe', 'klarna', 'openbanking', 'plaid', 'paypal-sdk']",,,,,,
440,Search,Product_Search,"['serper', 'duckduckgo', 'bind']",Supply_Chain,Inventory_Management,"['sap', 'oracle_scm', 'manhattan', 'blueyonder']",,,,,,
441,Databases,Read_Write,"['aws', 'kubernetes', 'sqlalchemy', 'mongoengine', 'redis', 'postgresql']",Containerized_Shell_Scripting,"['Containerization', 'Shell_Scripting']","['aws', 'docker', 'kubernetes', 'prometheus', 'terraform', 'ansible', 'jenkins', 'gitlab-ci', 'scapy', 'docker', 'psutil', 'subprocess', 'os']",,,,,,
442,Energy_Management,Grid_Optimization,"['enphase', 'solaredge', 'schneider_electric', 'siemens_energy']",Event_Management,Venue_Management,"['eventbrite', 'ticketmaster', 'meetup_api', 'cvent']",,,,,,
443,Remote_Work_Support_Tracker,"['Team_Management', 'Integration']","['microsoft365', 'google_workspace', 'salesforce', 'zendesk', 'slack', 'trello', 'asana', 'zapier', 'shopify', 'microsoft365', 'google_workspace', 'salesforce', 'zendesk', 'slack', 'trello', 'asana', 'zapier', 'shopify']",Restaurant_Management,Menu_Planning,"['toast_pos', 'square', 'opentable', 'yelp_fusion']",,,,,,
444,Mental_Health,Mood_Tracking,"['betterhelp', 'talkspace', 'calm', 'headspace']",Job_Search,Application_Tracking,"['indeed_api', 'linkedin_jobs', 'glassdoor_api', 'monster']",,,,,,
445,Search,Product_Search,"['serper', 'duckduckgo', 'bind']",Pet_Care,Diet_Planning,"['petfinder', 'vetsource', 'whistle', 'pawboost']",,,,,,
446,Secure_Roommate_Payment_Splits,"['Transaction_Validation', 'Access_Control']","['stripe', 'klarna', 'openbanking', 'plaid', 'paypal-sdk', 'scapy', 'nmap', 'metasploit', 'wireshark', 'burp-suite']",Energy_Management,Consumption_Analysis,"['enphase', 'solaredge', 'schneider_electric', 'siemens_energy']",,,,,,
447,Automatic_Birthday_Reminders,"['Calendar_Management', 'User_Permissions']","['calender', 'mail', 'grab', 'uber', 'google_maps', 'maps', 'scapy', 'docker', 'psutil', 'subprocess', 'os']",Supply_Chain,Order_Processing,"['sap', 'oracle_scm', 'manhattan', 'blueyonder']",,,,,,
448,Local_Repair_Service_Comparison,"['Service_Search', 'Normalization']","['serper', 'duckduckgo', 'bind', 'scrapy', 'polars', 'apache-spark', 'airflow']",Manufacturing,Resource_Optimization,"['siemens_mindsphere', 'ge_predix', 'rockwell_automation', 'fanuc']",,,,,,
449,Search,Service_Search,"['serper', 'duckduckgo', 'bind']",Sports_Analytics,Team_Management,"['mlb_statsapi', 'nba_api', 'fifa_api', 'strava_api']",,,,,,
450,Unified_System_Infrastructure_Monitoring,"['System_Monitoring', 'Infrastructure_Monitoring']","['scapy', 'docker', 'psutil', 'subprocess', 'os', 'aws', 'docker', 'kubernetes', 'prometheus', 'terraform', 'ansible', 'jenkins', 'gitlab-ci']",Library_Management,Digital_Archives,"['worldcat', 'libby', 'sierra_api', 'koha']",,,,,,
451,Voice_Assistant,Response_Generation,"['alexa_skills', 'google_assistant', 'siri_shortcuts', 'cortana']",Bioinformatics,Phylogenetic_Studies,"['biopython', 'blast', 'samtools', 'galaxy']",,,,,,
452,Data Processing,Transformation,"['scrapy', 'polars', 'apache-spark', 'airflow']",Personalized_Food_Schedule,"['Food_Ordering', 'Calendar_Management', 'Normalization']","['calender', 'mail', 'grab', 'uber', 'google_maps', 'maps', 'calender', 'mail', 'grab', 'uber', 'google_maps', 'maps', 'scrapy', 'polars', 'apache-spark', 'airflow']",,,,,,
453,Blockchain,Chain_Data_Extraction,['web3'],Home_Services,Quote_Generation,"['angi', 'thumbtack', 'homeadvisor', 'taskrabbit']",,,,,,
454,E-commerce,Order_Fulfillment,"['shopify', 'instacart', 'klarna', 'wish']",Fitness_Technology,Nutrition_Planning,"['fitbit', 'garmin_connect', 'apple_healthkit', 'myfitnesspal']",,,,,,
455,Databases,DB_Caching,"['aws', 'kubernetes', 'sqlalchemy', 'mongoengine', 'redis', 'postgresql']",Digital_Marketing,ROI_Tracking,"['google_ads', 'facebook_marketing', 'mailchimp', 'hubspot']",,,,,,
456,Smart_Home,Automation_Rules,"['homeassistant', 'smartthings', 'philips_hue', 'nest']",Dental_Care,Appointment_Scheduling,"['dentrix', 'eaglesoft', 'opendental', 'curve_dental']",,,,,,
457,Automotive_Technology,Service_Scheduling,"['obd2', 'tesla_api', 'bmw_connecteddrive', 'ford_sync']",Video_Production,Color_Grading,"['adobe_premiere', 'final_cut', 'davinci_resolve', 'avid']",,,,,,
458,Mental_Health,Meditation_Sessions,"['betterhelp', 'talkspace', 'calm', 'headspace']",Waste_Management,Recycling_Analytics,"['rubicon', 'waste_management_api', 'recycle_track_systems', 'compology']",,,,,,
459,Personal Assistant,Food_Ordering,"['calender', 'mail', 'grab', 'uber', 'google_maps', 'maps']",Voice_Assistant,Response_Generation,"['alexa_skills', 'google_assistant', 'siri_shortcuts', 'cortana']",,,,,,
460,Finance payments,Invoicing,"['stripe', 'klarna', 'openbanking', 'plaid', 'paypal-sdk']",Human_Resources,Performance_Evaluation,"['workday', 'successfactors', 'bamboo_hr', 'greenhouse']",,,,,,
461,XLSX_Driven_Feature_Selection,"['XLSX_Analysis', 'Feature_Selection']","['scrapy', 'beautifulsoup', 'spacy', 'pandas', 'huggingface_trl', 'pandas', 'numpy', 'scikit-learn', 'matplotlib', 'seaborn', 'xgboost', 'lightgbm']",Smart_Home,Device_Control,"['homeassistant', 'smartthings', 'philips_hue', 'nest']",,,,,,
462,Load_Balanced_Ad_Campaigns,"['Load_Testing', 'Ad_Campaigns']","['scrapy', 'requests', 'httpx', 'fastapi', 'flask', 'postman', 'shopify', 'klarna', 'stripe', 'figma']",Virtual_Reality,Scene_Development,"['unity_xr', 'unreal_vr', 'oculus_sdk', 'steamvr']",,,,,,
463,Healthcare_Management,Insurance_Claims,"['epic', 'cerner', 'meditech', 'allscripts', 'healthit']",Library_Management,Digital_Archives,"['worldcat', 'libby', 'sierra_api', 'koha']",,,,,,
464,Developer Tools,Deploy_WebApp,"['github', 'git', 'docker', 'aws', 'vercel', 'vscode', 'pre-commit']",Restaurant_Management,Inventory_Control,"['toast_pos', 'square', 'opentable', 'yelp_fusion']",,,,,,
465,Information Extraction,HTML_Scraping,"['scrapy', 'beautifulsoup', 'spacy', 'pandas']",Regular_Inventory_Alerts,"['Inventory_Tracking', 'Normalization']","['shopify', 'instacart', 'klarna', 'wish', 'scrapy', 'polars', 'apache-spark', 'airflow']",,,,,,
466,Vulnerability_Aware_Chain_Accounting,"['Vulnerability_Scanning', 'Chain_Data_Extraction', 'Accounting']","['scapy', 'nmap', 'metasploit', 'wireshark', 'burp-suite', 'web3', 'stripe', 'klarna', 'openbanking', 'plaid', 'paypal-sdk']",Sleep_Analysis,Sleep_Tracking,"['oura_ring', 'withings', 'sleep_cycle', 'fitbit']",,,,,,
467,Search,Product_Search,"['serper', 'duckduckgo', 'bind']",Virtual_Reality,Interaction_Design,"['unity_xr', 'unreal_vr', 'oculus_sdk', 'steamvr']",,,,,,
468,Secure_Roommate_Payment_Splits,"['Transaction_Validation', 'Access_Control']","['stripe', 'klarna', 'openbanking', 'plaid', 'paypal-sdk', 'scapy', 'nmap', 'metasploit', 'wireshark', 'burp-suite']",Dental_Care,Insurance_Processing,"['dentrix', 'eaglesoft', 'opendental', 'curve_dental']",,,,,,
469,Search,Product_Search,"['serper', 'duckduckgo', 'bind']",Sleep_Analysis,Habit_Formation,"['oura_ring', 'withings', 'sleep_cycle', 'fitbit']",,,,,,
470,Finance payments,Accounting,"['stripe', 'klarna', 'openbanking', 'plaid', 'paypal-sdk']",Contextual_Product_Bundling,"['Product_Catalog_Management', 'Aggregation']","['shopify', 'instacart', 'klarna', 'wish', 'scrapy', 'polars', 'apache-spark', 'airflow']",,,,,,
471,Human_Resources,Employee_Onboarding,"['workday', 'successfactors', 'bamboo_hr', 'greenhouse']",Music_Streaming,Recommendation_Engine,"['spotify_api', 'apple_music', 'pandora', 'deezer']",,,,,,
472,SaaS,Support_Ticketing,"['microsoft365', 'google_workspace', 'salesforce', 'zendesk', 'slack', 'trello', 'asana', 'zapier', 'shopify']",Tokenized_Accounting_Audit,"['Token_Transfers', 'Accounting']","['web3', 'stripe', 'klarna', 'openbanking', 'plaid', 'paypal-sdk']",,,,,,
473,Cultural_Venue_Recommendation,"['Venue_Search', 'Classification_Pipelines']","['serper', 'duckduckgo', 'bind', 'huggingface_trl', 'pandas', 'numpy', 'scikit-learn', 'matplotlib', 'seaborn', 'xgboost', 'lightgbm']",Music_Streaming,Recommendation_Engine,"['spotify_api', 'apple_music', 'pandora', 'deezer']",,,,,,
474,SaaS,Support_Ticketing,"['microsoft365', 'google_workspace', 'salesforce', 'zendesk', 'slack', 'trello', 'asana', 'zapier', 'shopify']",Restaurant_Management,Order_Processing,"['toast_pos', 'square', 'opentable', 'yelp_fusion']",,,,,,
475,Developer Tools,Cloud_Infra_Setup,"['github', 'git', 'docker', 'aws', 'vercel', 'vscode', 'pre-commit']",Dental_Care,Appointment_Scheduling,"['dentrix', 'eaglesoft', 'opendental', 'curve_dental']",,,,,,
476,Data Processing,Aggregation,"['scrapy', 'polars', 'apache-spark', 'airflow']",Vacation_Rental,Booking_Coordination,"['airbnb_api', 'vrbo_api', 'booking_com', 'homeaway']",,,,,,
477,Vulnerability_Aware_Chain_Accounting,"['Vulnerability_Scanning', 'Chain_Data_Extraction', 'Accounting']","['scapy', 'nmap', 'metasploit', 'wireshark', 'burp-suite', 'web3', 'stripe', 'klarna', 'openbanking', 'plaid', 'paypal-sdk']",Waste_Management,Container_Monitoring,"['rubicon', 'waste_management_api', 'recycle_track_systems', 'compology']",,,,,,
478,Data Science,Classification_Pipelines,"['huggingface_trl', 'pandas', 'numpy', 'scikit-learn', 'matplotlib', 'seaborn', 'xgboost', 'lightgbm']",Legal_Technology,Compliance_Tracking,"['clio', 'lexisnexis', 'westlaw', 'rocket_lawyer']",,,,,,
479,Secure_Smart_Contract_Release,"['Smart_Contract_Deployment', 'Vulnerability_Scanning']","['web3', 'scapy', 'nmap', 'metasploit', 'wireshark', 'burp-suite']",Bioinformatics,Genome_Sequencing,"['biopython', 'blast', 'samtools', 'galaxy']",,,,,,
480,Education_Technology,Learning_Analytics,"['canvas', 'blackboard', 'moodle', 'schoology']",Travel_Management,Flight_Booking,"['amadeus', 'sabre', 'travelport', 'expedia_api']",,,,,,
481,Personal_Reading_List_Curation,"['HTML_Scraping', 'Feature_Selection']","['scrapy', 'beautifulsoup', 'spacy', 'pandas', 'huggingface_trl', 'pandas', 'numpy', 'scikit-learn', 'matplotlib', 'seaborn', 'xgboost', 'lightgbm']",Gaming_Development,Multiplayer_Systems,"['unity', 'unreal_engine', 'steam_api', 'playfab']",,,,,,
482,Algorithmic Trading,Market_Data_Streaming,"['quantlib', 'pandas', 'numpy', 'backtrader', 'ccxt']",Adaptive_Calendar_Integration,"['Calendar_Management', 'Integration']","['calender', 'mail', 'grab', 'uber', 'google_maps', 'maps', 'microsoft365', 'google_workspace', 'salesforce', 'zendesk', 'slack', 'trello', 'asana', 'zapier', 'shopify']",,,,,,
483,Sports_Analytics,Game_Analysis,"['mlb_statsapi', 'nba_api', 'fifa_api', 'strava_api']",Sleep_Analysis,Environmental_Monitoring,"['oura_ring', 'withings', 'sleep_cycle', 'fitbit']",,,,,,
484,Chain_Data_Extraction_for_CRM,"['Chain_Data_Extraction', 'CRM_Enhancements']","['web3', 'shopify', 'klarna', 'stripe', 'figma']",Gaming_Development,Game_Analytics,"['unity', 'unreal_engine', 'steam_api', 'playfab']",,,,,,
485,Home_Services,Project_Tracking,"['angi', 'thumbtack', 'homeadvisor', 'taskrabbit']",Smart_Garden,Weather_Integration,"['gardena', 'rachio', 'orbit_bhyve', 'rainmachine']",,,,,,
486,Tokenized_Accounting_Audit,"['Token_Transfers', 'Accounting']","['web3', 'stripe', 'klarna', 'openbanking', 'plaid', 'paypal-sdk']",Manufacturing,Resource_Optimization,"['siemens_mindsphere', 'ge_predix', 'rockwell_automation', 'fanuc']",,,,,,
487,Home_Services,Provider_Management,"['angi', 'thumbtack', 'homeadvisor', 'taskrabbit']",Waste_Management,Collection_Routing,"['rubicon', 'waste_management_api', 'recycle_track_systems', 'compology']",,,,,,
488,Algorithmic Trading,Strategy_Backtesting,"['quantlib', 'pandas', 'numpy', 'backtrader', 'ccxt']",Water_Utilities,Quality_Testing,"['water_smart', 'aquahawk', 'sensus_analytics', 'waterscope']",,,,,,
489,Containerized_Shell_Scripting,"['Containerization', 'Shell_Scripting']","['aws', 'docker', 'kubernetes', 'prometheus', 'terraform', 'ansible', 'jenkins', 'gitlab-ci', 'scapy', 'docker', 'psutil', 'subprocess', 'os']",Healthcare_Management,Patient_Records,"['epic', 'cerner', 'meditech', 'allscripts', 'healthit']",,,,,,
490,Sleep_Analysis,Environmental_Monitoring,"['oura_ring', 'withings', 'sleep_cycle', 'fitbit']",Dental_Care,Appointment_Scheduling,"['dentrix', 'eaglesoft', 'opendental', 'curve_dental']",,,,,,
491,Developer Tools,Cloud_Infra_Setup,"['github', 'git', 'docker', 'aws', 'vercel', 'vscode', 'pre-commit']",Multi_Cloud_Hyperparameter_Tuning,"['Cloud_Infra_Setup', 'Hyperparameter_Tuning']","['github', 'git', 'docker', 'aws', 'vercel', 'vscode', 'pre-commit', 'huggingface_trl', 'pytorch', 'aws', 'mlflow']",,,,,,
492,Real_Estate,Property_Valuation,"['mls', 'zillow_api', 'realtor_api', 'redfin']",Job_Search,Salary_Analysis,"['indeed_api', 'linkedin_jobs', 'glassdoor_api', 'monster']",,,,,,
493,Seasonal_Product_Recommendations,"['Product_Catalog_Management', 'Clustering_Analysis']","['shopify', 'instacart', 'klarna', 'wish', 'huggingface_trl', 'pandas', 'numpy', 'scikit-learn', 'matplotlib', 'seaborn', 'xgboost', 'lightgbm']",Digital_Marketing,Audience_Segmentation,"['google_ads', 'facebook_marketing', 'mailchimp', 'hubspot']",,,,,,
494,Healthcare_Management,Appointment_Scheduling,"['epic', 'cerner', 'meditech', 'allscripts', 'healthit']",Music_Streaming,Playlist_Management,"['spotify_api', 'apple_music', 'pandora', 'deezer']",,,,,,
495,Databases,Database_Testing,"['aws', 'kubernetes', 'sqlalchemy', 'mongoengine', 'redis', 'postgresql']",Bioinformatics,Phylogenetic_Studies,"['biopython', 'blast', 'samtools', 'galaxy']",,,,,,
496,E-commerce,Cart_Checkout_Flow,"['shopify', 'instacart', 'klarna', 'wish']",Social_Media_Analytics,Trend_Analysis,"['twitter_api', 'facebook_api', 'instagram_api', 'linkedin_api']",,,,,,
497,Tokenized_Accounting_Audit,"['Token_Transfers', 'Accounting']","['web3', 'stripe', 'klarna', 'openbanking', 'plaid', 'paypal-sdk']",Federated_Learning,Aggregation_Control,"['tensorflow_federated', 'pysyft', 'flower', 'fedml']",,,,,,
498,Library_Management,Borrower_Services,"['worldcat', 'libby', 'sierra_api', 'koha']",Waste_Management,Collection_Routing,"['rubicon', 'waste_management_api', 'recycle_track_systems', 'compology']",,,,,,
499,Federated_Learning,Aggregation_Control,"['tensorflow_federated', 'pysyft', 'flower', 'fedml']",Bioinformatics,Protein_Analysis,"['biopython', 'blast', 'samtools', 'galaxy']",,,,,,
500,Secure_Online_Appointment_Booking,"['Access_Control', 'Calendar_Management', 'Payment_Gateway_Integration']","['scapy', 'nmap', 'metasploit', 'wireshark', 'burp-suite', 'calender', 'mail', 'grab', 'uber', 'google_maps', 'maps', 'stripe', 'klarna', 'openbanking', 'plaid', 'paypal-sdk']",Agriculture_Tech,Weather_Monitoring,"['john_deere_api', 'climate_fieldview', 'farmers_edge', 'agrivi']",,,,,,
501,Developer Tools,Backend_Deployment,"['github', 'git', 'docker', 'aws', 'vercel', 'vscode', 'pre-commit']",Information Extraction,OCR_Processing,"['scrapy', 'beautifulsoup', 'spacy', 'pandas']",Automatic_Birthday_Reminders,"['Calendar_Management', 'User_Permissions']","['calender', 'mail', 'grab', 'uber', 'google_maps', 'maps', 'scapy', 'docker', 'psutil', 'subprocess', 'os']",,,
502,Smart_Contract_Prediction,"['Smart_Contract_Interaction', 'Classification_Pipelines']","['web3', 'huggingface_trl', 'pandas', 'numpy', 'scikit-learn', 'matplotlib', 'seaborn', 'xgboost', 'lightgbm']",Automated_User_Permissioning,"['User_Permissions', 'API_Auth']","['scapy', 'docker', 'psutil', 'subprocess', 'os', 'scrapy', 'requests', 'httpx', 'fastapi', 'flask', 'postman']",Dental_Care,Appointment_Scheduling,"['dentrix', 'eaglesoft', 'opendental', 'curve_dental']",,,
503,Household_Expense_Auditing,"['Invoicing', 'CSV_Analysis']","['stripe', 'klarna', 'openbanking', 'plaid', 'paypal-sdk', 'scrapy', 'beautifulsoup', 'spacy', 'pandas']",Environmental_Monitoring,Water_Quality_Control,"['openaq', 'airvisual', 'breezometer', 'weatherbit']",Human_Resources,Payroll_Processing,"['workday', 'successfactors', 'bamboo_hr', 'greenhouse']",,,
504,Blockchain,Token_Transfers,['web3'],Machine_Learning_Enhanced_Pentesting,"['Model_Training', 'Pentesting']","['huggingface_trl', 'pytorch', 'aws', 'mlflow', 'scapy', 'nmap', 'metasploit', 'wireshark', 'burp-suite']",Speech_Technology,Accent_Analysis,"['deepspeech', 'whisper', 'google_speech', 'azure_speech']",,,
505,Supply_Chain,Order_Processing,"['sap', 'oracle_scm', 'manhattan', 'blueyonder']",Manufacturing,Resource_Optimization,"['siemens_mindsphere', 'ge_predix', 'rockwell_automation', 'fanuc']",Telecommunications,Traffic_Analysis,"['cisco_meraki', 'nokia_apis', 'ericsson_api', 'twilio']",,,
506,Data Science,Classification_Pipelines,"['huggingface_trl', 'pandas', 'numpy', 'scikit-learn', 'matplotlib', 'seaborn', 'xgboost', 'lightgbm']",Event_Management,Attendee_Tracking,"['eventbrite', 'ticketmaster', 'meetup_api', 'cvent']",Sleep_Analysis,Habit_Formation,"['oura_ring', 'withings', 'sleep_cycle', 'fitbit']",,,
507,Information Extraction,CSV_Analysis,"['scrapy', 'beautifulsoup', 'spacy', 'pandas']",Entertainment,Engagement_Analytics,"['netflix_api', 'spotify_api', 'youtube_api', 'twitch_api']",Sleep_Analysis,Sleep_Tracking,"['oura_ring', 'withings', 'sleep_cycle', 'fitbit']",,,
508,Personal Assistant,Email_Automation,"['calender', 'mail', 'grab', 'uber', 'google_maps', 'maps']",Public_Transportation,Service_Alerts,"['transitland', 'here_transit', 'moovit', 'citymapper']",Art_Gallery,Collection_Management,"['artsy', 'museum_api', 'getty', 'smithsonian_api']",,,
509,Consumer Discretionary Software,Customer_Retention,"['shopify', 'klarna', 'stripe', 'figma']",Investor_Research_Pipeline,"['Scholar_Search', 'Risk_Management', 'Aggregation']","['serper', 'duckduckgo', 'bind', 'quantlib', 'pandas', 'numpy', 'backtrader', 'ccxt', 'scrapy', 'polars', 'apache-spark', 'airflow']",Entertainment,Content_Streaming,"['netflix_api', 'spotify_api', 'youtube_api', 'twitch_api']",,,
510,Developer Tools,Frontend_Bundling,"['github', 'git', 'docker', 'aws', 'vercel', 'vscode', 'pre-commit']",Data Processing,Aggregation,"['scrapy', 'polars', 'apache-spark', 'airflow']",Sports_Analytics,Player_Statistics,"['mlb_statsapi', 'nba_api', 'fifa_api', 'strava_api']",,,
511,Automated_User_Permissioning,"['User_Permissions', 'API_Auth']","['scapy', 'docker', 'psutil', 'subprocess', 'os', 'scrapy', 'requests', 'httpx', 'fastapi', 'flask', 'postman']",Human_Resources,Performance_Evaluation,"['workday', 'successfactors', 'bamboo_hr', 'greenhouse']",Federated_Learning,Privacy_Protection,"['tensorflow_federated', 'pysyft', 'flower', 'fedml']",,,
512,Automated_User_Permissioning,"['User_Permissions', 'API_Auth']","['scapy', 'docker', 'psutil', 'subprocess', 'os', 'scrapy', 'requests', 'httpx', 'fastapi', 'flask', 'postman']",Human_Resources,Performance_Evaluation,"['workday', 'successfactors', 'bamboo_hr', 'greenhouse']",Public_Transportation,Fare_Calculation,"['transitland', 'here_transit', 'moovit', 'citymapper']",,,
513,Algorithmic Trading,Market_Data_Streaming,"['quantlib', 'pandas', 'numpy', 'backtrader', 'ccxt']",Data_Science_Billing_API_Integration,"['Regression_Models', 'Invoicing', 'API_Auth']","['huggingface_trl', 'pandas', 'numpy', 'scikit-learn', 'matplotlib', 'seaborn', 'xgboost', 'lightgbm', 'stripe', 'klarna', 'openbanking', 'plaid', 'paypal-sdk', 'scrapy', 'requests', 'httpx', 'fastapi', 'flask', 'postman']",Energy_Management,Grid_Optimization,"['enphase', 'solaredge', 'schneider_electric', 'siemens_energy']",,,
514,Devops,Deployment_Pipelines,"['aws', 'docker', 'kubernetes', 'prometheus', 'terraform', 'ansible', 'jenkins', 'gitlab-ci']",Information Extraction,HTML_Scraping,"['scrapy', 'beautifulsoup', 'spacy', 'pandas']",Databases,Read_Write,"['aws', 'kubernetes', 'sqlalchemy', 'mongoengine', 'redis', 'postgresql']",,,
515,Gaming_Development,Monetization,"['unity', 'unreal_engine', 'steam_api', 'playfab']",Fitness_Technology,Nutrition_Planning,"['fitbit', 'garmin_connect', 'apple_healthkit', 'myfitnesspal']",Art_Gallery,Collection_Management,"['artsy', 'museum_api', 'getty', 'smithsonian_api']",,,
516,Developer Tools,Backend_Deployment,"['github', 'git', 'docker', 'aws', 'vercel', 'vscode', 'pre-commit']",Cybersecurity,Access_Control,"['scapy', 'nmap', 'metasploit', 'wireshark', 'burp-suite']",Contextual_Product_Bundling,"['Product_Catalog_Management', 'Aggregation']","['shopify', 'instacart', 'klarna', 'wish', 'scrapy', 'polars', 'apache-spark', 'airflow']",,,
517,Algorithmic Trading,Strategy_Backtesting,"['quantlib', 'pandas', 'numpy', 'backtrader', 'ccxt']",SaaS,Team_Management,"['microsoft365', 'google_workspace', 'salesforce', 'zendesk', 'slack', 'trello', 'asana', 'zapier', 'shopify']",Mental_Health,Mood_Tracking,"['betterhelp', 'talkspace', 'calm', 'headspace']",,,
518,OCR_Powered_Accounting_Audit,"['OCR_Processing', 'Accounting']","['scrapy', 'beautifulsoup', 'spacy', 'pandas', 'stripe', 'klarna', 'openbanking', 'plaid', 'paypal-sdk']",Vulnerability_Aware_Chain_Accounting,"['Vulnerability_Scanning', 'Chain_Data_Extraction', 'Accounting']","['scapy', 'nmap', 'metasploit', 'wireshark', 'burp-suite', 'web3', 'stripe', 'klarna', 'openbanking', 'plaid', 'paypal-sdk']",Water_Utilities,Leak_Detection,"['water_smart', 'aquahawk', 'sensus_analytics', 'waterscope']",,,
519,Travel_Management,Hotel_Reservations,"['amadeus', 'sabre', 'travelport', 'expedia_api']",Human_Resources,Performance_Evaluation,"['workday', 'successfactors', 'bamboo_hr', 'greenhouse']",Library_Management,Resource_Tracking,"['worldcat', 'libby', 'sierra_api', 'koha']",,,
520,Devops,Infrastructure_Monitoring,"['aws', 'docker', 'kubernetes', 'prometheus', 'terraform', 'ansible', 'jenkins', 'gitlab-ci']",Cybersecurity,Access_Control,"['scapy', 'nmap', 'metasploit', 'wireshark', 'burp-suite']",Speech_Technology,Accent_Analysis,"['deepspeech', 'whisper', 'google_speech', 'azure_speech']",,,
521,Environmental_Monitoring,Waste_Management,"['openaq', 'airvisual', 'breezometer', 'weatherbit']",Energy_Management,Renewable_Integration,"['enphase', 'solaredge', 'schneider_electric', 'siemens_energy']",Public_Transportation,Route_Planning,"['transitland', 'here_transit', 'moovit', 'citymapper']",,,
522,Budget_Travel_Plan,"['Rideshare_Booking', 'Normalization']","['calender', 'mail', 'grab', 'uber', 'google_maps', 'maps', 'scrapy', 'polars', 'apache-spark', 'airflow']",Library_Management,Catalog_System,"['worldcat', 'libby', 'sierra_api', 'koha']",Mental_Health,Progress_Assessment,"['betterhelp', 'talkspace', 'calm', 'headspace']",,,
523,Real_Estate,Property_Listings,"['mls', 'zillow_api', 'realtor_api', 'redfin']",Restaurant_Management,Inventory_Control,"['toast_pos', 'square', 'opentable', 'yelp_fusion']",Space_Technology,Telemetry_Analysis,"['nasa_api', 'spacex_api', 'esa_toolkit', 'orbital_mechanics']",,,
524,SSH_Based_Financial_Deployment,"['SSH', 'Payment_Gateway_Integration', 'Deployment_Pipelines']","['scapy', 'docker', 'psutil', 'subprocess', 'os', 'stripe', 'klarna', 'openbanking', 'plaid', 'paypal-sdk', 'aws', 'docker', 'kubernetes', 'prometheus', 'terraform', 'ansible', 'jenkins', 'gitlab-ci']",Digital_Marketing,Audience_Segmentation,"['google_ads', 'facebook_marketing', 'mailchimp', 'hubspot']",Sleep_Analysis,Sleep_Tracking,"['oura_ring', 'withings', 'sleep_cycle', 'fitbit']",,,
525,Manufacturing,Resource_Optimization,"['siemens_mindsphere', 'ge_predix', 'rockwell_automation', 'fanuc']",Art_Gallery,Exhibition_Planning,"['artsy', 'museum_api', 'getty', 'smithsonian_api']",Dental_Care,Insurance_Processing,"['dentrix', 'eaglesoft', 'opendental', 'curve_dental']",,,
526,SaaS,Tracking,"['microsoft365', 'google_workspace', 'salesforce', 'zendesk', 'slack', 'trello', 'asana', 'zapier', 'shopify']",Supply_Chain,Logistics_Planning,"['sap', 'oracle_scm', 'manhattan', 'blueyonder']",Environmental_Monitoring,Waste_Management,"['openaq', 'airvisual', 'breezometer', 'weatherbit']",,,
527,Machine Learning Engineering,Model_Training,"['huggingface_trl', 'pytorch', 'aws', 'mlflow']",Social_Media_Analytics,Sentiment_Analysis,"['twitter_api', 'facebook_api', 'instagram_api', 'linkedin_api']",Federated_Learning,Aggregation_Control,"['tensorflow_federated', 'pysyft', 'flower', 'fedml']",,,
528,Information Extraction,XLSX_Analysis,"['scrapy', 'beautifulsoup', 'spacy', 'pandas']",Digital_Marketing,Audience_Segmentation,"['google_ads', 'facebook_marketing', 'mailchimp', 'hubspot']",Speech_Technology,Text_Synthesis,"['deepspeech', 'whisper', 'google_speech', 'azure_speech']",,,
529,Databases,Schema_Design,"['aws', 'kubernetes', 'sqlalchemy', 'mongoengine', 'redis', 'postgresql']",Legal_Technology,Compliance_Tracking,"['clio', 'lexisnexis', 'westlaw', 'rocket_lawyer']",Dental_Care,Appointment_Scheduling,"['dentrix', 'eaglesoft', 'opendental', 'curve_dental']",,,
530,Devops,Deployment_Pipelines,"['aws', 'docker', 'kubernetes', 'prometheus', 'terraform', 'ansible', 'jenkins', 'gitlab-ci']",Supply_Chain,Inventory_Management,"['sap', 'oracle_scm', 'manhattan', 'blueyonder']",Language_Learning,Course_Progress,"['duolingo', 'rosetta_stone', 'babbel', 'memrise']",,,
531,APIs in general,API_Auth,"['scrapy', 'requests', 'httpx', 'fastapi', 'flask', 'postman']",Cybersecurity,Network_Monitoring,"['scapy', 'nmap', 'metasploit', 'wireshark', 'burp-suite']",Predictive_Supply_Chain_Management,"['Feature_Selection', 'Inventory_Tracking', 'Model_Training']","['huggingface_trl', 'pandas', 'numpy', 'scikit-learn', 'matplotlib', 'seaborn', 'xgboost', 'lightgbm', 'shopify', 'instacart', 'klarna', 'wish', 'huggingface_trl', 'pytorch', 'aws', 'mlflow']",,,
532,Information Extraction,HTML_Scraping,"['scrapy', 'beautifulsoup', 'spacy', 'pandas']",Healthcare_Management,Appointment_Scheduling,"['epic', 'cerner', 'meditech', 'allscripts', 'healthit']",Mental_Health,Therapy_Management,"['betterhelp', 'talkspace', 'calm', 'headspace']",,,
533,SaaS,Support_Ticketing,"['microsoft365', 'google_workspace', 'salesforce', 'zendesk', 'slack', 'trello', 'asana', 'zapier', 'shopify']",Secure_Smart_Contract_Release,"['Smart_Contract_Deployment', 'Vulnerability_Scanning']","['web3', 'scapy', 'nmap', 'metasploit', 'wireshark', 'burp-suite']",Home_Services,Provider_Management,"['angi', 'thumbtack', 'homeadvisor', 'taskrabbit']",,,
534,Information Extraction,PDF_Parsing,"['scrapy', 'beautifulsoup', 'spacy', 'pandas']",Kid-Friendly_Restaurant_Finder,"['Food_Ordering', 'Classification_Pipelines']","['calender', 'mail', 'grab', 'uber', 'google_maps', 'maps', 'huggingface_trl', 'pandas', 'numpy', 'scikit-learn', 'matplotlib', 'seaborn', 'xgboost', 'lightgbm']",Entertainment,Engagement_Analytics,"['netflix_api', 'spotify_api', 'youtube_api', 'twitch_api']",,,
535,Legal_Technology,Case_Management,"['clio', 'lexisnexis', 'westlaw', 'rocket_lawyer']",Gaming_Development,Monetization,"['unity', 'unreal_engine', 'steam_api', 'playfab']",Home_Services,Service_Scheduling,"['angi', 'thumbtack', 'homeadvisor', 'taskrabbit']",,,
536,Devops,Deployment_Pipelines,"['aws', 'docker', 'kubernetes', 'prometheus', 'terraform', 'ansible', 'jenkins', 'gitlab-ci']",Telecommunications,Quality_Monitoring,"['cisco_meraki', 'nokia_apis', 'ericsson_api', 'twilio']",Mental_Health,Therapy_Management,"['betterhelp', 'talkspace', 'calm', 'headspace']",,,
537,Developer Tools,Frontend_Bundling,"['github', 'git', 'docker', 'aws', 'vercel', 'vscode', 'pre-commit']",CSV_GraphQL_Insight_Pipeline,"['CSV_Analysis', 'GraphQL_Queries']","['scrapy', 'beautifulsoup', 'spacy', 'pandas', 'scrapy', 'requests', 'httpx', 'fastapi', 'flask', 'postman']",Sports_Analytics,Player_Statistics,"['mlb_statsapi', 'nba_api', 'fifa_api', 'strava_api']",,,
538,Entertainment,Media_Management,"['netflix_api', 'spotify_api', 'youtube_api', 'twitch_api']",Sports_Analytics,Game_Analysis,"['mlb_statsapi', 'nba_api', 'fifa_api', 'strava_api']",Video_Production,Color_Grading,"['adobe_premiere', 'final_cut', 'davinci_resolve', 'avid']",,,
539,Education_Technology,Virtual_Classroom,"['canvas', 'blackboard', 'moodle', 'schoology']",Energy_Management,Consumption_Analysis,"['enphase', 'solaredge', 'schneider_electric', 'siemens_energy']",Vacation_Rental,Booking_Coordination,"['airbnb_api', 'vrbo_api', 'booking_com', 'homeaway']",,,
540,Supply_Chain,Order_Processing,"['sap', 'oracle_scm', 'manhattan', 'blueyonder']",Sports_Analytics,Performance_Tracking,"['mlb_statsapi', 'nba_api', 'fifa_api', 'strava_api']",Restaurant_Management,Order_Processing,"['toast_pos', 'square', 'opentable', 'yelp_fusion']",,,
541,Concert_Ticket_Planning,"['Venue_Search', 'Integration']","['serper', 'duckduckgo', 'bind', 'microsoft365', 'google_workspace', 'salesforce', 'zendesk', 'slack', 'trello', 'asana', 'zapier', 'shopify']",Real_Estate,Transaction_Management,"['mls', 'zillow_api', 'realtor_api', 'redfin']",Social_Media_Analytics,Sentiment_Analysis,"['twitter_api', 'facebook_api', 'instagram_api', 'linkedin_api']",,,
542,APIs in general,API_Creation,"['scrapy', 'requests', 'httpx', 'fastapi', 'flask', 'postman']",Telecommunications,Service_Provisioning,"['cisco_meraki', 'nokia_apis', 'ericsson_api', 'twilio']",Job_Search,Job_Matching,"['indeed_api', 'linkedin_jobs', 'glassdoor_api', 'monster']",,,
543,Recurring_Calendar_Invoicing,"['Calendar_Management', 'Invoicing']","['calender', 'mail', 'grab', 'uber', 'google_maps', 'maps', 'stripe', 'klarna', 'openbanking', 'plaid', 'paypal-sdk']",Legal_Technology,Legal_Research,"['clio', 'lexisnexis', 'westlaw', 'rocket_lawyer']",Mental_Health,Progress_Assessment,"['betterhelp', 'talkspace', 'calm', 'headspace']",,,
544,Multi_Cloud_Hyperparameter_Tuning,"['Cloud_Infra_Setup', 'Hyperparameter_Tuning']","['github', 'git', 'docker', 'aws', 'vercel', 'vscode', 'pre-commit', 'huggingface_trl', 'pytorch', 'aws', 'mlflow']",Education_Technology,Virtual_Classroom,"['canvas', 'blackboard', 'moodle', 'schoology']",Travel_Management,Itinerary_Planning,"['amadeus', 'sabre', 'travelport', 'expedia_api']",,,
545,Blockchain,Wallet_Management,['web3'],Operating System Functions,Process_Control,"['scapy', 'docker', 'psutil', 'subprocess', 'os']",Containerized_Shell_Scripting,"['Containerization', 'Shell_Scripting']","['aws', 'docker', 'kubernetes', 'prometheus', 'terraform', 'ansible', 'jenkins', 'gitlab-ci', 'scapy', 'docker', 'psutil', 'subprocess', 'os']",,,
546,Developer Tools,Frontend_Bundling,"['github', 'git', 'docker', 'aws', 'vercel', 'vscode', 'pre-commit']",Secure_Online_Appointment_Booking,"['Access_Control', 'Calendar_Management', 'Payment_Gateway_Integration']","['scapy', 'nmap', 'metasploit', 'wireshark', 'burp-suite', 'calender', 'mail', 'grab', 'uber', 'google_maps', 'maps', 'stripe', 'klarna', 'openbanking', 'plaid', 'paypal-sdk']",Mental_Health,Meditation_Sessions,"['betterhelp', 'talkspace', 'calm', 'headspace']",,,
547,Human_Resources,Payroll_Processing,"['workday', 'successfactors', 'bamboo_hr', 'greenhouse']",Sleep_Analysis,Sleep_Tracking,"['oura_ring', 'withings', 'sleep_cycle', 'fitbit']",Speech_Technology,Text_Synthesis,"['deepspeech', 'whisper', 'google_speech', 'azure_speech']",,,
548,Search,Web_Search,"['serper', 'duckduckgo', 'bind']",Home_Services,Quote_Generation,"['angi', 'thumbtack', 'homeadvisor', 'taskrabbit']",Virtual_Reality,Performance_Optimization,"['unity_xr', 'unreal_vr', 'oculus_sdk', 'steamvr']",,,
549,SaaS,Team_Management,"['microsoft365', 'google_workspace', 'salesforce', 'zendesk', 'slack', 'trello', 'asana', 'zapier', 'shopify']",Legal_Technology,Document_Analysis,"['clio', 'lexisnexis', 'westlaw', 'rocket_lawyer']",Vacation_Rental,Revenue_Optimization,"['airbnb_api', 'vrbo_api', 'booking_com', 'homeaway']",,,
550,E-commerce,Product_Catalog_Management,"['shopify', 'instacart', 'klarna', 'wish']",Recurring_Calendar_Invoicing,"['Calendar_Management', 'Invoicing']","['calender', 'mail', 'grab', 'uber', 'google_maps', 'maps', 'stripe', 'klarna', 'openbanking', 'plaid', 'paypal-sdk']",Dental_Care,Appointment_Scheduling,"['dentrix', 'eaglesoft', 'opendental', 'curve_dental']",,,
551,Data Processing,Aggregation,"['scrapy', 'polars', 'apache-spark', 'airflow']",Secure_Online_Appointment_Booking,"['Access_Control', 'Calendar_Management', 'Payment_Gateway_Integration']","['scapy', 'nmap', 'metasploit', 'wireshark', 'burp-suite', 'calender', 'mail', 'grab', 'uber', 'google_maps', 'maps', 'stripe', 'klarna', 'openbanking', 'plaid', 'paypal-sdk']",Education_Technology,Learning_Analytics,"['canvas', 'blackboard', 'moodle', 'schoology']",,,
552,Databases,Writing_Queries,"['aws', 'kubernetes', 'sqlalchemy', 'mongoengine', 'redis', 'postgresql']",Secure_Smart_Contract_Release,"['Smart_Contract_Deployment', 'Vulnerability_Scanning']","['web3', 'scapy', 'nmap', 'metasploit', 'wireshark', 'burp-suite']",Chain_Data_Extraction_for_CRM,"['Chain_Data_Extraction', 'CRM_Enhancements']","['web3', 'shopify', 'klarna', 'stripe', 'figma']",,,
553,Smart_Home,Automation_Rules,"['homeassistant', 'smartthings', 'philips_hue', 'nest']",Telecommunications,Service_Provisioning,"['cisco_meraki', 'nokia_apis', 'ericsson_api', 'twilio']",Digital_Marketing,Campaign_Analytics,"['google_ads', 'facebook_marketing', 'mailchimp', 'hubspot']",,,
554,Education_Technology,Learning_Analytics,"['canvas', 'blackboard', 'moodle', 'schoology']",Manufacturing,Equipment_Monitoring,"['siemens_mindsphere', 'ge_predix', 'rockwell_automation', 'fanuc']",Fitness_Technology,Workout_Tracking,"['fitbit', 'garmin_connect', 'apple_healthkit', 'myfitnesspal']",,,
555,Machine Learning Engineering,Model_Training,"['huggingface_trl', 'pytorch', 'aws', 'mlflow']",Custom_API_WebApp_Deployment,"['API_Creation', 'Deploy_WebApp']","['scrapy', 'requests', 'httpx', 'fastapi', 'flask', 'postman', 'github', 'git', 'docker', 'aws', 'vercel', 'vscode', 'pre-commit']",Manufacturing,Resource_Optimization,"['siemens_mindsphere', 'ge_predix', 'rockwell_automation', 'fanuc']",,,
556,Weather_Services,Forecast_Analysis,"['openweathermap', 'darksky', 'weatherapi', 'noaa_api']",Music_Streaming,Audio_Quality_Control,"['spotify_api', 'apple_music', 'pandora', 'deezer']",Bioinformatics,Genome_Sequencing,"['biopython', 'blast', 'samtools', 'galaxy']",,,
557,Information Extraction,OCR_Processing,"['scrapy', 'beautifulsoup', 'spacy', 'pandas']",Safe_Driving_Record_Audit,"['CSV_Analysis', 'Access_Control']","['scrapy', 'beautifulsoup', 'spacy', 'pandas', 'scapy', 'nmap', 'metasploit', 'wireshark', 'burp-suite']",Environmental_Monitoring,Air_Quality_Analysis,"['openaq', 'airvisual', 'breezometer', 'weatherbit']",,,
558,Consumer Discretionary Software,Ad_Campaigns,"['shopify', 'klarna', 'stripe', 'figma']",Grocery_Choice_Refinement,"['Food_Ordering', 'Feature_Selection']","['calender', 'mail', 'grab', 'uber', 'google_maps', 'maps', 'huggingface_trl', 'pandas', 'numpy', 'scikit-learn', 'matplotlib', 'seaborn', 'xgboost', 'lightgbm']",Customized_Research_Paper_Extraction,"['Scholar_Search', 'PDF_Parsing', 'Clustering_Analysis']","['serper', 'duckduckgo', 'bind', 'scrapy', 'beautifulsoup', 'spacy', 'pandas', 'huggingface_trl', 'pandas', 'numpy', 'scikit-learn', 'matplotlib', 'seaborn', 'xgboost', 'lightgbm']",,,
559,Cybersecurity,Vulnerability_Scanning,"['scapy', 'nmap', 'metasploit', 'wireshark', 'burp-suite']",Data Processing,Transformation,"['scrapy', 'polars', 'apache-spark', 'airflow']",Smart_Home,Energy_Monitoring,"['homeassistant', 'smartthings', 'philips_hue', 'nest']",,,
560,Search,Product_Search,"['serper', 'duckduckgo', 'bind']",Travel_Management,Itinerary_Planning,"['amadeus', 'sabre', 'travelport', 'expedia_api']",Gaming_Development,Game_Analytics,"['unity', 'unreal_engine', 'steam_api', 'playfab']",,,
561,CSV_GraphQL_Insight_Pipeline,"['CSV_Analysis', 'GraphQL_Queries']","['scrapy', 'beautifulsoup', 'spacy', 'pandas', 'scrapy', 'requests', 'httpx', 'fastapi', 'flask', 'postman']",Waste_Management,Compliance_Reporting,"['rubicon', 'waste_management_api', 'recycle_track_systems', 'compology']",Speech_Technology,Voice_Recognition,"['deepspeech', 'whisper', 'google_speech', 'azure_speech']",,,
562,Machine_Learning_Enhanced_Pentesting,"['Model_Training', 'Pentesting']","['huggingface_trl', 'pytorch', 'aws', 'mlflow', 'scapy', 'nmap', 'metasploit', 'wireshark', 'burp-suite']",Supply_Chain,Inventory_Management,"['sap', 'oracle_scm', 'manhattan', 'blueyonder']",Travel_Management,Hotel_Reservations,"['amadeus', 'sabre', 'travelport', 'expedia_api']",,,
563,Cybersecurity,Pentesting,"['scapy', 'nmap', 'metasploit', 'wireshark', 'burp-suite']",Operating System Functions,Process_Control,"['scapy', 'docker', 'psutil', 'subprocess', 'os']",Gaming_Development,Game_Analytics,"['unity', 'unreal_engine', 'steam_api', 'playfab']",,,
564,Custom_API_WebApp_Deployment,"['API_Creation', 'Deploy_WebApp']","['scrapy', 'requests', 'httpx', 'fastapi', 'flask', 'postman', 'github', 'git', 'docker', 'aws', 'vercel', 'vscode', 'pre-commit']",House_Rental_Payment_Splitting,"['Transaction_Validation', 'User_Permissions']","['stripe', 'klarna', 'openbanking', 'plaid', 'paypal-sdk', 'scapy', 'docker', 'psutil', 'subprocess', 'os']",MultiCloud_DevOps_Clustering_Insights,"['Cloud_Infra_Setup', 'Continuous_Integration', 'Clustering_Analysis']","['github', 'git', 'docker', 'aws', 'vercel', 'vscode', 'pre-commit', 'aws', 'docker', 'kubernetes', 'prometheus', 'terraform', 'ansible', 'jenkins', 'gitlab-ci', 'huggingface_trl', 'pandas', 'numpy', 'scikit-learn', 'matplotlib', 'seaborn', 'xgboost', 'lightgbm']",,,
565,Baking_Recipe_PDF_Sharing,"['PDF_Parsing', 'Feature_Selection']","['scrapy', 'beautifulsoup', 'spacy', 'pandas', 'huggingface_trl', 'pandas', 'numpy', 'scikit-learn', 'matplotlib', 'seaborn', 'xgboost', 'lightgbm']",Real_Estate,Property_Valuation,"['mls', 'zillow_api', 'realtor_api', 'redfin']",Restaurant_Management,Table_Management,"['toast_pos', 'square', 'opentable', 'yelp_fusion']",,,
566,Personalized_Budget_Analysis,"['Accounting', 'CSV_Analysis']","['stripe', 'klarna', 'openbanking', 'plaid', 'paypal-sdk', 'scrapy', 'beautifulsoup', 'spacy', 'pandas']",Automotive_Technology,Vehicle_Diagnostics,"['obd2', 'tesla_api', 'bmw_connecteddrive', 'ford_sync']",Parking_Management,Occupancy_Tracking,"['parkwhiz', 'spothero', 'passport_parking', 'parkmobile']",,,
567,Energy_Management,Grid_Optimization,"['enphase', 'solaredge', 'schneider_electric', 'siemens_energy']",Pet_Care,Diet_Planning,"['petfinder', 'vetsource', 'whistle', 'pawboost']",Wine_Management,Pairing_Suggestions,"['vivino', 'cellartracker', 'wine_searcher', 'delectable']",,,
568,Seasonal_Product_Recommendations,"['Product_Catalog_Management', 'Clustering_Analysis']","['shopify', 'instacart', 'klarna', 'wish', 'huggingface_trl', 'pandas', 'numpy', 'scikit-learn', 'matplotlib', 'seaborn', 'xgboost', 'lightgbm']",Visual_Recipe_Explorer,"['Image_Search', 'Food_Ordering']","['serper', 'duckduckgo', 'bind', 'calender', 'mail', 'grab', 'uber', 'google_maps', 'maps']",Event_Management,Ticket_Sales,"['eventbrite', 'ticketmaster', 'meetup_api', 'cvent']",,,
569,Automated_Model_Deployment,"['Model_Serving', 'Deployment_Pipelines']","['huggingface_trl', 'pytorch', 'aws', 'mlflow', 'aws', 'docker', 'kubernetes', 'prometheus', 'terraform', 'ansible', 'jenkins', 'gitlab-ci']",Pet_Care,Diet_Planning,"['petfinder', 'vetsource', 'whistle', 'pawboost']",Dental_Care,Treatment_Planning,"['dentrix', 'eaglesoft', 'opendental', 'curve_dental']",,,
570,Chain_Data_Extraction_for_CRM,"['Chain_Data_Extraction', 'CRM_Enhancements']","['web3', 'shopify', 'klarna', 'stripe', 'figma']",Kid_Friendly_Grocery_Curation,"['Food_Ordering', 'Feature_Selection']","['calender', 'mail', 'grab', 'uber', 'google_maps', 'maps', 'huggingface_trl', 'pandas', 'numpy', 'scikit-learn', 'matplotlib', 'seaborn', 'xgboost', 'lightgbm']",Automotive_Technology,Performance_Monitoring,"['obd2', 'tesla_api', 'bmw_connecteddrive', 'ford_sync']",,,
571,Finance payments,Payment_Gateway_Integration,"['stripe', 'klarna', 'openbanking', 'plaid', 'paypal-sdk']",Local_Food_Recipe_Curation,"['Food_Ordering', 'Aggregation']","['calender', 'mail', 'grab', 'uber', 'google_maps', 'maps', 'scrapy', 'polars', 'apache-spark', 'airflow']",Art_Gallery,Artwork_Tracking,"['artsy', 'museum_api', 'getty', 'smithsonian_api']",,,
572,Automated_User_Permissioning,"['User_Permissions', 'API_Auth']","['scapy', 'docker', 'psutil', 'subprocess', 'os', 'scrapy', 'requests', 'httpx', 'fastapi', 'flask', 'postman']",Library_Management,Resource_Tracking,"['worldcat', 'libby', 'sierra_api', 'koha']",Music_Streaming,Artist_Analytics,"['spotify_api', 'apple_music', 'pandora', 'deezer']",,,
573,Developer Tools,Deploy_WebApp,"['github', 'git', 'docker', 'aws', 'vercel', 'vscode', 'pre-commit']",Sleep_Analysis,Environmental_Monitoring,"['oura_ring', 'withings', 'sleep_cycle', 'fitbit']",Vacation_Rental,Property_Management,"['airbnb_api', 'vrbo_api', 'booking_com', 'homeaway']",,,
574,Cybersecurity,Log_Analysis,"['scapy', 'nmap', 'metasploit', 'wireshark', 'burp-suite']",Telecommunications,Network_Management,"['cisco_meraki', 'nokia_apis', 'ericsson_api', 'twilio']",Library_Management,Borrower_Services,"['worldcat', 'libby', 'sierra_api', 'koha']",,,
575,Safe_Online_Grocery_Ordering,"['Food_Ordering', 'Access_Control']","['calender', 'mail', 'grab', 'uber', 'google_maps', 'maps', 'scapy', 'nmap', 'metasploit', 'wireshark', 'burp-suite']",Legal_Technology,Compliance_Tracking,"['clio', 'lexisnexis', 'westlaw', 'rocket_lawyer']",Video_Production,Asset_Management,"['adobe_premiere', 'final_cut', 'davinci_resolve', 'avid']",,,
576,Blockchain,Chain_Data_Extraction,['web3'],Personalized_Market_Analytics,"['Rideshare_Booking', 'Market_Data_Streaming']","['calender', 'mail', 'grab', 'uber', 'google_maps', 'maps', 'quantlib', 'pandas', 'numpy', 'backtrader', 'ccxt']",OCR_Powered_Accounting_Audit,"['OCR_Processing', 'Accounting']","['scrapy', 'beautifulsoup', 'spacy', 'pandas', 'stripe', 'klarna', 'openbanking', 'plaid', 'paypal-sdk']",,,
577,Vacation_Itinerary_Customization,"['Venue_Search', 'HTML_Scraping']","['serper', 'duckduckgo', 'bind', 'scrapy', 'beautifulsoup', 'spacy', 'pandas']",Gaming_Development,Game_Analytics,"['unity', 'unreal_engine', 'steam_api', 'playfab']",Bioinformatics,Protein_Analysis,"['biopython', 'blast', 'samtools', 'galaxy']",,,
578,Energy_Management,Renewable_Integration,"['enphase', 'solaredge', 'schneider_electric', 'siemens_energy']",Restaurant_Management,Inventory_Control,"['toast_pos', 'square', 'opentable', 'yelp_fusion']",Water_Utilities,Billing_Management,"['water_smart', 'aquahawk', 'sensus_analytics', 'waterscope']",,,
579,Machine Learning Engineering,Data_Feature_Engineering,"['huggingface_trl', 'pytorch', 'aws', 'mlflow']",Cybersecurity,Threat_Detection,"['scapy', 'nmap', 'metasploit', 'wireshark', 'burp-suite']",Education_Technology,Student_Assessment,"['canvas', 'blackboard', 'moodle', 'schoology']",,,
580,Search,Image_Search,"['serper', 'duckduckgo', 'bind']",Cybersecurity,Pentesting,"['scapy', 'nmap', 'metasploit', 'wireshark', 'burp-suite']",Drone_Operations,Flight_Planning,"['dji_sdk', 'airmap', 'dronelogbook', 'kittyhawk']",,,
581,Data Science,Clustering_Analysis,"['huggingface_trl', 'pandas', 'numpy', 'scikit-learn', 'matplotlib', 'seaborn', 'xgboost', 'lightgbm']",Agriculture_Tech,Weather_Monitoring,"['john_deere_api', 'climate_fieldview', 'farmers_edge', 'agrivi']",Sports_Analytics,Performance_Tracking,"['mlb_statsapi', 'nba_api', 'fifa_api', 'strava_api']",,,
582,Databases,DB_Migrations,"['aws', 'kubernetes', 'sqlalchemy', 'mongoengine', 'redis', 'postgresql']",Drone_Operations,Flight_Planning,"['dji_sdk', 'airmap', 'dronelogbook', 'kittyhawk']",Bioinformatics,Genome_Sequencing,"['biopython', 'blast', 'samtools', 'galaxy']",,,
583,Public_Transportation,Route_Planning,"['transitland', 'here_transit', 'moovit', 'citymapper']",Mental_Health,Meditation_Sessions,"['betterhelp', 'talkspace', 'calm', 'headspace']",Cloud_Gaming,Session_Control,"['stadia', 'geforce_now', 'xbox_cloud', 'amazon_luna']",,,
584,Entertainment,Content_Streaming,"['netflix_api', 'spotify_api', 'youtube_api', 'twitch_api']",Video_Production,Color_Grading,"['adobe_premiere', 'final_cut', 'davinci_resolve', 'avid']",Job_Search,Resume_Parsing,"['indeed_api', 'linkedin_jobs', 'glassdoor_api', 'monster']",,,
585,Consumer Discretionary Software,Conversion_Tracking,"['shopify', 'klarna', 'stripe', 'figma']",Personalized_Food_Schedule,"['Food_Ordering', 'Calendar_Management', 'Normalization']","['calender', 'mail', 'grab', 'uber', 'google_maps', 'maps', 'calender', 'mail', 'grab', 'uber', 'google_maps', 'maps', 'scrapy', 'polars', 'apache-spark', 'airflow']",Sleep_Analysis,Habit_Formation,"['oura_ring', 'withings', 'sleep_cycle', 'fitbit']",,,
586,Fitness_Tracker_Data_Plan,"['Normalization', 'CSV_Analysis']","['scrapy', 'polars', 'apache-spark', 'airflow', 'scrapy', 'beautifulsoup', 'spacy', 'pandas']",RESTful_DB_Access_Control,"['REST_API_Integration', 'Database_Testing', 'Access_Control']","['scrapy', 'requests', 'httpx', 'fastapi', 'flask', 'postman', 'aws', 'kubernetes', 'sqlalchemy', 'mongoengine', 'redis', 'postgresql', 'scapy', 'nmap', 'metasploit', 'wireshark', 'burp-suite']",Social_Media_Analytics,Sentiment_Analysis,"['twitter_api', 'facebook_api', 'instagram_api', 'linkedin_api']",,,
587,Library_Management,Catalog_System,"['worldcat', 'libby', 'sierra_api', 'koha']",Federated_Learning,Model_Distribution,"['tensorflow_federated', 'pysyft', 'flower', 'fedml']",Bioinformatics,Phylogenetic_Studies,"['biopython', 'blast', 'samtools', 'galaxy']",,,
588,Legal_Technology,Compliance_Tracking,"['clio', 'lexisnexis', 'westlaw', 'rocket_lawyer']",Mental_Health,Mood_Tracking,"['betterhelp', 'talkspace', 'calm', 'headspace']",Dental_Care,Appointment_Scheduling,"['dentrix', 'eaglesoft', 'opendental', 'curve_dental']",,,
589,Remote_DevOps_Inspection,"['SSH', 'Infrastructure_Monitoring', 'DB_Migrations']","['scapy', 'docker', 'psutil', 'subprocess', 'os', 'aws', 'docker', 'kubernetes', 'prometheus', 'terraform', 'ansible', 'jenkins', 'gitlab-ci', 'aws', 'kubernetes', 'sqlalchemy', 'mongoengine', 'redis', 'postgresql']",Public_Transportation,Route_Planning,"['transitland', 'here_transit', 'moovit', 'citymapper']",Sleep_Analysis,Environmental_Monitoring,"['oura_ring', 'withings', 'sleep_cycle', 'fitbit']",,,
590,Safe_Online_Grocery_Ordering,"['Food_Ordering', 'Access_Control']","['calender', 'mail', 'grab', 'uber', 'google_maps', 'maps', 'scapy', 'nmap', 'metasploit', 'wireshark', 'burp-suite']",Education_Technology,Learning_Analytics,"['canvas', 'blackboard', 'moodle', 'schoology']",Energy_Management,Consumption_Analysis,"['enphase', 'solaredge', 'schneider_electric', 'siemens_energy']",,,
591,SaaS,Tracking,"['microsoft365', 'google_workspace', 'salesforce', 'zendesk', 'slack', 'trello', 'asana', 'zapier', 'shopify']",Cybersecurity,Log_Analysis,"['scapy', 'nmap', 'metasploit', 'wireshark', 'burp-suite']",Pet_Medical_Appointment_Booking,"['Calendar_Management', 'Transaction_Validation']","['calender', 'mail', 'grab', 'uber', 'google_maps', 'maps', 'stripe', 'klarna', 'openbanking', 'plaid', 'paypal-sdk']",,,
592,Healthcare_Management,Appointment_Scheduling,"['epic', 'cerner', 'meditech', 'allscripts', 'healthit']",Manufacturing,Quality_Control,"['siemens_mindsphere', 'ge_predix', 'rockwell_automation', 'fanuc']",Sports_Analytics,Game_Analysis,"['mlb_statsapi', 'nba_api', 'fifa_api', 'strava_api']",,,
593,Event_Ticket_Advisor,"['Venue_Search', 'GraphQL_Queries', 'Classification_Pipelines']","['serper', 'duckduckgo', 'bind', 'scrapy', 'requests', 'httpx', 'fastapi', 'flask', 'postman', 'huggingface_trl', 'pandas', 'numpy', 'scikit-learn', 'matplotlib', 'seaborn', 'xgboost', 'lightgbm']",Entertainment,Content_Streaming,"['netflix_api', 'spotify_api', 'youtube_api', 'twitch_api']",Speech_Technology,Voice_Recognition,"['deepspeech', 'whisper', 'google_speech', 'azure_speech']",,,
594,Public_Transportation,Service_Alerts,"['transitland', 'here_transit', 'moovit', 'citymapper']",Federated_Learning,Aggregation_Control,"['tensorflow_federated', 'pysyft', 'flower', 'fedml']",Virtual_Reality,Interaction_Design,"['unity_xr', 'unreal_vr', 'oculus_sdk', 'steamvr']",,,
595,Local_Charity_Payment_Scheduling,"['Transaction_Validation', 'Calendar_Management']","['stripe', 'klarna', 'openbanking', 'plaid', 'paypal-sdk', 'calender', 'mail', 'grab', 'uber', 'google_maps', 'maps']",SSH_Based_Financial_Deployment,"['SSH', 'Payment_Gateway_Integration', 'Deployment_Pipelines']","['scapy', 'docker', 'psutil', 'subprocess', 'os', 'stripe', 'klarna', 'openbanking', 'plaid', 'paypal-sdk', 'aws', 'docker', 'kubernetes', 'prometheus', 'terraform', 'ansible', 'jenkins', 'gitlab-ci']",Time_Series_Analysis,Forecasting,"['prophet', 'statsmodels', 'pmdarima', 'neuralprophet']",,,
596,Secure_Smart_Contract_Release,"['Smart_Contract_Deployment', 'Vulnerability_Scanning']","['web3', 'scapy', 'nmap', 'metasploit', 'wireshark', 'burp-suite']",Legal_Technology,Document_Analysis,"['clio', 'lexisnexis', 'westlaw', 'rocket_lawyer']",Dental_Care,Appointment_Scheduling,"['dentrix', 'eaglesoft', 'opendental', 'curve_dental']",,,
597,Consumer Discretionary Software,Ad_Campaigns,"['shopify', 'klarna', 'stripe', 'figma']",Neighborhood_Event_Polling,"['Email_Automation', 'GraphQL_Queries']","['calender', 'mail', 'grab', 'uber', 'google_maps', 'maps', 'scrapy', 'requests', 'httpx', 'fastapi', 'flask', 'postman']",Overdue_Bill_Automation,"['Email_Automation', 'Invoicing']","['calender', 'mail', 'grab', 'uber', 'google_maps', 'maps', 'stripe', 'klarna', 'openbanking', 'plaid', 'paypal-sdk']",,,
598,Order_Fulfillment_Orchestrator,"['Process_Control', 'Order_Fulfillment']","['scapy', 'docker', 'psutil', 'subprocess', 'os', 'shopify', 'instacart', 'klarna', 'wish']",Fitness_Technology,Progress_Monitoring,"['fitbit', 'garmin_connect', 'apple_healthkit', 'myfitnesspal']",Dental_Care,Insurance_Processing,"['dentrix', 'eaglesoft', 'opendental', 'curve_dental']",,,
599,Event_Management,Attendee_Tracking,"['eventbrite', 'ticketmaster', 'meetup_api', 'cvent']",Music_Streaming,Playlist_Management,"['spotify_api', 'apple_music', 'pandora', 'deezer']",Federated_Learning,Privacy_Protection,"['tensorflow_federated', 'pysyft', 'flower', 'fedml']",,,
600,Devops,Continuous_Integration,"['aws', 'docker', 'kubernetes', 'prometheus', 'terraform', 'ansible', 'jenkins', 'gitlab-ci']",Smart_Garden,Irrigation_Control,"['gardena', 'rachio', 'orbit_bhyve', 'rainmachine']",Federated_Learning,Privacy_Protection,"['tensorflow_federated', 'pysyft', 'flower', 'fedml']",,,
601,CRM_Oriented_Database_Schema,"['CRM_Enhancements', 'Schema_Design']","['shopify', 'klarna', 'stripe', 'figma', 'aws', 'kubernetes', 'sqlalchemy', 'mongoengine', 'redis', 'postgresql']",Pet_Medical_Appointment_Booking,"['Calendar_Management', 'Transaction_Validation']","['calender', 'mail', 'grab', 'uber', 'google_maps', 'maps', 'stripe', 'klarna', 'openbanking', 'plaid', 'paypal-sdk']",Virtual_Reality,Performance_Optimization,"['unity_xr', 'unreal_vr', 'oculus_sdk', 'steamvr']",,,
602,Secure_Roommate_Payment_Splits,"['Transaction_Validation', 'Access_Control']","['stripe', 'klarna', 'openbanking', 'plaid', 'paypal-sdk', 'scapy', 'nmap', 'metasploit', 'wireshark', 'burp-suite']",Automatic_Birthday_Reminders,"['Calendar_Management', 'User_Permissions']","['calender', 'mail', 'grab', 'uber', 'google_maps', 'maps', 'scapy', 'docker', 'psutil', 'subprocess', 'os']",Gaming_Development,Game_Analytics,"['unity', 'unreal_engine', 'steam_api', 'playfab']",,,
603,Music_Streaming,Artist_Analytics,"['spotify_api', 'apple_music', 'pandora', 'deezer']",Dental_Care,Appointment_Scheduling,"['dentrix', 'eaglesoft', 'opendental', 'curve_dental']",Space_Technology,Telemetry_Analysis,"['nasa_api', 'spacex_api', 'esa_toolkit', 'orbital_mechanics']",,,
604,Blockchain,Wallet_Management,['web3'],Databases,DB_Caching,"['aws', 'kubernetes', 'sqlalchemy', 'mongoengine', 'redis', 'postgresql']",Pet_Care,Activity_Monitoring,"['petfinder', 'vetsource', 'whistle', 'pawboost']",,,
605,Finance payments,Payment_Gateway_Integration,"['stripe', 'klarna', 'openbanking', 'plaid', 'paypal-sdk']",Household_Expense_Auditing,"['Invoicing', 'CSV_Analysis']","['stripe', 'klarna', 'openbanking', 'plaid', 'paypal-sdk', 'scrapy', 'beautifulsoup', 'spacy', 'pandas']",Language_Learning,Speaking_Practice,"['duolingo', 'rosetta_stone', 'babbel', 'memrise']",,,
606,Data Processing,Transformation,"['scrapy', 'polars', 'apache-spark', 'airflow']",Real_Estate,Property_Listings,"['mls', 'zillow_api', 'realtor_api', 'redfin']",Virtual_Reality,Interaction_Design,"['unity_xr', 'unreal_vr', 'oculus_sdk', 'steamvr']",,,
607,Developer Tools,Backend_Deployment,"['github', 'git', 'docker', 'aws', 'vercel', 'vscode', 'pre-commit']",Data Science,Feature_Selection,"['huggingface_trl', 'pandas', 'numpy', 'scikit-learn', 'matplotlib', 'seaborn', 'xgboost', 'lightgbm']",Event_Management,Ticket_Sales,"['eventbrite', 'ticketmaster', 'meetup_api', 'cvent']",,,
608,E-commerce,Product_Catalog_Management,"['shopify', 'instacart', 'klarna', 'wish']",Social_Media_Analytics,Sentiment_Analysis,"['twitter_api', 'facebook_api', 'instagram_api', 'linkedin_api']",Water_Utilities,Billing_Management,"['water_smart', 'aquahawk', 'sensus_analytics', 'waterscope']",,,
609,SaaS,Team_Management,"['microsoft365', 'google_workspace', 'salesforce', 'zendesk', 'slack', 'trello', 'asana', 'zapier', 'shopify']",Public_Transportation,Route_Planning,"['transitland', 'here_transit', 'moovit', 'citymapper']",Mental_Health,Therapy_Management,"['betterhelp', 'talkspace', 'calm', 'headspace']",,,
610,Public_Transportation,Fare_Calculation,"['transitland', 'here_transit', 'moovit', 'citymapper']",Wine_Management,Collection_Valuation,"['vivino', 'cellartracker', 'wine_searcher', 'delectable']",Space_Technology,Mission_Planning,"['nasa_api', 'spacex_api', 'esa_toolkit', 'orbital_mechanics']",,,
611,Local_Repair_Service_Comparison,"['Service_Search', 'Normalization']","['serper', 'duckduckgo', 'bind', 'scrapy', 'polars', 'apache-spark', 'airflow']",Historic_News_Review,"['News_Search', 'HTML_Scraping']","['serper', 'duckduckgo', 'bind', 'scrapy', 'beautifulsoup', 'spacy', 'pandas']",Smart_Garden,Plant_Monitoring,"['gardena', 'rachio', 'orbit_bhyve', 'rainmachine']",,,
612,Data Science,Classification_Pipelines,"['huggingface_trl', 'pandas', 'numpy', 'scikit-learn', 'matplotlib', 'seaborn', 'xgboost', 'lightgbm']",Neighborhood_Event_Polling,"['Email_Automation', 'GraphQL_Queries']","['calender', 'mail', 'grab', 'uber', 'google_maps', 'maps', 'scrapy', 'requests', 'httpx', 'fastapi', 'flask', 'postman']",Contextual_Product_Bundling,"['Product_Catalog_Management', 'Aggregation']","['shopify', 'instacart', 'klarna', 'wish', 'scrapy', 'polars', 'apache-spark', 'airflow']",,,
613,SaaS,Team_Management,"['microsoft365', 'google_workspace', 'salesforce', 'zendesk', 'slack', 'trello', 'asana', 'zapier', 'shopify']",Developer Tools,Backend_Deployment,"['github', 'git', 'docker', 'aws', 'vercel', 'vscode', 'pre-commit']",Home_Services,Quote_Generation,"['angi', 'thumbtack', 'homeadvisor', 'taskrabbit']",,,
614,Search,Image_Search,"['serper', 'duckduckgo', 'bind']",Customized_Research_Paper_Extraction,"['Scholar_Search', 'PDF_Parsing', 'Clustering_Analysis']","['serper', 'duckduckgo', 'bind', 'scrapy', 'beautifulsoup', 'spacy', 'pandas', 'huggingface_trl', 'pandas', 'numpy', 'scikit-learn', 'matplotlib', 'seaborn', 'xgboost', 'lightgbm']",Telecommunications,Quality_Monitoring,"['cisco_meraki', 'nokia_apis', 'ericsson_api', 'twilio']",,,
615,Search,Scholar_Search,"['serper', 'duckduckgo', 'bind']",SaaS,Tracking,"['microsoft365', 'google_workspace', 'salesforce', 'zendesk', 'slack', 'trello', 'asana', 'zapier', 'shopify']",Federated_Learning,Model_Distribution,"['tensorflow_federated', 'pysyft', 'flower', 'fedml']",,,
616,Automated_Online_Marketplace_Scaling,"['Service_Scaling', 'Order_Fulfillment', 'API_Creation']","['aws', 'docker', 'kubernetes', 'prometheus', 'terraform', 'ansible', 'jenkins', 'gitlab-ci', 'shopify', 'instacart', 'klarna', 'wish', 'scrapy', 'requests', 'httpx', 'fastapi', 'flask', 'postman']",Legal_Technology,Document_Analysis,"['clio', 'lexisnexis', 'westlaw', 'rocket_lawyer']",Vacation_Rental,Booking_Coordination,"['airbnb_api', 'vrbo_api', 'booking_com', 'homeaway']",,,
617,Pet_Medical_Appointment_Booking,"['Calendar_Management', 'Transaction_Validation']","['calender', 'mail', 'grab', 'uber', 'google_maps', 'maps', 'stripe', 'klarna', 'openbanking', 'plaid', 'paypal-sdk']",Drone_Operations,Flight_Planning,"['dji_sdk', 'airmap', 'dronelogbook', 'kittyhawk']",Virtual_Reality,Interaction_Design,"['unity_xr', 'unreal_vr', 'oculus_sdk', 'steamvr']",,,
618,Personal Assistant,Rideshare_Booking,"['calender', 'mail', 'grab', 'uber', 'google_maps', 'maps']",Algorithmic Trading,Order_Execution,"['quantlib', 'pandas', 'numpy', 'backtrader', 'ccxt']",SaaS,Integration,"['microsoft365', 'google_workspace', 'salesforce', 'zendesk', 'slack', 'trello', 'asana', 'zapier', 'shopify']",,,
619,Machine Learning Engineering,Model_Serving,"['huggingface_trl', 'pytorch', 'aws', 'mlflow']",Local_Food_Recipe_Curation,"['Food_Ordering', 'Aggregation']","['calender', 'mail', 'grab', 'uber', 'google_maps', 'maps', 'scrapy', 'polars', 'apache-spark', 'airflow']",Public_Transportation,Fare_Calculation,"['transitland', 'here_transit', 'moovit', 'citymapper']",,,
620,Devops,Service_Scaling,"['aws', 'docker', 'kubernetes', 'prometheus', 'terraform', 'ansible', 'jenkins', 'gitlab-ci']",Data Science,Classification_Pipelines,"['huggingface_trl', 'pandas', 'numpy', 'scikit-learn', 'matplotlib', 'seaborn', 'xgboost', 'lightgbm']",Budget_Travel_Plan,"['Rideshare_Booking', 'Normalization']","['calender', 'mail', 'grab', 'uber', 'google_maps', 'maps', 'scrapy', 'polars', 'apache-spark', 'airflow']",,,
621,Devops,Deployment_Pipelines,"['aws', 'docker', 'kubernetes', 'prometheus', 'terraform', 'ansible', 'jenkins', 'gitlab-ci']",Operating System Functions,SSH,"['scapy', 'docker', 'psutil', 'subprocess', 'os']",Language_Learning,Speaking_Practice,"['duolingo', 'rosetta_stone', 'babbel', 'memrise']",,,
622,Seasonal_Product_Recommendations,"['Product_Catalog_Management', 'Clustering_Analysis']","['shopify', 'instacart', 'klarna', 'wish', 'huggingface_trl', 'pandas', 'numpy', 'scikit-learn', 'matplotlib', 'seaborn', 'xgboost', 'lightgbm']",Energy_Management,Consumption_Analysis,"['enphase', 'solaredge', 'schneider_electric', 'siemens_energy']",Drone_Operations,Mission_Control,"['dji_sdk', 'airmap', 'dronelogbook', 'kittyhawk']",,,
623,Custom_API_WebApp_Deployment,"['API_Creation', 'Deploy_WebApp']","['scrapy', 'requests', 'httpx', 'fastapi', 'flask', 'postman', 'github', 'git', 'docker', 'aws', 'vercel', 'vscode', 'pre-commit']",Healthy_Food_Alternatives,"['Food_Ordering', 'OCR_Processing']","['calender', 'mail', 'grab', 'uber', 'google_maps', 'maps', 'scrapy', 'beautifulsoup', 'spacy', 'pandas']",Vacation_Rental,Property_Management,"['airbnb_api', 'vrbo_api', 'booking_com', 'homeaway']",,,
624,Search,Image_Search,"['serper', 'duckduckgo', 'bind']",Pet_Care,Health_Records,"['petfinder', 'vetsource', 'whistle', 'pawboost']",Vacation_Rental,Booking_Coordination,"['airbnb_api', 'vrbo_api', 'booking_com', 'homeaway']",,,
625,Machine Learning Engineering,Model_Training,"['huggingface_trl', 'pytorch', 'aws', 'mlflow']",Cybersecurity,Threat_Detection,"['scapy', 'nmap', 'metasploit', 'wireshark', 'burp-suite']",Restaurant_Management,Order_Processing,"['toast_pos', 'square', 'opentable', 'yelp_fusion']",,,
626,Healthy_Food_Alternatives,"['Food_Ordering', 'OCR_Processing']","['calender', 'mail', 'grab', 'uber', 'google_maps', 'maps', 'scrapy', 'beautifulsoup', 'spacy', 'pandas']",Remote_DevOps_Inspection,"['SSH', 'Infrastructure_Monitoring', 'DB_Migrations']","['scapy', 'docker', 'psutil', 'subprocess', 'os', 'aws', 'docker', 'kubernetes', 'prometheus', 'terraform', 'ansible', 'jenkins', 'gitlab-ci', 'aws', 'kubernetes', 'sqlalchemy', 'mongoengine', 'redis', 'postgresql']",Sports_Analytics,Team_Management,"['mlb_statsapi', 'nba_api', 'fifa_api', 'strava_api']",,,
627,Cybersecurity,Access_Control,"['scapy', 'nmap', 'metasploit', 'wireshark', 'burp-suite']",Online_Coursework_Notifier,"['Scholar_Search', 'Email_Automation']","['serper', 'duckduckgo', 'bind', 'calender', 'mail', 'grab', 'uber', 'google_maps', 'maps']",Travel_Management,Travel_Insurance,"['amadeus', 'sabre', 'travelport', 'expedia_api']",,,
628,Personalized_Budget_Analysis,"['Accounting', 'CSV_Analysis']","['stripe', 'klarna', 'openbanking', 'plaid', 'paypal-sdk', 'scrapy', 'beautifulsoup', 'spacy', 'pandas']",Student_Research_Data_Curation,"['Scholar_Search', 'CSV_Analysis']","['serper', 'duckduckgo', 'bind', 'scrapy', 'beautifulsoup', 'spacy', 'pandas']",Smart_Home,Device_Control,"['homeassistant', 'smartthings', 'philips_hue', 'nest']",,,
629,Blockchain,Wallet_Management,['web3'],Agriculture_Tech,Weather_Monitoring,"['john_deere_api', 'climate_fieldview', 'farmers_edge', 'agrivi']",Automotive_Technology,Performance_Monitoring,"['obd2', 'tesla_api', 'bmw_connecteddrive', 'ford_sync']",,,
630,E-commerce,Inventory_Tracking,"['shopify', 'instacart', 'klarna', 'wish']",Information Extraction,OCR_Processing,"['scrapy', 'beautifulsoup', 'spacy', 'pandas']",Gaming_Development,Player_Engagement,"['unity', 'unreal_engine', 'steam_api', 'playfab']",,,
631,Data Science,Feature_Selection,"['huggingface_trl', 'pandas', 'numpy', 'scikit-learn', 'matplotlib', 'seaborn', 'xgboost', 'lightgbm']",Operating System Functions,File_Management,"['scapy', 'docker', 'psutil', 'subprocess', 'os']",Local_Charity_Payment_Scheduling,"['Transaction_Validation', 'Calendar_Management']","['stripe', 'klarna', 'openbanking', 'plaid', 'paypal-sdk', 'calender', 'mail', 'grab', 'uber', 'google_maps', 'maps']",,,
632,Cultural_Venue_Recommendation,"['Venue_Search', 'Classification_Pipelines']","['serper', 'duckduckgo', 'bind', 'huggingface_trl', 'pandas', 'numpy', 'scikit-learn', 'matplotlib', 'seaborn', 'xgboost', 'lightgbm']",Agriculture_Tech,Crop_Management,"['john_deere_api', 'climate_fieldview', 'farmers_edge', 'agrivi']",Parking_Management,Occupancy_Tracking,"['parkwhiz', 'spothero', 'passport_parking', 'parkmobile']",,,
633,XLSX_Based_Access_Controls,"['XLSX_Analysis', 'Access_Control']","['scrapy', 'beautifulsoup', 'spacy', 'pandas', 'scapy', 'nmap', 'metasploit', 'wireshark', 'burp-suite']",Seasonal_Product_Recommendations,"['Product_Catalog_Management', 'Clustering_Analysis']","['shopify', 'instacart', 'klarna', 'wish', 'huggingface_trl', 'pandas', 'numpy', 'scikit-learn', 'matplotlib', 'seaborn', 'xgboost', 'lightgbm']",Manufacturing,Equipment_Monitoring,"['siemens_mindsphere', 'ge_predix', 'rockwell_automation', 'fanuc']",,,
634,Cybersecurity,Vulnerability_Scanning,"['scapy', 'nmap', 'metasploit', 'wireshark', 'burp-suite']",Family_Medical_Budget_Plan,"['Accounting', 'Calendar_Management']","['stripe', 'klarna', 'openbanking', 'plaid', 'paypal-sdk', 'calender', 'mail', 'grab', 'uber', 'google_maps', 'maps']",Pet_Care,Activity_Monitoring,"['petfinder', 'vetsource', 'whistle', 'pawboost']",,,
635,SaaS,Integration,"['microsoft365', 'google_workspace', 'salesforce', 'zendesk', 'slack', 'trello', 'asana', 'zapier', 'shopify']",Consumer Discretionary Software,Conversion_Tracking,"['shopify', 'klarna', 'stripe', 'figma']",Customized_Research_Paper_Extraction,"['Scholar_Search', 'PDF_Parsing', 'Clustering_Analysis']","['serper', 'duckduckgo', 'bind', 'scrapy', 'beautifulsoup', 'spacy', 'pandas', 'huggingface_trl', 'pandas', 'numpy', 'scikit-learn', 'matplotlib', 'seaborn', 'xgboost', 'lightgbm']",,,
636,Operating System Functions,Shell_Scripting,"['scapy', 'docker', 'psutil', 'subprocess', 'os']",Agriculture_Tech,Crop_Management,"['john_deere_api', 'climate_fieldview', 'farmers_edge', 'agrivi']",Job_Search,Job_Matching,"['indeed_api', 'linkedin_jobs', 'glassdoor_api', 'monster']",,,
637,Information Extraction,HTML_Scraping,"['scrapy', 'beautifulsoup', 'spacy', 'pandas']",Sports_Analytics,Game_Analysis,"['mlb_statsapi', 'nba_api', 'fifa_api', 'strava_api']",Drone_Operations,Mission_Control,"['dji_sdk', 'airmap', 'dronelogbook', 'kittyhawk']",,,
638,E-commerce,Order_Fulfillment,"['shopify', 'instacart', 'klarna', 'wish']",Data Science,Clustering_Analysis,"['huggingface_trl', 'pandas', 'numpy', 'scikit-learn', 'matplotlib', 'seaborn', 'xgboost', 'lightgbm']",Federated_Learning,Model_Distribution,"['tensorflow_federated', 'pysyft', 'flower', 'fedml']",,,
639,Data Processing,Data_Cleaning,"['scrapy', 'polars', 'apache-spark', 'airflow']",Data_Science_Billing_API_Integration,"['Regression_Models', 'Invoicing', 'API_Auth']","['huggingface_trl', 'pandas', 'numpy', 'scikit-learn', 'matplotlib', 'seaborn', 'xgboost', 'lightgbm', 'stripe', 'klarna', 'openbanking', 'plaid', 'paypal-sdk', 'scrapy', 'requests', 'httpx', 'fastapi', 'flask', 'postman']",Video_Production,Export_Control,"['adobe_premiere', 'final_cut', 'davinci_resolve', 'avid']",,,
640,E-commerce,Product_Catalog_Management,"['shopify', 'instacart', 'klarna', 'wish']",Operating System Functions,Shell_Scripting,"['scapy', 'docker', 'psutil', 'subprocess', 'os']",Pet_Care,Activity_Monitoring,"['petfinder', 'vetsource', 'whistle', 'pawboost']",,,
641,Blockchain,Smart_Contract_Interaction,['web3'],Library_Management,Borrower_Services,"['worldcat', 'libby', 'sierra_api', 'koha']",Vacation_Rental,Revenue_Optimization,"['airbnb_api', 'vrbo_api', 'booking_com', 'homeaway']",,,
642,Online_Coursework_Notifier,"['Scholar_Search', 'Email_Automation']","['serper', 'duckduckgo', 'bind', 'calender', 'mail', 'grab', 'uber', 'google_maps', 'maps']",Baking_Recipe_PDF_Sharing,"['PDF_Parsing', 'Feature_Selection']","['scrapy', 'beautifulsoup', 'spacy', 'pandas', 'huggingface_trl', 'pandas', 'numpy', 'scikit-learn', 'matplotlib', 'seaborn', 'xgboost', 'lightgbm']",Environmental_Monitoring,Waste_Management,"['openaq', 'airvisual', 'breezometer', 'weatherbit']",,,
643,Developer Tools,CI_CD_Configuration,"['github', 'git', 'docker', 'aws', 'vercel', 'vscode', 'pre-commit']",Library_Management,Borrower_Services,"['worldcat', 'libby', 'sierra_api', 'koha']",Space_Technology,Telemetry_Analysis,"['nasa_api', 'spacex_api', 'esa_toolkit', 'orbital_mechanics']",,,
644,Information Extraction,PDF_Parsing,"['scrapy', 'beautifulsoup', 'spacy', 'pandas']",Family_Event_Scheduling,"['Calendar_Management', 'Team_Management']","['calender', 'mail', 'grab', 'uber', 'google_maps', 'maps', 'microsoft365', 'google_workspace', 'salesforce', 'zendesk', 'slack', 'trello', 'asana', 'zapier', 'shopify']",Smart_Garden,Plant_Monitoring,"['gardena', 'rachio', 'orbit_bhyve', 'rainmachine']",,,
645,Food_Order_Validation,"['Food_Ordering', 'Transaction_Validation']","['calender', 'mail', 'grab', 'uber', 'google_maps', 'maps', 'stripe', 'klarna', 'openbanking', 'plaid', 'paypal-sdk']",Secure_Roommate_Payment_Splits,"['Transaction_Validation', 'Access_Control']","['stripe', 'klarna', 'openbanking', 'plaid', 'paypal-sdk', 'scapy', 'nmap', 'metasploit', 'wireshark', 'burp-suite']",Real_Estate,Property_Listings,"['mls', 'zillow_api', 'realtor_api', 'redfin']",,,
646,Operating System Functions,System_Monitoring,"['scapy', 'docker', 'psutil', 'subprocess', 'os']",GraphQL_Based_Ad_Campaigns,"['GraphQL_Queries', 'Ad_Campaigns']","['scrapy', 'requests', 'httpx', 'fastapi', 'flask', 'postman', 'shopify', 'klarna', 'stripe', 'figma']",Entertainment,User_Recommendations,"['netflix_api', 'spotify_api', 'youtube_api', 'twitch_api']",,,
647,Data Processing,Transformation,"['scrapy', 'polars', 'apache-spark', 'airflow']",Music_Streaming,Audio_Quality_Control,"['spotify_api', 'apple_music', 'pandora', 'deezer']",Cloud_Gaming,Session_Control,"['stadia', 'geforce_now', 'xbox_cloud', 'amazon_luna']",,,
648,Finance payments,Transaction_Validation,"['stripe', 'klarna', 'openbanking', 'plaid', 'paypal-sdk']",Regular_Inventory_Alerts,"['Inventory_Tracking', 'Normalization']","['shopify', 'instacart', 'klarna', 'wish', 'scrapy', 'polars', 'apache-spark', 'airflow']",Drone_Operations,Flight_Planning,"['dji_sdk', 'airmap', 'dronelogbook', 'kittyhawk']",,,
649,Predictive_Supply_Chain_Management,"['Feature_Selection', 'Inventory_Tracking', 'Model_Training']","['huggingface_trl', 'pandas', 'numpy', 'scikit-learn', 'matplotlib', 'seaborn', 'xgboost', 'lightgbm', 'shopify', 'instacart', 'klarna', 'wish', 'huggingface_trl', 'pytorch', 'aws', 'mlflow']",Library_Management,Resource_Tracking,"['worldcat', 'libby', 'sierra_api', 'koha']",Speech_Technology,Text_Synthesis,"['deepspeech', 'whisper', 'google_speech', 'azure_speech']",,,
650,Cybersecurity,Network_Monitoring,"['scapy', 'nmap', 'metasploit', 'wireshark', 'burp-suite']",Online_Coursework_Notifier,"['Scholar_Search', 'Email_Automation']","['serper', 'duckduckgo', 'bind', 'calender', 'mail', 'grab', 'uber', 'google_maps', 'maps']",Video_Production,Color_Grading,"['adobe_premiere', 'final_cut', 'davinci_resolve', 'avid']",,,
651,Safe_Online_Grocery_Ordering,"['Food_Ordering', 'Access_Control']","['calender', 'mail', 'grab', 'uber', 'google_maps', 'maps', 'scapy', 'nmap', 'metasploit', 'wireshark', 'burp-suite']",Vacation_Itinerary_Customization,"['Venue_Search', 'HTML_Scraping']","['serper', 'duckduckgo', 'bind', 'scrapy', 'beautifulsoup', 'spacy', 'pandas']",Library_Management,Digital_Archives,"['worldcat', 'libby', 'sierra_api', 'koha']",,,
652,APIs in general,API_Auth,"['scrapy', 'requests', 'httpx', 'fastapi', 'flask', 'postman']",Search,Service_Search,"['serper', 'duckduckgo', 'bind']",Time_Series_Analysis,Anomaly_Detection,"['prophet', 'statsmodels', 'pmdarima', 'neuralprophet']",,,
653,Data Processing,Data_Cleaning,"['scrapy', 'polars', 'apache-spark', 'airflow']",Event_Management,Attendee_Tracking,"['eventbrite', 'ticketmaster', 'meetup_api', 'cvent']",Library_Management,Resource_Tracking,"['worldcat', 'libby', 'sierra_api', 'koha']",,,
654,Cybersecurity,Pentesting,"['scapy', 'nmap', 'metasploit', 'wireshark', 'burp-suite']",Grocery_Choice_Refinement,"['Food_Ordering', 'Feature_Selection']","['calender', 'mail', 'grab', 'uber', 'google_maps', 'maps', 'huggingface_trl', 'pandas', 'numpy', 'scikit-learn', 'matplotlib', 'seaborn', 'xgboost', 'lightgbm']",Voice_Assistant,Device_Control,"['alexa_skills', 'google_assistant', 'siri_shortcuts', 'cortana']",,,
655,Cybersecurity,Pentesting,"['scapy', 'nmap', 'metasploit', 'wireshark', 'burp-suite']",SSH_Based_Financial_Deployment,"['SSH', 'Payment_Gateway_Integration', 'Deployment_Pipelines']","['scapy', 'docker', 'psutil', 'subprocess', 'os', 'stripe', 'klarna', 'openbanking', 'plaid', 'paypal-sdk', 'aws', 'docker', 'kubernetes', 'prometheus', 'terraform', 'ansible', 'jenkins', 'gitlab-ci']",Home_Services,Provider_Management,"['angi', 'thumbtack', 'homeadvisor', 'taskrabbit']",,,
656,Investor_Research_Pipeline,"['Scholar_Search', 'Risk_Management', 'Aggregation']","['serper', 'duckduckgo', 'bind', 'quantlib', 'pandas', 'numpy', 'backtrader', 'ccxt', 'scrapy', 'polars', 'apache-spark', 'airflow']",Music_Streaming,Playlist_Management,"['spotify_api', 'apple_music', 'pandora', 'deezer']",Mental_Health,Therapy_Management,"['betterhelp', 'talkspace', 'calm', 'headspace']",,,
657,Search,Product_Search,"['serper', 'duckduckgo', 'bind']",RESTful_DB_Access_Control,"['REST_API_Integration', 'Database_Testing', 'Access_Control']","['scrapy', 'requests', 'httpx', 'fastapi', 'flask', 'postman', 'aws', 'kubernetes', 'sqlalchemy', 'mongoengine', 'redis', 'postgresql', 'scapy', 'nmap', 'metasploit', 'wireshark', 'burp-suite']",Space_Technology,Satellite_Control,"['nasa_api', 'spacex_api', 'esa_toolkit', 'orbital_mechanics']",,,
658,Unified_System_Infrastructure_Monitoring,"['System_Monitoring', 'Infrastructure_Monitoring']","['scapy', 'docker', 'psutil', 'subprocess', 'os', 'aws', 'docker', 'kubernetes', 'prometheus', 'terraform', 'ansible', 'jenkins', 'gitlab-ci']",AI_Coupon_Email_Campaign,"['Email_Automation', 'Ad_Campaigns', 'Feature_Selection']","['calender', 'mail', 'grab', 'uber', 'google_maps', 'maps', 'shopify', 'klarna', 'stripe', 'figma', 'huggingface_trl', 'pandas', 'numpy', 'scikit-learn', 'matplotlib', 'seaborn', 'xgboost', 'lightgbm']",Water_Utilities,Billing_Management,"['water_smart', 'aquahawk', 'sensus_analytics', 'waterscope']",,,
659,SSH_Based_Financial_Deployment,"['SSH', 'Payment_Gateway_Integration', 'Deployment_Pipelines']","['scapy', 'docker', 'psutil', 'subprocess', 'os', 'stripe', 'klarna', 'openbanking', 'plaid', 'paypal-sdk', 'aws', 'docker', 'kubernetes', 'prometheus', 'terraform', 'ansible', 'jenkins', 'gitlab-ci']",Legal_Technology,Legal_Research,"['clio', 'lexisnexis', 'westlaw', 'rocket_lawyer']",Wine_Management,Pairing_Suggestions,"['vivino', 'cellartracker', 'wine_searcher', 'delectable']",,,
660,Machine Learning Engineering,Model_Training,"['huggingface_trl', 'pytorch', 'aws', 'mlflow']",Legal_Technology,Case_Management,"['clio', 'lexisnexis', 'westlaw', 'rocket_lawyer']",Drone_Operations,Data_Collection,"['dji_sdk', 'airmap', 'dronelogbook', 'kittyhawk']",,,
661,Secure_Roommate_Payment_Splits,"['Transaction_Validation', 'Access_Control']","['stripe', 'klarna', 'openbanking', 'plaid', 'paypal-sdk', 'scapy', 'nmap', 'metasploit', 'wireshark', 'burp-suite']",Food_Delivery,Driver_Dispatch,"['doordash', 'uber_eats', 'grubhub', 'postmates']",Bioinformatics,Phylogenetic_Studies,"['biopython', 'blast', 'samtools', 'galaxy']",,,
662,Machine Learning Engineering,Model_Serving,"['huggingface_trl', 'pytorch', 'aws', 'mlflow']",Data Science,Regression_Models,"['huggingface_trl', 'pandas', 'numpy', 'scikit-learn', 'matplotlib', 'seaborn', 'xgboost', 'lightgbm']",Waste_Management,Compliance_Reporting,"['rubicon', 'waste_management_api', 'recycle_track_systems', 'compology']",,,
663,Devops,Infrastructure_Monitoring,"['aws', 'docker', 'kubernetes', 'prometheus', 'terraform', 'ansible', 'jenkins', 'gitlab-ci']",Automated_User_Permissioning,"['User_Permissions', 'API_Auth']","['scapy', 'docker', 'psutil', 'subprocess', 'os', 'scrapy', 'requests', 'httpx', 'fastapi', 'flask', 'postman']",Kid_Friendly_Tutor_Search,"['Scholar_Search', 'Classification_Pipelines']","['serper', 'duckduckgo', 'bind', 'huggingface_trl', 'pandas', 'numpy', 'scikit-learn', 'matplotlib', 'seaborn', 'xgboost', 'lightgbm']",,,
664,OCR_Powered_Accounting_Audit,"['OCR_Processing', 'Accounting']","['scrapy', 'beautifulsoup', 'spacy', 'pandas', 'stripe', 'klarna', 'openbanking', 'plaid', 'paypal-sdk']",API_Testing_Based_Risk_Monitor,"['API_Testing', 'Risk_Management', 'Infrastructure_Monitoring']","['scrapy', 'requests', 'httpx', 'fastapi', 'flask', 'postman', 'quantlib', 'pandas', 'numpy', 'backtrader', 'ccxt', 'aws', 'docker', 'kubernetes', 'prometheus', 'terraform', 'ansible', 'jenkins', 'gitlab-ci']",Library_Management,Catalog_System,"['worldcat', 'libby', 'sierra_api', 'koha']",,,
665,Finance payments,Invoicing,"['stripe', 'klarna', 'openbanking', 'plaid', 'paypal-sdk']",Fitness_Technology,Nutrition_Planning,"['fitbit', 'garmin_connect', 'apple_healthkit', 'myfitnesspal']",Water_Utilities,Consumption_Monitoring,"['water_smart', 'aquahawk', 'sensus_analytics', 'waterscope']",,,
666,Data Science,Feature_Selection,"['huggingface_trl', 'pandas', 'numpy', 'scikit-learn', 'matplotlib', 'seaborn', 'xgboost', 'lightgbm']",Personalized_Budget_Analysis,"['Accounting', 'CSV_Analysis']","['stripe', 'klarna', 'openbanking', 'plaid', 'paypal-sdk', 'scrapy', 'beautifulsoup', 'spacy', 'pandas']",Sleep_Analysis,Quality_Assessment,"['oura_ring', 'withings', 'sleep_cycle', 'fitbit']",,,
667,Databases,DB_Caching,"['aws', 'kubernetes', 'sqlalchemy', 'mongoengine', 'redis', 'postgresql']",Consumer Discretionary Software,Conversion_Tracking,"['shopify', 'klarna', 'stripe', 'figma']",Load_Balanced_Ad_Campaigns,"['Load_Testing', 'Ad_Campaigns']","['scrapy', 'requests', 'httpx', 'fastapi', 'flask', 'postman', 'shopify', 'klarna', 'stripe', 'figma']",,,
668,Safe_Online_Grocery_Ordering,"['Food_Ordering', 'Access_Control']","['calender', 'mail', 'grab', 'uber', 'google_maps', 'maps', 'scapy', 'nmap', 'metasploit', 'wireshark', 'burp-suite']",Automotive_Technology,Vehicle_Diagnostics,"['obd2', 'tesla_api', 'bmw_connecteddrive', 'ford_sync']",Pet_Care,Activity_Monitoring,"['petfinder', 'vetsource', 'whistle', 'pawboost']",,,
669,Kid-Friendly_Restaurant_Finder,"['Food_Ordering', 'Classification_Pipelines']","['calender', 'mail', 'grab', 'uber', 'google_maps', 'maps', 'huggingface_trl', 'pandas', 'numpy', 'scikit-learn', 'matplotlib', 'seaborn', 'xgboost', 'lightgbm']",Voice_Assistant,Device_Control,"['alexa_skills', 'google_assistant', 'siri_shortcuts', 'cortana']",Space_Technology,Mission_Planning,"['nasa_api', 'spacex_api', 'esa_toolkit', 'orbital_mechanics']",,,
670,Local_Service_Discovery,"['API_Auth', 'Product_Catalog_Management']","['scrapy', 'requests', 'httpx', 'fastapi', 'flask', 'postman', 'shopify', 'instacart', 'klarna', 'wish']",Mental_Health,Therapy_Management,"['betterhelp', 'talkspace', 'calm', 'headspace']",Waste_Management,Collection_Routing,"['rubicon', 'waste_management_api', 'recycle_track_systems', 'compology']",,,
671,Operating System Functions,Shell_Scripting,"['scapy', 'docker', 'psutil', 'subprocess', 'os']",Education_Technology,Course_Management,"['canvas', 'blackboard', 'moodle', 'schoology']",Environmental_Monitoring,Air_Quality_Analysis,"['openaq', 'airvisual', 'breezometer', 'weatherbit']",,,
672,Data Processing,Transformation,"['scrapy', 'polars', 'apache-spark', 'airflow']",Local_Food_Recipe_Curation,"['Food_Ordering', 'Aggregation']","['calender', 'mail', 'grab', 'uber', 'google_maps', 'maps', 'scrapy', 'polars', 'apache-spark', 'airflow']",Telecommunications,Traffic_Analysis,"['cisco_meraki', 'nokia_apis', 'ericsson_api', 'twilio']",,,
673,Algorithmic Trading,Market_Data_Streaming,"['quantlib', 'pandas', 'numpy', 'backtrader', 'ccxt']",Tokenized_Accounting_Audit,"['Token_Transfers', 'Accounting']","['web3', 'stripe', 'klarna', 'openbanking', 'plaid', 'paypal-sdk']",Music_Streaming,Recommendation_Engine,"['spotify_api', 'apple_music', 'pandora', 'deezer']",,,
674,Personal Assistant,Email_Automation,"['calender', 'mail', 'grab', 'uber', 'google_maps', 'maps']",Sports_Analytics,Team_Management,"['mlb_statsapi', 'nba_api', 'fifa_api', 'strava_api']",Wine_Management,Tasting_Notes,"['vivino', 'cellartracker', 'wine_searcher', 'delectable']",,,
675,E-commerce,Cart_Checkout_Flow,"['shopify', 'instacart', 'klarna', 'wish']",Telecommunications,Traffic_Analysis,"['cisco_meraki', 'nokia_apis', 'ericsson_api', 'twilio']",Sleep_Analysis,Sleep_Tracking,"['oura_ring', 'withings', 'sleep_cycle', 'fitbit']",,,
676,Supply_Chain,Logistics_Planning,"['sap', 'oracle_scm', 'manhattan', 'blueyonder']",Real_Estate,Property_Valuation,"['mls', 'zillow_api', 'realtor_api', 'redfin']",Fitness_Technology,Goal_Setting,"['fitbit', 'garmin_connect', 'apple_healthkit', 'myfitnesspal']",,,
677,Digital_Marketing,Campaign_Analytics,"['google_ads', 'facebook_marketing', 'mailchimp', 'hubspot']",Fitness_Technology,Workout_Tracking,"['fitbit', 'garmin_connect', 'apple_healthkit', 'myfitnesspal']",Library_Management,Borrower_Services,"['worldcat', 'libby', 'sierra_api', 'koha']",,,
678,Search,Product_Search,"['serper', 'duckduckgo', 'bind']",Developer Tools,Backend_Deployment,"['github', 'git', 'docker', 'aws', 'vercel', 'vscode', 'pre-commit']",Sleep_Analysis,Quality_Assessment,"['oura_ring', 'withings', 'sleep_cycle', 'fitbit']",,,
679,SaaS,Team_Management,"['microsoft365', 'google_workspace', 'salesforce', 'zendesk', 'slack', 'trello', 'asana', 'zapier', 'shopify']",MultiCloud_DevOps_Clustering_Insights,"['Cloud_Infra_Setup', 'Continuous_Integration', 'Clustering_Analysis']","['github', 'git', 'docker', 'aws', 'vercel', 'vscode', 'pre-commit', 'aws', 'docker', 'kubernetes', 'prometheus', 'terraform', 'ansible', 'jenkins', 'gitlab-ci', 'huggingface_trl', 'pandas', 'numpy', 'scikit-learn', 'matplotlib', 'seaborn', 'xgboost', 'lightgbm']",Real_Estate,Property_Listings,"['mls', 'zillow_api', 'realtor_api', 'redfin']",,,
680,Search,Image_Search,"['serper', 'duckduckgo', 'bind']",Data_Science_Billing_API_Integration,"['Regression_Models', 'Invoicing', 'API_Auth']","['huggingface_trl', 'pandas', 'numpy', 'scikit-learn', 'matplotlib', 'seaborn', 'xgboost', 'lightgbm', 'stripe', 'klarna', 'openbanking', 'plaid', 'paypal-sdk', 'scrapy', 'requests', 'httpx', 'fastapi', 'flask', 'postman']",Home_Services,Project_Tracking,"['angi', 'thumbtack', 'homeadvisor', 'taskrabbit']",,,
681,APIs in general,API_Auth,"['scrapy', 'requests', 'httpx', 'fastapi', 'flask', 'postman']",Environmental_Monitoring,Waste_Management,"['openaq', 'airvisual', 'breezometer', 'weatherbit']",Automotive_Technology,Vehicle_Diagnostics,"['obd2', 'tesla_api', 'bmw_connecteddrive', 'ford_sync']",,,
682,XLSX_Based_Access_Controls,"['XLSX_Analysis', 'Access_Control']","['scrapy', 'beautifulsoup', 'spacy', 'pandas', 'scapy', 'nmap', 'metasploit', 'wireshark', 'burp-suite']",Doctor_Appointment_Booking,"['Calendar_Management', 'Payment_Gateway_Integration']","['calender', 'mail', 'grab', 'uber', 'google_maps', 'maps', 'stripe', 'klarna', 'openbanking', 'plaid', 'paypal-sdk']",Digital_Marketing,ROI_Tracking,"['google_ads', 'facebook_marketing', 'mailchimp', 'hubspot']",,,
683,Data Processing,Normalization,"['scrapy', 'polars', 'apache-spark', 'airflow']",Safe_Online_Grocery_Ordering,"['Food_Ordering', 'Access_Control']","['calender', 'mail', 'grab', 'uber', 'google_maps', 'maps', 'scapy', 'nmap', 'metasploit', 'wireshark', 'burp-suite']",Language_Learning,Course_Progress,"['duolingo', 'rosetta_stone', 'babbel', 'memrise']",,,
684,Baking_Recipe_PDF_Sharing,"['PDF_Parsing', 'Feature_Selection']","['scrapy', 'beautifulsoup', 'spacy', 'pandas', 'huggingface_trl', 'pandas', 'numpy', 'scikit-learn', 'matplotlib', 'seaborn', 'xgboost', 'lightgbm']",Family_Medical_Budget_Plan,"['Accounting', 'Calendar_Management']","['stripe', 'klarna', 'openbanking', 'plaid', 'paypal-sdk', 'calender', 'mail', 'grab', 'uber', 'google_maps', 'maps']",Event_Ticket_Advisor,"['Venue_Search', 'GraphQL_Queries', 'Classification_Pipelines']","['serper', 'duckduckgo', 'bind', 'scrapy', 'requests', 'httpx', 'fastapi', 'flask', 'postman', 'huggingface_trl', 'pandas', 'numpy', 'scikit-learn', 'matplotlib', 'seaborn', 'xgboost', 'lightgbm']",,,
685,Kid-Friendly_Restaurant_Finder,"['Food_Ordering', 'Classification_Pipelines']","['calender', 'mail', 'grab', 'uber', 'google_maps', 'maps', 'huggingface_trl', 'pandas', 'numpy', 'scikit-learn', 'matplotlib', 'seaborn', 'xgboost', 'lightgbm']",Agriculture_Tech,Soil_Analysis,"['john_deere_api', 'climate_fieldview', 'farmers_edge', 'agrivi']",Mental_Health,Progress_Assessment,"['betterhelp', 'talkspace', 'calm', 'headspace']",,,
686,Data Science,Regression_Models,"['huggingface_trl', 'pandas', 'numpy', 'scikit-learn', 'matplotlib', 'seaborn', 'xgboost', 'lightgbm']",Adaptive_Calendar_Integration,"['Calendar_Management', 'Integration']","['calender', 'mail', 'grab', 'uber', 'google_maps', 'maps', 'microsoft365', 'google_workspace', 'salesforce', 'zendesk', 'slack', 'trello', 'asana', 'zapier', 'shopify']",Human_Resources,Recruitment_Management,"['workday', 'successfactors', 'bamboo_hr', 'greenhouse']",,,
687,Personal Assistant,Email_Automation,"['calender', 'mail', 'grab', 'uber', 'google_maps', 'maps']",Databases,DB_Caching,"['aws', 'kubernetes', 'sqlalchemy', 'mongoengine', 'redis', 'postgresql']",Historic_News_Review,"['News_Search', 'HTML_Scraping']","['serper', 'duckduckgo', 'bind', 'scrapy', 'beautifulsoup', 'spacy', 'pandas']",,,
688,Developer Tools,Backend_Deployment,"['github', 'git', 'docker', 'aws', 'vercel', 'vscode', 'pre-commit']",Supply_Chain,Inventory_Management,"['sap', 'oracle_scm', 'manhattan', 'blueyonder']",Sports_Analytics,Player_Statistics,"['mlb_statsapi', 'nba_api', 'fifa_api', 'strava_api']",,,
689,Service_Cost_Breakdown,"['Service_Search', 'Accounting']","['serper', 'duckduckgo', 'bind', 'stripe', 'klarna', 'openbanking', 'plaid', 'paypal-sdk']",Travel_Management,Itinerary_Planning,"['amadeus', 'sabre', 'travelport', 'expedia_api']",Drone_Operations,Safety_Compliance,"['dji_sdk', 'airmap', 'dronelogbook', 'kittyhawk']",,,
690,Safe_Online_Grocery_Ordering,"['Food_Ordering', 'Access_Control']","['calender', 'mail', 'grab', 'uber', 'google_maps', 'maps', 'scapy', 'nmap', 'metasploit', 'wireshark', 'burp-suite']",Shared_Event_Email_Reminders,"['Email_Automation', 'Calendar_Management']","['calender', 'mail', 'grab', 'uber', 'google_maps', 'maps', 'calender', 'mail', 'grab', 'uber', 'google_maps', 'maps']",Pet_Care,Activity_Monitoring,"['petfinder', 'vetsource', 'whistle', 'pawboost']",,,
691,House_Rental_Payment_Splitting,"['Transaction_Validation', 'User_Permissions']","['stripe', 'klarna', 'openbanking', 'plaid', 'paypal-sdk', 'scapy', 'docker', 'psutil', 'subprocess', 'os']",Music_Streaming,Audio_Quality_Control,"['spotify_api', 'apple_music', 'pandora', 'deezer']",Social_Media_Analytics,Competitor_Tracking,"['twitter_api', 'facebook_api', 'instagram_api', 'linkedin_api']",,,
692,Developer Tools,Frontend_Bundling,"['github', 'git', 'docker', 'aws', 'vercel', 'vscode', 'pre-commit']",Tokenized_Accounting_Audit,"['Token_Transfers', 'Accounting']","['web3', 'stripe', 'klarna', 'openbanking', 'plaid', 'paypal-sdk']",Predictive_Supply_Chain_Management,"['Feature_Selection', 'Inventory_Tracking', 'Model_Training']","['huggingface_trl', 'pandas', 'numpy', 'scikit-learn', 'matplotlib', 'seaborn', 'xgboost', 'lightgbm', 'shopify', 'instacart', 'klarna', 'wish', 'huggingface_trl', 'pytorch', 'aws', 'mlflow']",,,
693,Search,Scholar_Search,"['serper', 'duckduckgo', 'bind']",Family_Event_Scheduling,"['Calendar_Management', 'Team_Management']","['calender', 'mail', 'grab', 'uber', 'google_maps', 'maps', 'microsoft365', 'google_workspace', 'salesforce', 'zendesk', 'slack', 'trello', 'asana', 'zapier', 'shopify']",Local_Repair_Service_Comparison,"['Service_Search', 'Normalization']","['serper', 'duckduckgo', 'bind', 'scrapy', 'polars', 'apache-spark', 'airflow']",,,
694,Academic_Resource_Planner,"['Scholar_Search', 'Calendar_Management']","['serper', 'duckduckgo', 'bind', 'calender', 'mail', 'grab', 'uber', 'google_maps', 'maps']",Automotive_Technology,Performance_Monitoring,"['obd2', 'tesla_api', 'bmw_connecteddrive', 'ford_sync']",Restaurant_Management,Order_Processing,"['toast_pos', 'square', 'opentable', 'yelp_fusion']",,,
695,Public_Transportation,Schedule_Management,"['transitland', 'here_transit', 'moovit', 'citymapper']",Parking_Management,Occupancy_Tracking,"['parkwhiz', 'spothero', 'passport_parking', 'parkmobile']",Smart_Garden,Weather_Integration,"['gardena', 'rachio', 'orbit_bhyve', 'rainmachine']",,,
696,Operating System Functions,User_Permissions,"['scapy', 'docker', 'psutil', 'subprocess', 'os']",Video_Production,Editing_Workflow,"['adobe_premiere', 'final_cut', 'davinci_resolve', 'avid']",Language_Learning,Assessment_Tools,"['duolingo', 'rosetta_stone', 'babbel', 'memrise']",,,
697,Overdue_Bill_Automation,"['Email_Automation', 'Invoicing']","['calender', 'mail', 'grab', 'uber', 'google_maps', 'maps', 'stripe', 'klarna', 'openbanking', 'plaid', 'paypal-sdk']",Pentesting_Containerized_Backend_Deployment,"['Pentesting', 'Containerization', 'Backend_Deployment']","['scapy', 'nmap', 'metasploit', 'wireshark', 'burp-suite', 'aws', 'docker', 'kubernetes', 'prometheus', 'terraform', 'ansible', 'jenkins', 'gitlab-ci', 'github', 'git', 'docker', 'aws', 'vercel', 'vscode', 'pre-commit']",Digital_Marketing,Audience_Segmentation,"['google_ads', 'facebook_marketing', 'mailchimp', 'hubspot']",,,
698,Personal Assistant,Rideshare_Booking,"['calender', 'mail', 'grab', 'uber', 'google_maps', 'maps']",Recurring_Calendar_Invoicing,"['Calendar_Management', 'Invoicing']","['calender', 'mail', 'grab', 'uber', 'google_maps', 'maps', 'stripe', 'klarna', 'openbanking', 'plaid', 'paypal-sdk']",Fitness_Technology,Goal_Setting,"['fitbit', 'garmin_connect', 'apple_healthkit', 'myfitnesspal']",,,
699,Digital_Marketing,Campaign_Analytics,"['google_ads', 'facebook_marketing', 'mailchimp', 'hubspot']",Water_Utilities,Consumption_Monitoring,"['water_smart', 'aquahawk', 'sensus_analytics', 'waterscope']",Food_Delivery,Driver_Dispatch,"['doordash', 'uber_eats', 'grubhub', 'postmates']",,,
700,Devops,Infrastructure_Monitoring,"['aws', 'docker', 'kubernetes', 'prometheus', 'terraform', 'ansible', 'jenkins', 'gitlab-ci']",Real_Estate,Property_Valuation,"['mls', 'zillow_api', 'realtor_api', 'redfin']",Home_Services,Service_Scheduling,"['angi', 'thumbtack', 'homeadvisor', 'taskrabbit']",,,
701,Log_Analysis_Powered_by_Regression,"['Log_Analysis', 'Regression_Models']","['scapy', 'nmap', 'metasploit', 'wireshark', 'burp-suite', 'huggingface_trl', 'pandas', 'numpy', 'scikit-learn', 'matplotlib', 'seaborn', 'xgboost', 'lightgbm']",Telecommunications,Network_Management,"['cisco_meraki', 'nokia_apis', 'ericsson_api', 'twilio']",Telecommunications,Quality_Monitoring,"['cisco_meraki', 'nokia_apis', 'ericsson_api', 'twilio']",,,
702,Search,Service_Search,"['serper', 'duckduckgo', 'bind']",Seasonal_Product_Recommendations,"['Product_Catalog_Management', 'Clustering_Analysis']","['shopify', 'instacart', 'klarna', 'wish', 'huggingface_trl', 'pandas', 'numpy', 'scikit-learn', 'matplotlib', 'seaborn', 'xgboost', 'lightgbm']",Dental_Care,Appointment_Scheduling,"['dentrix', 'eaglesoft', 'opendental', 'curve_dental']",,,
703,Cybersecurity,Vulnerability_Scanning,"['scapy', 'nmap', 'metasploit', 'wireshark', 'burp-suite']",Human_Resources,Performance_Evaluation,"['workday', 'successfactors', 'bamboo_hr', 'greenhouse']",Virtual_Reality,Interaction_Design,"['unity_xr', 'unreal_vr', 'oculus_sdk', 'steamvr']",,,
704,Blockchain,Wallet_Management,['web3'],Overdue_Bill_Automation,"['Email_Automation', 'Invoicing']","['calender', 'mail', 'grab', 'uber', 'google_maps', 'maps', 'stripe', 'klarna', 'openbanking', 'plaid', 'paypal-sdk']",Legal_Technology,Compliance_Tracking,"['clio', 'lexisnexis', 'westlaw', 'rocket_lawyer']",,,
705,APIs in general,REST_API_Integration,"['scrapy', 'requests', 'httpx', 'fastapi', 'flask', 'postman']",Web_Data_Clustering,"['HTML_Scraping', 'Clustering_Analysis']","['scrapy', 'beautifulsoup', 'spacy', 'pandas', 'huggingface_trl', 'pandas', 'numpy', 'scikit-learn', 'matplotlib', 'seaborn', 'xgboost', 'lightgbm']",Entertainment,Media_Management,"['netflix_api', 'spotify_api', 'youtube_api', 'twitch_api']",,,
706,Machine Learning Engineering,Model_Training,"['huggingface_trl', 'pytorch', 'aws', 'mlflow']",Agriculture_Tech,Yield_Prediction,"['john_deere_api', 'climate_fieldview', 'farmers_edge', 'agrivi']",Federated_Learning,Aggregation_Control,"['tensorflow_federated', 'pysyft', 'flower', 'fedml']",,,
707,CRM_Oriented_Database_Schema,"['CRM_Enhancements', 'Schema_Design']","['shopify', 'klarna', 'stripe', 'figma', 'aws', 'kubernetes', 'sqlalchemy', 'mongoengine', 'redis', 'postgresql']",Data_Science_Billing_API_Integration,"['Regression_Models', 'Invoicing', 'API_Auth']","['huggingface_trl', 'pandas', 'numpy', 'scikit-learn', 'matplotlib', 'seaborn', 'xgboost', 'lightgbm', 'stripe', 'klarna', 'openbanking', 'plaid', 'paypal-sdk', 'scrapy', 'requests', 'httpx', 'fastapi', 'flask', 'postman']",Sports_Analytics,Performance_Tracking,"['mlb_statsapi', 'nba_api', 'fifa_api', 'strava_api']",,,
708,Databases,DB_Caching,"['aws', 'kubernetes', 'sqlalchemy', 'mongoengine', 'redis', 'postgresql']",Wine_Management,Pairing_Suggestions,"['vivino', 'cellartracker', 'wine_searcher', 'delectable']",Voice_Assistant,Command_Processing,"['alexa_skills', 'google_assistant', 'siri_shortcuts', 'cortana']",,,
709,Databases,DB_Caching,"['aws', 'kubernetes', 'sqlalchemy', 'mongoengine', 'redis', 'postgresql']",Web_Data_Clustering,"['HTML_Scraping', 'Clustering_Analysis']","['scrapy', 'beautifulsoup', 'spacy', 'pandas', 'huggingface_trl', 'pandas', 'numpy', 'scikit-learn', 'matplotlib', 'seaborn', 'xgboost', 'lightgbm']",Contextual_Product_Bundling,"['Product_Catalog_Management', 'Aggregation']","['shopify', 'instacart', 'klarna', 'wish', 'scrapy', 'polars', 'apache-spark', 'airflow']",,,
710,Containerized_Shell_Scripting,"['Containerization', 'Shell_Scripting']","['aws', 'docker', 'kubernetes', 'prometheus', 'terraform', 'ansible', 'jenkins', 'gitlab-ci', 'scapy', 'docker', 'psutil', 'subprocess', 'os']",Gaming_Development,Player_Engagement,"['unity', 'unreal_engine', 'steam_api', 'playfab']",Smart_Garden,Plant_Monitoring,"['gardena', 'rachio', 'orbit_bhyve', 'rainmachine']",,,
711,Databases,Database_Testing,"['aws', 'kubernetes', 'sqlalchemy', 'mongoengine', 'redis', 'postgresql']",Automated_Model_Deployment,"['Model_Serving', 'Deployment_Pipelines']","['huggingface_trl', 'pytorch', 'aws', 'mlflow', 'aws', 'docker', 'kubernetes', 'prometheus', 'terraform', 'ansible', 'jenkins', 'gitlab-ci']",Supply_Chain,Supplier_Management,"['sap', 'oracle_scm', 'manhattan', 'blueyonder']",,,
712,Devops,Containerization,"['aws', 'docker', 'kubernetes', 'prometheus', 'terraform', 'ansible', 'jenkins', 'gitlab-ci']",Subscription_Bill_Validation,"['Transaction_Validation', 'Feature_Selection']","['stripe', 'klarna', 'openbanking', 'plaid', 'paypal-sdk', 'huggingface_trl', 'pandas', 'numpy', 'scikit-learn', 'matplotlib', 'seaborn', 'xgboost', 'lightgbm']",Manufacturing,Production_Planning,"['siemens_mindsphere', 'ge_predix', 'rockwell_automation', 'fanuc']",,,
713,APIs in general,GraphQL_Queries,"['scrapy', 'requests', 'httpx', 'fastapi', 'flask', 'postman']",Cultural_Venue_Recommendation,"['Venue_Search', 'Classification_Pipelines']","['serper', 'duckduckgo', 'bind', 'huggingface_trl', 'pandas', 'numpy', 'scikit-learn', 'matplotlib', 'seaborn', 'xgboost', 'lightgbm']",Language_Learning,Vocabulary_Training,"['duolingo', 'rosetta_stone', 'babbel', 'memrise']",,,
714,Household_Expense_Auditing,"['Invoicing', 'CSV_Analysis']","['stripe', 'klarna', 'openbanking', 'plaid', 'paypal-sdk', 'scrapy', 'beautifulsoup', 'spacy', 'pandas']",Online_Coursework_Notifier,"['Scholar_Search', 'Email_Automation']","['serper', 'duckduckgo', 'bind', 'calender', 'mail', 'grab', 'uber', 'google_maps', 'maps']",Music_Streaming,Audio_Quality_Control,"['spotify_api', 'apple_music', 'pandora', 'deezer']",,,
715,Personal Assistant,Calendar_Management,"['calender', 'mail', 'grab', 'uber', 'google_maps', 'maps']",Water_Utilities,Billing_Management,"['water_smart', 'aquahawk', 'sensus_analytics', 'waterscope']",Cloud_Gaming,Quality_Optimization,"['stadia', 'geforce_now', 'xbox_cloud', 'amazon_luna']",,,
716,Cybersecurity,Pentesting,"['scapy', 'nmap', 'metasploit', 'wireshark', 'burp-suite']",RESTful_DB_Access_Control,"['REST_API_Integration', 'Database_Testing', 'Access_Control']","['scrapy', 'requests', 'httpx', 'fastapi', 'flask', 'postman', 'aws', 'kubernetes', 'sqlalchemy', 'mongoengine', 'redis', 'postgresql', 'scapy', 'nmap', 'metasploit', 'wireshark', 'burp-suite']",Fitness_Technology,Progress_Monitoring,"['fitbit', 'garmin_connect', 'apple_healthkit', 'myfitnesspal']",,,
717,OCR_Fulfillment_Inventory_Sync,"['OCR_Processing', 'Order_Fulfillment', 'Inventory_Tracking']","['scrapy', 'beautifulsoup', 'spacy', 'pandas', 'shopify', 'instacart', 'klarna', 'wish', 'shopify', 'instacart', 'klarna', 'wish']",Gaming_Development,Game_Analytics,"['unity', 'unreal_engine', 'steam_api', 'playfab']",Voice_Assistant,Response_Generation,"['alexa_skills', 'google_assistant', 'siri_shortcuts', 'cortana']",,,
718,Data Processing,Aggregation,"['scrapy', 'polars', 'apache-spark', 'airflow']",AI_Coupon_Email_Campaign,"['Email_Automation', 'Ad_Campaigns', 'Feature_Selection']","['calender', 'mail', 'grab', 'uber', 'google_maps', 'maps', 'shopify', 'klarna', 'stripe', 'figma', 'huggingface_trl', 'pandas', 'numpy', 'scikit-learn', 'matplotlib', 'seaborn', 'xgboost', 'lightgbm']",Home_Services,Project_Tracking,"['angi', 'thumbtack', 'homeadvisor', 'taskrabbit']",,,
719,Automotive_Technology,Vehicle_Diagnostics,"['obd2', 'tesla_api', 'bmw_connecteddrive', 'ford_sync']",Dental_Care,Patient_Records,"['dentrix', 'eaglesoft', 'opendental', 'curve_dental']",Virtual_Reality,Scene_Development,"['unity_xr', 'unreal_vr', 'oculus_sdk', 'steamvr']",,,
720,Personal Assistant,Email_Automation,"['calender', 'mail', 'grab', 'uber', 'google_maps', 'maps']",Pet_Care,Vaccination_Tracking,"['petfinder', 'vetsource', 'whistle', 'pawboost']",Speech_Technology,Text_Synthesis,"['deepspeech', 'whisper', 'google_speech', 'azure_speech']",,,
721,Devops,Infrastructure_Monitoring,"['aws', 'docker', 'kubernetes', 'prometheus', 'terraform', 'ansible', 'jenkins', 'gitlab-ci']",Automated_User_Permissioning,"['User_Permissions', 'API_Auth']","['scapy', 'docker', 'psutil', 'subprocess', 'os', 'scrapy', 'requests', 'httpx', 'fastapi', 'flask', 'postman']",Household_Bill_Organization,"['Invoicing', 'PDF_Parsing']","['stripe', 'klarna', 'openbanking', 'plaid', 'paypal-sdk', 'scrapy', 'beautifulsoup', 'spacy', 'pandas']",,,
722,Machine Learning Engineering,Data_Feature_Engineering,"['huggingface_trl', 'pytorch', 'aws', 'mlflow']",Developer Tools,Deploy_WebApp,"['github', 'git', 'docker', 'aws', 'vercel', 'vscode', 'pre-commit']",Personal_Assistant_Budgeting,"['Calendar_Management', 'Accounting', 'CSV_Analysis']","['calender', 'mail', 'grab', 'uber', 'google_maps', 'maps', 'stripe', 'klarna', 'openbanking', 'plaid', 'paypal-sdk', 'scrapy', 'beautifulsoup', 'spacy', 'pandas']",,,
723,Real_Estate,Market_Analysis,"['mls', 'zillow_api', 'realtor_api', 'redfin']",Art_Gallery,Artwork_Tracking,"['artsy', 'museum_api', 'getty', 'smithsonian_api']",Smart_Garden,Plant_Monitoring,"['gardena', 'rachio', 'orbit_bhyve', 'rainmachine']",,,
724,Developer Tools,Cloud_Infra_Setup,"['github', 'git', 'docker', 'aws', 'vercel', 'vscode', 'pre-commit']",Language_Learning,Assessment_Tools,"['duolingo', 'rosetta_stone', 'babbel', 'memrise']",Space_Technology,Telemetry_Analysis,"['nasa_api', 'spacex_api', 'esa_toolkit', 'orbital_mechanics']",,,
725,Sports_Analytics,Player_Statistics,"['mlb_statsapi', 'nba_api', 'fifa_api', 'strava_api']",Energy_Management,Consumption_Analysis,"['enphase', 'solaredge', 'schneider_electric', 'siemens_energy']",Public_Transportation,Schedule_Management,"['transitland', 'here_transit', 'moovit', 'citymapper']",,,
726,Adaptive_Calendar_Integration,"['Calendar_Management', 'Integration']","['calender', 'mail', 'grab', 'uber', 'google_maps', 'maps', 'microsoft365', 'google_workspace', 'salesforce', 'zendesk', 'slack', 'trello', 'asana', 'zapier', 'shopify']",Baking_Recipe_PDF_Sharing,"['PDF_Parsing', 'Feature_Selection']","['scrapy', 'beautifulsoup', 'spacy', 'pandas', 'huggingface_trl', 'pandas', 'numpy', 'scikit-learn', 'matplotlib', 'seaborn', 'xgboost', 'lightgbm']",Predictive_Supply_Chain_Management,"['Feature_Selection', 'Inventory_Tracking', 'Model_Training']","['huggingface_trl', 'pandas', 'numpy', 'scikit-learn', 'matplotlib', 'seaborn', 'xgboost', 'lightgbm', 'shopify', 'instacart', 'klarna', 'wish', 'huggingface_trl', 'pytorch', 'aws', 'mlflow']",,,
727,Education_Technology,Student_Assessment,"['canvas', 'blackboard', 'moodle', 'schoology']",Water_Utilities,Quality_Testing,"['water_smart', 'aquahawk', 'sensus_analytics', 'waterscope']",Speech_Technology,Accent_Analysis,"['deepspeech', 'whisper', 'google_speech', 'azure_speech']",,,
728,Smart_Contract_Prediction,"['Smart_Contract_Interaction', 'Classification_Pipelines']","['web3', 'huggingface_trl', 'pandas', 'numpy', 'scikit-learn', 'matplotlib', 'seaborn', 'xgboost', 'lightgbm']",Household_Bill_Organization,"['Invoicing', 'PDF_Parsing']","['stripe', 'klarna', 'openbanking', 'plaid', 'paypal-sdk', 'scrapy', 'beautifulsoup', 'spacy', 'pandas']",Waste_Management,Collection_Routing,"['rubicon', 'waste_management_api', 'recycle_track_systems', 'compology']",,,
729,Devops,Infrastructure_Monitoring,"['aws', 'docker', 'kubernetes', 'prometheus', 'terraform', 'ansible', 'jenkins', 'gitlab-ci']",Customized_Research_Paper_Extraction,"['Scholar_Search', 'PDF_Parsing', 'Clustering_Analysis']","['serper', 'duckduckgo', 'bind', 'scrapy', 'beautifulsoup', 'spacy', 'pandas', 'huggingface_trl', 'pandas', 'numpy', 'scikit-learn', 'matplotlib', 'seaborn', 'xgboost', 'lightgbm']",Automotive_Technology,Performance_Monitoring,"['obd2', 'tesla_api', 'bmw_connecteddrive', 'ford_sync']",,,
730,Unified_System_Infrastructure_Monitoring,"['System_Monitoring', 'Infrastructure_Monitoring']","['scapy', 'docker', 'psutil', 'subprocess', 'os', 'aws', 'docker', 'kubernetes', 'prometheus', 'terraform', 'ansible', 'jenkins', 'gitlab-ci']",Water_Utilities,Consumption_Monitoring,"['water_smart', 'aquahawk', 'sensus_analytics', 'waterscope']",Voice_Assistant,Response_Generation,"['alexa_skills', 'google_assistant', 'siri_shortcuts', 'cortana']",,,
731,Pet_Care,Diet_Planning,"['petfinder', 'vetsource', 'whistle', 'pawboost']",Language_Learning,Course_Progress,"['duolingo', 'rosetta_stone', 'babbel', 'memrise']",Voice_Assistant,Device_Control,"['alexa_skills', 'google_assistant', 'siri_shortcuts', 'cortana']",,,
732,Energy_Management,Renewable_Integration,"['enphase', 'solaredge', 'schneider_electric', 'siemens_energy']",Telecommunications,Network_Management,"['cisco_meraki', 'nokia_apis', 'ericsson_api', 'twilio']",Speech_Technology,Voice_Recognition,"['deepspeech', 'whisper', 'google_speech', 'azure_speech']",,,
733,Data Science,Regression_Models,"['huggingface_trl', 'pandas', 'numpy', 'scikit-learn', 'matplotlib', 'seaborn', 'xgboost', 'lightgbm']",Service_Cost_Breakdown,"['Service_Search', 'Accounting']","['serper', 'duckduckgo', 'bind', 'stripe', 'klarna', 'openbanking', 'plaid', 'paypal-sdk']",Agriculture_Tech,Soil_Analysis,"['john_deere_api', 'climate_fieldview', 'farmers_edge', 'agrivi']",,,
734,Machine Learning Engineering,Model_Training,"['huggingface_trl', 'pytorch', 'aws', 'mlflow']",Developer Tools,CI_CD_Configuration,"['github', 'git', 'docker', 'aws', 'vercel', 'vscode', 'pre-commit']",3D_Printing,Printer_Control,"['marlin', 'cura', 'slic3r', 'repetier']",,,
735,Smart_Contract_Prediction,"['Smart_Contract_Interaction', 'Classification_Pipelines']","['web3', 'huggingface_trl', 'pandas', 'numpy', 'scikit-learn', 'matplotlib', 'seaborn', 'xgboost', 'lightgbm']",Local_Repair_Service_Comparison,"['Service_Search', 'Normalization']","['serper', 'duckduckgo', 'bind', 'scrapy', 'polars', 'apache-spark', 'airflow']",Historic_News_Review,"['News_Search', 'HTML_Scraping']","['serper', 'duckduckgo', 'bind', 'scrapy', 'beautifulsoup', 'spacy', 'pandas']",,,
736,Devops,Infrastructure_Monitoring,"['aws', 'docker', 'kubernetes', 'prometheus', 'terraform', 'ansible', 'jenkins', 'gitlab-ci']",Information Extraction,PDF_Parsing,"['scrapy', 'beautifulsoup', 'spacy', 'pandas']",Secure_Smart_Contract_Release,"['Smart_Contract_Deployment', 'Vulnerability_Scanning']","['web3', 'scapy', 'nmap', 'metasploit', 'wireshark', 'burp-suite']",,,
737,Remote_DevOps_Inspection,"['SSH', 'Infrastructure_Monitoring', 'DB_Migrations']","['scapy', 'docker', 'psutil', 'subprocess', 'os', 'aws', 'docker', 'kubernetes', 'prometheus', 'terraform', 'ansible', 'jenkins', 'gitlab-ci', 'aws', 'kubernetes', 'sqlalchemy', 'mongoengine', 'redis', 'postgresql']",Customized_Research_Paper_Extraction,"['Scholar_Search', 'PDF_Parsing', 'Clustering_Analysis']","['serper', 'duckduckgo', 'bind', 'scrapy', 'beautifulsoup', 'spacy', 'pandas', 'huggingface_trl', 'pandas', 'numpy', 'scikit-learn', 'matplotlib', 'seaborn', 'xgboost', 'lightgbm']",Event_Management,Ticket_Sales,"['eventbrite', 'ticketmaster', 'meetup_api', 'cvent']",,,
738,E-commerce,Cart_Checkout_Flow,"['shopify', 'instacart', 'klarna', 'wish']",Information Extraction,PDF_Parsing,"['scrapy', 'beautifulsoup', 'spacy', 'pandas']",Household_Expense_Auditing,"['Invoicing', 'CSV_Analysis']","['stripe', 'klarna', 'openbanking', 'plaid', 'paypal-sdk', 'scrapy', 'beautifulsoup', 'spacy', 'pandas']",,,
739,Machine Learning Engineering,Model_Serving,"['huggingface_trl', 'pytorch', 'aws', 'mlflow']",Education_Technology,Student_Assessment,"['canvas', 'blackboard', 'moodle', 'schoology']",Legal_Technology,Legal_Research,"['clio', 'lexisnexis', 'westlaw', 'rocket_lawyer']",,,
740,Environmental_Monitoring,Water_Quality_Control,"['openaq', 'airvisual', 'breezometer', 'weatherbit']",Restaurant_Management,Table_Management,"['toast_pos', 'square', 'opentable', 'yelp_fusion']",Sleep_Analysis,Quality_Assessment,"['oura_ring', 'withings', 'sleep_cycle', 'fitbit']",,,
741,Personal Assistant,Calendar_Management,"['calender', 'mail', 'grab', 'uber', 'google_maps', 'maps']",Supply_Chain,Logistics_Planning,"['sap', 'oracle_scm', 'manhattan', 'blueyonder']",Weather_Services,Forecast_Analysis,"['openweathermap', 'darksky', 'weatherapi', 'noaa_api']",,,
742,Service_Cost_Breakdown,"['Service_Search', 'Accounting']","['serper', 'duckduckgo', 'bind', 'stripe', 'klarna', 'openbanking', 'plaid', 'paypal-sdk']",Agriculture_Tech,Yield_Prediction,"['john_deere_api', 'climate_fieldview', 'farmers_edge', 'agrivi']",Drone_Operations,Mission_Control,"['dji_sdk', 'airmap', 'dronelogbook', 'kittyhawk']",,,
743,Operating System Functions,File_Management,"['scapy', 'docker', 'psutil', 'subprocess', 'os']",Library_Management,Digital_Archives,"['worldcat', 'libby', 'sierra_api', 'koha']",Music_Streaming,Playlist_Management,"['spotify_api', 'apple_music', 'pandora', 'deezer']",,,
744,Telecommunications,Network_Management,"['cisco_meraki', 'nokia_apis', 'ericsson_api', 'twilio']",Digital_Marketing,Campaign_Analytics,"['google_ads', 'facebook_marketing', 'mailchimp', 'hubspot']",Drone_Operations,Mission_Control,"['dji_sdk', 'airmap', 'dronelogbook', 'kittyhawk']",,,
745,E-commerce,Product_Catalog_Management,"['shopify', 'instacart', 'klarna', 'wish']",Data Science,Clustering_Analysis,"['huggingface_trl', 'pandas', 'numpy', 'scikit-learn', 'matplotlib', 'seaborn', 'xgboost', 'lightgbm']",Data Science,Feature_Selection,"['huggingface_trl', 'pandas', 'numpy', 'scikit-learn', 'matplotlib', 'seaborn', 'xgboost', 'lightgbm']",,,
746,Algorithmic Trading,Risk_Management,"['quantlib', 'pandas', 'numpy', 'backtrader', 'ccxt']",Automotive_Technology,Service_Scheduling,"['obd2', 'tesla_api', 'bmw_connecteddrive', 'ford_sync']",Speech_Technology,Voice_Recognition,"['deepspeech', 'whisper', 'google_speech', 'azure_speech']",,,
747,Finance payments,Transaction_Validation,"['stripe', 'klarna', 'openbanking', 'plaid', 'paypal-sdk']",APIs in general,Load_Testing,"['scrapy', 'requests', 'httpx', 'fastapi', 'flask', 'postman']",Carpool_Cost_Sharing,"['Rideshare_Booking', 'Transaction_Validation']","['calender', 'mail', 'grab', 'uber', 'google_maps', 'maps', 'stripe', 'klarna', 'openbanking', 'plaid', 'paypal-sdk']",,,
748,Search,Scholar_Search,"['serper', 'duckduckgo', 'bind']",Contextual_Product_Bundling,"['Product_Catalog_Management', 'Aggregation']","['shopify', 'instacart', 'klarna', 'wish', 'scrapy', 'polars', 'apache-spark', 'airflow']",Dental_Care,Treatment_Planning,"['dentrix', 'eaglesoft', 'opendental', 'curve_dental']",,,
749,APIs in general,API_Testing,"['scrapy', 'requests', 'httpx', 'fastapi', 'flask', 'postman']",Water_Utilities,Quality_Testing,"['water_smart', 'aquahawk', 'sensus_analytics', 'waterscope']",Federated_Learning,Privacy_Protection,"['tensorflow_federated', 'pysyft', 'flower', 'fedml']",,,
750,Consumer Discretionary Software,Conversion_Tracking,"['shopify', 'klarna', 'stripe', 'figma']",Digital_Marketing,Audience_Segmentation,"['google_ads', 'facebook_marketing', 'mailchimp', 'hubspot']",Parking_Management,Space_Allocation,"['parkwhiz', 'spothero', 'passport_parking', 'parkmobile']",,,
751,Information Extraction,HTML_Scraping,"['scrapy', 'beautifulsoup', 'spacy', 'pandas']",Automated_Online_Marketplace_Scaling,"['Service_Scaling', 'Order_Fulfillment', 'API_Creation']","['aws', 'docker', 'kubernetes', 'prometheus', 'terraform', 'ansible', 'jenkins', 'gitlab-ci', 'shopify', 'instacart', 'klarna', 'wish', 'scrapy', 'requests', 'httpx', 'fastapi', 'flask', 'postman']",Waste_Management,Recycling_Analytics,"['rubicon', 'waste_management_api', 'recycle_track_systems', 'compology']",Time_Series_Analysis,Anomaly_Detection,"['prophet', 'statsmodels', 'pmdarima', 'neuralprophet']"
752,APIs in general,GraphQL_Queries,"['scrapy', 'requests', 'httpx', 'fastapi', 'flask', 'postman']",E-commerce,Cart_Checkout_Flow,"['shopify', 'instacart', 'klarna', 'wish']",E-commerce,Inventory_Tracking,"['shopify', 'instacart', 'klarna', 'wish']",Weather_Services,Forecast_Analysis,"['openweathermap', 'darksky', 'weatherapi', 'noaa_api']"
753,API_Driven_Inventory_Validation,"['Inventory_Tracking', 'API_Testing']","['shopify', 'instacart', 'klarna', 'wish', 'scrapy', 'requests', 'httpx', 'fastapi', 'flask', 'postman']",Historic_News_Review,"['News_Search', 'HTML_Scraping']","['serper', 'duckduckgo', 'bind', 'scrapy', 'beautifulsoup', 'spacy', 'pandas']",Real_Estate,Market_Analysis,"['mls', 'zillow_api', 'realtor_api', 'redfin']",Video_Production,Export_Control,"['adobe_premiere', 'final_cut', 'davinci_resolve', 'avid']"
754,Blockchain,Token_Transfers,['web3'],Search,Web_Search,"['serper', 'duckduckgo', 'bind']",Food_Order_Validation,"['Food_Ordering', 'Transaction_Validation']","['calender', 'mail', 'grab', 'uber', 'google_maps', 'maps', 'stripe', 'klarna', 'openbanking', 'plaid', 'paypal-sdk']",Video_Production,Export_Control,"['adobe_premiere', 'final_cut', 'davinci_resolve', 'avid']"
755,Search,Service_Search,"['serper', 'duckduckgo', 'bind']",Education_Technology,Student_Assessment,"['canvas', 'blackboard', 'moodle', 'schoology']",Supply_Chain,Inventory_Management,"['sap', 'oracle_scm', 'manhattan', 'blueyonder']",Vacation_Rental,Revenue_Optimization,"['airbnb_api', 'vrbo_api', 'booking_com', 'homeaway']"
756,APIs in general,Load_Testing,"['scrapy', 'requests', 'httpx', 'fastapi', 'flask', 'postman']",Automated_Model_Deployment,"['Model_Serving', 'Deployment_Pipelines']","['huggingface_trl', 'pytorch', 'aws', 'mlflow', 'aws', 'docker', 'kubernetes', 'prometheus', 'terraform', 'ansible', 'jenkins', 'gitlab-ci']",Real_Estate,Market_Analysis,"['mls', 'zillow_api', 'realtor_api', 'redfin']",Job_Search,Job_Matching,"['indeed_api', 'linkedin_jobs', 'glassdoor_api', 'monster']"
757,Search,Web_Search,"['serper', 'duckduckgo', 'bind']",Consumer Discretionary Software,CRM_Enhancements,"['shopify', 'klarna', 'stripe', 'figma']",Event_Management,Attendee_Tracking,"['eventbrite', 'ticketmaster', 'meetup_api', 'cvent']",Waste_Management,Collection_Routing,"['rubicon', 'waste_management_api', 'recycle_track_systems', 'compology']"
758,Personal Assistant,Food_Ordering,"['calender', 'mail', 'grab', 'uber', 'google_maps', 'maps']",Data Science,Regression_Models,"['huggingface_trl', 'pandas', 'numpy', 'scikit-learn', 'matplotlib', 'seaborn', 'xgboost', 'lightgbm']",Automotive_Technology,Vehicle_Diagnostics,"['obd2', 'tesla_api', 'bmw_connecteddrive', 'ford_sync']",Mental_Health,Therapy_Management,"['betterhelp', 'talkspace', 'calm', 'headspace']"
759,SaaS,Team_Management,"['microsoft365', 'google_workspace', 'salesforce', 'zendesk', 'slack', 'trello', 'asana', 'zapier', 'shopify']",Cybersecurity,Vulnerability_Scanning,"['scapy', 'nmap', 'metasploit', 'wireshark', 'burp-suite']",Local_Food_Recipe_Curation,"['Food_Ordering', 'Aggregation']","['calender', 'mail', 'grab', 'uber', 'google_maps', 'maps', 'scrapy', 'polars', 'apache-spark', 'airflow']",Real_Estate,Transaction_Management,"['mls', 'zillow_api', 'realtor_api', 'redfin']"
760,Cybersecurity,Threat_Detection,"['scapy', 'nmap', 'metasploit', 'wireshark', 'burp-suite']",AI_Coupon_Email_Campaign,"['Email_Automation', 'Ad_Campaigns', 'Feature_Selection']","['calender', 'mail', 'grab', 'uber', 'google_maps', 'maps', 'shopify', 'klarna', 'stripe', 'figma', 'huggingface_trl', 'pandas', 'numpy', 'scikit-learn', 'matplotlib', 'seaborn', 'xgboost', 'lightgbm']",Human_Resources,Employee_Onboarding,"['workday', 'successfactors', 'bamboo_hr', 'greenhouse']",Gaming_Development,Game_Analytics,"['unity', 'unreal_engine', 'steam_api', 'playfab']"
761,Blockchain,Wallet_Management,['web3'],Databases,Writing_Queries,"['aws', 'kubernetes', 'sqlalchemy', 'mongoengine', 'redis', 'postgresql']",Wine_Management,Inventory_Control,"['vivino', 'cellartracker', 'wine_searcher', 'delectable']",Cloud_Gaming,Stream_Management,"['stadia', 'geforce_now', 'xbox_cloud', 'amazon_luna']"
762,Algorithmic Trading,Market_Data_Streaming,"['quantlib', 'pandas', 'numpy', 'backtrader', 'ccxt']",SaaS,Support_Ticketing,"['microsoft365', 'google_workspace', 'salesforce', 'zendesk', 'slack', 'trello', 'asana', 'zapier', 'shopify']",Social_Media_Analytics,Trend_Analysis,"['twitter_api', 'facebook_api', 'instagram_api', 'linkedin_api']",Drone_Operations,Mission_Control,"['dji_sdk', 'airmap', 'dronelogbook', 'kittyhawk']"
763,Blockchain,Smart_Contract_Interaction,['web3'],Databases,Database_Testing,"['aws', 'kubernetes', 'sqlalchemy', 'mongoengine', 'redis', 'postgresql']",Public_Transportation,Schedule_Management,"['transitland', 'here_transit', 'moovit', 'citymapper']",Drone_Operations,Safety_Compliance,"['dji_sdk', 'airmap', 'dronelogbook', 'kittyhawk']"
764,Operating System Functions,File_Management,"['scapy', 'docker', 'psutil', 'subprocess', 'os']",Automotive_Technology,Fleet_Management,"['obd2', 'tesla_api', 'bmw_connecteddrive', 'ford_sync']",Sleep_Analysis,Sleep_Tracking,"['oura_ring', 'withings', 'sleep_cycle', 'fitbit']",Time_Series_Analysis,Anomaly_Detection,"['prophet', 'statsmodels', 'pmdarima', 'neuralprophet']"
765,Historic_News_Review,"['News_Search', 'HTML_Scraping']","['serper', 'duckduckgo', 'bind', 'scrapy', 'beautifulsoup', 'spacy', 'pandas']",Automotive_Technology,Fleet_Management,"['obd2', 'tesla_api', 'bmw_connecteddrive', 'ford_sync']",Pet_Care,Health_Records,"['petfinder', 'vetsource', 'whistle', 'pawboost']",Art_Gallery,Artist_Profiles,"['artsy', 'museum_api', 'getty', 'smithsonian_api']"
766,Travel_Management,Itinerary_Planning,"['amadeus', 'sabre', 'travelport', 'expedia_api']",Automotive_Technology,Fleet_Management,"['obd2', 'tesla_api', 'bmw_connecteddrive', 'ford_sync']",Fitness_Technology,Goal_Setting,"['fitbit', 'garmin_connect', 'apple_healthkit', 'myfitnesspal']",Home_Services,Project_Tracking,"['angi', 'thumbtack', 'homeadvisor', 'taskrabbit']"
767,Student_Research_Data_Curation,"['Scholar_Search', 'CSV_Analysis']","['serper', 'duckduckgo', 'bind', 'scrapy', 'beautifulsoup', 'spacy', 'pandas']",Sports_Analytics,Player_Statistics,"['mlb_statsapi', 'nba_api', 'fifa_api', 'strava_api']",Music_Streaming,Playlist_Management,"['spotify_api', 'apple_music', 'pandora', 'deezer']",Time_Series_Analysis,Anomaly_Detection,"['prophet', 'statsmodels', 'pmdarima', 'neuralprophet']"
768,Information Extraction,CSV_Analysis,"['scrapy', 'beautifulsoup', 'spacy', 'pandas']",Consumer Discretionary Software,Ad_Campaigns,"['shopify', 'klarna', 'stripe', 'figma']",Vacation_Rental,Guest_Communication,"['airbnb_api', 'vrbo_api', 'booking_com', 'homeaway']",Food_Delivery,Order_Tracking,"['doordash', 'uber_eats', 'grubhub', 'postmates']"
769,Databases,DB_Migrations,"['aws', 'kubernetes', 'sqlalchemy', 'mongoengine', 'redis', 'postgresql']",Databases,Read_Write,"['aws', 'kubernetes', 'sqlalchemy', 'mongoengine', 'redis', 'postgresql']",Web_Data_Clustering,"['HTML_Scraping', 'Clustering_Analysis']","['scrapy', 'beautifulsoup', 'spacy', 'pandas', 'huggingface_trl', 'pandas', 'numpy', 'scikit-learn', 'matplotlib', 'seaborn', 'xgboost', 'lightgbm']",Legal_Technology,Legal_Research,"['clio', 'lexisnexis', 'westlaw', 'rocket_lawyer']"
770,Cybersecurity,Access_Control,"['scapy', 'nmap', 'metasploit', 'wireshark', 'burp-suite']",MultiLocation_Rideshare_Planning,"['Rideshare_Booking', 'Team_Management']","['calender', 'mail', 'grab', 'uber', 'google_maps', 'maps', 'microsoft365', 'google_workspace', 'salesforce', 'zendesk', 'slack', 'trello', 'asana', 'zapier', 'shopify']",Music_Streaming,Recommendation_Engine,"['spotify_api', 'apple_music', 'pandora', 'deezer']",Smart_Garden,Growth_Tracking,"['gardena', 'rachio', 'orbit_bhyve', 'rainmachine']"
771,Databases,DB_Caching,"['aws', 'kubernetes', 'sqlalchemy', 'mongoengine', 'redis', 'postgresql']",Smart_Contract_Prediction,"['Smart_Contract_Interaction', 'Classification_Pipelines']","['web3', 'huggingface_trl', 'pandas', 'numpy', 'scikit-learn', 'matplotlib', 'seaborn', 'xgboost', 'lightgbm']",Sports_Analytics,Performance_Tracking,"['mlb_statsapi', 'nba_api', 'fifa_api', 'strava_api']",Music_Streaming,Artist_Analytics,"['spotify_api', 'apple_music', 'pandora', 'deezer']"
772,Local_Service_Discovery,"['API_Auth', 'Product_Catalog_Management']","['scrapy', 'requests', 'httpx', 'fastapi', 'flask', 'postman', 'shopify', 'instacart', 'klarna', 'wish']",Subscription_Bill_Validation,"['Transaction_Validation', 'Feature_Selection']","['stripe', 'klarna', 'openbanking', 'plaid', 'paypal-sdk', 'huggingface_trl', 'pandas', 'numpy', 'scikit-learn', 'matplotlib', 'seaborn', 'xgboost', 'lightgbm']",Parking_Management,Payment_Processing,"['parkwhiz', 'spothero', 'passport_parking', 'parkmobile']",Space_Technology,Telemetry_Analysis,"['nasa_api', 'spacex_api', 'esa_toolkit', 'orbital_mechanics']"
773,Information Extraction,OCR_Processing,"['scrapy', 'beautifulsoup', 'spacy', 'pandas']",Manufacturing,Quality_Control,"['siemens_mindsphere', 'ge_predix', 'rockwell_automation', 'fanuc']",Voice_Assistant,Skill_Integration,"['alexa_skills', 'google_assistant', 'siri_shortcuts', 'cortana']",Job_Search,Salary_Analysis,"['indeed_api', 'linkedin_jobs', 'glassdoor_api', 'monster']"
774,Food_Order_Validation,"['Food_Ordering', 'Transaction_Validation']","['calender', 'mail', 'grab', 'uber', 'google_maps', 'maps', 'stripe', 'klarna', 'openbanking', 'plaid', 'paypal-sdk']",OCR_Powered_Accounting_Audit,"['OCR_Processing', 'Accounting']","['scrapy', 'beautifulsoup', 'spacy', 'pandas', 'stripe', 'klarna', 'openbanking', 'plaid', 'paypal-sdk']",Job_Search,Job_Matching,"['indeed_api', 'linkedin_jobs', 'glassdoor_api', 'monster']",Food_Delivery,Menu_Synchronization,"['doordash', 'uber_eats', 'grubhub', 'postmates']"
775,Digital_Marketing,Campaign_Analytics,"['google_ads', 'facebook_marketing', 'mailchimp', 'hubspot']",Gaming_Development,Game_Analytics,"['unity', 'unreal_engine', 'steam_api', 'playfab']",Pet_Care,Activity_Monitoring,"['petfinder', 'vetsource', 'whistle', 'pawboost']",Home_Services,Provider_Management,"['angi', 'thumbtack', 'homeadvisor', 'taskrabbit']"
776,Finance payments,Invoicing,"['stripe', 'klarna', 'openbanking', 'plaid', 'paypal-sdk']",Legal_Technology,Document_Analysis,"['clio', 'lexisnexis', 'westlaw', 'rocket_lawyer']",Fitness_Technology,Workout_Tracking,"['fitbit', 'garmin_connect', 'apple_healthkit', 'myfitnesspal']",3D_Printing,Material_Management,"['marlin', 'cura', 'slic3r', 'repetier']"
777,Information Extraction,CSV_Analysis,"['scrapy', 'beautifulsoup', 'spacy', 'pandas']",Operating System Functions,System_Monitoring,"['scapy', 'docker', 'psutil', 'subprocess', 'os']",Vacation_Itinerary_Customization,"['Venue_Search', 'HTML_Scraping']","['serper', 'duckduckgo', 'bind', 'scrapy', 'beautifulsoup', 'spacy', 'pandas']",Event_Ticket_Advisor,"['Venue_Search', 'GraphQL_Queries', 'Classification_Pipelines']","['serper', 'duckduckgo', 'bind', 'scrapy', 'requests', 'httpx', 'fastapi', 'flask', 'postman', 'huggingface_trl', 'pandas', 'numpy', 'scikit-learn', 'matplotlib', 'seaborn', 'xgboost', 'lightgbm']"
778,Unified_System_Infrastructure_Monitoring,"['System_Monitoring', 'Infrastructure_Monitoring']","['scapy', 'docker', 'psutil', 'subprocess', 'os', 'aws', 'docker', 'kubernetes', 'prometheus', 'terraform', 'ansible', 'jenkins', 'gitlab-ci']",Predictive_Social_Event_Planning,"['Calendar_Management', 'Feature_Selection', 'Email_Automation']","['calender', 'mail', 'grab', 'uber', 'google_maps', 'maps', 'huggingface_trl', 'pandas', 'numpy', 'scikit-learn', 'matplotlib', 'seaborn', 'xgboost', 'lightgbm', 'calender', 'mail', 'grab', 'uber', 'google_maps', 'maps']",Weather_Services,Forecast_Analysis,"['openweathermap', 'darksky', 'weatherapi', 'noaa_api']",Space_Technology,Mission_Planning,"['nasa_api', 'spacex_api', 'esa_toolkit', 'orbital_mechanics']"
779,Devops,Continuous_Integration,"['aws', 'docker', 'kubernetes', 'prometheus', 'terraform', 'ansible', 'jenkins', 'gitlab-ci']",APIs in general,API_Creation,"['scrapy', 'requests', 'httpx', 'fastapi', 'flask', 'postman']",Chain_Data_Extraction_for_CRM,"['Chain_Data_Extraction', 'CRM_Enhancements']","['web3', 'shopify', 'klarna', 'stripe', 'figma']",Video_Production,Color_Grading,"['adobe_premiere', 'final_cut', 'davinci_resolve', 'avid']"
780,Data Processing,Transformation,"['scrapy', 'polars', 'apache-spark', 'airflow']",Shared_Event_Email_Reminders,"['Email_Automation', 'Calendar_Management']","['calender', 'mail', 'grab', 'uber', 'google_maps', 'maps', 'calender', 'mail', 'grab', 'uber', 'google_maps', 'maps']",API_Testing_Based_Risk_Monitor,"['API_Testing', 'Risk_Management', 'Infrastructure_Monitoring']","['scrapy', 'requests', 'httpx', 'fastapi', 'flask', 'postman', 'quantlib', 'pandas', 'numpy', 'backtrader', 'ccxt', 'aws', 'docker', 'kubernetes', 'prometheus', 'terraform', 'ansible', 'jenkins', 'gitlab-ci']",Sleep_Analysis,Quality_Assessment,"['oura_ring', 'withings', 'sleep_cycle', 'fitbit']"
781,Personalized_Food_Schedule,"['Food_Ordering', 'Calendar_Management', 'Normalization']","['calender', 'mail', 'grab', 'uber', 'google_maps', 'maps', 'calender', 'mail', 'grab', 'uber', 'google_maps', 'maps', 'scrapy', 'polars', 'apache-spark', 'airflow']",Pet_Care,Activity_Monitoring,"['petfinder', 'vetsource', 'whistle', 'pawboost']",Waste_Management,Recycling_Analytics,"['rubicon', 'waste_management_api', 'recycle_track_systems', 'compology']",Space_Technology,Telemetry_Analysis,"['nasa_api', 'spacex_api', 'esa_toolkit', 'orbital_mechanics']"
782,RESTful_DB_Access_Control,"['REST_API_Integration', 'Database_Testing', 'Access_Control']","['scrapy', 'requests', 'httpx', 'fastapi', 'flask', 'postman', 'aws', 'kubernetes', 'sqlalchemy', 'mongoengine', 'redis', 'postgresql', 'scapy', 'nmap', 'metasploit', 'wireshark', 'burp-suite']",Restaurant_Management,Order_Processing,"['toast_pos', 'square', 'opentable', 'yelp_fusion']",Social_Media_Analytics,Trend_Analysis,"['twitter_api', 'facebook_api', 'instagram_api', 'linkedin_api']",3D_Printing,Material_Management,"['marlin', 'cura', 'slic3r', 'repetier']"
783,Developer Tools,Deploy_WebApp,"['github', 'git', 'docker', 'aws', 'vercel', 'vscode', 'pre-commit']",AI_Coupon_Email_Campaign,"['Email_Automation', 'Ad_Campaigns', 'Feature_Selection']","['calender', 'mail', 'grab', 'uber', 'google_maps', 'maps', 'shopify', 'klarna', 'stripe', 'figma', 'huggingface_trl', 'pandas', 'numpy', 'scikit-learn', 'matplotlib', 'seaborn', 'xgboost', 'lightgbm']",Gaming_Development,Monetization,"['unity', 'unreal_engine', 'steam_api', 'playfab']",Vacation_Rental,Guest_Communication,"['airbnb_api', 'vrbo_api', 'booking_com', 'homeaway']"
784,Machine Learning Engineering,Model_Serving,"['huggingface_trl', 'pytorch', 'aws', 'mlflow']",Cybersecurity,Pentesting,"['scapy', 'nmap', 'metasploit', 'wireshark', 'burp-suite']",Event_Management,Venue_Management,"['eventbrite', 'ticketmaster', 'meetup_api', 'cvent']",Water_Utilities,Consumption_Monitoring,"['water_smart', 'aquahawk', 'sensus_analytics', 'waterscope']"
785,SaaS,Usage,"['microsoft365', 'google_workspace', 'salesforce', 'zendesk', 'slack', 'trello', 'asana', 'zapier', 'shopify']",Grocery_Choice_Refinement,"['Food_Ordering', 'Feature_Selection']","['calender', 'mail', 'grab', 'uber', 'google_maps', 'maps', 'huggingface_trl', 'pandas', 'numpy', 'scikit-learn', 'matplotlib', 'seaborn', 'xgboost', 'lightgbm']",Energy_Management,Smart_Metering,"['enphase', 'solaredge', 'schneider_electric', 'siemens_energy']",Automotive_Technology,Performance_Monitoring,"['obd2', 'tesla_api', 'bmw_connecteddrive', 'ford_sync']"
786,Machine Learning Engineering,Model_Training,"['huggingface_trl', 'pytorch', 'aws', 'mlflow']",Custom_API_WebApp_Deployment,"['API_Creation', 'Deploy_WebApp']","['scrapy', 'requests', 'httpx', 'fastapi', 'flask', 'postman', 'github', 'git', 'docker', 'aws', 'vercel', 'vscode', 'pre-commit']",Smart_Home,Security_Systems,"['homeassistant', 'smartthings', 'philips_hue', 'nest']",Time_Series_Analysis,Forecasting,"['prophet', 'statsmodels', 'pmdarima', 'neuralprophet']"
787,APIs in general,REST_API_Integration,"['scrapy', 'requests', 'httpx', 'fastapi', 'flask', 'postman']",Seamless_Checkout_and_Payment,"['Cart_Checkout_Flow', 'Payment_Gateway_Integration']","['shopify', 'instacart', 'klarna', 'wish', 'stripe', 'klarna', 'openbanking', 'plaid', 'paypal-sdk']",Human_Resources,Payroll_Processing,"['workday', 'successfactors', 'bamboo_hr', 'greenhouse']",Vacation_Rental,Guest_Communication,"['airbnb_api', 'vrbo_api', 'booking_com', 'homeaway']"
788,SaaS,Team_Management,"['microsoft365', 'google_workspace', 'salesforce', 'zendesk', 'slack', 'trello', 'asana', 'zapier', 'shopify']",XLSX_Based_Access_Controls,"['XLSX_Analysis', 'Access_Control']","['scrapy', 'beautifulsoup', 'spacy', 'pandas', 'scapy', 'nmap', 'metasploit', 'wireshark', 'burp-suite']",MultiLocation_Rideshare_Planning,"['Rideshare_Booking', 'Team_Management']","['calender', 'mail', 'grab', 'uber', 'google_maps', 'maps', 'microsoft365', 'google_workspace', 'salesforce', 'zendesk', 'slack', 'trello', 'asana', 'zapier', 'shopify']",Pet_Care,Vaccination_Tracking,"['petfinder', 'vetsource', 'whistle', 'pawboost']"
789,Devops,Service_Scaling,"['aws', 'docker', 'kubernetes', 'prometheus', 'terraform', 'ansible', 'jenkins', 'gitlab-ci']",Family_Event_Scheduling,"['Calendar_Management', 'Team_Management']","['calender', 'mail', 'grab', 'uber', 'google_maps', 'maps', 'microsoft365', 'google_workspace', 'salesforce', 'zendesk', 'slack', 'trello', 'asana', 'zapier', 'shopify']",Energy_Management,Smart_Metering,"['enphase', 'solaredge', 'schneider_electric', 'siemens_energy']",Language_Learning,Course_Progress,"['duolingo', 'rosetta_stone', 'babbel', 'memrise']"
790,SaaS,Usage,"['microsoft365', 'google_workspace', 'salesforce', 'zendesk', 'slack', 'trello', 'asana', 'zapier', 'shopify']",Data Science,Clustering_Analysis,"['huggingface_trl', 'pandas', 'numpy', 'scikit-learn', 'matplotlib', 'seaborn', 'xgboost', 'lightgbm']",Multi_Cloud_Hyperparameter_Tuning,"['Cloud_Infra_Setup', 'Hyperparameter_Tuning']","['github', 'git', 'docker', 'aws', 'vercel', 'vscode', 'pre-commit', 'huggingface_trl', 'pytorch', 'aws', 'mlflow']",Secure_Roommate_Payment_Splits,"['Transaction_Validation', 'Access_Control']","['stripe', 'klarna', 'openbanking', 'plaid', 'paypal-sdk', 'scapy', 'nmap', 'metasploit', 'wireshark', 'burp-suite']"
791,Cybersecurity,Access_Control,"['scapy', 'nmap', 'metasploit', 'wireshark', 'burp-suite']",Public_Transportation,Fare_Calculation,"['transitland', 'here_transit', 'moovit', 'citymapper']",Drone_Operations,Data_Collection,"['dji_sdk', 'airmap', 'dronelogbook', 'kittyhawk']",Wine_Management,Tasting_Notes,"['vivino', 'cellartracker', 'wine_searcher', 'delectable']"
792,APIs in general,API_Creation,"['scrapy', 'requests', 'httpx', 'fastapi', 'flask', 'postman']",Web_Data_Clustering,"['HTML_Scraping', 'Clustering_Analysis']","['scrapy', 'beautifulsoup', 'spacy', 'pandas', 'huggingface_trl', 'pandas', 'numpy', 'scikit-learn', 'matplotlib', 'seaborn', 'xgboost', 'lightgbm']",Customized_Research_Paper_Extraction,"['Scholar_Search', 'PDF_Parsing', 'Clustering_Analysis']","['serper', 'duckduckgo', 'bind', 'scrapy', 'beautifulsoup', 'spacy', 'pandas', 'huggingface_trl', 'pandas', 'numpy', 'scikit-learn', 'matplotlib', 'seaborn', 'xgboost', 'lightgbm']",Pet_Care,Health_Records,"['petfinder', 'vetsource', 'whistle', 'pawboost']"
793,SaaS,Tracking,"['microsoft365', 'google_workspace', 'salesforce', 'zendesk', 'slack', 'trello', 'asana', 'zapier', 'shopify']",Data Science,Regression_Models,"['huggingface_trl', 'pandas', 'numpy', 'scikit-learn', 'matplotlib', 'seaborn', 'xgboost', 'lightgbm']",Fitness_Tracker_Data_Plan,"['Normalization', 'CSV_Analysis']","['scrapy', 'polars', 'apache-spark', 'airflow', 'scrapy', 'beautifulsoup', 'spacy', 'pandas']",Personalized_Food_Schedule,"['Food_Ordering', 'Calendar_Management', 'Normalization']","['calender', 'mail', 'grab', 'uber', 'google_maps', 'maps', 'calender', 'mail', 'grab', 'uber', 'google_maps', 'maps', 'scrapy', 'polars', 'apache-spark', 'airflow']"
794,Developer Tools,Frontend_Bundling,"['github', 'git', 'docker', 'aws', 'vercel', 'vscode', 'pre-commit']",Legal_Technology,Document_Analysis,"['clio', 'lexisnexis', 'westlaw', 'rocket_lawyer']",Sports_Analytics,Performance_Tracking,"['mlb_statsapi', 'nba_api', 'fifa_api', 'strava_api']",Virtual_Reality,Performance_Optimization,"['unity_xr', 'unreal_vr', 'oculus_sdk', 'steamvr']"
795,Energy_Management,Smart_Metering,"['enphase', 'solaredge', 'schneider_electric', 'siemens_energy']",Fitness_Technology,Nutrition_Planning,"['fitbit', 'garmin_connect', 'apple_healthkit', 'myfitnesspal']",Home_Services,Quote_Generation,"['angi', 'thumbtack', 'homeadvisor', 'taskrabbit']",Virtual_Reality,Performance_Optimization,"['unity_xr', 'unreal_vr', 'oculus_sdk', 'steamvr']"
796,Machine Learning Engineering,Data_Feature_Engineering,"['huggingface_trl', 'pytorch', 'aws', 'mlflow']",Travel_Management,Flight_Booking,"['amadeus', 'sabre', 'travelport', 'expedia_api']",Mental_Health,Meditation_Sessions,"['betterhelp', 'talkspace', 'calm', 'headspace']",Cloud_Gaming,Quality_Optimization,"['stadia', 'geforce_now', 'xbox_cloud', 'amazon_luna']"
797,Smart_Home,Automation_Rules,"['homeassistant', 'smartthings', 'philips_hue', 'nest']",Agriculture_Tech,Soil_Analysis,"['john_deere_api', 'climate_fieldview', 'farmers_edge', 'agrivi']",Manufacturing,Quality_Control,"['siemens_mindsphere', 'ge_predix', 'rockwell_automation', 'fanuc']",Home_Services,Provider_Management,"['angi', 'thumbtack', 'homeadvisor', 'taskrabbit']"
798,Finance payments,Transaction_Validation,"['stripe', 'klarna', 'openbanking', 'plaid', 'paypal-sdk']",E-commerce,Inventory_Tracking,"['shopify', 'instacart', 'klarna', 'wish']",Digital_Marketing,Campaign_Analytics,"['google_ads', 'facebook_marketing', 'mailchimp', 'hubspot']",Event_Management,Attendee_Tracking,"['eventbrite', 'ticketmaster', 'meetup_api', 'cvent']"
799,Manufacturing,Equipment_Monitoring,"['siemens_mindsphere', 'ge_predix', 'rockwell_automation', 'fanuc']",Sports_Analytics,Player_Statistics,"['mlb_statsapi', 'nba_api', 'fifa_api', 'strava_api']",Home_Services,Service_Scheduling,"['angi', 'thumbtack', 'homeadvisor', 'taskrabbit']",Speech_Technology,Voice_Recognition,"['deepspeech', 'whisper', 'google_speech', 'azure_speech']"
800,Databases,DB_Migrations,"['aws', 'kubernetes', 'sqlalchemy', 'mongoengine', 'redis', 'postgresql']",Gaming_Development,Game_Analytics,"['unity', 'unreal_engine', 'steam_api', 'playfab']",Weather_Services,Forecast_Analysis,"['openweathermap', 'darksky', 'weatherapi', 'noaa_api']",Video_Production,Asset_Management,"['adobe_premiere', 'final_cut', 'davinci_resolve', 'avid']"
801,Developer Tools,Frontend_Bundling,"['github', 'git', 'docker', 'aws', 'vercel', 'vscode', 'pre-commit']",Budget_Travel_Plan,"['Rideshare_Booking', 'Normalization']","['calender', 'mail', 'grab', 'uber', 'google_maps', 'maps', 'scrapy', 'polars', 'apache-spark', 'airflow']",Education_Technology,Virtual_Classroom,"['canvas', 'blackboard', 'moodle', 'schoology']",Legal_Technology,Compliance_Tracking,"['clio', 'lexisnexis', 'westlaw', 'rocket_lawyer']"
802,Secure_APIs_for_Trading,"['API_Auth', 'Market_Data_Streaming', 'Risk_Management']","['scrapy', 'requests', 'httpx', 'fastapi', 'flask', 'postman', 'quantlib', 'pandas', 'numpy', 'backtrader', 'ccxt', 'quantlib', 'pandas', 'numpy', 'backtrader', 'ccxt']",Smart_Home,Automation_Rules,"['homeassistant', 'smartthings', 'philips_hue', 'nest']",Travel_Management,Itinerary_Planning,"['amadeus', 'sabre', 'travelport', 'expedia_api']",Energy_Management,Grid_Optimization,"['enphase', 'solaredge', 'schneider_electric', 'siemens_energy']"
803,Cybersecurity,Pentesting,"['scapy', 'nmap', 'metasploit', 'wireshark', 'burp-suite']",MultiLocation_Rideshare_Planning,"['Rideshare_Booking', 'Team_Management']","['calender', 'mail', 'grab', 'uber', 'google_maps', 'maps', 'microsoft365', 'google_workspace', 'salesforce', 'zendesk', 'slack', 'trello', 'asana', 'zapier', 'shopify']",Agriculture_Tech,Soil_Analysis,"['john_deere_api', 'climate_fieldview', 'farmers_edge', 'agrivi']",Sports_Analytics,Performance_Tracking,"['mlb_statsapi', 'nba_api', 'fifa_api', 'strava_api']"
804,Search,Scholar_Search,"['serper', 'duckduckgo', 'bind']",Data Science,Regression_Models,"['huggingface_trl', 'pandas', 'numpy', 'scikit-learn', 'matplotlib', 'seaborn', 'xgboost', 'lightgbm']",Video_Production,Editing_Workflow,"['adobe_premiere', 'final_cut', 'davinci_resolve', 'avid']",Speech_Technology,Accent_Analysis,"['deepspeech', 'whisper', 'google_speech', 'azure_speech']"
805,Seamless_Checkout_and_Payment,"['Cart_Checkout_Flow', 'Payment_Gateway_Integration']","['shopify', 'instacart', 'klarna', 'wish', 'stripe', 'klarna', 'openbanking', 'plaid', 'paypal-sdk']",Healthcare_Management,Prescription_Management,"['epic', 'cerner', 'meditech', 'allscripts', 'healthit']",Public_Transportation,Route_Planning,"['transitland', 'here_transit', 'moovit', 'citymapper']",Voice_Assistant,Device_Control,"['alexa_skills', 'google_assistant', 'siri_shortcuts', 'cortana']"
806,Databases,Read_Write,"['aws', 'kubernetes', 'sqlalchemy', 'mongoengine', 'redis', 'postgresql']",Consumer Discretionary Software,Conversion_Tracking,"['shopify', 'klarna', 'stripe', 'figma']",Kid-Friendly_Restaurant_Finder,"['Food_Ordering', 'Classification_Pipelines']","['calender', 'mail', 'grab', 'uber', 'google_maps', 'maps', 'huggingface_trl', 'pandas', 'numpy', 'scikit-learn', 'matplotlib', 'seaborn', 'xgboost', 'lightgbm']",Water_Utilities,Consumption_Monitoring,"['water_smart', 'aquahawk', 'sensus_analytics', 'waterscope']"
807,Visual_Recipe_Explorer,"['Image_Search', 'Food_Ordering']","['serper', 'duckduckgo', 'bind', 'calender', 'mail', 'grab', 'uber', 'google_maps', 'maps']",Local_Food_Recipe_Curation,"['Food_Ordering', 'Aggregation']","['calender', 'mail', 'grab', 'uber', 'google_maps', 'maps', 'scrapy', 'polars', 'apache-spark', 'airflow']",Manufacturing,Resource_Optimization,"['siemens_mindsphere', 'ge_predix', 'rockwell_automation', 'fanuc']",Space_Technology,Telemetry_Analysis,"['nasa_api', 'spacex_api', 'esa_toolkit', 'orbital_mechanics']"
808,Recurring_Calendar_Invoicing,"['Calendar_Management', 'Invoicing']","['calender', 'mail', 'grab', 'uber', 'google_maps', 'maps', 'stripe', 'klarna', 'openbanking', 'plaid', 'paypal-sdk']",OCR_Powered_Accounting_Audit,"['OCR_Processing', 'Accounting']","['scrapy', 'beautifulsoup', 'spacy', 'pandas', 'stripe', 'klarna', 'openbanking', 'plaid', 'paypal-sdk']",House_Rental_Payment_Splitting,"['Transaction_Validation', 'User_Permissions']","['stripe', 'klarna', 'openbanking', 'plaid', 'paypal-sdk', 'scapy', 'docker', 'psutil', 'subprocess', 'os']",Water_Utilities,Leak_Detection,"['water_smart', 'aquahawk', 'sensus_analytics', 'waterscope']"
809,Machine Learning Engineering,Data_Feature_Engineering,"['huggingface_trl', 'pytorch', 'aws', 'mlflow']",APIs in general,API_Auth,"['scrapy', 'requests', 'httpx', 'fastapi', 'flask', 'postman']",Automated_Online_Marketplace_Scaling,"['Service_Scaling', 'Order_Fulfillment', 'API_Creation']","['aws', 'docker', 'kubernetes', 'prometheus', 'terraform', 'ansible', 'jenkins', 'gitlab-ci', 'shopify', 'instacart', 'klarna', 'wish', 'scrapy', 'requests', 'httpx', 'fastapi', 'flask', 'postman']",Telecommunications,Quality_Monitoring,"['cisco_meraki', 'nokia_apis', 'ericsson_api', 'twilio']"
810,Developer Tools,Backend_Deployment,"['github', 'git', 'docker', 'aws', 'vercel', 'vscode', 'pre-commit']",Baking_Recipe_PDF_Sharing,"['PDF_Parsing', 'Feature_Selection']","['scrapy', 'beautifulsoup', 'spacy', 'pandas', 'huggingface_trl', 'pandas', 'numpy', 'scikit-learn', 'matplotlib', 'seaborn', 'xgboost', 'lightgbm']",Telecommunications,Service_Provisioning,"['cisco_meraki', 'nokia_apis', 'ericsson_api', 'twilio']",Sleep_Analysis,Habit_Formation,"['oura_ring', 'withings', 'sleep_cycle', 'fitbit']"
811,Search,Venue_Search,"['serper', 'duckduckgo', 'bind']",Safe_Online_Grocery_Ordering,"['Food_Ordering', 'Access_Control']","['calender', 'mail', 'grab', 'uber', 'google_maps', 'maps', 'scapy', 'nmap', 'metasploit', 'wireshark', 'burp-suite']",Local_Repair_Service_Comparison,"['Service_Search', 'Normalization']","['serper', 'duckduckgo', 'bind', 'scrapy', 'polars', 'apache-spark', 'airflow']",News_Briefing_Refinement,"['News_Search', 'Feature_Selection']","['serper', 'duckduckgo', 'bind', 'huggingface_trl', 'pandas', 'numpy', 'scikit-learn', 'matplotlib', 'seaborn', 'xgboost', 'lightgbm']"
812,SaaS,Tracking,"['microsoft365', 'google_workspace', 'salesforce', 'zendesk', 'slack', 'trello', 'asana', 'zapier', 'shopify']",Cybersecurity,Vulnerability_Scanning,"['scapy', 'nmap', 'metasploit', 'wireshark', 'burp-suite']",Education_Technology,Virtual_Classroom,"['canvas', 'blackboard', 'moodle', 'schoology']",Voice_Assistant,Skill_Integration,"['alexa_skills', 'google_assistant', 'siri_shortcuts', 'cortana']"
813,Data Science,Feature_Selection,"['huggingface_trl', 'pandas', 'numpy', 'scikit-learn', 'matplotlib', 'seaborn', 'xgboost', 'lightgbm']",Student_Research_Data_Curation,"['Scholar_Search', 'CSV_Analysis']","['serper', 'duckduckgo', 'bind', 'scrapy', 'beautifulsoup', 'spacy', 'pandas']",Remote_Work_Support_Tracker,"['Team_Management', 'Integration']","['microsoft365', 'google_workspace', 'salesforce', 'zendesk', 'slack', 'trello', 'asana', 'zapier', 'shopify', 'microsoft365', 'google_workspace', 'salesforce', 'zendesk', 'slack', 'trello', 'asana', 'zapier', 'shopify']",Bioinformatics,Phylogenetic_Studies,"['biopython', 'blast', 'samtools', 'galaxy']"
814,Information Extraction,CSV_Analysis,"['scrapy', 'beautifulsoup', 'spacy', 'pandas']",Cybersecurity,Access_Control,"['scapy', 'nmap', 'metasploit', 'wireshark', 'burp-suite']",Web_Data_Clustering,"['HTML_Scraping', 'Clustering_Analysis']","['scrapy', 'beautifulsoup', 'spacy', 'pandas', 'huggingface_trl', 'pandas', 'numpy', 'scikit-learn', 'matplotlib', 'seaborn', 'xgboost', 'lightgbm']",Gaming_Development,Player_Engagement,"['unity', 'unreal_engine', 'steam_api', 'playfab']"
815,Data_Preprocessing_for_ML,"['Normalization', 'Data_Feature_Engineering']","['scrapy', 'polars', 'apache-spark', 'airflow', 'huggingface_trl', 'pytorch', 'aws', 'mlflow']",Custom_API_WebApp_Deployment,"['API_Creation', 'Deploy_WebApp']","['scrapy', 'requests', 'httpx', 'fastapi', 'flask', 'postman', 'github', 'git', 'docker', 'aws', 'vercel', 'vscode', 'pre-commit']",Entertainment,Engagement_Analytics,"['netflix_api', 'spotify_api', 'youtube_api', 'twitch_api']",Parking_Management,Occupancy_Tracking,"['parkwhiz', 'spothero', 'passport_parking', 'parkmobile']"
816,Blockchain,Smart_Contract_Deployment,['web3'],Secure_APIs_for_Trading,"['API_Auth', 'Market_Data_Streaming', 'Risk_Management']","['scrapy', 'requests', 'httpx', 'fastapi', 'flask', 'postman', 'quantlib', 'pandas', 'numpy', 'backtrader', 'ccxt', 'quantlib', 'pandas', 'numpy', 'backtrader', 'ccxt']",Water_Utilities,Quality_Testing,"['water_smart', 'aquahawk', 'sensus_analytics', 'waterscope']",Voice_Assistant,Response_Generation,"['alexa_skills', 'google_assistant', 'siri_shortcuts', 'cortana']"
817,APIs in general,API_Auth,"['scrapy', 'requests', 'httpx', 'fastapi', 'flask', 'postman']",Shared_Expense_Validation,"['Transaction_Validation', 'User_Permissions']","['stripe', 'klarna', 'openbanking', 'plaid', 'paypal-sdk', 'scapy', 'docker', 'psutil', 'subprocess', 'os']",Federated_Learning,Aggregation_Control,"['tensorflow_federated', 'pysyft', 'flower', 'fedml']",Space_Technology,Satellite_Control,"['nasa_api', 'spacex_api', 'esa_toolkit', 'orbital_mechanics']"
818,Multi_Cloud_Hyperparameter_Tuning,"['Cloud_Infra_Setup', 'Hyperparameter_Tuning']","['github', 'git', 'docker', 'aws', 'vercel', 'vscode', 'pre-commit', 'huggingface_trl', 'pytorch', 'aws', 'mlflow']",Subscription_Bill_Validation,"['Transaction_Validation', 'Feature_Selection']","['stripe', 'klarna', 'openbanking', 'plaid', 'paypal-sdk', 'huggingface_trl', 'pandas', 'numpy', 'scikit-learn', 'matplotlib', 'seaborn', 'xgboost', 'lightgbm']",Predictive_Social_Event_Planning,"['Calendar_Management', 'Feature_Selection', 'Email_Automation']","['calender', 'mail', 'grab', 'uber', 'google_maps', 'maps', 'huggingface_trl', 'pandas', 'numpy', 'scikit-learn', 'matplotlib', 'seaborn', 'xgboost', 'lightgbm', 'calender', 'mail', 'grab', 'uber', 'google_maps', 'maps']",Energy_Management,Renewable_Integration,"['enphase', 'solaredge', 'schneider_electric', 'siemens_energy']"
819,SSH_Scaling_Strategy,"['SSH', 'Service_Scaling']","['scapy', 'docker', 'psutil', 'subprocess', 'os', 'aws', 'docker', 'kubernetes', 'prometheus', 'terraform', 'ansible', 'jenkins', 'gitlab-ci']",Smart_Home,Automation_Rules,"['homeassistant', 'smartthings', 'philips_hue', 'nest']",Event_Management,Venue_Management,"['eventbrite', 'ticketmaster', 'meetup_api', 'cvent']",Vacation_Rental,Property_Management,"['airbnb_api', 'vrbo_api', 'booking_com', 'homeaway']"
820,Devops,Service_Scaling,"['aws', 'docker', 'kubernetes', 'prometheus', 'terraform', 'ansible', 'jenkins', 'gitlab-ci']",Algorithmic Trading,Risk_Management,"['quantlib', 'pandas', 'numpy', 'backtrader', 'ccxt']",Freelance_Invoice_Organizer,"['Invoicing', 'Aggregation']","['stripe', 'klarna', 'openbanking', 'plaid', 'paypal-sdk', 'scrapy', 'polars', 'apache-spark', 'airflow']",Voice_Assistant,Device_Control,"['alexa_skills', 'google_assistant', 'siri_shortcuts', 'cortana']"
821,Subscription_Bill_Validation,"['Transaction_Validation', 'Feature_Selection']","['stripe', 'klarna', 'openbanking', 'plaid', 'paypal-sdk', 'huggingface_trl', 'pandas', 'numpy', 'scikit-learn', 'matplotlib', 'seaborn', 'xgboost', 'lightgbm']",Personalized_Food_Schedule,"['Food_Ordering', 'Calendar_Management', 'Normalization']","['calender', 'mail', 'grab', 'uber', 'google_maps', 'maps', 'calender', 'mail', 'grab', 'uber', 'google_maps', 'maps', 'scrapy', 'polars', 'apache-spark', 'airflow']",Agriculture_Tech,Yield_Prediction,"['john_deere_api', 'climate_fieldview', 'farmers_edge', 'agrivi']",Waste_Management,Compliance_Reporting,"['rubicon', 'waste_management_api', 'recycle_track_systems', 'compology']"
822,Family_Budget_Alerts,"['Accounting', 'Email_Automation']","['stripe', 'klarna', 'openbanking', 'plaid', 'paypal-sdk', 'calender', 'mail', 'grab', 'uber', 'google_maps', 'maps']",Human_Resources,Performance_Evaluation,"['workday', 'successfactors', 'bamboo_hr', 'greenhouse']",Cloud_Gaming,Session_Control,"['stadia', 'geforce_now', 'xbox_cloud', 'amazon_luna']",3D_Printing,Printer_Control,"['marlin', 'cura', 'slic3r', 'repetier']"
823,Predictive_Supply_Chain_Management,"['Feature_Selection', 'Inventory_Tracking', 'Model_Training']","['huggingface_trl', 'pandas', 'numpy', 'scikit-learn', 'matplotlib', 'seaborn', 'xgboost', 'lightgbm', 'shopify', 'instacart', 'klarna', 'wish', 'huggingface_trl', 'pytorch', 'aws', 'mlflow']",Legal_Technology,Compliance_Tracking,"['clio', 'lexisnexis', 'westlaw', 'rocket_lawyer']",Digital_Marketing,Campaign_Analytics,"['google_ads', 'facebook_marketing', 'mailchimp', 'hubspot']",Restaurant_Management,Inventory_Control,"['toast_pos', 'square', 'opentable', 'yelp_fusion']"
824,Developer Tools,Backend_Deployment,"['github', 'git', 'docker', 'aws', 'vercel', 'vscode', 'pre-commit']",Service_Cost_Breakdown,"['Service_Search', 'Accounting']","['serper', 'duckduckgo', 'bind', 'stripe', 'klarna', 'openbanking', 'plaid', 'paypal-sdk']",Space_Technology,Mission_Planning,"['nasa_api', 'spacex_api', 'esa_toolkit', 'orbital_mechanics']",Virtual_Reality,Scene_Development,"['unity_xr', 'unreal_vr', 'oculus_sdk', 'steamvr']"
825,Tokenized_Accounting_Audit,"['Token_Transfers', 'Accounting']","['web3', 'stripe', 'klarna', 'openbanking', 'plaid', 'paypal-sdk']",Concert_Ticket_Planning,"['Venue_Search', 'Integration']","['serper', 'duckduckgo', 'bind', 'microsoft365', 'google_workspace', 'salesforce', 'zendesk', 'slack', 'trello', 'asana', 'zapier', 'shopify']",AI_Coupon_Email_Campaign,"['Email_Automation', 'Ad_Campaigns', 'Feature_Selection']","['calender', 'mail', 'grab', 'uber', 'google_maps', 'maps', 'shopify', 'klarna', 'stripe', 'figma', 'huggingface_trl', 'pandas', 'numpy', 'scikit-learn', 'matplotlib', 'seaborn', 'xgboost', 'lightgbm']",Space_Technology,Telemetry_Analysis,"['nasa_api', 'spacex_api', 'esa_toolkit', 'orbital_mechanics']"
826,Shared_Expense_Validation,"['Transaction_Validation', 'User_Permissions']","['stripe', 'klarna', 'openbanking', 'plaid', 'paypal-sdk', 'scapy', 'docker', 'psutil', 'subprocess', 'os']",Smart_Home,Automation_Rules,"['homeassistant', 'smartthings', 'philips_hue', 'nest']",Public_Transportation,Route_Planning,"['transitland', 'here_transit', 'moovit', 'citymapper']",Mental_Health,Mood_Tracking,"['betterhelp', 'talkspace', 'calm', 'headspace']"
827,Machine_Learning_Enhanced_Pentesting,"['Model_Training', 'Pentesting']","['huggingface_trl', 'pytorch', 'aws', 'mlflow', 'scapy', 'nmap', 'metasploit', 'wireshark', 'burp-suite']",News_Briefing_Refinement,"['News_Search', 'Feature_Selection']","['serper', 'duckduckgo', 'bind', 'huggingface_trl', 'pandas', 'numpy', 'scikit-learn', 'matplotlib', 'seaborn', 'xgboost', 'lightgbm']",Pet_Care,Diet_Planning,"['petfinder', 'vetsource', 'whistle', 'pawboost']",Art_Gallery,Exhibition_Planning,"['artsy', 'museum_api', 'getty', 'smithsonian_api']"
828,Customized_Research_Paper_Extraction,"['Scholar_Search', 'PDF_Parsing', 'Clustering_Analysis']","['serper', 'duckduckgo', 'bind', 'scrapy', 'beautifulsoup', 'spacy', 'pandas', 'huggingface_trl', 'pandas', 'numpy', 'scikit-learn', 'matplotlib', 'seaborn', 'xgboost', 'lightgbm']",Predictive_Supply_Chain_Management,"['Feature_Selection', 'Inventory_Tracking', 'Model_Training']","['huggingface_trl', 'pandas', 'numpy', 'scikit-learn', 'matplotlib', 'seaborn', 'xgboost', 'lightgbm', 'shopify', 'instacart', 'klarna', 'wish', 'huggingface_trl', 'pytorch', 'aws', 'mlflow']",Travel_Management,Flight_Booking,"['amadeus', 'sabre', 'travelport', 'expedia_api']",Fitness_Technology,Progress_Monitoring,"['fitbit', 'garmin_connect', 'apple_healthkit', 'myfitnesspal']"
829,APIs in general,API_Creation,"['scrapy', 'requests', 'httpx', 'fastapi', 'flask', 'postman']",Vulnerability_Aware_Chain_Accounting,"['Vulnerability_Scanning', 'Chain_Data_Extraction', 'Accounting']","['scapy', 'nmap', 'metasploit', 'wireshark', 'burp-suite', 'web3', 'stripe', 'klarna', 'openbanking', 'plaid', 'paypal-sdk']",Healthcare_Management,Appointment_Scheduling,"['epic', 'cerner', 'meditech', 'allscripts', 'healthit']",Sports_Analytics,Team_Management,"['mlb_statsapi', 'nba_api', 'fifa_api', 'strava_api']"
830,Personal Assistant,Calendar_Management,"['calender', 'mail', 'grab', 'uber', 'google_maps', 'maps']",APIs in general,API_Creation,"['scrapy', 'requests', 'httpx', 'fastapi', 'flask', 'postman']",Pet_Medical_Appointment_Booking,"['Calendar_Management', 'Transaction_Validation']","['calender', 'mail', 'grab', 'uber', 'google_maps', 'maps', 'stripe', 'klarna', 'openbanking', 'plaid', 'paypal-sdk']",Smart_Home,Device_Control,"['homeassistant', 'smartthings', 'philips_hue', 'nest']"
831,Data Science,Regression_Models,"['huggingface_trl', 'pandas', 'numpy', 'scikit-learn', 'matplotlib', 'seaborn', 'xgboost', 'lightgbm']",Human_Resources,Employee_Onboarding,"['workday', 'successfactors', 'bamboo_hr', 'greenhouse']",Library_Management,Borrower_Services,"['worldcat', 'libby', 'sierra_api', 'koha']",Space_Technology,Telemetry_Analysis,"['nasa_api', 'spacex_api', 'esa_toolkit', 'orbital_mechanics']"
832,Cybersecurity,Threat_Detection,"['scapy', 'nmap', 'metasploit', 'wireshark', 'burp-suite']",Local_Service_Discovery,"['API_Auth', 'Product_Catalog_Management']","['scrapy', 'requests', 'httpx', 'fastapi', 'flask', 'postman', 'shopify', 'instacart', 'klarna', 'wish']",Budget_Travel_Plan,"['Rideshare_Booking', 'Normalization']","['calender', 'mail', 'grab', 'uber', 'google_maps', 'maps', 'scrapy', 'polars', 'apache-spark', 'airflow']",Social_Media_Analytics,Engagement_Metrics,"['twitter_api', 'facebook_api', 'instagram_api', 'linkedin_api']"
833,Visual_Recipe_Explorer,"['Image_Search', 'Food_Ordering']","['serper', 'duckduckgo', 'bind', 'calender', 'mail', 'grab', 'uber', 'google_maps', 'maps']",Predictive_Supply_Chain_Management,"['Feature_Selection', 'Inventory_Tracking', 'Model_Training']","['huggingface_trl', 'pandas', 'numpy', 'scikit-learn', 'matplotlib', 'seaborn', 'xgboost', 'lightgbm', 'shopify', 'instacart', 'klarna', 'wish', 'huggingface_trl', 'pytorch', 'aws', 'mlflow']",Gaming_Development,Game_Analytics,"['unity', 'unreal_engine', 'steam_api', 'playfab']",Vacation_Rental,Booking_Coordination,"['airbnb_api', 'vrbo_api', 'booking_com', 'homeaway']"
834,Blockchain,Chain_Data_Extraction,['web3'],Agriculture_Tech,Soil_Analysis,"['john_deere_api', 'climate_fieldview', 'farmers_edge', 'agrivi']",Drone_Operations,Data_Collection,"['dji_sdk', 'airmap', 'dronelogbook', 'kittyhawk']",Virtual_Reality,Performance_Optimization,"['unity_xr', 'unreal_vr', 'oculus_sdk', 'steamvr']"
835,Databases,DB_Migrations,"['aws', 'kubernetes', 'sqlalchemy', 'mongoengine', 'redis', 'postgresql']",Automated_Online_Marketplace_Scaling,"['Service_Scaling', 'Order_Fulfillment', 'API_Creation']","['aws', 'docker', 'kubernetes', 'prometheus', 'terraform', 'ansible', 'jenkins', 'gitlab-ci', 'shopify', 'instacart', 'klarna', 'wish', 'scrapy', 'requests', 'httpx', 'fastapi', 'flask', 'postman']",Video_Production,Export_Control,"['adobe_premiere', 'final_cut', 'davinci_resolve', 'avid']",Speech_Technology,Voice_Recognition,"['deepspeech', 'whisper', 'google_speech', 'azure_speech']"
836,Developer Tools,CI_CD_Configuration,"['github', 'git', 'docker', 'aws', 'vercel', 'vscode', 'pre-commit']",Seamless_Checkout_and_Payment,"['Cart_Checkout_Flow', 'Payment_Gateway_Integration']","['shopify', 'instacart', 'klarna', 'wish', 'stripe', 'klarna', 'openbanking', 'plaid', 'paypal-sdk']",XLSX_Driven_Feature_Selection,"['XLSX_Analysis', 'Feature_Selection']","['scrapy', 'beautifulsoup', 'spacy', 'pandas', 'huggingface_trl', 'pandas', 'numpy', 'scikit-learn', 'matplotlib', 'seaborn', 'xgboost', 'lightgbm']",MultiLocation_Rideshare_Planning,"['Rideshare_Booking', 'Team_Management']","['calender', 'mail', 'grab', 'uber', 'google_maps', 'maps', 'microsoft365', 'google_workspace', 'salesforce', 'zendesk', 'slack', 'trello', 'asana', 'zapier', 'shopify']"
837,Cybersecurity,Access_Control,"['scapy', 'nmap', 'metasploit', 'wireshark', 'burp-suite']",Hyperparameter_Controlled_DB_Caching,"['Hyperparameter_Tuning', 'DB_Caching']","['huggingface_trl', 'pytorch', 'aws', 'mlflow', 'aws', 'kubernetes', 'sqlalchemy', 'mongoengine', 'redis', 'postgresql']",Online_Coursework_Notifier,"['Scholar_Search', 'Email_Automation']","['serper', 'duckduckgo', 'bind', 'calender', 'mail', 'grab', 'uber', 'google_maps', 'maps']",Smart_Home,Automation_Rules,"['homeassistant', 'smartthings', 'philips_hue', 'nest']"
838,OCR_Powered_Accounting_Audit,"['OCR_Processing', 'Accounting']","['scrapy', 'beautifulsoup', 'spacy', 'pandas', 'stripe', 'klarna', 'openbanking', 'plaid', 'paypal-sdk']",AI_Coupon_Email_Campaign,"['Email_Automation', 'Ad_Campaigns', 'Feature_Selection']","['calender', 'mail', 'grab', 'uber', 'google_maps', 'maps', 'shopify', 'klarna', 'stripe', 'figma', 'huggingface_trl', 'pandas', 'numpy', 'scikit-learn', 'matplotlib', 'seaborn', 'xgboost', 'lightgbm']",Automated_Online_Marketplace_Scaling,"['Service_Scaling', 'Order_Fulfillment', 'API_Creation']","['aws', 'docker', 'kubernetes', 'prometheus', 'terraform', 'ansible', 'jenkins', 'gitlab-ci', 'shopify', 'instacart', 'klarna', 'wish', 'scrapy', 'requests', 'httpx', 'fastapi', 'flask', 'postman']",Pet_Care,Vaccination_Tracking,"['petfinder', 'vetsource', 'whistle', 'pawboost']"
839,XLSX_Based_Access_Controls,"['XLSX_Analysis', 'Access_Control']","['scrapy', 'beautifulsoup', 'spacy', 'pandas', 'scapy', 'nmap', 'metasploit', 'wireshark', 'burp-suite']",Safe_Online_Grocery_Ordering,"['Food_Ordering', 'Access_Control']","['calender', 'mail', 'grab', 'uber', 'google_maps', 'maps', 'scapy', 'nmap', 'metasploit', 'wireshark', 'burp-suite']",Event_Ticket_Advisor,"['Venue_Search', 'GraphQL_Queries', 'Classification_Pipelines']","['serper', 'duckduckgo', 'bind', 'scrapy', 'requests', 'httpx', 'fastapi', 'flask', 'postman', 'huggingface_trl', 'pandas', 'numpy', 'scikit-learn', 'matplotlib', 'seaborn', 'xgboost', 'lightgbm']",Energy_Management,Smart_Metering,"['enphase', 'solaredge', 'schneider_electric', 'siemens_energy']"
840,Operating System Functions,SSH,"['scapy', 'docker', 'psutil', 'subprocess', 'os']",Manufacturing,Equipment_Monitoring,"['siemens_mindsphere', 'ge_predix', 'rockwell_automation', 'fanuc']",Public_Transportation,Service_Alerts,"['transitland', 'here_transit', 'moovit', 'citymapper']",Home_Services,Project_Tracking,"['angi', 'thumbtack', 'homeadvisor', 'taskrabbit']"
841,Algorithmic Trading,Risk_Management,"['quantlib', 'pandas', 'numpy', 'backtrader', 'ccxt']",XLSX_Based_Access_Controls,"['XLSX_Analysis', 'Access_Control']","['scrapy', 'beautifulsoup', 'spacy', 'pandas', 'scapy', 'nmap', 'metasploit', 'wireshark', 'burp-suite']",Mental_Health,Therapy_Management,"['betterhelp', 'talkspace', 'calm', 'headspace']",Smart_Garden,Weather_Integration,"['gardena', 'rachio', 'orbit_bhyve', 'rainmachine']"
842,Household_Expense_Auditing,"['Invoicing', 'CSV_Analysis']","['stripe', 'klarna', 'openbanking', 'plaid', 'paypal-sdk', 'scrapy', 'beautifulsoup', 'spacy', 'pandas']",Concert_Ticket_Planning,"['Venue_Search', 'Integration']","['serper', 'duckduckgo', 'bind', 'microsoft365', 'google_workspace', 'salesforce', 'zendesk', 'slack', 'trello', 'asana', 'zapier', 'shopify']",Restaurant_Management,Order_Processing,"['toast_pos', 'square', 'opentable', 'yelp_fusion']",Language_Learning,Vocabulary_Training,"['duolingo', 'rosetta_stone', 'babbel', 'memrise']"
843,SaaS,Usage,"['microsoft365', 'google_workspace', 'salesforce', 'zendesk', 'slack', 'trello', 'asana', 'zapier', 'shopify']",Cybersecurity,Access_Control,"['scapy', 'nmap', 'metasploit', 'wireshark', 'burp-suite']",Energy_Management,Smart_Metering,"['enphase', 'solaredge', 'schneider_electric', 'siemens_energy']",Mental_Health,Meditation_Sessions,"['betterhelp', 'talkspace', 'calm', 'headspace']"
844,Search,Web_Search,"['serper', 'duckduckgo', 'bind']",SSH_Scaling_Strategy,"['SSH', 'Service_Scaling']","['scapy', 'docker', 'psutil', 'subprocess', 'os', 'aws', 'docker', 'kubernetes', 'prometheus', 'terraform', 'ansible', 'jenkins', 'gitlab-ci']",XLSX_Driven_Feature_Selection,"['XLSX_Analysis', 'Feature_Selection']","['scrapy', 'beautifulsoup', 'spacy', 'pandas', 'huggingface_trl', 'pandas', 'numpy', 'scikit-learn', 'matplotlib', 'seaborn', 'xgboost', 'lightgbm']",Agriculture_Tech,Yield_Prediction,"['john_deere_api', 'climate_fieldview', 'farmers_edge', 'agrivi']"
845,Databases,DB_Migrations,"['aws', 'kubernetes', 'sqlalchemy', 'mongoengine', 'redis', 'postgresql']",Local_Repair_Service_Comparison,"['Service_Search', 'Normalization']","['serper', 'duckduckgo', 'bind', 'scrapy', 'polars', 'apache-spark', 'airflow']",Healthcare_Management,Appointment_Scheduling,"['epic', 'cerner', 'meditech', 'allscripts', 'healthit']",Energy_Management,Smart_Metering,"['enphase', 'solaredge', 'schneider_electric', 'siemens_energy']"
846,Data Science,Feature_Selection,"['huggingface_trl', 'pandas', 'numpy', 'scikit-learn', 'matplotlib', 'seaborn', 'xgboost', 'lightgbm']",Library_Management,Borrower_Services,"['worldcat', 'libby', 'sierra_api', 'koha']",Library_Management,Digital_Archives,"['worldcat', 'libby', 'sierra_api', 'koha']",Vacation_Rental,Guest_Communication,"['airbnb_api', 'vrbo_api', 'booking_com', 'homeaway']"
847,Developer Tools,CI_CD_Configuration,"['github', 'git', 'docker', 'aws', 'vercel', 'vscode', 'pre-commit']",Historic_News_Review,"['News_Search', 'HTML_Scraping']","['serper', 'duckduckgo', 'bind', 'scrapy', 'beautifulsoup', 'spacy', 'pandas']",Fitness_Technology,Goal_Setting,"['fitbit', 'garmin_connect', 'apple_healthkit', 'myfitnesspal']",Parking_Management,Space_Allocation,"['parkwhiz', 'spothero', 'passport_parking', 'parkmobile']"
848,Family_Budget_Alerts,"['Accounting', 'Email_Automation']","['stripe', 'klarna', 'openbanking', 'plaid', 'paypal-sdk', 'calender', 'mail', 'grab', 'uber', 'google_maps', 'maps']",Real_Estate,Property_Listings,"['mls', 'zillow_api', 'realtor_api', 'redfin']",Home_Services,Project_Tracking,"['angi', 'thumbtack', 'homeadvisor', 'taskrabbit']",Dental_Care,Insurance_Processing,"['dentrix', 'eaglesoft', 'opendental', 'curve_dental']"
849,Cybersecurity,Threat_Detection,"['scapy', 'nmap', 'metasploit', 'wireshark', 'burp-suite']",Automated_Online_Marketplace_Scaling,"['Service_Scaling', 'Order_Fulfillment', 'API_Creation']","['aws', 'docker', 'kubernetes', 'prometheus', 'terraform', 'ansible', 'jenkins', 'gitlab-ci', 'shopify', 'instacart', 'klarna', 'wish', 'scrapy', 'requests', 'httpx', 'fastapi', 'flask', 'postman']",Mental_Health,Progress_Assessment,"['betterhelp', 'talkspace', 'calm', 'headspace']",Language_Learning,Course_Progress,"['duolingo', 'rosetta_stone', 'babbel', 'memrise']"
850,Load_Balanced_Ad_Campaigns,"['Load_Testing', 'Ad_Campaigns']","['scrapy', 'requests', 'httpx', 'fastapi', 'flask', 'postman', 'shopify', 'klarna', 'stripe', 'figma']",Shared_Expense_Validation,"['Transaction_Validation', 'User_Permissions']","['stripe', 'klarna', 'openbanking', 'plaid', 'paypal-sdk', 'scapy', 'docker', 'psutil', 'subprocess', 'os']",Manufacturing,Resource_Optimization,"['siemens_mindsphere', 'ge_predix', 'rockwell_automation', 'fanuc']",Music_Streaming,Playlist_Management,"['spotify_api', 'apple_music', 'pandora', 'deezer']"
851,Finance payments,Transaction_Validation,"['stripe', 'klarna', 'openbanking', 'plaid', 'paypal-sdk']",MultiCloud_DevOps_Clustering_Insights,"['Cloud_Infra_Setup', 'Continuous_Integration', 'Clustering_Analysis']","['github', 'git', 'docker', 'aws', 'vercel', 'vscode', 'pre-commit', 'aws', 'docker', 'kubernetes', 'prometheus', 'terraform', 'ansible', 'jenkins', 'gitlab-ci', 'huggingface_trl', 'pandas', 'numpy', 'scikit-learn', 'matplotlib', 'seaborn', 'xgboost', 'lightgbm']",Restaurant_Management,Menu_Planning,"['toast_pos', 'square', 'opentable', 'yelp_fusion']",Wine_Management,Collection_Valuation,"['vivino', 'cellartracker', 'wine_searcher', 'delectable']"
852,Smart_Contract_Prediction,"['Smart_Contract_Interaction', 'Classification_Pipelines']","['web3', 'huggingface_trl', 'pandas', 'numpy', 'scikit-learn', 'matplotlib', 'seaborn', 'xgboost', 'lightgbm']",Legal_Technology,Compliance_Tracking,"['clio', 'lexisnexis', 'westlaw', 'rocket_lawyer']",Manufacturing,Resource_Optimization,"['siemens_mindsphere', 'ge_predix', 'rockwell_automation', 'fanuc']",Voice_Assistant,Command_Processing,"['alexa_skills', 'google_assistant', 'siri_shortcuts', 'cortana']"
853,Developer Tools,Frontend_Bundling,"['github', 'git', 'docker', 'aws', 'vercel', 'vscode', 'pre-commit']",Information Extraction,CSV_Analysis,"['scrapy', 'beautifulsoup', 'spacy', 'pandas']",Restaurant_Management,Order_Processing,"['toast_pos', 'square', 'opentable', 'yelp_fusion']",Event_Management,Venue_Management,"['eventbrite', 'ticketmaster', 'meetup_api', 'cvent']"
854,APIs in general,API_Auth,"['scrapy', 'requests', 'httpx', 'fastapi', 'flask', 'postman']",Custom_API_WebApp_Deployment,"['API_Creation', 'Deploy_WebApp']","['scrapy', 'requests', 'httpx', 'fastapi', 'flask', 'postman', 'github', 'git', 'docker', 'aws', 'vercel', 'vscode', 'pre-commit']",Log_Analysis_Powered_by_Regression,"['Log_Analysis', 'Regression_Models']","['scapy', 'nmap', 'metasploit', 'wireshark', 'burp-suite', 'huggingface_trl', 'pandas', 'numpy', 'scikit-learn', 'matplotlib', 'seaborn', 'xgboost', 'lightgbm']",Automatic_Birthday_Reminders,"['Calendar_Management', 'User_Permissions']","['calender', 'mail', 'grab', 'uber', 'google_maps', 'maps', 'scapy', 'docker', 'psutil', 'subprocess', 'os']"
855,Information Extraction,PDF_Parsing,"['scrapy', 'beautifulsoup', 'spacy', 'pandas']",Travel_Management,Itinerary_Planning,"['amadeus', 'sabre', 'travelport', 'expedia_api']",Energy_Management,Smart_Metering,"['enphase', 'solaredge', 'schneider_electric', 'siemens_energy']",Music_Streaming,Artist_Analytics,"['spotify_api', 'apple_music', 'pandora', 'deezer']"
856,Consumer Discretionary Software,Ad_Campaigns,"['shopify', 'klarna', 'stripe', 'figma']",Smart_Home,Device_Control,"['homeassistant', 'smartthings', 'philips_hue', 'nest']",Waste_Management,Collection_Routing,"['rubicon', 'waste_management_api', 'recycle_track_systems', 'compology']",Drone_Operations,Data_Collection,"['dji_sdk', 'airmap', 'dronelogbook', 'kittyhawk']"
857,Consumer Discretionary Software,Customer_Retention,"['shopify', 'klarna', 'stripe', 'figma']",Family_Medical_Budget_Plan,"['Accounting', 'Calendar_Management']","['stripe', 'klarna', 'openbanking', 'plaid', 'paypal-sdk', 'calender', 'mail', 'grab', 'uber', 'google_maps', 'maps']",Travel_Management,Itinerary_Planning,"['amadeus', 'sabre', 'travelport', 'expedia_api']",Mental_Health,Therapy_Management,"['betterhelp', 'talkspace', 'calm', 'headspace']"
858,Personal Assistant,Rideshare_Booking,"['calender', 'mail', 'grab', 'uber', 'google_maps', 'maps']",Environmental_Monitoring,Carbon_Tracking,"['openaq', 'airvisual', 'breezometer', 'weatherbit']",Mental_Health,Meditation_Sessions,"['betterhelp', 'talkspace', 'calm', 'headspace']",Space_Technology,Telemetry_Analysis,"['nasa_api', 'spacex_api', 'esa_toolkit', 'orbital_mechanics']"
859,Algorithmic Trading,Strategy_Backtesting,"['quantlib', 'pandas', 'numpy', 'backtrader', 'ccxt']",Historic_News_Review,"['News_Search', 'HTML_Scraping']","['serper', 'duckduckgo', 'bind', 'scrapy', 'beautifulsoup', 'spacy', 'pandas']",Digital_Marketing,ROI_Tracking,"['google_ads', 'facebook_marketing', 'mailchimp', 'hubspot']",Weather_Services,Climate_Modeling,"['openweathermap', 'darksky', 'weatherapi', 'noaa_api']"
860,Search,Service_Search,"['serper', 'duckduckgo', 'bind']",Event_Ticket_Advisor,"['Venue_Search', 'GraphQL_Queries', 'Classification_Pipelines']","['serper', 'duckduckgo', 'bind', 'scrapy', 'requests', 'httpx', 'fastapi', 'flask', 'postman', 'huggingface_trl', 'pandas', 'numpy', 'scikit-learn', 'matplotlib', 'seaborn', 'xgboost', 'lightgbm']",Human_Resources,Payroll_Processing,"['workday', 'successfactors', 'bamboo_hr', 'greenhouse']",Social_Media_Analytics,Competitor_Tracking,"['twitter_api', 'facebook_api', 'instagram_api', 'linkedin_api']"
861,Algorithmic Trading,Order_Execution,"['quantlib', 'pandas', 'numpy', 'backtrader', 'ccxt']",Machine Learning Engineering,Data_Feature_Engineering,"['huggingface_trl', 'pytorch', 'aws', 'mlflow']",Tokenized_Accounting_Audit,"['Token_Transfers', 'Accounting']","['web3', 'stripe', 'klarna', 'openbanking', 'plaid', 'paypal-sdk']",Predictive_Supply_Chain_Management,"['Feature_Selection', 'Inventory_Tracking', 'Model_Training']","['huggingface_trl', 'pandas', 'numpy', 'scikit-learn', 'matplotlib', 'seaborn', 'xgboost', 'lightgbm', 'shopify', 'instacart', 'klarna', 'wish', 'huggingface_trl', 'pytorch', 'aws', 'mlflow']"
862,Human_Resources,Recruitment_Management,"['workday', 'successfactors', 'bamboo_hr', 'greenhouse']",Social_Media_Analytics,Trend_Analysis,"['twitter_api', 'facebook_api', 'instagram_api', 'linkedin_api']",Language_Learning,Speaking_Practice,"['duolingo', 'rosetta_stone', 'babbel', 'memrise']",Food_Delivery,Restaurant_Integration,"['doordash', 'uber_eats', 'grubhub', 'postmates']"
863,Algorithmic Trading,Risk_Management,"['quantlib', 'pandas', 'numpy', 'backtrader', 'ccxt']",Smart_Garden,Plant_Monitoring,"['gardena', 'rachio', 'orbit_bhyve', 'rainmachine']",Cloud_Gaming,Quality_Optimization,"['stadia', 'geforce_now', 'xbox_cloud', 'amazon_luna']",Federated_Learning,Privacy_Protection,"['tensorflow_federated', 'pysyft', 'flower', 'fedml']"
864,Local_Service_Discovery,"['API_Auth', 'Product_Catalog_Management']","['scrapy', 'requests', 'httpx', 'fastapi', 'flask', 'postman', 'shopify', 'instacart', 'klarna', 'wish']",Smart_Garden,Growth_Tracking,"['gardena', 'rachio', 'orbit_bhyve', 'rainmachine']",Job_Search,Job_Matching,"['indeed_api', 'linkedin_jobs', 'glassdoor_api', 'monster']",Cloud_Gaming,Quality_Optimization,"['stadia', 'geforce_now', 'xbox_cloud', 'amazon_luna']"
865,APIs in general,API_Auth,"['scrapy', 'requests', 'httpx', 'fastapi', 'flask', 'postman']",Secure_Smart_Contract_Release,"['Smart_Contract_Deployment', 'Vulnerability_Scanning']","['web3', 'scapy', 'nmap', 'metasploit', 'wireshark', 'burp-suite']",MultiLocation_Rideshare_Planning,"['Rideshare_Booking', 'Team_Management']","['calender', 'mail', 'grab', 'uber', 'google_maps', 'maps', 'microsoft365', 'google_workspace', 'salesforce', 'zendesk', 'slack', 'trello', 'asana', 'zapier', 'shopify']",Job_Search,Resume_Parsing,"['indeed_api', 'linkedin_jobs', 'glassdoor_api', 'monster']"
866,Data Science,Clustering_Analysis,"['huggingface_trl', 'pandas', 'numpy', 'scikit-learn', 'matplotlib', 'seaborn', 'xgboost', 'lightgbm']",Education_Technology,Virtual_Classroom,"['canvas', 'blackboard', 'moodle', 'schoology']",Pet_Care,Activity_Monitoring,"['petfinder', 'vetsource', 'whistle', 'pawboost']",Parking_Management,Space_Allocation,"['parkwhiz', 'spothero', 'passport_parking', 'parkmobile']"
867,Family_Event_Scheduling,"['Calendar_Management', 'Team_Management']","['calender', 'mail', 'grab', 'uber', 'google_maps', 'maps', 'microsoft365', 'google_workspace', 'salesforce', 'zendesk', 'slack', 'trello', 'asana', 'zapier', 'shopify']",Automotive_Technology,Vehicle_Diagnostics,"['obd2', 'tesla_api', 'bmw_connecteddrive', 'ford_sync']",Pet_Care,Vaccination_Tracking,"['petfinder', 'vetsource', 'whistle', 'pawboost']",Voice_Assistant,Skill_Integration,"['alexa_skills', 'google_assistant', 'siri_shortcuts', 'cortana']"
868,SaaS,Tracking,"['microsoft365', 'google_workspace', 'salesforce', 'zendesk', 'slack', 'trello', 'asana', 'zapier', 'shopify']",Cybersecurity,Vulnerability_Scanning,"['scapy', 'nmap', 'metasploit', 'wireshark', 'burp-suite']",Legal_Technology,Compliance_Tracking,"['clio', 'lexisnexis', 'westlaw', 'rocket_lawyer']",Agriculture_Tech,Yield_Prediction,"['john_deere_api', 'climate_fieldview', 'farmers_edge', 'agrivi']"
869,Personal Assistant,Email_Automation,"['calender', 'mail', 'grab', 'uber', 'google_maps', 'maps']",Search,News_Search,"['serper', 'duckduckgo', 'bind']",Social_Media_Analytics,Engagement_Metrics,"['twitter_api', 'facebook_api', 'instagram_api', 'linkedin_api']",Voice_Assistant,Skill_Integration,"['alexa_skills', 'google_assistant', 'siri_shortcuts', 'cortana']"
870,Databases,Schema_Design,"['aws', 'kubernetes', 'sqlalchemy', 'mongoengine', 'redis', 'postgresql']",Shared_Expense_Validation,"['Transaction_Validation', 'User_Permissions']","['stripe', 'klarna', 'openbanking', 'plaid', 'paypal-sdk', 'scapy', 'docker', 'psutil', 'subprocess', 'os']",Vacation_Itinerary_Customization,"['Venue_Search', 'HTML_Scraping']","['serper', 'duckduckgo', 'bind', 'scrapy', 'beautifulsoup', 'spacy', 'pandas']",Wine_Management,Collection_Valuation,"['vivino', 'cellartracker', 'wine_searcher', 'delectable']"
871,Finance payments,Accounting,"['stripe', 'klarna', 'openbanking', 'plaid', 'paypal-sdk']",GraphQL_Based_Ad_Campaigns,"['GraphQL_Queries', 'Ad_Campaigns']","['scrapy', 'requests', 'httpx', 'fastapi', 'flask', 'postman', 'shopify', 'klarna', 'stripe', 'figma']",Sports_Analytics,Player_Statistics,"['mlb_statsapi', 'nba_api', 'fifa_api', 'strava_api']",Pet_Care,Vaccination_Tracking,"['petfinder', 'vetsource', 'whistle', 'pawboost']"
872,Restaurant_Management,Menu_Planning,"['toast_pos', 'square', 'opentable', 'yelp_fusion']",Video_Production,Asset_Management,"['adobe_premiere', 'final_cut', 'davinci_resolve', 'avid']",Voice_Assistant,Skill_Integration,"['alexa_skills', 'google_assistant', 'siri_shortcuts', 'cortana']",Cloud_Gaming,Stream_Management,"['stadia', 'geforce_now', 'xbox_cloud', 'amazon_luna']"
873,Search,Scholar_Search,"['serper', 'duckduckgo', 'bind']",Search,Venue_Search,"['serper', 'duckduckgo', 'bind']",Data Processing,Data_Cleaning,"['scrapy', 'polars', 'apache-spark', 'airflow']",Food_Delivery,Menu_Synchronization,"['doordash', 'uber_eats', 'grubhub', 'postmates']"
874,Healthcare_Management,Prescription_Management,"['epic', 'cerner', 'meditech', 'allscripts', 'healthit']",Sports_Analytics,Team_Management,"['mlb_statsapi', 'nba_api', 'fifa_api', 'strava_api']",Digital_Marketing,Audience_Segmentation,"['google_ads', 'facebook_marketing', 'mailchimp', 'hubspot']",3D_Printing,Printer_Control,"['marlin', 'cura', 'slic3r', 'repetier']"
875,Data Science,Clustering_Analysis,"['huggingface_trl', 'pandas', 'numpy', 'scikit-learn', 'matplotlib', 'seaborn', 'xgboost', 'lightgbm']",Data_Preprocessing_for_ML,"['Normalization', 'Data_Feature_Engineering']","['scrapy', 'polars', 'apache-spark', 'airflow', 'huggingface_trl', 'pytorch', 'aws', 'mlflow']",Food_Delivery,Driver_Dispatch,"['doordash', 'uber_eats', 'grubhub', 'postmates']",Federated_Learning,Aggregation_Control,"['tensorflow_federated', 'pysyft', 'flower', 'fedml']"
876,Consumer Discretionary Software,Customer_Retention,"['shopify', 'klarna', 'stripe', 'figma']",Log_Analysis_Powered_by_Regression,"['Log_Analysis', 'Regression_Models']","['scapy', 'nmap', 'metasploit', 'wireshark', 'burp-suite', 'huggingface_trl', 'pandas', 'numpy', 'scikit-learn', 'matplotlib', 'seaborn', 'xgboost', 'lightgbm']",Predictive_Supply_Chain_Management,"['Feature_Selection', 'Inventory_Tracking', 'Model_Training']","['huggingface_trl', 'pandas', 'numpy', 'scikit-learn', 'matplotlib', 'seaborn', 'xgboost', 'lightgbm', 'shopify', 'instacart', 'klarna', 'wish', 'huggingface_trl', 'pytorch', 'aws', 'mlflow']",Real_Estate,Property_Listings,"['mls', 'zillow_api', 'realtor_api', 'redfin']"
877,Algorithmic Trading,Market_Data_Streaming,"['quantlib', 'pandas', 'numpy', 'backtrader', 'ccxt']",Personalized_Budget_Analysis,"['Accounting', 'CSV_Analysis']","['stripe', 'klarna', 'openbanking', 'plaid', 'paypal-sdk', 'scrapy', 'beautifulsoup', 'spacy', 'pandas']",Contextual_Product_Bundling,"['Product_Catalog_Management', 'Aggregation']","['shopify', 'instacart', 'klarna', 'wish', 'scrapy', 'polars', 'apache-spark', 'airflow']",Weather_Services,Climate_Modeling,"['openweathermap', 'darksky', 'weatherapi', 'noaa_api']"
878,Search,Product_Search,"['serper', 'duckduckgo', 'bind']",Cultural_Venue_Recommendation,"['Venue_Search', 'Classification_Pipelines']","['serper', 'duckduckgo', 'bind', 'huggingface_trl', 'pandas', 'numpy', 'scikit-learn', 'matplotlib', 'seaborn', 'xgboost', 'lightgbm']",Entertainment,Engagement_Analytics,"['netflix_api', 'spotify_api', 'youtube_api', 'twitch_api']",Restaurant_Management,Menu_Planning,"['toast_pos', 'square', 'opentable', 'yelp_fusion']"
879,Smart_Home,Security_Systems,"['homeassistant', 'smartthings', 'philips_hue', 'nest']",Supply_Chain,Order_Processing,"['sap', 'oracle_scm', 'manhattan', 'blueyonder']",Library_Management,Digital_Archives,"['worldcat', 'libby', 'sierra_api', 'koha']",Speech_Technology,Accent_Analysis,"['deepspeech', 'whisper', 'google_speech', 'azure_speech']"
880,Web_Data_Clustering,"['HTML_Scraping', 'Clustering_Analysis']","['scrapy', 'beautifulsoup', 'spacy', 'pandas', 'huggingface_trl', 'pandas', 'numpy', 'scikit-learn', 'matplotlib', 'seaborn', 'xgboost', 'lightgbm']",Entertainment,Engagement_Analytics,"['netflix_api', 'spotify_api', 'youtube_api', 'twitch_api']",Food_Delivery,Menu_Synchronization,"['doordash', 'uber_eats', 'grubhub', 'postmates']",Bioinformatics,Phylogenetic_Studies,"['biopython', 'blast', 'samtools', 'galaxy']"
881,XLSX_Driven_Feature_Selection,"['XLSX_Analysis', 'Feature_Selection']","['scrapy', 'beautifulsoup', 'spacy', 'pandas', 'huggingface_trl', 'pandas', 'numpy', 'scikit-learn', 'matplotlib', 'seaborn', 'xgboost', 'lightgbm']",Hyperparameter_Controlled_DB_Caching,"['Hyperparameter_Tuning', 'DB_Caching']","['huggingface_trl', 'pytorch', 'aws', 'mlflow', 'aws', 'kubernetes', 'sqlalchemy', 'mongoengine', 'redis', 'postgresql']",Travel_Management,Flight_Booking,"['amadeus', 'sabre', 'travelport', 'expedia_api']",Agriculture_Tech,Crop_Management,"['john_deere_api', 'climate_fieldview', 'farmers_edge', 'agrivi']"
882,Search,News_Search,"['serper', 'duckduckgo', 'bind']",Healthy_Food_Alternatives,"['Food_Ordering', 'OCR_Processing']","['calender', 'mail', 'grab', 'uber', 'google_maps', 'maps', 'scrapy', 'beautifulsoup', 'spacy', 'pandas']",Automotive_Technology,Service_Scheduling,"['obd2', 'tesla_api', 'bmw_connecteddrive', 'ford_sync']",Public_Transportation,Route_Planning,"['transitland', 'here_transit', 'moovit', 'citymapper']"
883,Recurring_Calendar_Invoicing,"['Calendar_Management', 'Invoicing']","['calender', 'mail', 'grab', 'uber', 'google_maps', 'maps', 'stripe', 'klarna', 'openbanking', 'plaid', 'paypal-sdk']",Supply_Chain,Inventory_Management,"['sap', 'oracle_scm', 'manhattan', 'blueyonder']",Fitness_Technology,Nutrition_Planning,"['fitbit', 'garmin_connect', 'apple_healthkit', 'myfitnesspal']",Smart_Garden,Irrigation_Control,"['gardena', 'rachio', 'orbit_bhyve', 'rainmachine']"
884,Devops,Deployment_Pipelines,"['aws', 'docker', 'kubernetes', 'prometheus', 'terraform', 'ansible', 'jenkins', 'gitlab-ci']",E-commerce,Order_Fulfillment,"['shopify', 'instacart', 'klarna', 'wish']",Weather_Services,Climate_Modeling,"['openweathermap', 'darksky', 'weatherapi', 'noaa_api']",Home_Services,Project_Tracking,"['angi', 'thumbtack', 'homeadvisor', 'taskrabbit']"
885,APIs in general,REST_API_Integration,"['scrapy', 'requests', 'httpx', 'fastapi', 'flask', 'postman']",SaaS,Usage,"['microsoft365', 'google_workspace', 'salesforce', 'zendesk', 'slack', 'trello', 'asana', 'zapier', 'shopify']",Sports_Analytics,Player_Statistics,"['mlb_statsapi', 'nba_api', 'fifa_api', 'strava_api']",Virtual_Reality,Interaction_Design,"['unity_xr', 'unreal_vr', 'oculus_sdk', 'steamvr']"
886,Household_Bill_Organization,"['Invoicing', 'PDF_Parsing']","['stripe', 'klarna', 'openbanking', 'plaid', 'paypal-sdk', 'scrapy', 'beautifulsoup', 'spacy', 'pandas']",Overdue_Bill_Automation,"['Email_Automation', 'Invoicing']","['calender', 'mail', 'grab', 'uber', 'google_maps', 'maps', 'stripe', 'klarna', 'openbanking', 'plaid', 'paypal-sdk']",Family_Budget_Alerts,"['Accounting', 'Email_Automation']","['stripe', 'klarna', 'openbanking', 'plaid', 'paypal-sdk', 'calender', 'mail', 'grab', 'uber', 'google_maps', 'maps']",Library_Management,Digital_Archives,"['worldcat', 'libby', 'sierra_api', 'koha']"
887,Machine Learning Engineering,Model_Training,"['huggingface_trl', 'pytorch', 'aws', 'mlflow']",Blockchain,Smart_Contract_Deployment,['web3'],Overdue_Bill_Automation,"['Email_Automation', 'Invoicing']","['calender', 'mail', 'grab', 'uber', 'google_maps', 'maps', 'stripe', 'klarna', 'openbanking', 'plaid', 'paypal-sdk']",Video_Production,Export_Control,"['adobe_premiere', 'final_cut', 'davinci_resolve', 'avid']"
888,Student_Research_Data_Curation,"['Scholar_Search', 'CSV_Analysis']","['serper', 'duckduckgo', 'bind', 'scrapy', 'beautifulsoup', 'spacy', 'pandas']",Entertainment,Engagement_Analytics,"['netflix_api', 'spotify_api', 'youtube_api', 'twitch_api']",Digital_Marketing,Campaign_Analytics,"['google_ads', 'facebook_marketing', 'mailchimp', 'hubspot']",Digital_Marketing,Content_Optimization,"['google_ads', 'facebook_marketing', 'mailchimp', 'hubspot']"
889,Search,Service_Search,"['serper', 'duckduckgo', 'bind']",Supply_Chain,Inventory_Management,"['sap', 'oracle_scm', 'manhattan', 'blueyonder']",Mental_Health,Progress_Assessment,"['betterhelp', 'talkspace', 'calm', 'headspace']",Drone_Operations,Mission_Control,"['dji_sdk', 'airmap', 'dronelogbook', 'kittyhawk']"
890,Restaurant_Management,Table_Management,"['toast_pos', 'square', 'opentable', 'yelp_fusion']",Smart_Garden,Weather_Integration,"['gardena', 'rachio', 'orbit_bhyve', 'rainmachine']",Sleep_Analysis,Habit_Formation,"['oura_ring', 'withings', 'sleep_cycle', 'fitbit']",Food_Delivery,Restaurant_Integration,"['doordash', 'uber_eats', 'grubhub', 'postmates']"
891,APIs in general,API_Testing,"['scrapy', 'requests', 'httpx', 'fastapi', 'flask', 'postman']",Databases,Schema_Design,"['aws', 'kubernetes', 'sqlalchemy', 'mongoengine', 'redis', 'postgresql']",Operating System Functions,User_Permissions,"['scapy', 'docker', 'psutil', 'subprocess', 'os']",Water_Utilities,Leak_Detection,"['water_smart', 'aquahawk', 'sensus_analytics', 'waterscope']"
892,Music_Streaming,Playlist_Management,"['spotify_api', 'apple_music', 'pandora', 'deezer']",Mental_Health,Meditation_Sessions,"['betterhelp', 'talkspace', 'calm', 'headspace']",Waste_Management,Container_Monitoring,"['rubicon', 'waste_management_api', 'recycle_track_systems', 'compology']",Wine_Management,Collection_Valuation,"['vivino', 'cellartracker', 'wine_searcher', 'delectable']"
893,Machine Learning Engineering,Model_Serving,"['huggingface_trl', 'pytorch', 'aws', 'mlflow']",Real_Estate,Market_Analysis,"['mls', 'zillow_api', 'realtor_api', 'redfin']",Restaurant_Management,Table_Management,"['toast_pos', 'square', 'opentable', 'yelp_fusion']",Smart_Garden,Plant_Monitoring,"['gardena', 'rachio', 'orbit_bhyve', 'rainmachine']"
894,SSH_Scaling_Strategy,"['SSH', 'Service_Scaling']","['scapy', 'docker', 'psutil', 'subprocess', 'os', 'aws', 'docker', 'kubernetes', 'prometheus', 'terraform', 'ansible', 'jenkins', 'gitlab-ci']",Containerized_Shell_Scripting,"['Containerization', 'Shell_Scripting']","['aws', 'docker', 'kubernetes', 'prometheus', 'terraform', 'ansible', 'jenkins', 'gitlab-ci', 'scapy', 'docker', 'psutil', 'subprocess', 'os']",Regular_Inventory_Alerts,"['Inventory_Tracking', 'Normalization']","['shopify', 'instacart', 'klarna', 'wish', 'scrapy', 'polars', 'apache-spark', 'airflow']",Space_Technology,Satellite_Control,"['nasa_api', 'spacex_api', 'esa_toolkit', 'orbital_mechanics']"
895,Seamless_Checkout_and_Payment,"['Cart_Checkout_Flow', 'Payment_Gateway_Integration']","['shopify', 'instacart', 'klarna', 'wish', 'stripe', 'klarna', 'openbanking', 'plaid', 'paypal-sdk']",Secure_Online_Appointment_Booking,"['Access_Control', 'Calendar_Management', 'Payment_Gateway_Integration']","['scapy', 'nmap', 'metasploit', 'wireshark', 'burp-suite', 'calender', 'mail', 'grab', 'uber', 'google_maps', 'maps', 'stripe', 'klarna', 'openbanking', 'plaid', 'paypal-sdk']",Manufacturing,Production_Planning,"['siemens_mindsphere', 'ge_predix', 'rockwell_automation', 'fanuc']",Food_Delivery,Driver_Dispatch,"['doordash', 'uber_eats', 'grubhub', 'postmates']"
896,Finance payments,Payment_Gateway_Integration,"['stripe', 'klarna', 'openbanking', 'plaid', 'paypal-sdk']",Search,Product_Search,"['serper', 'duckduckgo', 'bind']",Digital_Marketing,Content_Optimization,"['google_ads', 'facebook_marketing', 'mailchimp', 'hubspot']",Art_Gallery,Artwork_Tracking,"['artsy', 'museum_api', 'getty', 'smithsonian_api']"
897,Data_Preprocessing_for_ML,"['Normalization', 'Data_Feature_Engineering']","['scrapy', 'polars', 'apache-spark', 'airflow', 'huggingface_trl', 'pytorch', 'aws', 'mlflow']",API_Testing_Based_Risk_Monitor,"['API_Testing', 'Risk_Management', 'Infrastructure_Monitoring']","['scrapy', 'requests', 'httpx', 'fastapi', 'flask', 'postman', 'quantlib', 'pandas', 'numpy', 'backtrader', 'ccxt', 'aws', 'docker', 'kubernetes', 'prometheus', 'terraform', 'ansible', 'jenkins', 'gitlab-ci']",Real_Estate,Property_Listings,"['mls', 'zillow_api', 'realtor_api', 'redfin']",Gaming_Development,Monetization,"['unity', 'unreal_engine', 'steam_api', 'playfab']"
898,Manufacturing,Equipment_Monitoring,"['siemens_mindsphere', 'ge_predix', 'rockwell_automation', 'fanuc']",Sports_Analytics,Player_Statistics,"['mlb_statsapi', 'nba_api', 'fifa_api', 'strava_api']",Parking_Management,Payment_Processing,"['parkwhiz', 'spothero', 'passport_parking', 'parkmobile']",Job_Search,Job_Matching,"['indeed_api', 'linkedin_jobs', 'glassdoor_api', 'monster']"
899,Developer Tools,Backend_Deployment,"['github', 'git', 'docker', 'aws', 'vercel', 'vscode', 'pre-commit']",Operating System Functions,Process_Control,"['scapy', 'docker', 'psutil', 'subprocess', 'os']",Operating System Functions,System_Monitoring,"['scapy', 'docker', 'psutil', 'subprocess', 'os']",Video_Production,Editing_Workflow,"['adobe_premiere', 'final_cut', 'davinci_resolve', 'avid']"
900,Algorithmic Trading,Market_Data_Streaming,"['quantlib', 'pandas', 'numpy', 'backtrader', 'ccxt']",Blockchain,Wallet_Management,['web3'],Multi_Cloud_Hyperparameter_Tuning,"['Cloud_Infra_Setup', 'Hyperparameter_Tuning']","['github', 'git', 'docker', 'aws', 'vercel', 'vscode', 'pre-commit', 'huggingface_trl', 'pytorch', 'aws', 'mlflow']",Bioinformatics,Phylogenetic_Studies,"['biopython', 'blast', 'samtools', 'galaxy']"
901,Databases,Database_Testing,"['aws', 'kubernetes', 'sqlalchemy', 'mongoengine', 'redis', 'postgresql']",Web_Data_Clustering,"['HTML_Scraping', 'Clustering_Analysis']","['scrapy', 'beautifulsoup', 'spacy', 'pandas', 'huggingface_trl', 'pandas', 'numpy', 'scikit-learn', 'matplotlib', 'seaborn', 'xgboost', 'lightgbm']",Freelance_Invoice_Organizer,"['Invoicing', 'Aggregation']","['stripe', 'klarna', 'openbanking', 'plaid', 'paypal-sdk', 'scrapy', 'polars', 'apache-spark', 'airflow']",Secure_APIs_for_Trading,"['API_Auth', 'Market_Data_Streaming', 'Risk_Management']","['scrapy', 'requests', 'httpx', 'fastapi', 'flask', 'postman', 'quantlib', 'pandas', 'numpy', 'backtrader', 'ccxt', 'quantlib', 'pandas', 'numpy', 'backtrader', 'ccxt']"
902,Machine Learning Engineering,Model_Training,"['huggingface_trl', 'pytorch', 'aws', 'mlflow']",Search,Venue_Search,"['serper', 'duckduckgo', 'bind']",Developer Tools,Deploy_WebApp,"['github', 'git', 'docker', 'aws', 'vercel', 'vscode', 'pre-commit']",Historic_News_Review,"['News_Search', 'HTML_Scraping']","['serper', 'duckduckgo', 'bind', 'scrapy', 'beautifulsoup', 'spacy', 'pandas']"
903,Devops,Containerization,"['aws', 'docker', 'kubernetes', 'prometheus', 'terraform', 'ansible', 'jenkins', 'gitlab-ci']",Chain_Data_Extraction_for_CRM,"['Chain_Data_Extraction', 'CRM_Enhancements']","['web3', 'shopify', 'klarna', 'stripe', 'figma']",Manufacturing,Equipment_Monitoring,"['siemens_mindsphere', 'ge_predix', 'rockwell_automation', 'fanuc']",Wine_Management,Pairing_Suggestions,"['vivino', 'cellartracker', 'wine_searcher', 'delectable']"
904,Information Extraction,HTML_Scraping,"['scrapy', 'beautifulsoup', 'spacy', 'pandas']",Consumer Discretionary Software,Conversion_Tracking,"['shopify', 'klarna', 'stripe', 'figma']",Environmental_Monitoring,Air_Quality_Analysis,"['openaq', 'airvisual', 'breezometer', 'weatherbit']",Event_Management,Attendee_Tracking,"['eventbrite', 'ticketmaster', 'meetup_api', 'cvent']"
905,Shared_Expense_Validation,"['Transaction_Validation', 'User_Permissions']","['stripe', 'klarna', 'openbanking', 'plaid', 'paypal-sdk', 'scapy', 'docker', 'psutil', 'subprocess', 'os']",Local_Charity_Payment_Scheduling,"['Transaction_Validation', 'Calendar_Management']","['stripe', 'klarna', 'openbanking', 'plaid', 'paypal-sdk', 'calender', 'mail', 'grab', 'uber', 'google_maps', 'maps']",Supply_Chain,Logistics_Planning,"['sap', 'oracle_scm', 'manhattan', 'blueyonder']",Food_Delivery,Order_Tracking,"['doordash', 'uber_eats', 'grubhub', 'postmates']"
906,Hyperparameter_Controlled_DB_Caching,"['Hyperparameter_Tuning', 'DB_Caching']","['huggingface_trl', 'pytorch', 'aws', 'mlflow', 'aws', 'kubernetes', 'sqlalchemy', 'mongoengine', 'redis', 'postgresql']",Family_Event_Scheduling,"['Calendar_Management', 'Team_Management']","['calender', 'mail', 'grab', 'uber', 'google_maps', 'maps', 'microsoft365', 'google_workspace', 'salesforce', 'zendesk', 'slack', 'trello', 'asana', 'zapier', 'shopify']",Entertainment,Media_Management,"['netflix_api', 'spotify_api', 'youtube_api', 'twitch_api']",Fitness_Technology,Progress_Monitoring,"['fitbit', 'garmin_connect', 'apple_healthkit', 'myfitnesspal']"
907,House_Rental_Payment_Splitting,"['Transaction_Validation', 'User_Permissions']","['stripe', 'klarna', 'openbanking', 'plaid', 'paypal-sdk', 'scapy', 'docker', 'psutil', 'subprocess', 'os']",Digital_Marketing,ROI_Tracking,"['google_ads', 'facebook_marketing', 'mailchimp', 'hubspot']",Social_Media_Analytics,Sentiment_Analysis,"['twitter_api', 'facebook_api', 'instagram_api', 'linkedin_api']",Social_Media_Analytics,Trend_Analysis,"['twitter_api', 'facebook_api', 'instagram_api', 'linkedin_api']"
908,E-commerce,Inventory_Tracking,"['shopify', 'instacart', 'klarna', 'wish']",CRM_Oriented_Database_Schema,"['CRM_Enhancements', 'Schema_Design']","['shopify', 'klarna', 'stripe', 'figma', 'aws', 'kubernetes', 'sqlalchemy', 'mongoengine', 'redis', 'postgresql']",Load_Balanced_Ad_Campaigns,"['Load_Testing', 'Ad_Campaigns']","['scrapy', 'requests', 'httpx', 'fastapi', 'flask', 'postman', 'shopify', 'klarna', 'stripe', 'figma']",Personalized_Budget_Analysis,"['Accounting', 'CSV_Analysis']","['stripe', 'klarna', 'openbanking', 'plaid', 'paypal-sdk', 'scrapy', 'beautifulsoup', 'spacy', 'pandas']"
909,Machine Learning Engineering,Data_Feature_Engineering,"['huggingface_trl', 'pytorch', 'aws', 'mlflow']",APIs in general,REST_API_Integration,"['scrapy', 'requests', 'httpx', 'fastapi', 'flask', 'postman']",Travel_Management,Travel_Insurance,"['amadeus', 'sabre', 'travelport', 'expedia_api']",Voice_Assistant,Device_Control,"['alexa_skills', 'google_assistant', 'siri_shortcuts', 'cortana']"
910,Doctor_Appointment_Booking,"['Calendar_Management', 'Payment_Gateway_Integration']","['calender', 'mail', 'grab', 'uber', 'google_maps', 'maps', 'stripe', 'klarna', 'openbanking', 'plaid', 'paypal-sdk']",Local_Repair_Service_Comparison,"['Service_Search', 'Normalization']","['serper', 'duckduckgo', 'bind', 'scrapy', 'polars', 'apache-spark', 'airflow']",Food_Delivery,Menu_Synchronization,"['doordash', 'uber_eats', 'grubhub', 'postmates']",Speech_Technology,Text_Synthesis,"['deepspeech', 'whisper', 'google_speech', 'azure_speech']"
911,Grocery_Choice_Refinement,"['Food_Ordering', 'Feature_Selection']","['calender', 'mail', 'grab', 'uber', 'google_maps', 'maps', 'huggingface_trl', 'pandas', 'numpy', 'scikit-learn', 'matplotlib', 'seaborn', 'xgboost', 'lightgbm']",Travel_Management,Travel_Insurance,"['amadeus', 'sabre', 'travelport', 'expedia_api']",Parking_Management,Permit_Management,"['parkwhiz', 'spothero', 'passport_parking', 'parkmobile']",Food_Delivery,Order_Tracking,"['doordash', 'uber_eats', 'grubhub', 'postmates']"
912,APIs in general,API_Creation,"['scrapy', 'requests', 'httpx', 'fastapi', 'flask', 'postman']",Cultural_Venue_Recommendation,"['Venue_Search', 'Classification_Pipelines']","['serper', 'duckduckgo', 'bind', 'huggingface_trl', 'pandas', 'numpy', 'scikit-learn', 'matplotlib', 'seaborn', 'xgboost', 'lightgbm']",Human_Resources,Payroll_Processing,"['workday', 'successfactors', 'bamboo_hr', 'greenhouse']",Waste_Management,Container_Monitoring,"['rubicon', 'waste_management_api', 'recycle_track_systems', 'compology']"
913,Search,News_Search,"['serper', 'duckduckgo', 'bind']",Operating System Functions,Process_Control,"['scapy', 'docker', 'psutil', 'subprocess', 'os']",Real_Estate,Property_Listings,"['mls', 'zillow_api', 'realtor_api', 'redfin']",Mental_Health,Mood_Tracking,"['betterhelp', 'talkspace', 'calm', 'headspace']"
914,Order_Fulfillment_Orchestrator,"['Process_Control', 'Order_Fulfillment']","['scapy', 'docker', 'psutil', 'subprocess', 'os', 'shopify', 'instacart', 'klarna', 'wish']",Shared_Expense_Validation,"['Transaction_Validation', 'User_Permissions']","['stripe', 'klarna', 'openbanking', 'plaid', 'paypal-sdk', 'scapy', 'docker', 'psutil', 'subprocess', 'os']",Automotive_Technology,Performance_Monitoring,"['obd2', 'tesla_api', 'bmw_connecteddrive', 'ford_sync']",Wine_Management,Pairing_Suggestions,"['vivino', 'cellartracker', 'wine_searcher', 'delectable']"
915,Family_Event_Scheduling,"['Calendar_Management', 'Team_Management']","['calender', 'mail', 'grab', 'uber', 'google_maps', 'maps', 'microsoft365', 'google_workspace', 'salesforce', 'zendesk', 'slack', 'trello', 'asana', 'zapier', 'shopify']",Budget_Travel_Plan,"['Rideshare_Booking', 'Normalization']","['calender', 'mail', 'grab', 'uber', 'google_maps', 'maps', 'scrapy', 'polars', 'apache-spark', 'airflow']",Human_Resources,Performance_Evaluation,"['workday', 'successfactors', 'bamboo_hr', 'greenhouse']",Pet_Care,Health_Records,"['petfinder', 'vetsource', 'whistle', 'pawboost']"
916,Supply_Chain,Supplier_Management,"['sap', 'oracle_scm', 'manhattan', 'blueyonder']",Telecommunications,Traffic_Analysis,"['cisco_meraki', 'nokia_apis', 'ericsson_api', 'twilio']",Event_Management,Attendee_Tracking,"['eventbrite', 'ticketmaster', 'meetup_api', 'cvent']",Job_Search,Salary_Analysis,"['indeed_api', 'linkedin_jobs', 'glassdoor_api', 'monster']"
917,Automotive_Technology,Fleet_Management,"['obd2', 'tesla_api', 'bmw_connecteddrive', 'ford_sync']",Pet_Care,Vaccination_Tracking,"['petfinder', 'vetsource', 'whistle', 'pawboost']",Language_Learning,Vocabulary_Training,"['duolingo', 'rosetta_stone', 'babbel', 'memrise']",Food_Delivery,Order_Tracking,"['doordash', 'uber_eats', 'grubhub', 'postmates']"
918,Finance payments,Payment_Gateway_Integration,"['stripe', 'klarna', 'openbanking', 'plaid', 'paypal-sdk']",Real_Estate,Property_Valuation,"['mls', 'zillow_api', 'realtor_api', 'redfin']",Pet_Care,Health_Records,"['petfinder', 'vetsource', 'whistle', 'pawboost']",Virtual_Reality,Interaction_Design,"['unity_xr', 'unreal_vr', 'oculus_sdk', 'steamvr']"
919,Information Extraction,HTML_Scraping,"['scrapy', 'beautifulsoup', 'spacy', 'pandas']",MultiCloud_DevOps_Clustering_Insights,"['Cloud_Infra_Setup', 'Continuous_Integration', 'Clustering_Analysis']","['github', 'git', 'docker', 'aws', 'vercel', 'vscode', 'pre-commit', 'aws', 'docker', 'kubernetes', 'prometheus', 'terraform', 'ansible', 'jenkins', 'gitlab-ci', 'huggingface_trl', 'pandas', 'numpy', 'scikit-learn', 'matplotlib', 'seaborn', 'xgboost', 'lightgbm']",Legal_Technology,Legal_Research,"['clio', 'lexisnexis', 'westlaw', 'rocket_lawyer']",Voice_Assistant,Response_Generation,"['alexa_skills', 'google_assistant', 'siri_shortcuts', 'cortana']"
920,APIs in general,Load_Testing,"['scrapy', 'requests', 'httpx', 'fastapi', 'flask', 'postman']",Sports_Analytics,Team_Management,"['mlb_statsapi', 'nba_api', 'fifa_api', 'strava_api']",Time_Series_Analysis,Pattern_Recognition,"['prophet', 'statsmodels', 'pmdarima', 'neuralprophet']",Virtual_Reality,Scene_Development,"['unity_xr', 'unreal_vr', 'oculus_sdk', 'steamvr']"
921,Automatic_Birthday_Reminders,"['Calendar_Management', 'User_Permissions']","['calender', 'mail', 'grab', 'uber', 'google_maps', 'maps', 'scapy', 'docker', 'psutil', 'subprocess', 'os']",Agriculture_Tech,Soil_Analysis,"['john_deere_api', 'climate_fieldview', 'farmers_edge', 'agrivi']",Water_Utilities,Leak_Detection,"['water_smart', 'aquahawk', 'sensus_analytics', 'waterscope']",Bioinformatics,Genome_Sequencing,"['biopython', 'blast', 'samtools', 'galaxy']"
922,Blockchain,Smart_Contract_Interaction,['web3'],Academic_Conference_Trip_Planning,"['Calendar_Management', 'Venue_Search', 'Rideshare_Booking']","['calender', 'mail', 'grab', 'uber', 'google_maps', 'maps', 'serper', 'duckduckgo', 'bind', 'calender', 'mail', 'grab', 'uber', 'google_maps', 'maps']",Federated_Learning,Privacy_Protection,"['tensorflow_federated', 'pysyft', 'flower', 'fedml']",Virtual_Reality,Scene_Development,"['unity_xr', 'unreal_vr', 'oculus_sdk', 'steamvr']"
923,Information Extraction,CSV_Analysis,"['scrapy', 'beautifulsoup', 'spacy', 'pandas']",Personalized_Budget_Analysis,"['Accounting', 'CSV_Analysis']","['stripe', 'klarna', 'openbanking', 'plaid', 'paypal-sdk', 'scrapy', 'beautifulsoup', 'spacy', 'pandas']",Social_Media_Analytics,Competitor_Tracking,"['twitter_api', 'facebook_api', 'instagram_api', 'linkedin_api']",Video_Production,Export_Control,"['adobe_premiere', 'final_cut', 'davinci_resolve', 'avid']"
924,Devops,Infrastructure_Monitoring,"['aws', 'docker', 'kubernetes', 'prometheus', 'terraform', 'ansible', 'jenkins', 'gitlab-ci']",Algorithmic Trading,Market_Data_Streaming,"['quantlib', 'pandas', 'numpy', 'backtrader', 'ccxt']",Data Processing,Normalization,"['scrapy', 'polars', 'apache-spark', 'airflow']",Water_Utilities,Consumption_Monitoring,"['water_smart', 'aquahawk', 'sensus_analytics', 'waterscope']"
925,Chain_Data_Extraction_for_CRM,"['Chain_Data_Extraction', 'CRM_Enhancements']","['web3', 'shopify', 'klarna', 'stripe', 'figma']",Safe_Online_Grocery_Ordering,"['Food_Ordering', 'Access_Control']","['calender', 'mail', 'grab', 'uber', 'google_maps', 'maps', 'scapy', 'nmap', 'metasploit', 'wireshark', 'burp-suite']",Legal_Technology,Case_Management,"['clio', 'lexisnexis', 'westlaw', 'rocket_lawyer']",Federated_Learning,Aggregation_Control,"['tensorflow_federated', 'pysyft', 'flower', 'fedml']"
926,Search,News_Search,"['serper', 'duckduckgo', 'bind']",Job_Search,Salary_Analysis,"['indeed_api', 'linkedin_jobs', 'glassdoor_api', 'monster']",Vacation_Rental,Revenue_Optimization,"['airbnb_api', 'vrbo_api', 'booking_com', 'homeaway']",Bioinformatics,Protein_Analysis,"['biopython', 'blast', 'samtools', 'galaxy']"
927,XLSX_Based_Access_Controls,"['XLSX_Analysis', 'Access_Control']","['scrapy', 'beautifulsoup', 'spacy', 'pandas', 'scapy', 'nmap', 'metasploit', 'wireshark', 'burp-suite']",OCR_Powered_Accounting_Audit,"['OCR_Processing', 'Accounting']","['scrapy', 'beautifulsoup', 'spacy', 'pandas', 'stripe', 'klarna', 'openbanking', 'plaid', 'paypal-sdk']",Restaurant_Management,Menu_Planning,"['toast_pos', 'square', 'opentable', 'yelp_fusion']",Speech_Technology,Text_Synthesis,"['deepspeech', 'whisper', 'google_speech', 'azure_speech']"
928,Kid_Friendly_Tutor_Search,"['Scholar_Search', 'Classification_Pipelines']","['serper', 'duckduckgo', 'bind', 'huggingface_trl', 'pandas', 'numpy', 'scikit-learn', 'matplotlib', 'seaborn', 'xgboost', 'lightgbm']",Automated_Online_Marketplace_Scaling,"['Service_Scaling', 'Order_Fulfillment', 'API_Creation']","['aws', 'docker', 'kubernetes', 'prometheus', 'terraform', 'ansible', 'jenkins', 'gitlab-ci', 'shopify', 'instacart', 'klarna', 'wish', 'scrapy', 'requests', 'httpx', 'fastapi', 'flask', 'postman']",Gaming_Development,Game_Analytics,"['unity', 'unreal_engine', 'steam_api', 'playfab']",Library_Management,Resource_Tracking,"['worldcat', 'libby', 'sierra_api', 'koha']"
929,OCR_Powered_Accounting_Audit,"['OCR_Processing', 'Accounting']","['scrapy', 'beautifulsoup', 'spacy', 'pandas', 'stripe', 'klarna', 'openbanking', 'plaid', 'paypal-sdk']",Budget_Travel_Plan,"['Rideshare_Booking', 'Normalization']","['calender', 'mail', 'grab', 'uber', 'google_maps', 'maps', 'scrapy', 'polars', 'apache-spark', 'airflow']",Visual_Recipe_Explorer,"['Image_Search', 'Food_Ordering']","['serper', 'duckduckgo', 'bind', 'calender', 'mail', 'grab', 'uber', 'google_maps', 'maps']",Human_Resources,Employee_Onboarding,"['workday', 'successfactors', 'bamboo_hr', 'greenhouse']"
930,Devops,Deployment_Pipelines,"['aws', 'docker', 'kubernetes', 'prometheus', 'terraform', 'ansible', 'jenkins', 'gitlab-ci']",Search,Scholar_Search,"['serper', 'duckduckgo', 'bind']",Customized_Research_Paper_Extraction,"['Scholar_Search', 'PDF_Parsing', 'Clustering_Analysis']","['serper', 'duckduckgo', 'bind', 'scrapy', 'beautifulsoup', 'spacy', 'pandas', 'huggingface_trl', 'pandas', 'numpy', 'scikit-learn', 'matplotlib', 'seaborn', 'xgboost', 'lightgbm']",Legal_Technology,Compliance_Tracking,"['clio', 'lexisnexis', 'westlaw', 'rocket_lawyer']"
931,Multi_Cloud_Hyperparameter_Tuning,"['Cloud_Infra_Setup', 'Hyperparameter_Tuning']","['github', 'git', 'docker', 'aws', 'vercel', 'vscode', 'pre-commit', 'huggingface_trl', 'pytorch', 'aws', 'mlflow']",MultiLocation_Rideshare_Planning,"['Rideshare_Booking', 'Team_Management']","['calender', 'mail', 'grab', 'uber', 'google_maps', 'maps', 'microsoft365', 'google_workspace', 'salesforce', 'zendesk', 'slack', 'trello', 'asana', 'zapier', 'shopify']",Subscription_Bill_Validation,"['Transaction_Validation', 'Feature_Selection']","['stripe', 'klarna', 'openbanking', 'plaid', 'paypal-sdk', 'huggingface_trl', 'pandas', 'numpy', 'scikit-learn', 'matplotlib', 'seaborn', 'xgboost', 'lightgbm']",Automotive_Technology,Vehicle_Diagnostics,"['obd2', 'tesla_api', 'bmw_connecteddrive', 'ford_sync']"
932,APIs in general,API_Auth,"['scrapy', 'requests', 'httpx', 'fastapi', 'flask', 'postman']",SaaS,Tracking,"['microsoft365', 'google_workspace', 'salesforce', 'zendesk', 'slack', 'trello', 'asana', 'zapier', 'shopify']",CSV_GraphQL_Insight_Pipeline,"['CSV_Analysis', 'GraphQL_Queries']","['scrapy', 'beautifulsoup', 'spacy', 'pandas', 'scrapy', 'requests', 'httpx', 'fastapi', 'flask', 'postman']",Weather_Services,Climate_Modeling,"['openweathermap', 'darksky', 'weatherapi', 'noaa_api']"
933,Data Science,Feature_Selection,"['huggingface_trl', 'pandas', 'numpy', 'scikit-learn', 'matplotlib', 'seaborn', 'xgboost', 'lightgbm']",Operating System Functions,Process_Control,"['scapy', 'docker', 'psutil', 'subprocess', 'os']",Energy_Management,Grid_Optimization,"['enphase', 'solaredge', 'schneider_electric', 'siemens_energy']",Smart_Garden,Growth_Tracking,"['gardena', 'rachio', 'orbit_bhyve', 'rainmachine']"
934,Databases,Database_Testing,"['aws', 'kubernetes', 'sqlalchemy', 'mongoengine', 'redis', 'postgresql']",Seasonal_Product_Recommendations,"['Product_Catalog_Management', 'Clustering_Analysis']","['shopify', 'instacart', 'klarna', 'wish', 'huggingface_trl', 'pandas', 'numpy', 'scikit-learn', 'matplotlib', 'seaborn', 'xgboost', 'lightgbm']",Healthcare_Management,Prescription_Management,"['epic', 'cerner', 'meditech', 'allscripts', 'healthit']",Voice_Assistant,Skill_Integration,"['alexa_skills', 'google_assistant', 'siri_shortcuts', 'cortana']"
935,Developer Tools,Cloud_Infra_Setup,"['github', 'git', 'docker', 'aws', 'vercel', 'vscode', 'pre-commit']",News_Briefing_Refinement,"['News_Search', 'Feature_Selection']","['serper', 'duckduckgo', 'bind', 'huggingface_trl', 'pandas', 'numpy', 'scikit-learn', 'matplotlib', 'seaborn', 'xgboost', 'lightgbm']",Mental_Health,Meditation_Sessions,"['betterhelp', 'talkspace', 'calm', 'headspace']",Cloud_Gaming,Stream_Management,"['stadia', 'geforce_now', 'xbox_cloud', 'amazon_luna']"
936,APIs in general,API_Auth,"['scrapy', 'requests', 'httpx', 'fastapi', 'flask', 'postman']",APIs in general,API_Creation,"['scrapy', 'requests', 'httpx', 'fastapi', 'flask', 'postman']",Historic_News_Review,"['News_Search', 'HTML_Scraping']","['serper', 'duckduckgo', 'bind', 'scrapy', 'beautifulsoup', 'spacy', 'pandas']",Food_Delivery,Order_Tracking,"['doordash', 'uber_eats', 'grubhub', 'postmates']"
937,Multi_Cloud_Hyperparameter_Tuning,"['Cloud_Infra_Setup', 'Hyperparameter_Tuning']","['github', 'git', 'docker', 'aws', 'vercel', 'vscode', 'pre-commit', 'huggingface_trl', 'pytorch', 'aws', 'mlflow']",RESTful_DB_Access_Control,"['REST_API_Integration', 'Database_Testing', 'Access_Control']","['scrapy', 'requests', 'httpx', 'fastapi', 'flask', 'postman', 'aws', 'kubernetes', 'sqlalchemy', 'mongoengine', 'redis', 'postgresql', 'scapy', 'nmap', 'metasploit', 'wireshark', 'burp-suite']",Legal_Technology,Case_Management,"['clio', 'lexisnexis', 'westlaw', 'rocket_lawyer']",Voice_Assistant,Command_Processing,"['alexa_skills', 'google_assistant', 'siri_shortcuts', 'cortana']"
938,Search,Venue_Search,"['serper', 'duckduckgo', 'bind']",Energy_Management,Grid_Optimization,"['enphase', 'solaredge', 'schneider_electric', 'siemens_energy']",Home_Services,Project_Tracking,"['angi', 'thumbtack', 'homeadvisor', 'taskrabbit']",Wine_Management,Tasting_Notes,"['vivino', 'cellartracker', 'wine_searcher', 'delectable']"
939,House_Rental_Payment_Splitting,"['Transaction_Validation', 'User_Permissions']","['stripe', 'klarna', 'openbanking', 'plaid', 'paypal-sdk', 'scapy', 'docker', 'psutil', 'subprocess', 'os']",Manufacturing,Resource_Optimization,"['siemens_mindsphere', 'ge_predix', 'rockwell_automation', 'fanuc']",Language_Learning,Course_Progress,"['duolingo', 'rosetta_stone', 'babbel', 'memrise']",Job_Search,Application_Tracking,"['indeed_api', 'linkedin_jobs', 'glassdoor_api', 'monster']"
940,Data Processing,Aggregation,"['scrapy', 'polars', 'apache-spark', 'airflow']",Databases,Writing_Queries,"['aws', 'kubernetes', 'sqlalchemy', 'mongoengine', 'redis', 'postgresql']",Tokenized_Accounting_Audit,"['Token_Transfers', 'Accounting']","['web3', 'stripe', 'klarna', 'openbanking', 'plaid', 'paypal-sdk']",Travel_Management,Flight_Booking,"['amadeus', 'sabre', 'travelport', 'expedia_api']"
941,Load_Balanced_Ad_Campaigns,"['Load_Testing', 'Ad_Campaigns']","['scrapy', 'requests', 'httpx', 'fastapi', 'flask', 'postman', 'shopify', 'klarna', 'stripe', 'figma']",Cloud_Gaming,Stream_Management,"['stadia', 'geforce_now', 'xbox_cloud', 'amazon_luna']",Time_Series_Analysis,Forecasting,"['prophet', 'statsmodels', 'pmdarima', 'neuralprophet']",Space_Technology,Satellite_Control,"['nasa_api', 'spacex_api', 'esa_toolkit', 'orbital_mechanics']"
942,APIs in general,REST_API_Integration,"['scrapy', 'requests', 'httpx', 'fastapi', 'flask', 'postman']",Public_Transportation,Route_Planning,"['transitland', 'here_transit', 'moovit', 'citymapper']",Music_Streaming,Artist_Analytics,"['spotify_api', 'apple_music', 'pandora', 'deezer']",Food_Delivery,Restaurant_Integration,"['doordash', 'uber_eats', 'grubhub', 'postmates']"
943,Consumer Discretionary Software,Ad_Campaigns,"['shopify', 'klarna', 'stripe', 'figma']",Personalized_Market_Analytics,"['Rideshare_Booking', 'Market_Data_Streaming']","['calender', 'mail', 'grab', 'uber', 'google_maps', 'maps', 'quantlib', 'pandas', 'numpy', 'backtrader', 'ccxt']",XLSX_Based_Access_Controls,"['XLSX_Analysis', 'Access_Control']","['scrapy', 'beautifulsoup', 'spacy', 'pandas', 'scapy', 'nmap', 'metasploit', 'wireshark', 'burp-suite']",Sports_Analytics,Player_Statistics,"['mlb_statsapi', 'nba_api', 'fifa_api', 'strava_api']"
944,Custom_API_WebApp_Deployment,"['API_Creation', 'Deploy_WebApp']","['scrapy', 'requests', 'httpx', 'fastapi', 'flask', 'postman', 'github', 'git', 'docker', 'aws', 'vercel', 'vscode', 'pre-commit']",Investor_Research_Pipeline,"['Scholar_Search', 'Risk_Management', 'Aggregation']","['serper', 'duckduckgo', 'bind', 'quantlib', 'pandas', 'numpy', 'backtrader', 'ccxt', 'scrapy', 'polars', 'apache-spark', 'airflow']",Automated_Online_Marketplace_Scaling,"['Service_Scaling', 'Order_Fulfillment', 'API_Creation']","['aws', 'docker', 'kubernetes', 'prometheus', 'terraform', 'ansible', 'jenkins', 'gitlab-ci', 'shopify', 'instacart', 'klarna', 'wish', 'scrapy', 'requests', 'httpx', 'fastapi', 'flask', 'postman']",Dental_Care,Treatment_Planning,"['dentrix', 'eaglesoft', 'opendental', 'curve_dental']"
945,Devops,Infrastructure_Monitoring,"['aws', 'docker', 'kubernetes', 'prometheus', 'terraform', 'ansible', 'jenkins', 'gitlab-ci']",Operating System Functions,User_Permissions,"['scapy', 'docker', 'psutil', 'subprocess', 'os']",Pentesting_Containerized_Backend_Deployment,"['Pentesting', 'Containerization', 'Backend_Deployment']","['scapy', 'nmap', 'metasploit', 'wireshark', 'burp-suite', 'aws', 'docker', 'kubernetes', 'prometheus', 'terraform', 'ansible', 'jenkins', 'gitlab-ci', 'github', 'git', 'docker', 'aws', 'vercel', 'vscode', 'pre-commit']",Drone_Operations,Data_Collection,"['dji_sdk', 'airmap', 'dronelogbook', 'kittyhawk']"
946,Academic_Resource_Planner,"['Scholar_Search', 'Calendar_Management']","['serper', 'duckduckgo', 'bind', 'calender', 'mail', 'grab', 'uber', 'google_maps', 'maps']",Fitness_Technology,Workout_Tracking,"['fitbit', 'garmin_connect', 'apple_healthkit', 'myfitnesspal']",Smart_Garden,Plant_Monitoring,"['gardena', 'rachio', 'orbit_bhyve', 'rainmachine']",Food_Delivery,Driver_Dispatch,"['doordash', 'uber_eats', 'grubhub', 'postmates']"
947,Machine Learning Engineering,Model_Training,"['huggingface_trl', 'pytorch', 'aws', 'mlflow']",Supply_Chain,Order_Processing,"['sap', 'oracle_scm', 'manhattan', 'blueyonder']",Travel_Management,Flight_Booking,"['amadeus', 'sabre', 'travelport', 'expedia_api']",Smart_Garden,Weather_Integration,"['gardena', 'rachio', 'orbit_bhyve', 'rainmachine']"
948,Blockchain,Wallet_Management,['web3'],GraphQL_Based_Ad_Campaigns,"['GraphQL_Queries', 'Ad_Campaigns']","['scrapy', 'requests', 'httpx', 'fastapi', 'flask', 'postman', 'shopify', 'klarna', 'stripe', 'figma']",Digital_Marketing,Audience_Segmentation,"['google_ads', 'facebook_marketing', 'mailchimp', 'hubspot']",Library_Management,Borrower_Services,"['worldcat', 'libby', 'sierra_api', 'koha']"
949,Blockchain,Smart_Contract_Interaction,['web3'],Digital_Marketing,Content_Optimization,"['google_ads', 'facebook_marketing', 'mailchimp', 'hubspot']",Smart_Garden,Irrigation_Control,"['gardena', 'rachio', 'orbit_bhyve', 'rainmachine']",Job_Search,Salary_Analysis,"['indeed_api', 'linkedin_jobs', 'glassdoor_api', 'monster']"
950,Information Extraction,HTML_Scraping,"['scrapy', 'beautifulsoup', 'spacy', 'pandas']",Operating System Functions,Shell_Scripting,"['scapy', 'docker', 'psutil', 'subprocess', 'os']",CSV_GraphQL_Insight_Pipeline,"['CSV_Analysis', 'GraphQL_Queries']","['scrapy', 'beautifulsoup', 'spacy', 'pandas', 'scrapy', 'requests', 'httpx', 'fastapi', 'flask', 'postman']",Automated_User_Permissioning,"['User_Permissions', 'API_Auth']","['scapy', 'docker', 'psutil', 'subprocess', 'os', 'scrapy', 'requests', 'httpx', 'fastapi', 'flask', 'postman']"
951,Databases,Database_Testing,"['aws', 'kubernetes', 'sqlalchemy', 'mongoengine', 'redis', 'postgresql']",Consumer Discretionary Software,Ad_Campaigns,"['shopify', 'klarna', 'stripe', 'figma']",DIY_Product_Instruction_Finder,"['Product_Search', 'PDF_Parsing']","['serper', 'duckduckgo', 'bind', 'scrapy', 'beautifulsoup', 'spacy', 'pandas']",Human_Resources,Employee_Onboarding,"['workday', 'successfactors', 'bamboo_hr', 'greenhouse']"
952,Family_Medical_Budget_Plan,"['Accounting', 'Calendar_Management']","['stripe', 'klarna', 'openbanking', 'plaid', 'paypal-sdk', 'calender', 'mail', 'grab', 'uber', 'google_maps', 'maps']",Environmental_Monitoring,Air_Quality_Analysis,"['openaq', 'airvisual', 'breezometer', 'weatherbit']",Telecommunications,Service_Provisioning,"['cisco_meraki', 'nokia_apis', 'ericsson_api', 'twilio']",Home_Services,Service_Scheduling,"['angi', 'thumbtack', 'homeadvisor', 'taskrabbit']"
953,Devops,Infrastructure_Monitoring,"['aws', 'docker', 'kubernetes', 'prometheus', 'terraform', 'ansible', 'jenkins', 'gitlab-ci']",SaaS,Team_Management,"['microsoft365', 'google_workspace', 'salesforce', 'zendesk', 'slack', 'trello', 'asana', 'zapier', 'shopify']",SaaS,Support_Ticketing,"['microsoft365', 'google_workspace', 'salesforce', 'zendesk', 'slack', 'trello', 'asana', 'zapier', 'shopify']",Consumer Discretionary Software,Conversion_Tracking,"['shopify', 'klarna', 'stripe', 'figma']"
954,Data Science,Feature_Selection,"['huggingface_trl', 'pandas', 'numpy', 'scikit-learn', 'matplotlib', 'seaborn', 'xgboost', 'lightgbm']",Fitness_Technology,Progress_Monitoring,"['fitbit', 'garmin_connect', 'apple_healthkit', 'myfitnesspal']",Wine_Management,Tasting_Notes,"['vivino', 'cellartracker', 'wine_searcher', 'delectable']",Smart_Garden,Irrigation_Control,"['gardena', 'rachio', 'orbit_bhyve', 'rainmachine']"
955,E-commerce,Order_Fulfillment,"['shopify', 'instacart', 'klarna', 'wish']",Operating System Functions,User_Permissions,"['scapy', 'docker', 'psutil', 'subprocess', 'os']",Home_Services,Provider_Management,"['angi', 'thumbtack', 'homeadvisor', 'taskrabbit']",Waste_Management,Recycling_Analytics,"['rubicon', 'waste_management_api', 'recycle_track_systems', 'compology']"
956,Blockchain,Wallet_Management,['web3'],Telecommunications,Traffic_Analysis,"['cisco_meraki', 'nokia_apis', 'ericsson_api', 'twilio']",Automotive_Technology,Fleet_Management,"['obd2', 'tesla_api', 'bmw_connecteddrive', 'ford_sync']",Wine_Management,Collection_Valuation,"['vivino', 'cellartracker', 'wine_searcher', 'delectable']"
957,Secure_Smart_Contract_Release,"['Smart_Contract_Deployment', 'Vulnerability_Scanning']","['web3', 'scapy', 'nmap', 'metasploit', 'wireshark', 'burp-suite']",Data_Preprocessing_for_ML,"['Normalization', 'Data_Feature_Engineering']","['scrapy', 'polars', 'apache-spark', 'airflow', 'huggingface_trl', 'pytorch', 'aws', 'mlflow']",Music_Streaming,Artist_Analytics,"['spotify_api', 'apple_music', 'pandora', 'deezer']",Bioinformatics,Protein_Analysis,"['biopython', 'blast', 'samtools', 'galaxy']"
958,Secure_APIs_for_Trading,"['API_Auth', 'Market_Data_Streaming', 'Risk_Management']","['scrapy', 'requests', 'httpx', 'fastapi', 'flask', 'postman', 'quantlib', 'pandas', 'numpy', 'backtrader', 'ccxt', 'quantlib', 'pandas', 'numpy', 'backtrader', 'ccxt']",Personal_Assistant_Budgeting,"['Calendar_Management', 'Accounting', 'CSV_Analysis']","['calender', 'mail', 'grab', 'uber', 'google_maps', 'maps', 'stripe', 'klarna', 'openbanking', 'plaid', 'paypal-sdk', 'scrapy', 'beautifulsoup', 'spacy', 'pandas']",Home_Services,Quote_Generation,"['angi', 'thumbtack', 'homeadvisor', 'taskrabbit']",Job_Search,Resume_Parsing,"['indeed_api', 'linkedin_jobs', 'glassdoor_api', 'monster']"
959,Data Processing,Normalization,"['scrapy', 'polars', 'apache-spark', 'airflow']",Food_Order_Validation,"['Food_Ordering', 'Transaction_Validation']","['calender', 'mail', 'grab', 'uber', 'google_maps', 'maps', 'stripe', 'klarna', 'openbanking', 'plaid', 'paypal-sdk']",Service_Cost_Breakdown,"['Service_Search', 'Accounting']","['serper', 'duckduckgo', 'bind', 'stripe', 'klarna', 'openbanking', 'plaid', 'paypal-sdk']",Language_Learning,Course_Progress,"['duolingo', 'rosetta_stone', 'babbel', 'memrise']"
960,Blockchain,Smart_Contract_Deployment,['web3'],Shared_Event_Email_Reminders,"['Email_Automation', 'Calendar_Management']","['calender', 'mail', 'grab', 'uber', 'google_maps', 'maps', 'calender', 'mail', 'grab', 'uber', 'google_maps', 'maps']",Remote_DevOps_Inspection,"['SSH', 'Infrastructure_Monitoring', 'DB_Migrations']","['scapy', 'docker', 'psutil', 'subprocess', 'os', 'aws', 'docker', 'kubernetes', 'prometheus', 'terraform', 'ansible', 'jenkins', 'gitlab-ci', 'aws', 'kubernetes', 'sqlalchemy', 'mongoengine', 'redis', 'postgresql']",Virtual_Reality,Scene_Development,"['unity_xr', 'unreal_vr', 'oculus_sdk', 'steamvr']"
961,Search,Web_Search,"['serper', 'duckduckgo', 'bind']",Personalized_Budget_Analysis,"['Accounting', 'CSV_Analysis']","['stripe', 'klarna', 'openbanking', 'plaid', 'paypal-sdk', 'scrapy', 'beautifulsoup', 'spacy', 'pandas']",Education_Technology,Virtual_Classroom,"['canvas', 'blackboard', 'moodle', 'schoology']",Automotive_Technology,Fleet_Management,"['obd2', 'tesla_api', 'bmw_connecteddrive', 'ford_sync']"
962,Household_Bill_Organization,"['Invoicing', 'PDF_Parsing']","['stripe', 'klarna', 'openbanking', 'plaid', 'paypal-sdk', 'scrapy', 'beautifulsoup', 'spacy', 'pandas']",Supply_Chain,Logistics_Planning,"['sap', 'oracle_scm', 'manhattan', 'blueyonder']",Music_Streaming,Playlist_Management,"['spotify_api', 'apple_music', 'pandora', 'deezer']",Speech_Technology,Text_Synthesis,"['deepspeech', 'whisper', 'google_speech', 'azure_speech']"
963,Algorithmic Trading,Market_Data_Streaming,"['quantlib', 'pandas', 'numpy', 'backtrader', 'ccxt']",APIs in general,API_Testing,"['scrapy', 'requests', 'httpx', 'fastapi', 'flask', 'postman']",SaaS,Tracking,"['microsoft365', 'google_workspace', 'salesforce', 'zendesk', 'slack', 'trello', 'asana', 'zapier', 'shopify']",Home_Services,Service_Scheduling,"['angi', 'thumbtack', 'homeadvisor', 'taskrabbit']"
964,Information Extraction,OCR_Processing,"['scrapy', 'beautifulsoup', 'spacy', 'pandas']",Databases,Database_Testing,"['aws', 'kubernetes', 'sqlalchemy', 'mongoengine', 'redis', 'postgresql']",Entertainment,User_Recommendations,"['netflix_api', 'spotify_api', 'youtube_api', 'twitch_api']",Pet_Care,Vaccination_Tracking,"['petfinder', 'vetsource', 'whistle', 'pawboost']"
965,Data Science,Clustering_Analysis,"['huggingface_trl', 'pandas', 'numpy', 'scikit-learn', 'matplotlib', 'seaborn', 'xgboost', 'lightgbm']",API_Driven_Inventory_Validation,"['Inventory_Tracking', 'API_Testing']","['shopify', 'instacart', 'klarna', 'wish', 'scrapy', 'requests', 'httpx', 'fastapi', 'flask', 'postman']",Mental_Health,Progress_Assessment,"['betterhelp', 'talkspace', 'calm', 'headspace']",3D_Printing,Material_Management,"['marlin', 'cura', 'slic3r', 'repetier']"
966,SaaS,Integration,"['microsoft365', 'google_workspace', 'salesforce', 'zendesk', 'slack', 'trello', 'asana', 'zapier', 'shopify']",Pet_Medical_Appointment_Booking,"['Calendar_Management', 'Transaction_Validation']","['calender', 'mail', 'grab', 'uber', 'google_maps', 'maps', 'stripe', 'klarna', 'openbanking', 'plaid', 'paypal-sdk']",MultiLocation_Rideshare_Planning,"['Rideshare_Booking', 'Team_Management']","['calender', 'mail', 'grab', 'uber', 'google_maps', 'maps', 'microsoft365', 'google_workspace', 'salesforce', 'zendesk', 'slack', 'trello', 'asana', 'zapier', 'shopify']",Human_Resources,Payroll_Processing,"['workday', 'successfactors', 'bamboo_hr', 'greenhouse']"
967,Education_Technology,Course_Management,"['canvas', 'blackboard', 'moodle', 'schoology']",Supply_Chain,Inventory_Management,"['sap', 'oracle_scm', 'manhattan', 'blueyonder']",Wine_Management,Tasting_Notes,"['vivino', 'cellartracker', 'wine_searcher', 'delectable']",Space_Technology,Telemetry_Analysis,"['nasa_api', 'spacex_api', 'esa_toolkit', 'orbital_mechanics']"
968,APIs in general,Load_Testing,"['scrapy', 'requests', 'httpx', 'fastapi', 'flask', 'postman']",APIs in general,API_Creation,"['scrapy', 'requests', 'httpx', 'fastapi', 'flask', 'postman']",Operating System Functions,Process_Control,"['scapy', 'docker', 'psutil', 'subprocess', 'os']",Shared_Event_Email_Reminders,"['Email_Automation', 'Calendar_Management']","['calender', 'mail', 'grab', 'uber', 'google_maps', 'maps', 'calender', 'mail', 'grab', 'uber', 'google_maps', 'maps']"
969,Blockchain,Smart_Contract_Deployment,['web3'],APIs in general,GraphQL_Queries,"['scrapy', 'requests', 'httpx', 'fastapi', 'flask', 'postman']",Operating System Functions,File_Management,"['scapy', 'docker', 'psutil', 'subprocess', 'os']",Pet_Care,Vaccination_Tracking,"['petfinder', 'vetsource', 'whistle', 'pawboost']"
970,Personal_Reading_List_Curation,"['HTML_Scraping', 'Feature_Selection']","['scrapy', 'beautifulsoup', 'spacy', 'pandas', 'huggingface_trl', 'pandas', 'numpy', 'scikit-learn', 'matplotlib', 'seaborn', 'xgboost', 'lightgbm']",Online_Coursework_Notifier,"['Scholar_Search', 'Email_Automation']","['serper', 'duckduckgo', 'bind', 'calender', 'mail', 'grab', 'uber', 'google_maps', 'maps']",Telecommunications,Quality_Monitoring,"['cisco_meraki', 'nokia_apis', 'ericsson_api', 'twilio']",Library_Management,Catalog_System,"['worldcat', 'libby', 'sierra_api', 'koha']"
971,GraphQL_Based_Ad_Campaigns,"['GraphQL_Queries', 'Ad_Campaigns']","['scrapy', 'requests', 'httpx', 'fastapi', 'flask', 'postman', 'shopify', 'klarna', 'stripe', 'figma']",Local_Service_Discovery,"['API_Auth', 'Product_Catalog_Management']","['scrapy', 'requests', 'httpx', 'fastapi', 'flask', 'postman', 'shopify', 'instacart', 'klarna', 'wish']",Water_Utilities,Leak_Detection,"['water_smart', 'aquahawk', 'sensus_analytics', 'waterscope']",Job_Search,Job_Matching,"['indeed_api', 'linkedin_jobs', 'glassdoor_api', 'monster']"
972,OCR_Fulfillment_Inventory_Sync,"['OCR_Processing', 'Order_Fulfillment', 'Inventory_Tracking']","['scrapy', 'beautifulsoup', 'spacy', 'pandas', 'shopify', 'instacart', 'klarna', 'wish', 'shopify', 'instacart', 'klarna', 'wish']",Education_Technology,Virtual_Classroom,"['canvas', 'blackboard', 'moodle', 'schoology']",Public_Transportation,Route_Planning,"['transitland', 'here_transit', 'moovit', 'citymapper']",Language_Learning,Speaking_Practice,"['duolingo', 'rosetta_stone', 'babbel', 'memrise']"
973,Information Extraction,HTML_Scraping,"['scrapy', 'beautifulsoup', 'spacy', 'pandas']",Personalized_Budget_Analysis,"['Accounting', 'CSV_Analysis']","['stripe', 'klarna', 'openbanking', 'plaid', 'paypal-sdk', 'scrapy', 'beautifulsoup', 'spacy', 'pandas']",Dental_Care,Patient_Records,"['dentrix', 'eaglesoft', 'opendental', 'curve_dental']",Dental_Care,Treatment_Planning,"['dentrix', 'eaglesoft', 'opendental', 'curve_dental']"
974,Search,Venue_Search,"['serper', 'duckduckgo', 'bind']",Public_Transportation,Schedule_Management,"['transitland', 'here_transit', 'moovit', 'citymapper']",Art_Gallery,Artwork_Tracking,"['artsy', 'museum_api', 'getty', 'smithsonian_api']",Language_Learning,Assessment_Tools,"['duolingo', 'rosetta_stone', 'babbel', 'memrise']"
975,SSH_Based_Financial_Deployment,"['SSH', 'Payment_Gateway_Integration', 'Deployment_Pipelines']","['scapy', 'docker', 'psutil', 'subprocess', 'os', 'stripe', 'klarna', 'openbanking', 'plaid', 'paypal-sdk', 'aws', 'docker', 'kubernetes', 'prometheus', 'terraform', 'ansible', 'jenkins', 'gitlab-ci']",Manufacturing,Equipment_Monitoring,"['siemens_mindsphere', 'ge_predix', 'rockwell_automation', 'fanuc']",Restaurant_Management,Menu_Planning,"['toast_pos', 'square', 'opentable', 'yelp_fusion']",Fitness_Technology,Nutrition_Planning,"['fitbit', 'garmin_connect', 'apple_healthkit', 'myfitnesspal']"
976,Algorithmic Trading,Order_Execution,"['quantlib', 'pandas', 'numpy', 'backtrader', 'ccxt']",Web_Data_Clustering,"['HTML_Scraping', 'Clustering_Analysis']","['scrapy', 'beautifulsoup', 'spacy', 'pandas', 'huggingface_trl', 'pandas', 'numpy', 'scikit-learn', 'matplotlib', 'seaborn', 'xgboost', 'lightgbm']",Containerized_Shell_Scripting,"['Containerization', 'Shell_Scripting']","['aws', 'docker', 'kubernetes', 'prometheus', 'terraform', 'ansible', 'jenkins', 'gitlab-ci', 'scapy', 'docker', 'psutil', 'subprocess', 'os']",Music_Streaming,Playlist_Management,"['spotify_api', 'apple_music', 'pandora', 'deezer']"
977,Blockchain,Token_Transfers,['web3'],Cybersecurity,Vulnerability_Scanning,"['scapy', 'nmap', 'metasploit', 'wireshark', 'burp-suite']",Shared_Expense_Validation,"['Transaction_Validation', 'User_Permissions']","['stripe', 'klarna', 'openbanking', 'plaid', 'paypal-sdk', 'scapy', 'docker', 'psutil', 'subprocess', 'os']",Energy_Management,Grid_Optimization,"['enphase', 'solaredge', 'schneider_electric', 'siemens_energy']"
978,Regular_Inventory_Alerts,"['Inventory_Tracking', 'Normalization']","['shopify', 'instacart', 'klarna', 'wish', 'scrapy', 'polars', 'apache-spark', 'airflow']",Student_Research_Data_Curation,"['Scholar_Search', 'CSV_Analysis']","['serper', 'duckduckgo', 'bind', 'scrapy', 'beautifulsoup', 'spacy', 'pandas']",News_Briefing_Refinement,"['News_Search', 'Feature_Selection']","['serper', 'duckduckgo', 'bind', 'huggingface_trl', 'pandas', 'numpy', 'scikit-learn', 'matplotlib', 'seaborn', 'xgboost', 'lightgbm']",Food_Delivery,Order_Tracking,"['doordash', 'uber_eats', 'grubhub', 'postmates']"
979,Secure_Smart_Contract_Release,"['Smart_Contract_Deployment', 'Vulnerability_Scanning']","['web3', 'scapy', 'nmap', 'metasploit', 'wireshark', 'burp-suite']",Fitness_Technology,Nutrition_Planning,"['fitbit', 'garmin_connect', 'apple_healthkit', 'myfitnesspal']",Sleep_Analysis,Environmental_Monitoring,"['oura_ring', 'withings', 'sleep_cycle', 'fitbit']",Time_Series_Analysis,Forecasting,"['prophet', 'statsmodels', 'pmdarima', 'neuralprophet']"
980,Finance payments,Payment_Gateway_Integration,"['stripe', 'klarna', 'openbanking', 'plaid', 'paypal-sdk']",Supply_Chain,Inventory_Management,"['sap', 'oracle_scm', 'manhattan', 'blueyonder']",Agriculture_Tech,Yield_Prediction,"['john_deere_api', 'climate_fieldview', 'farmers_edge', 'agrivi']",Public_Transportation,Schedule_Management,"['transitland', 'here_transit', 'moovit', 'citymapper']"
981,Algorithmic Trading,Strategy_Backtesting,"['quantlib', 'pandas', 'numpy', 'backtrader', 'ccxt']",Operating System Functions,Process_Control,"['scapy', 'docker', 'psutil', 'subprocess', 'os']",Weather_Services,Forecast_Analysis,"['openweathermap', 'darksky', 'weatherapi', 'noaa_api']",Home_Services,Project_Tracking,"['angi', 'thumbtack', 'homeadvisor', 'taskrabbit']"
982,CSV_GraphQL_Insight_Pipeline,"['CSV_Analysis', 'GraphQL_Queries']","['scrapy', 'beautifulsoup', 'spacy', 'pandas', 'scrapy', 'requests', 'httpx', 'fastapi', 'flask', 'postman']",Neighborhood_Event_Polling,"['Email_Automation', 'GraphQL_Queries']","['calender', 'mail', 'grab', 'uber', 'google_maps', 'maps', 'scrapy', 'requests', 'httpx', 'fastapi', 'flask', 'postman']",Manufacturing,Resource_Optimization,"['siemens_mindsphere', 'ge_predix', 'rockwell_automation', 'fanuc']",Environmental_Monitoring,Air_Quality_Analysis,"['openaq', 'airvisual', 'breezometer', 'weatherbit']"
983,Blockchain,Smart_Contract_Deployment,['web3'],XLSX_Driven_Feature_Selection,"['XLSX_Analysis', 'Feature_Selection']","['scrapy', 'beautifulsoup', 'spacy', 'pandas', 'huggingface_trl', 'pandas', 'numpy', 'scikit-learn', 'matplotlib', 'seaborn', 'xgboost', 'lightgbm']",Music_Streaming,Audio_Quality_Control,"['spotify_api', 'apple_music', 'pandora', 'deezer']",Bioinformatics,Protein_Analysis,"['biopython', 'blast', 'samtools', 'galaxy']"
984,Cybersecurity,Vulnerability_Scanning,"['scapy', 'nmap', 'metasploit', 'wireshark', 'burp-suite']",Automotive_Technology,Performance_Monitoring,"['obd2', 'tesla_api', 'bmw_connecteddrive', 'ford_sync']",Event_Management,Schedule_Planning,"['eventbrite', 'ticketmaster', 'meetup_api', 'cvent']",Wine_Management,Inventory_Control,"['vivino', 'cellartracker', 'wine_searcher', 'delectable']"
985,Data Science,Clustering_Analysis,"['huggingface_trl', 'pandas', 'numpy', 'scikit-learn', 'matplotlib', 'seaborn', 'xgboost', 'lightgbm']",Gaming_Development,Game_Analytics,"['unity', 'unreal_engine', 'steam_api', 'playfab']",Job_Search,Salary_Analysis,"['indeed_api', 'linkedin_jobs', 'glassdoor_api', 'monster']",Virtual_Reality,Scene_Development,"['unity_xr', 'unreal_vr', 'oculus_sdk', 'steamvr']"
986,Algorithmic Trading,Order_Execution,"['quantlib', 'pandas', 'numpy', 'backtrader', 'ccxt']",Travel_Management,Flight_Booking,"['amadeus', 'sabre', 'travelport', 'expedia_api']",Mental_Health,Therapy_Management,"['betterhelp', 'talkspace', 'calm', 'headspace']",Voice_Assistant,Response_Generation,"['alexa_skills', 'google_assistant', 'siri_shortcuts', 'cortana']"
987,E-commerce,Product_Catalog_Management,"['shopify', 'instacart', 'klarna', 'wish']",Information Extraction,OCR_Processing,"['scrapy', 'beautifulsoup', 'spacy', 'pandas']",Operating System Functions,System_Monitoring,"['scapy', 'docker', 'psutil', 'subprocess', 'os']",Speech_Technology,Text_Synthesis,"['deepspeech', 'whisper', 'google_speech', 'azure_speech']"
988,SaaS,Team_Management,"['microsoft365', 'google_workspace', 'salesforce', 'zendesk', 'slack', 'trello', 'asana', 'zapier', 'shopify']",Drone_Operations,Data_Collection,"['dji_sdk', 'airmap', 'dronelogbook', 'kittyhawk']",Smart_Garden,Weather_Integration,"['gardena', 'rachio', 'orbit_bhyve', 'rainmachine']",Sleep_Analysis,Environmental_Monitoring,"['oura_ring', 'withings', 'sleep_cycle', 'fitbit']"
989,Databases,Schema_Design,"['aws', 'kubernetes', 'sqlalchemy', 'mongoengine', 'redis', 'postgresql']",Automotive_Technology,Vehicle_Diagnostics,"['obd2', 'tesla_api', 'bmw_connecteddrive', 'ford_sync']",Digital_Marketing,Audience_Segmentation,"['google_ads', 'facebook_marketing', 'mailchimp', 'hubspot']",3D_Printing,Model_Optimization,"['marlin', 'cura', 'slic3r', 'repetier']"
990,Operating System Functions,Shell_Scripting,"['scapy', 'docker', 'psutil', 'subprocess', 'os']",Human_Resources,Employee_Onboarding,"['workday', 'successfactors', 'bamboo_hr', 'greenhouse']",Mental_Health,Meditation_Sessions,"['betterhelp', 'talkspace', 'calm', 'headspace']",Water_Utilities,Leak_Detection,"['water_smart', 'aquahawk', 'sensus_analytics', 'waterscope']"
991,SaaS,Support_Ticketing,"['microsoft365', 'google_workspace', 'salesforce', 'zendesk', 'slack', 'trello', 'asana', 'zapier', 'shopify']",Seamless_Checkout_and_Payment,"['Cart_Checkout_Flow', 'Payment_Gateway_Integration']","['shopify', 'instacart', 'klarna', 'wish', 'stripe', 'klarna', 'openbanking', 'plaid', 'paypal-sdk']",CSV_GraphQL_Insight_Pipeline,"['CSV_Analysis', 'GraphQL_Queries']","['scrapy', 'beautifulsoup', 'spacy', 'pandas', 'scrapy', 'requests', 'httpx', 'fastapi', 'flask', 'postman']",Real_Estate,Market_Analysis,"['mls', 'zillow_api', 'realtor_api', 'redfin']"
992,Seamless_Checkout_and_Payment,"['Cart_Checkout_Flow', 'Payment_Gateway_Integration']","['shopify', 'instacart', 'klarna', 'wish', 'stripe', 'klarna', 'openbanking', 'plaid', 'paypal-sdk']",Family_Budget_Alerts,"['Accounting', 'Email_Automation']","['stripe', 'klarna', 'openbanking', 'plaid', 'paypal-sdk', 'calender', 'mail', 'grab', 'uber', 'google_maps', 'maps']",Travel_Management,Flight_Booking,"['amadeus', 'sabre', 'travelport', 'expedia_api']",Fitness_Technology,Nutrition_Planning,"['fitbit', 'garmin_connect', 'apple_healthkit', 'myfitnesspal']"
993,Data Science,Regression_Models,"['huggingface_trl', 'pandas', 'numpy', 'scikit-learn', 'matplotlib', 'seaborn', 'xgboost', 'lightgbm']",Containerized_Shell_Scripting,"['Containerization', 'Shell_Scripting']","['aws', 'docker', 'kubernetes', 'prometheus', 'terraform', 'ansible', 'jenkins', 'gitlab-ci', 'scapy', 'docker', 'psutil', 'subprocess', 'os']",Library_Management,Borrower_Services,"['worldcat', 'libby', 'sierra_api', 'koha']",Smart_Garden,Growth_Tracking,"['gardena', 'rachio', 'orbit_bhyve', 'rainmachine']"
994,Seamless_Checkout_and_Payment,"['Cart_Checkout_Flow', 'Payment_Gateway_Integration']","['shopify', 'instacart', 'klarna', 'wish', 'stripe', 'klarna', 'openbanking', 'plaid', 'paypal-sdk']",MultiCloud_DevOps_Clustering_Insights,"['Cloud_Infra_Setup', 'Continuous_Integration', 'Clustering_Analysis']","['github', 'git', 'docker', 'aws', 'vercel', 'vscode', 'pre-commit', 'aws', 'docker', 'kubernetes', 'prometheus', 'terraform', 'ansible', 'jenkins', 'gitlab-ci', 'huggingface_trl', 'pandas', 'numpy', 'scikit-learn', 'matplotlib', 'seaborn', 'xgboost', 'lightgbm']",Entertainment,Content_Streaming,"['netflix_api', 'spotify_api', 'youtube_api', 'twitch_api']",Automotive_Technology,Fleet_Management,"['obd2', 'tesla_api', 'bmw_connecteddrive', 'ford_sync']"
995,Kid-Friendly_Restaurant_Finder,"['Food_Ordering', 'Classification_Pipelines']","['calender', 'mail', 'grab', 'uber', 'google_maps', 'maps', 'huggingface_trl', 'pandas', 'numpy', 'scikit-learn', 'matplotlib', 'seaborn', 'xgboost', 'lightgbm']",Pentesting_Containerized_Backend_Deployment,"['Pentesting', 'Containerization', 'Backend_Deployment']","['scapy', 'nmap', 'metasploit', 'wireshark', 'burp-suite', 'aws', 'docker', 'kubernetes', 'prometheus', 'terraform', 'ansible', 'jenkins', 'gitlab-ci', 'github', 'git', 'docker', 'aws', 'vercel', 'vscode', 'pre-commit']",Travel_Management,Hotel_Reservations,"['amadeus', 'sabre', 'travelport', 'expedia_api']",Fitness_Technology,Workout_Tracking,"['fitbit', 'garmin_connect', 'apple_healthkit', 'myfitnesspal']"
996,Operating System Functions,User_Permissions,"['scapy', 'docker', 'psutil', 'subprocess', 'os']",Local_Service_Discovery,"['API_Auth', 'Product_Catalog_Management']","['scrapy', 'requests', 'httpx', 'fastapi', 'flask', 'postman', 'shopify', 'instacart', 'klarna', 'wish']",Waste_Management,Recycling_Analytics,"['rubicon', 'waste_management_api', 'recycle_track_systems', 'compology']",Job_Search,Resume_Parsing,"['indeed_api', 'linkedin_jobs', 'glassdoor_api', 'monster']"
997,Search,Venue_Search,"['serper', 'duckduckgo', 'bind']",Education_Technology,Course_Management,"['canvas', 'blackboard', 'moodle', 'schoology']",Agriculture_Tech,Crop_Management,"['john_deere_api', 'climate_fieldview', 'farmers_edge', 'agrivi']",Restaurant_Management,Order_Processing,"['toast_pos', 'square', 'opentable', 'yelp_fusion']"
998,Personal Assistant,Food_Ordering,"['calender', 'mail', 'grab', 'uber', 'google_maps', 'maps']",Personal_Assistant_Budgeting,"['Calendar_Management', 'Accounting', 'CSV_Analysis']","['calender', 'mail', 'grab', 'uber', 'google_maps', 'maps', 'stripe', 'klarna', 'openbanking', 'plaid', 'paypal-sdk', 'scrapy', 'beautifulsoup', 'spacy', 'pandas']",Legal_Technology,Document_Analysis,"['clio', 'lexisnexis', 'westlaw', 'rocket_lawyer']",Entertainment,Content_Streaming,"['netflix_api', 'spotify_api', 'youtube_api', 'twitch_api']"
999,Education_Technology,Course_Management,"['canvas', 'blackboard', 'moodle', 'schoology']",Public_Transportation,Route_Planning,"['transitland', 'here_transit', 'moovit', 'citymapper']",Music_Streaming,Recommendation_Engine,"['spotify_api', 'apple_music', 'pandora', 'deezer']",Wine_Management,Tasting_Notes,"['vivino', 'cellartracker', 'wine_searcher', 'delectable']"
1000,APIs in general,REST_API_Integration,"['scrapy', 'requests', 'httpx', 'fastapi', 'flask', 'postman']",SaaS,Support_Ticketing,"['microsoft365', 'google_workspace', 'salesforce', 'zendesk', 'slack', 'trello', 'asana', 'zapier', 'shopify']",Kid-Friendly_Restaurant_Finder,"['Food_Ordering', 'Classification_Pipelines']","['calender', 'mail', 'grab', 'uber', 'google_maps', 'maps', 'huggingface_trl', 'pandas', 'numpy', 'scikit-learn', 'matplotlib', 'seaborn', 'xgboost', 'lightgbm']",Cloud_Gaming,Stream_Management,"['stadia', 'geforce_now', 'xbox_cloud', 'amazon_luna']"
