key,decision_a,decision_b,category
BitAgent_BitAgent-8B::zh_multiple::zh_multiple_109,correct,correct,both_correct
BitAgent_BitAgent-8B::zh_multiple::zh_multiple_113,wrong,wrong,both_wrong
BitAgent_BitAgent-8B::zh_multiple::zh_multiple_114,correct,correct,both_correct
BitAgent_BitAgent-8B::zh_multiple::zh_multiple_115,correct,correct,both_correct
BitAgent_BitAgent-8B::zh_multiple::zh_multiple_127,wrong,correct,b_correct_a_wrong
BitAgent_BitAgent-8B::zh_multiple::zh_multiple_134,correct,correct,both_correct
BitAgent_BitAgent-8B::zh_multiple::zh_multiple_136,correct,correct,both_correct
BitAgent_BitAgent-8B::zh_multiple::zh_multiple_149,correct,correct,both_correct
BitAgent_BitAgent-8B::zh_multiple::zh_multiple_160,wrong,correct,b_correct_a_wrong
BitAgent_BitAgent-8B::zh_multiple::zh_multiple_165,correct,correct,both_correct
BitAgent_BitAgent-8B::zh_multiple::zh_multiple_168,wrong,correct,b_correct_a_wrong
BitAgent_BitAgent-8B::zh_multiple::zh_multiple_169,wrong,correct,b_correct_a_wrong
BitAgent_BitAgent-8B::zh_multiple::zh_multiple_186,wrong,correct,b_correct_a_wrong
BitAgent_BitAgent-8B::zh_multiple::zh_multiple_190,correct,correct,both_correct
BitAgent_BitAgent-8B::zh_multiple::zh_multiple_192,wrong,correct,b_correct_a_wrong
BitAgent_BitAgent-8B::zh_multiple::zh_multiple_196,correct,correct,both_correct
BitAgent_BitAgent-8B::zh_multiple::zh_multiple_58,wrong,correct,b_correct_a_wrong
BitAgent_BitAgent-8B::zh_multiple::zh_multiple_61,wrong,correct,b_correct_a_wrong
BitAgent_BitAgent-8B::zh_multiple::zh_multiple_67,correct,correct,both_correct
BitAgent_BitAgent-8B::zh_multiple::zh_multiple_78,correct,correct,both_correct
BitAgent_BitAgent-8B::zh_multiple::zh_multiple_80,wrong,correct,b_correct_a_wrong
BitAgent_BitAgent-8B::zh_multiple::zh_multiple_91,wrong,correct,b_correct_a_wrong
BitAgent_BitAgent-8B::zh_multiple::zh_multiple_93,correct,correct,both_correct
BitAgent_BitAgent-8B::zh_multiple::zh_multiple_94,wrong,correct,b_correct_a_wrong
BitAgent_BitAgent-8B::zh_parallel::zh_parallel_101,correct,correct,both_correct
BitAgent_BitAgent-8B::zh_parallel::zh_parallel_117,wrong,correct,b_correct_a_wrong
BitAgent_BitAgent-8B::zh_parallel::zh_parallel_119,correct,correct,both_correct
BitAgent_BitAgent-8B::zh_parallel::zh_parallel_130,correct,correct,both_correct
BitAgent_BitAgent-8B::zh_parallel::zh_parallel_159,wrong,correct,b_correct_a_wrong
BitAgent_BitAgent-8B::zh_parallel::zh_parallel_181,wrong,correct,b_correct_a_wrong
BitAgent_BitAgent-8B::zh_parallel::zh_parallel_189,correct,correct,both_correct
BitAgent_BitAgent-8B::zh_parallel::zh_parallel_193,correct,correct,both_correct
BitAgent_BitAgent-8B::zh_parallel::zh_parallel_194,correct,correct,both_correct
BitAgent_BitAgent-8B::zh_parallel::zh_parallel_21,correct,correct,both_correct
BitAgent_BitAgent-8B::zh_parallel::zh_parallel_30,correct,correct,both_correct
BitAgent_BitAgent-8B::zh_parallel::zh_parallel_48,wrong,correct,b_correct_a_wrong
BitAgent_BitAgent-8B::zh_parallel::zh_parallel_91,correct,correct,both_correct
BitAgent_BitAgent-8B::zh_parallel::zh_parallel_94,wrong,correct,b_correct_a_wrong
BitAgent_BitAgent-8B::zh_parallel_multiple::zh_parallel_multiple_103,correct,correct,both_correct
BitAgent_BitAgent-8B::zh_parallel_multiple::zh_parallel_multiple_105,correct,correct,both_correct
BitAgent_BitAgent-8B::zh_parallel_multiple::zh_parallel_multiple_106,wrong,correct,b_correct_a_wrong
BitAgent_BitAgent-8B::zh_parallel_multiple::zh_parallel_multiple_113,correct,correct,both_correct
BitAgent_BitAgent-8B::zh_parallel_multiple::zh_parallel_multiple_115,wrong,correct,b_correct_a_wrong
BitAgent_BitAgent-8B::zh_parallel_multiple::zh_parallel_multiple_122,correct,correct,both_correct
BitAgent_BitAgent-8B::zh_parallel_multiple::zh_parallel_multiple_125,wrong,correct,b_correct_a_wrong
BitAgent_BitAgent-8B::zh_parallel_multiple::zh_parallel_multiple_127,correct,correct,both_correct
BitAgent_BitAgent-8B::zh_parallel_multiple::zh_parallel_multiple_128,correct,correct,both_correct
BitAgent_BitAgent-8B::zh_parallel_multiple::zh_parallel_multiple_129,correct,correct,both_correct
BitAgent_BitAgent-8B::zh_parallel_multiple::zh_parallel_multiple_135,wrong,correct,b_correct_a_wrong
BitAgent_BitAgent-8B::zh_parallel_multiple::zh_parallel_multiple_137,correct,correct,both_correct
BitAgent_BitAgent-8B::zh_parallel_multiple::zh_parallel_multiple_141,correct,correct,both_correct
BitAgent_BitAgent-8B::zh_parallel_multiple::zh_parallel_multiple_145,correct,correct,both_correct
BitAgent_BitAgent-8B::zh_parallel_multiple::zh_parallel_multiple_147,correct,correct,both_correct
BitAgent_BitAgent-8B::zh_parallel_multiple::zh_parallel_multiple_148,correct,correct,both_correct
BitAgent_BitAgent-8B::zh_parallel_multiple::zh_parallel_multiple_159,correct,correct,both_correct
BitAgent_BitAgent-8B::zh_parallel_multiple::zh_parallel_multiple_160,correct,correct,both_correct
BitAgent_BitAgent-8B::zh_parallel_multiple::zh_parallel_multiple_165,correct,correct,both_correct
BitAgent_BitAgent-8B::zh_parallel_multiple::zh_parallel_multiple_169,wrong,correct,b_correct_a_wrong
BitAgent_BitAgent-8B::zh_parallel_multiple::zh_parallel_multiple_176,correct,correct,both_correct
BitAgent_BitAgent-8B::zh_parallel_multiple::zh_parallel_multiple_192,correct,correct,both_correct
BitAgent_BitAgent-8B::zh_parallel_multiple::zh_parallel_multiple_198,wrong,correct,b_correct_a_wrong
BitAgent_BitAgent-8B::zh_parallel_multiple::zh_parallel_multiple_32,correct,correct,both_correct
BitAgent_BitAgent-8B::zh_parallel_multiple::zh_parallel_multiple_33,correct,correct,both_correct
BitAgent_BitAgent-8B::zh_parallel_multiple::zh_parallel_multiple_54,wrong,correct,b_correct_a_wrong
BitAgent_BitAgent-8B::zh_parallel_multiple::zh_parallel_multiple_64,wrong,correct,b_correct_a_wrong
BitAgent_BitAgent-8B::zh_parallel_multiple::zh_parallel_multiple_65,correct,correct,both_correct
BitAgent_BitAgent-8B::zh_parallel_multiple::zh_parallel_multiple_69,wrong,wrong,both_wrong
BitAgent_BitAgent-8B::zh_parallel_multiple::zh_parallel_multiple_87,correct,correct,both_correct
BitAgent_BitAgent-8B::zh_parallel_multiple::zh_parallel_multiple_93,correct,correct,both_correct
BitAgent_BitAgent-8B::zh_parallel_multiple::zh_parallel_multiple_97,wrong,correct,b_correct_a_wrong
BitAgent_BitAgent-8B::zh_simple_python::zh_simple_python_110,correct,correct,both_correct
BitAgent_BitAgent-8B::zh_simple_python::zh_simple_python_122,wrong,correct,b_correct_a_wrong
BitAgent_BitAgent-8B::zh_simple_python::zh_simple_python_125,correct,correct,both_correct
BitAgent_BitAgent-8B::zh_simple_python::zh_simple_python_126,wrong,correct,b_correct_a_wrong
BitAgent_BitAgent-8B::zh_simple_python::zh_simple_python_128,wrong,correct,b_correct_a_wrong
BitAgent_BitAgent-8B::zh_simple_python::zh_simple_python_156,correct,correct,both_correct
BitAgent_BitAgent-8B::zh_simple_python::zh_simple_python_159,wrong,correct,b_correct_a_wrong
BitAgent_BitAgent-8B::zh_simple_python::zh_simple_python_163,correct,correct,both_correct
BitAgent_BitAgent-8B::zh_simple_python::zh_simple_python_164,correct,correct,both_correct
BitAgent_BitAgent-8B::zh_simple_python::zh_simple_python_166,correct,correct,both_correct
BitAgent_BitAgent-8B::zh_simple_python::zh_simple_python_197,correct,correct,both_correct
BitAgent_BitAgent-8B::zh_simple_python::zh_simple_python_200,correct,correct,both_correct
BitAgent_BitAgent-8B::zh_simple_python::zh_simple_python_216,correct,correct,both_correct
BitAgent_BitAgent-8B::zh_simple_python::zh_simple_python_224,wrong,correct,b_correct_a_wrong
BitAgent_BitAgent-8B::zh_simple_python::zh_simple_python_229,correct,correct,both_correct
BitAgent_BitAgent-8B::zh_simple_python::zh_simple_python_234,wrong,correct,b_correct_a_wrong
BitAgent_BitAgent-8B::zh_simple_python::zh_simple_python_267,wrong,correct,b_correct_a_wrong
BitAgent_BitAgent-8B::zh_simple_python::zh_simple_python_273,correct,correct,both_correct
BitAgent_BitAgent-8B::zh_simple_python::zh_simple_python_276,correct,correct,both_correct
BitAgent_BitAgent-8B::zh_simple_python::zh_simple_python_283,correct,correct,both_correct
BitAgent_BitAgent-8B::zh_simple_python::zh_simple_python_295,wrong,correct,b_correct_a_wrong
BitAgent_BitAgent-8B::zh_simple_python::zh_simple_python_304,wrong,correct,b_correct_a_wrong
BitAgent_BitAgent-8B::zh_simple_python::zh_simple_python_322,correct,correct,both_correct
BitAgent_BitAgent-8B::zh_simple_python::zh_simple_python_340,wrong,correct,b_correct_a_wrong
BitAgent_BitAgent-8B::zh_simple_python::zh_simple_python_344,correct,correct,both_correct
BitAgent_BitAgent-8B::zh_simple_python::zh_simple_python_352,correct,correct,both_correct
BitAgent_BitAgent-8B::zh_simple_python::zh_simple_python_356,wrong,correct,b_correct_a_wrong
BitAgent_BitAgent-8B::zh_simple_python::zh_simple_python_364,correct,correct,both_correct
BitAgent_BitAgent-8B::zh_simple_python::zh_simple_python_367,wrong,correct,b_correct_a_wrong
BitAgent_BitAgent-8B::zh_simple_python::zh_simple_python_370,wrong,correct,b_correct_a_wrong
BitAgent_BitAgent-8B::zh_simple_python::zh_simple_python_372,correct,correct,both_correct
BitAgent_BitAgent-8B::zh_simple_python::zh_simple_python_373,wrong,correct,b_correct_a_wrong
BitAgent_BitAgent-8B::zh_simple_python::zh_simple_python_375,wrong,correct,b_correct_a_wrong
BitAgent_BitAgent-8B::zh_simple_python::zh_simple_python_386,correct,correct,both_correct
BitAgent_BitAgent-8B::zh_simple_python::zh_simple_python_387,wrong,correct,b_correct_a_wrong
BitAgent_BitAgent-8B::zh_simple_python::zh_simple_python_390,wrong,correct,b_correct_a_wrong
BitAgent_BitAgent-8B::zh_simple_python::zh_simple_python_65,wrong,wrong,both_wrong
BitAgent_BitAgent-8B::zh_simple_python::zh_simple_python_76,correct,correct,both_correct
BitAgent_BitAgent-8B::zh_simple_python::zh_simple_python_77,correct,correct,both_correct
BitAgent_BitAgent-8B::zh_simple_python::zh_simple_python_91,correct,correct,both_correct
BitAgent_BitAgent-8B::zh_simple_python::zh_simple_python_98,wrong,correct,b_correct_a_wrong
Qwen_Qwen3-8B-FC::zh_multiple::zh_multiple_109,correct,correct,both_correct
Qwen_Qwen3-8B-FC::zh_multiple::zh_multiple_115,correct,correct,both_correct
Qwen_Qwen3-8B-FC::zh_multiple::zh_multiple_129,wrong,correct,b_correct_a_wrong
Qwen_Qwen3-8B-FC::zh_multiple::zh_multiple_142,correct,correct,both_correct
Qwen_Qwen3-8B-FC::zh_multiple::zh_multiple_147,correct,correct,both_correct
Qwen_Qwen3-8B-FC::zh_multiple::zh_multiple_149,wrong,correct,b_correct_a_wrong
Qwen_Qwen3-8B-FC::zh_multiple::zh_multiple_151,correct,correct,both_correct
Qwen_Qwen3-8B-FC::zh_multiple::zh_multiple_152,correct,correct,both_correct
Qwen_Qwen3-8B-FC::zh_multiple::zh_multiple_153,wrong,correct,b_correct_a_wrong
Qwen_Qwen3-8B-FC::zh_multiple::zh_multiple_165,correct,correct,both_correct
Qwen_Qwen3-8B-FC::zh_multiple::zh_multiple_176,correct,correct,both_correct
Qwen_Qwen3-8B-FC::zh_multiple::zh_multiple_18,correct,correct,both_correct
Qwen_Qwen3-8B-FC::zh_multiple::zh_multiple_184,wrong,correct,b_correct_a_wrong
Qwen_Qwen3-8B-FC::zh_multiple::zh_multiple_186,wrong,correct,b_correct_a_wrong
Qwen_Qwen3-8B-FC::zh_multiple::zh_multiple_187,correct,correct,both_correct
Qwen_Qwen3-8B-FC::zh_multiple::zh_multiple_188,wrong,correct,b_correct_a_wrong
Qwen_Qwen3-8B-FC::zh_multiple::zh_multiple_190,correct,correct,both_correct
Qwen_Qwen3-8B-FC::zh_multiple::zh_multiple_196,correct,correct,both_correct
Qwen_Qwen3-8B-FC::zh_multiple::zh_multiple_199,correct,correct,both_correct
Qwen_Qwen3-8B-FC::zh_multiple::zh_multiple_24,correct,correct,both_correct
Qwen_Qwen3-8B-FC::zh_multiple::zh_multiple_25,correct,correct,both_correct
Qwen_Qwen3-8B-FC::zh_multiple::zh_multiple_27,correct,correct,both_correct
Qwen_Qwen3-8B-FC::zh_multiple::zh_multiple_39,correct,correct,both_correct
Qwen_Qwen3-8B-FC::zh_multiple::zh_multiple_58,wrong,correct,b_correct_a_wrong
Qwen_Qwen3-8B-FC::zh_multiple::zh_multiple_61,wrong,correct,b_correct_a_wrong
Qwen_Qwen3-8B-FC::zh_multiple::zh_multiple_66,correct,correct,both_correct
Qwen_Qwen3-8B-FC::zh_multiple::zh_multiple_68,wrong,correct,b_correct_a_wrong
Qwen_Qwen3-8B-FC::zh_multiple::zh_multiple_70,correct,correct,both_correct
Qwen_Qwen3-8B-FC::zh_multiple::zh_multiple_78,correct,correct,both_correct
Qwen_Qwen3-8B-FC::zh_multiple::zh_multiple_81,correct,correct,both_correct
Qwen_Qwen3-8B-FC::zh_multiple::zh_multiple_89,correct,correct,both_correct
Qwen_Qwen3-8B-FC::zh_multiple::zh_multiple_91,wrong,correct,b_correct_a_wrong
Qwen_Qwen3-8B-FC::zh_multiple::zh_multiple_93,correct,correct,both_correct
Qwen_Qwen3-8B-FC::zh_multiple::zh_multiple_94,correct,correct,both_correct
Qwen_Qwen3-8B-FC::zh_parallel::zh_parallel_108,correct,correct,both_correct
Qwen_Qwen3-8B-FC::zh_parallel::zh_parallel_109,correct,correct,both_correct
Qwen_Qwen3-8B-FC::zh_parallel::zh_parallel_110,correct,correct,both_correct
Qwen_Qwen3-8B-FC::zh_parallel::zh_parallel_115,correct,correct,both_correct
Qwen_Qwen3-8B-FC::zh_parallel::zh_parallel_130,correct,correct,both_correct
Qwen_Qwen3-8B-FC::zh_parallel::zh_parallel_131,correct,correct,both_correct
Qwen_Qwen3-8B-FC::zh_parallel::zh_parallel_135,correct,correct,both_correct
Qwen_Qwen3-8B-FC::zh_parallel::zh_parallel_141,correct,correct,both_correct
Qwen_Qwen3-8B-FC::zh_parallel::zh_parallel_149,wrong,correct,b_correct_a_wrong
Qwen_Qwen3-8B-FC::zh_parallel::zh_parallel_159,wrong,correct,b_correct_a_wrong
Qwen_Qwen3-8B-FC::zh_parallel::zh_parallel_166,correct,correct,both_correct
Qwen_Qwen3-8B-FC::zh_parallel::zh_parallel_185,correct,correct,both_correct
Qwen_Qwen3-8B-FC::zh_parallel::zh_parallel_189,correct,correct,both_correct
Qwen_Qwen3-8B-FC::zh_parallel::zh_parallel_199,correct,correct,both_correct
Qwen_Qwen3-8B-FC::zh_parallel::zh_parallel_3,correct,correct,both_correct
Qwen_Qwen3-8B-FC::zh_parallel::zh_parallel_30,correct,correct,both_correct
Qwen_Qwen3-8B-FC::zh_parallel::zh_parallel_32,wrong,correct,b_correct_a_wrong
Qwen_Qwen3-8B-FC::zh_parallel::zh_parallel_36,correct,correct,both_correct
Qwen_Qwen3-8B-FC::zh_parallel::zh_parallel_38,wrong,correct,b_correct_a_wrong
Qwen_Qwen3-8B-FC::zh_parallel::zh_parallel_40,correct,correct,both_correct
Qwen_Qwen3-8B-FC::zh_parallel::zh_parallel_43,correct,correct,both_correct
Qwen_Qwen3-8B-FC::zh_parallel::zh_parallel_44,wrong,correct,b_correct_a_wrong
Qwen_Qwen3-8B-FC::zh_parallel::zh_parallel_45,wrong,correct,b_correct_a_wrong
Qwen_Qwen3-8B-FC::zh_parallel::zh_parallel_46,correct,correct,both_correct
Qwen_Qwen3-8B-FC::zh_parallel::zh_parallel_51,wrong,correct,b_correct_a_wrong
Qwen_Qwen3-8B-FC::zh_parallel::zh_parallel_54,wrong,correct,b_correct_a_wrong
Qwen_Qwen3-8B-FC::zh_parallel::zh_parallel_8,correct,correct,both_correct
Qwen_Qwen3-8B-FC::zh_parallel::zh_parallel_89,correct,correct,both_correct
Qwen_Qwen3-8B-FC::zh_parallel::zh_parallel_91,correct,correct,both_correct
Qwen_Qwen3-8B-FC::zh_parallel::zh_parallel_93,correct,correct,both_correct
Qwen_Qwen3-8B-FC::zh_parallel_multiple::zh_parallel_multiple_10,correct,correct,both_correct
Qwen_Qwen3-8B-FC::zh_parallel_multiple::zh_parallel_multiple_100,correct,correct,both_correct
Qwen_Qwen3-8B-FC::zh_parallel_multiple::zh_parallel_multiple_103,correct,correct,both_correct
Qwen_Qwen3-8B-FC::zh_parallel_multiple::zh_parallel_multiple_106,wrong,correct,b_correct_a_wrong
Qwen_Qwen3-8B-FC::zh_parallel_multiple::zh_parallel_multiple_107,wrong,correct,b_correct_a_wrong
Qwen_Qwen3-8B-FC::zh_parallel_multiple::zh_parallel_multiple_108,correct,correct,both_correct
Qwen_Qwen3-8B-FC::zh_parallel_multiple::zh_parallel_multiple_109,correct,correct,both_correct
Qwen_Qwen3-8B-FC::zh_parallel_multiple::zh_parallel_multiple_115,correct,correct,both_correct
Qwen_Qwen3-8B-FC::zh_parallel_multiple::zh_parallel_multiple_119,correct,correct,both_correct
Qwen_Qwen3-8B-FC::zh_parallel_multiple::zh_parallel_multiple_120,correct,correct,both_correct
Qwen_Qwen3-8B-FC::zh_parallel_multiple::zh_parallel_multiple_123,correct,correct,both_correct
Qwen_Qwen3-8B-FC::zh_parallel_multiple::zh_parallel_multiple_124,correct,correct,both_correct
Qwen_Qwen3-8B-FC::zh_parallel_multiple::zh_parallel_multiple_126,correct,correct,both_correct
Qwen_Qwen3-8B-FC::zh_parallel_multiple::zh_parallel_multiple_127,correct,correct,both_correct
Qwen_Qwen3-8B-FC::zh_parallel_multiple::zh_parallel_multiple_128,correct,correct,both_correct
Qwen_Qwen3-8B-FC::zh_parallel_multiple::zh_parallel_multiple_129,correct,correct,both_correct
Qwen_Qwen3-8B-FC::zh_parallel_multiple::zh_parallel_multiple_136,correct,correct,both_correct
Qwen_Qwen3-8B-FC::zh_parallel_multiple::zh_parallel_multiple_139,correct,correct,both_correct
Qwen_Qwen3-8B-FC::zh_parallel_multiple::zh_parallel_multiple_140,correct,correct,both_correct
Qwen_Qwen3-8B-FC::zh_parallel_multiple::zh_parallel_multiple_141,correct,correct,both_correct
Qwen_Qwen3-8B-FC::zh_parallel_multiple::zh_parallel_multiple_144,correct,correct,both_correct
Qwen_Qwen3-8B-FC::zh_parallel_multiple::zh_parallel_multiple_145,wrong,correct,b_correct_a_wrong
Qwen_Qwen3-8B-FC::zh_parallel_multiple::zh_parallel_multiple_146,correct,correct,both_correct
Qwen_Qwen3-8B-FC::zh_parallel_multiple::zh_parallel_multiple_147,correct,correct,both_correct
Qwen_Qwen3-8B-FC::zh_parallel_multiple::zh_parallel_multiple_148,correct,correct,both_correct
Qwen_Qwen3-8B-FC::zh_parallel_multiple::zh_parallel_multiple_149,correct,correct,both_correct
Qwen_Qwen3-8B-FC::zh_parallel_multiple::zh_parallel_multiple_15,correct,correct,both_correct
Qwen_Qwen3-8B-FC::zh_parallel_multiple::zh_parallel_multiple_151,correct,correct,both_correct
Qwen_Qwen3-8B-FC::zh_parallel_multiple::zh_parallel_multiple_156,correct,correct,both_correct
Qwen_Qwen3-8B-FC::zh_parallel_multiple::zh_parallel_multiple_158,correct,correct,both_correct
Qwen_Qwen3-8B-FC::zh_parallel_multiple::zh_parallel_multiple_160,correct,correct,both_correct
Qwen_Qwen3-8B-FC::zh_parallel_multiple::zh_parallel_multiple_164,correct,correct,both_correct
Qwen_Qwen3-8B-FC::zh_parallel_multiple::zh_parallel_multiple_170,correct,correct,both_correct
Qwen_Qwen3-8B-FC::zh_parallel_multiple::zh_parallel_multiple_173,correct,correct,both_correct
Qwen_Qwen3-8B-FC::zh_parallel_multiple::zh_parallel_multiple_174,correct,correct,both_correct
Qwen_Qwen3-8B-FC::zh_parallel_multiple::zh_parallel_multiple_176,correct,correct,both_correct
Qwen_Qwen3-8B-FC::zh_parallel_multiple::zh_parallel_multiple_177,correct,correct,both_correct
Qwen_Qwen3-8B-FC::zh_parallel_multiple::zh_parallel_multiple_178,correct,correct,both_correct
Qwen_Qwen3-8B-FC::zh_parallel_multiple::zh_parallel_multiple_183,wrong,wrong,both_wrong
Qwen_Qwen3-8B-FC::zh_parallel_multiple::zh_parallel_multiple_189,correct,correct,both_correct
Qwen_Qwen3-8B-FC::zh_parallel_multiple::zh_parallel_multiple_19,correct,correct,both_correct
Qwen_Qwen3-8B-FC::zh_parallel_multiple::zh_parallel_multiple_192,correct,correct,both_correct
Qwen_Qwen3-8B-FC::zh_parallel_multiple::zh_parallel_multiple_198,wrong,correct,b_correct_a_wrong
Qwen_Qwen3-8B-FC::zh_parallel_multiple::zh_parallel_multiple_21,correct,correct,both_correct
Qwen_Qwen3-8B-FC::zh_parallel_multiple::zh_parallel_multiple_32,correct,correct,both_correct
Qwen_Qwen3-8B-FC::zh_parallel_multiple::zh_parallel_multiple_36,correct,correct,both_correct
Qwen_Qwen3-8B-FC::zh_parallel_multiple::zh_parallel_multiple_37,correct,correct,both_correct
Qwen_Qwen3-8B-FC::zh_parallel_multiple::zh_parallel_multiple_42,correct,correct,both_correct
Qwen_Qwen3-8B-FC::zh_parallel_multiple::zh_parallel_multiple_47,correct,correct,both_correct
Qwen_Qwen3-8B-FC::zh_parallel_multiple::zh_parallel_multiple_50,correct,correct,both_correct
Qwen_Qwen3-8B-FC::zh_parallel_multiple::zh_parallel_multiple_54,correct,correct,both_correct
Qwen_Qwen3-8B-FC::zh_parallel_multiple::zh_parallel_multiple_6,correct,correct,both_correct
Qwen_Qwen3-8B-FC::zh_parallel_multiple::zh_parallel_multiple_65,correct,correct,both_correct
Qwen_Qwen3-8B-FC::zh_parallel_multiple::zh_parallel_multiple_69,wrong,wrong,both_wrong
Qwen_Qwen3-8B-FC::zh_parallel_multiple::zh_parallel_multiple_75,correct,correct,both_correct
Qwen_Qwen3-8B-FC::zh_parallel_multiple::zh_parallel_multiple_78,correct,correct,both_correct
Qwen_Qwen3-8B-FC::zh_parallel_multiple::zh_parallel_multiple_83,correct,correct,both_correct
Qwen_Qwen3-8B-FC::zh_parallel_multiple::zh_parallel_multiple_89,correct,correct,both_correct
Qwen_Qwen3-8B-FC::zh_parallel_multiple::zh_parallel_multiple_91,correct,correct,both_correct
Qwen_Qwen3-8B-FC::zh_parallel_multiple::zh_parallel_multiple_94,correct,correct,both_correct
Qwen_Qwen3-8B-FC::zh_parallel_multiple::zh_parallel_multiple_97,wrong,correct,b_correct_a_wrong
Qwen_Qwen3-8B-FC::zh_simple_python::zh_simple_python_0,wrong,correct,b_correct_a_wrong
Qwen_Qwen3-8B-FC::zh_simple_python::zh_simple_python_126,wrong,correct,b_correct_a_wrong
Qwen_Qwen3-8B-FC::zh_simple_python::zh_simple_python_130,wrong,wrong,both_wrong
Qwen_Qwen3-8B-FC::zh_simple_python::zh_simple_python_151,wrong,correct,b_correct_a_wrong
Qwen_Qwen3-8B-FC::zh_simple_python::zh_simple_python_156,correct,correct,both_correct
Qwen_Qwen3-8B-FC::zh_simple_python::zh_simple_python_159,wrong,correct,b_correct_a_wrong
Qwen_Qwen3-8B-FC::zh_simple_python::zh_simple_python_162,correct,correct,both_correct
Qwen_Qwen3-8B-FC::zh_simple_python::zh_simple_python_166,correct,correct,both_correct
Qwen_Qwen3-8B-FC::zh_simple_python::zh_simple_python_181,correct,correct,both_correct
Qwen_Qwen3-8B-FC::zh_simple_python::zh_simple_python_183,wrong,correct,b_correct_a_wrong
Qwen_Qwen3-8B-FC::zh_simple_python::zh_simple_python_187,correct,correct,both_correct
Qwen_Qwen3-8B-FC::zh_simple_python::zh_simple_python_191,correct,correct,both_correct
Qwen_Qwen3-8B-FC::zh_simple_python::zh_simple_python_197,correct,correct,both_correct
Qwen_Qwen3-8B-FC::zh_simple_python::zh_simple_python_200,correct,correct,both_correct
Qwen_Qwen3-8B-FC::zh_simple_python::zh_simple_python_201,wrong,correct,b_correct_a_wrong
Qwen_Qwen3-8B-FC::zh_simple_python::zh_simple_python_202,wrong,correct,b_correct_a_wrong
Qwen_Qwen3-8B-FC::zh_simple_python::zh_simple_python_208,correct,correct,both_correct
Qwen_Qwen3-8B-FC::zh_simple_python::zh_simple_python_212,correct,correct,both_correct
Qwen_Qwen3-8B-FC::zh_simple_python::zh_simple_python_214,correct,correct,both_correct
Qwen_Qwen3-8B-FC::zh_simple_python::zh_simple_python_215,wrong,correct,b_correct_a_wrong
Qwen_Qwen3-8B-FC::zh_simple_python::zh_simple_python_216,correct,correct,both_correct
Qwen_Qwen3-8B-FC::zh_simple_python::zh_simple_python_224,correct,correct,both_correct
Qwen_Qwen3-8B-FC::zh_simple_python::zh_simple_python_229,correct,correct,both_correct
Qwen_Qwen3-8B-FC::zh_simple_python::zh_simple_python_230,correct,correct,both_correct
Qwen_Qwen3-8B-FC::zh_simple_python::zh_simple_python_231,correct,correct,both_correct
Qwen_Qwen3-8B-FC::zh_simple_python::zh_simple_python_235,wrong,correct,b_correct_a_wrong
Qwen_Qwen3-8B-FC::zh_simple_python::zh_simple_python_237,correct,correct,both_correct
Qwen_Qwen3-8B-FC::zh_simple_python::zh_simple_python_238,wrong,wrong,both_wrong
Qwen_Qwen3-8B-FC::zh_simple_python::zh_simple_python_241,correct,correct,both_correct
Qwen_Qwen3-8B-FC::zh_simple_python::zh_simple_python_244,correct,correct,both_correct
Qwen_Qwen3-8B-FC::zh_simple_python::zh_simple_python_248,correct,correct,both_correct
Qwen_Qwen3-8B-FC::zh_simple_python::zh_simple_python_249,wrong,correct,b_correct_a_wrong
Qwen_Qwen3-8B-FC::zh_simple_python::zh_simple_python_264,correct,correct,both_correct
Qwen_Qwen3-8B-FC::zh_simple_python::zh_simple_python_266,correct,correct,both_correct
Qwen_Qwen3-8B-FC::zh_simple_python::zh_simple_python_268,correct,correct,both_correct
Qwen_Qwen3-8B-FC::zh_simple_python::zh_simple_python_270,correct,correct,both_correct
Qwen_Qwen3-8B-FC::zh_simple_python::zh_simple_python_283,correct,correct,both_correct
Qwen_Qwen3-8B-FC::zh_simple_python::zh_simple_python_284,wrong,correct,b_correct_a_wrong
Qwen_Qwen3-8B-FC::zh_simple_python::zh_simple_python_304,correct,correct,both_correct
Qwen_Qwen3-8B-FC::zh_simple_python::zh_simple_python_308,correct,correct,both_correct
Qwen_Qwen3-8B-FC::zh_simple_python::zh_simple_python_312,correct,correct,both_correct
Qwen_Qwen3-8B-FC::zh_simple_python::zh_simple_python_315,wrong,wrong,both_wrong
Qwen_Qwen3-8B-FC::zh_simple_python::zh_simple_python_316,wrong,correct,b_correct_a_wrong
Qwen_Qwen3-8B-FC::zh_simple_python::zh_simple_python_318,correct,correct,both_correct
Qwen_Qwen3-8B-FC::zh_simple_python::zh_simple_python_321,correct,correct,both_correct
Qwen_Qwen3-8B-FC::zh_simple_python::zh_simple_python_322,correct,correct,both_correct
Qwen_Qwen3-8B-FC::zh_simple_python::zh_simple_python_327,wrong,correct,b_correct_a_wrong
Qwen_Qwen3-8B-FC::zh_simple_python::zh_simple_python_328,correct,correct,both_correct
Qwen_Qwen3-8B-FC::zh_simple_python::zh_simple_python_337,correct,correct,both_correct
Qwen_Qwen3-8B-FC::zh_simple_python::zh_simple_python_34,correct,correct,both_correct
Qwen_Qwen3-8B-FC::zh_simple_python::zh_simple_python_340,correct,correct,both_correct
Qwen_Qwen3-8B-FC::zh_simple_python::zh_simple_python_344,correct,correct,both_correct
Qwen_Qwen3-8B-FC::zh_simple_python::zh_simple_python_346,correct,correct,both_correct
Qwen_Qwen3-8B-FC::zh_simple_python::zh_simple_python_35,wrong,correct,b_correct_a_wrong
Qwen_Qwen3-8B-FC::zh_simple_python::zh_simple_python_359,wrong,correct,b_correct_a_wrong
Qwen_Qwen3-8B-FC::zh_simple_python::zh_simple_python_362,correct,correct,both_correct
Qwen_Qwen3-8B-FC::zh_simple_python::zh_simple_python_372,correct,correct,both_correct
Qwen_Qwen3-8B-FC::zh_simple_python::zh_simple_python_373,wrong,correct,b_correct_a_wrong
Qwen_Qwen3-8B-FC::zh_simple_python::zh_simple_python_375,correct,correct,both_correct
Qwen_Qwen3-8B-FC::zh_simple_python::zh_simple_python_377,correct,correct,both_correct
Qwen_Qwen3-8B-FC::zh_simple_python::zh_simple_python_379,correct,correct,both_correct
Qwen_Qwen3-8B-FC::zh_simple_python::zh_simple_python_380,correct,correct,both_correct
Qwen_Qwen3-8B-FC::zh_simple_python::zh_simple_python_382,wrong,correct,b_correct_a_wrong
Qwen_Qwen3-8B-FC::zh_simple_python::zh_simple_python_386,correct,correct,both_correct
Qwen_Qwen3-8B-FC::zh_simple_python::zh_simple_python_387,correct,correct,both_correct
Qwen_Qwen3-8B-FC::zh_simple_python::zh_simple_python_394,correct,correct,both_correct
Qwen_Qwen3-8B-FC::zh_simple_python::zh_simple_python_50,wrong,correct,b_correct_a_wrong
Qwen_Qwen3-8B-FC::zh_simple_python::zh_simple_python_51,wrong,correct,b_correct_a_wrong
Qwen_Qwen3-8B-FC::zh_simple_python::zh_simple_python_55,correct,correct,both_correct
Qwen_Qwen3-8B-FC::zh_simple_python::zh_simple_python_56,correct,correct,both_correct
Qwen_Qwen3-8B-FC::zh_simple_python::zh_simple_python_68,correct,correct,both_correct
Qwen_Qwen3-8B-FC::zh_simple_python::zh_simple_python_73,correct,correct,both_correct
Qwen_Qwen3-8B-FC::zh_simple_python::zh_simple_python_76,correct,correct,both_correct
Qwen_Qwen3-8B-FC::zh_simple_python::zh_simple_python_77,correct,correct,both_correct
Qwen_Qwen3-8B-FC::zh_simple_python::zh_simple_python_80,correct,correct,both_correct
Qwen_Qwen3-8B-FC::zh_simple_python::zh_simple_python_85,correct,correct,both_correct
Qwen_Qwen3-8B-FC::zh_simple_python::zh_simple_python_98,wrong,correct,b_correct_a_wrong
Qwen_Qwen3-8B::zh_multiple::zh_multiple_109,correct,correct,both_correct
Qwen_Qwen3-8B::zh_multiple::zh_multiple_115,correct,correct,both_correct
Qwen_Qwen3-8B::zh_multiple::zh_multiple_134,correct,correct,both_correct
Qwen_Qwen3-8B::zh_multiple::zh_multiple_136,correct,correct,both_correct
Qwen_Qwen3-8B::zh_multiple::zh_multiple_149,wrong,correct,b_correct_a_wrong
Qwen_Qwen3-8B::zh_multiple::zh_multiple_151,correct,correct,both_correct
Qwen_Qwen3-8B::zh_multiple::zh_multiple_152,correct,correct,both_correct
Qwen_Qwen3-8B::zh_multiple::zh_multiple_165,correct,correct,both_correct
Qwen_Qwen3-8B::zh_multiple::zh_multiple_168,correct,correct,both_correct
Qwen_Qwen3-8B::zh_multiple::zh_multiple_176,correct,correct,both_correct
Qwen_Qwen3-8B::zh_multiple::zh_multiple_187,correct,correct,both_correct
Qwen_Qwen3-8B::zh_multiple::zh_multiple_190,correct,correct,both_correct
Qwen_Qwen3-8B::zh_multiple::zh_multiple_196,correct,correct,both_correct
Qwen_Qwen3-8B::zh_multiple::zh_multiple_199,wrong,correct,b_correct_a_wrong
Qwen_Qwen3-8B::zh_multiple::zh_multiple_58,wrong,correct,b_correct_a_wrong
Qwen_Qwen3-8B::zh_multiple::zh_multiple_61,wrong,correct,b_correct_a_wrong
Qwen_Qwen3-8B::zh_multiple::zh_multiple_78,correct,correct,both_correct
Qwen_Qwen3-8B::zh_multiple::zh_multiple_80,wrong,correct,b_correct_a_wrong
Qwen_Qwen3-8B::zh_multiple::zh_multiple_93,correct,correct,both_correct
Qwen_Qwen3-8B::zh_multiple::zh_multiple_94,correct,correct,both_correct
Qwen_Qwen3-8B::zh_parallel::zh_parallel_108,correct,correct,both_correct
Qwen_Qwen3-8B::zh_parallel::zh_parallel_120,correct,correct,both_correct
Qwen_Qwen3-8B::zh_parallel::zh_parallel_130,wrong,correct,b_correct_a_wrong
Qwen_Qwen3-8B::zh_parallel::zh_parallel_131,correct,correct,both_correct
Qwen_Qwen3-8B::zh_parallel::zh_parallel_149,wrong,correct,b_correct_a_wrong
Qwen_Qwen3-8B::zh_parallel::zh_parallel_159,wrong,correct,b_correct_a_wrong
Qwen_Qwen3-8B::zh_parallel::zh_parallel_166,correct,correct,both_correct
Qwen_Qwen3-8B::zh_parallel::zh_parallel_185,correct,correct,both_correct
Qwen_Qwen3-8B::zh_parallel::zh_parallel_189,correct,correct,both_correct
Qwen_Qwen3-8B::zh_parallel::zh_parallel_195,wrong,correct,b_correct_a_wrong
Qwen_Qwen3-8B::zh_parallel::zh_parallel_199,correct,correct,both_correct
Qwen_Qwen3-8B::zh_parallel::zh_parallel_29,correct,correct,both_correct
Qwen_Qwen3-8B::zh_parallel::zh_parallel_32,wrong,correct,b_correct_a_wrong
Qwen_Qwen3-8B::zh_parallel::zh_parallel_36,correct,correct,both_correct
Qwen_Qwen3-8B::zh_parallel::zh_parallel_37,correct,correct,both_correct
Qwen_Qwen3-8B::zh_parallel::zh_parallel_44,wrong,correct,b_correct_a_wrong
Qwen_Qwen3-8B::zh_parallel::zh_parallel_51,wrong,correct,b_correct_a_wrong
Qwen_Qwen3-8B::zh_parallel::zh_parallel_89,wrong,correct,b_correct_a_wrong
Qwen_Qwen3-8B::zh_parallel::zh_parallel_92,correct,correct,both_correct
Qwen_Qwen3-8B::zh_parallel_multiple::zh_parallel_multiple_100,correct,correct,both_correct
Qwen_Qwen3-8B::zh_parallel_multiple::zh_parallel_multiple_103,correct,correct,both_correct
Qwen_Qwen3-8B::zh_parallel_multiple::zh_parallel_multiple_106,wrong,correct,b_correct_a_wrong
Qwen_Qwen3-8B::zh_parallel_multiple::zh_parallel_multiple_107,correct,correct,both_correct
Qwen_Qwen3-8B::zh_parallel_multiple::zh_parallel_multiple_114,correct,correct,both_correct
Qwen_Qwen3-8B::zh_parallel_multiple::zh_parallel_multiple_120,correct,correct,both_correct
Qwen_Qwen3-8B::zh_parallel_multiple::zh_parallel_multiple_124,correct,correct,both_correct
Qwen_Qwen3-8B::zh_parallel_multiple::zh_parallel_multiple_126,correct,correct,both_correct
Qwen_Qwen3-8B::zh_parallel_multiple::zh_parallel_multiple_127,correct,correct,both_correct
Qwen_Qwen3-8B::zh_parallel_multiple::zh_parallel_multiple_128,correct,correct,both_correct
Qwen_Qwen3-8B::zh_parallel_multiple::zh_parallel_multiple_129,correct,correct,both_correct
Qwen_Qwen3-8B::zh_parallel_multiple::zh_parallel_multiple_138,correct,correct,both_correct
Qwen_Qwen3-8B::zh_parallel_multiple::zh_parallel_multiple_139,correct,correct,both_correct
Qwen_Qwen3-8B::zh_parallel_multiple::zh_parallel_multiple_141,correct,correct,both_correct
Qwen_Qwen3-8B::zh_parallel_multiple::zh_parallel_multiple_146,correct,correct,both_correct
Qwen_Qwen3-8B::zh_parallel_multiple::zh_parallel_multiple_147,correct,correct,both_correct
Qwen_Qwen3-8B::zh_parallel_multiple::zh_parallel_multiple_149,correct,correct,both_correct
Qwen_Qwen3-8B::zh_parallel_multiple::zh_parallel_multiple_15,correct,correct,both_correct
Qwen_Qwen3-8B::zh_parallel_multiple::zh_parallel_multiple_150,correct,correct,both_correct
Qwen_Qwen3-8B::zh_parallel_multiple::zh_parallel_multiple_160,correct,correct,both_correct
Qwen_Qwen3-8B::zh_parallel_multiple::zh_parallel_multiple_165,correct,correct,both_correct
Qwen_Qwen3-8B::zh_parallel_multiple::zh_parallel_multiple_176,correct,correct,both_correct
Qwen_Qwen3-8B::zh_parallel_multiple::zh_parallel_multiple_190,correct,correct,both_correct
Qwen_Qwen3-8B::zh_parallel_multiple::zh_parallel_multiple_192,correct,correct,both_correct
Qwen_Qwen3-8B::zh_parallel_multiple::zh_parallel_multiple_197,correct,correct,both_correct
Qwen_Qwen3-8B::zh_parallel_multiple::zh_parallel_multiple_198,wrong,correct,b_correct_a_wrong
Qwen_Qwen3-8B::zh_parallel_multiple::zh_parallel_multiple_47,correct,correct,both_correct
Qwen_Qwen3-8B::zh_parallel_multiple::zh_parallel_multiple_54,correct,correct,both_correct
Qwen_Qwen3-8B::zh_parallel_multiple::zh_parallel_multiple_55,wrong,correct,b_correct_a_wrong
Qwen_Qwen3-8B::zh_parallel_multiple::zh_parallel_multiple_6,correct,correct,both_correct
Qwen_Qwen3-8B::zh_parallel_multiple::zh_parallel_multiple_65,correct,correct,both_correct
Qwen_Qwen3-8B::zh_parallel_multiple::zh_parallel_multiple_69,wrong,correct,b_correct_a_wrong
Qwen_Qwen3-8B::zh_parallel_multiple::zh_parallel_multiple_72,wrong,correct,b_correct_a_wrong
Qwen_Qwen3-8B::zh_parallel_multiple::zh_parallel_multiple_77,wrong,correct,b_correct_a_wrong
Qwen_Qwen3-8B::zh_parallel_multiple::zh_parallel_multiple_81,correct,correct,both_correct
Qwen_Qwen3-8B::zh_parallel_multiple::zh_parallel_multiple_86,wrong,correct,b_correct_a_wrong
Qwen_Qwen3-8B::zh_parallel_multiple::zh_parallel_multiple_93,correct,correct,both_correct
Qwen_Qwen3-8B::zh_parallel_multiple::zh_parallel_multiple_94,correct,correct,both_correct
Qwen_Qwen3-8B::zh_parallel_multiple::zh_parallel_multiple_97,wrong,correct,b_correct_a_wrong
Qwen_Qwen3-8B::zh_simple_python::zh_simple_python_0,wrong,correct,b_correct_a_wrong
Qwen_Qwen3-8B::zh_simple_python::zh_simple_python_151,wrong,correct,b_correct_a_wrong
Qwen_Qwen3-8B::zh_simple_python::zh_simple_python_159,wrong,correct,b_correct_a_wrong
Qwen_Qwen3-8B::zh_simple_python::zh_simple_python_162,correct,correct,both_correct
Qwen_Qwen3-8B::zh_simple_python::zh_simple_python_166,wrong,correct,b_correct_a_wrong
Qwen_Qwen3-8B::zh_simple_python::zh_simple_python_174,correct,correct,both_correct
Qwen_Qwen3-8B::zh_simple_python::zh_simple_python_191,correct,correct,both_correct
Qwen_Qwen3-8B::zh_simple_python::zh_simple_python_200,correct,correct,both_correct
Qwen_Qwen3-8B::zh_simple_python::zh_simple_python_201,correct,correct,both_correct
Qwen_Qwen3-8B::zh_simple_python::zh_simple_python_202,wrong,correct,b_correct_a_wrong
Qwen_Qwen3-8B::zh_simple_python::zh_simple_python_212,correct,correct,both_correct
Qwen_Qwen3-8B::zh_simple_python::zh_simple_python_215,wrong,correct,b_correct_a_wrong
Qwen_Qwen3-8B::zh_simple_python::zh_simple_python_216,correct,correct,both_correct
Qwen_Qwen3-8B::zh_simple_python::zh_simple_python_224,correct,correct,both_correct
Qwen_Qwen3-8B::zh_simple_python::zh_simple_python_229,wrong,correct,b_correct_a_wrong
Qwen_Qwen3-8B::zh_simple_python::zh_simple_python_230,correct,correct,both_correct
Qwen_Qwen3-8B::zh_simple_python::zh_simple_python_232,correct,correct,both_correct
Qwen_Qwen3-8B::zh_simple_python::zh_simple_python_235,wrong,correct,b_correct_a_wrong
Qwen_Qwen3-8B::zh_simple_python::zh_simple_python_237,correct,correct,both_correct
Qwen_Qwen3-8B::zh_simple_python::zh_simple_python_238,wrong,wrong,both_wrong
Qwen_Qwen3-8B::zh_simple_python::zh_simple_python_241,wrong,correct,b_correct_a_wrong
Qwen_Qwen3-8B::zh_simple_python::zh_simple_python_248,correct,correct,both_correct
Qwen_Qwen3-8B::zh_simple_python::zh_simple_python_249,wrong,correct,b_correct_a_wrong
Qwen_Qwen3-8B::zh_simple_python::zh_simple_python_266,correct,correct,both_correct
Qwen_Qwen3-8B::zh_simple_python::zh_simple_python_268,correct,correct,both_correct
Qwen_Qwen3-8B::zh_simple_python::zh_simple_python_270,correct,correct,both_correct
Qwen_Qwen3-8B::zh_simple_python::zh_simple_python_273,correct,correct,both_correct
Qwen_Qwen3-8B::zh_simple_python::zh_simple_python_276,correct,correct,both_correct
Qwen_Qwen3-8B::zh_simple_python::zh_simple_python_283,correct,correct,both_correct
Qwen_Qwen3-8B::zh_simple_python::zh_simple_python_295,wrong,correct,b_correct_a_wrong
Qwen_Qwen3-8B::zh_simple_python::zh_simple_python_304,wrong,correct,b_correct_a_wrong
Qwen_Qwen3-8B::zh_simple_python::zh_simple_python_318,correct,correct,both_correct
Qwen_Qwen3-8B::zh_simple_python::zh_simple_python_333,correct,correct,both_correct
Qwen_Qwen3-8B::zh_simple_python::zh_simple_python_340,correct,correct,both_correct
Qwen_Qwen3-8B::zh_simple_python::zh_simple_python_344,correct,correct,both_correct
Qwen_Qwen3-8B::zh_simple_python::zh_simple_python_352,correct,correct,both_correct
Qwen_Qwen3-8B::zh_simple_python::zh_simple_python_360,correct,correct,both_correct
Qwen_Qwen3-8B::zh_simple_python::zh_simple_python_371,correct,correct,both_correct
Qwen_Qwen3-8B::zh_simple_python::zh_simple_python_372,correct,correct,both_correct
Qwen_Qwen3-8B::zh_simple_python::zh_simple_python_373,correct,correct,both_correct
Qwen_Qwen3-8B::zh_simple_python::zh_simple_python_375,correct,correct,both_correct
Qwen_Qwen3-8B::zh_simple_python::zh_simple_python_377,correct,correct,both_correct
Qwen_Qwen3-8B::zh_simple_python::zh_simple_python_379,correct,correct,both_correct
Qwen_Qwen3-8B::zh_simple_python::zh_simple_python_380,correct,correct,both_correct
Qwen_Qwen3-8B::zh_simple_python::zh_simple_python_382,correct,correct,both_correct
Qwen_Qwen3-8B::zh_simple_python::zh_simple_python_386,correct,correct,both_correct
Qwen_Qwen3-8B::zh_simple_python::zh_simple_python_399,correct,correct,both_correct
Qwen_Qwen3-8B::zh_simple_python::zh_simple_python_51,wrong,correct,b_correct_a_wrong
Qwen_Qwen3-8B::zh_simple_python::zh_simple_python_55,correct,correct,both_correct
Qwen_Qwen3-8B::zh_simple_python::zh_simple_python_59,correct,correct,both_correct
Qwen_Qwen3-8B::zh_simple_python::zh_simple_python_77,correct,correct,both_correct
Qwen_Qwen3-8B::zh_simple_python::zh_simple_python_85,correct,correct,both_correct
Qwen_Qwen3-8B::zh_simple_python::zh_simple_python_9,wrong,correct,b_correct_a_wrong
Salesforce_Llama-xLAM-2-8b-fc-r-checkpoint-1136-merged-1batch-2560seq-3epoch-apigen-nomlp::zh_multiple::zh_multiple_115,correct,correct,both_correct
Salesforce_Llama-xLAM-2-8b-fc-r-checkpoint-1136-merged-1batch-2560seq-3epoch-apigen-nomlp::zh_multiple::zh_multiple_127,wrong,correct,b_correct_a_wrong
Salesforce_Llama-xLAM-2-8b-fc-r-checkpoint-1136-merged-1batch-2560seq-3epoch-apigen-nomlp::zh_multiple::zh_multiple_134,correct,correct,both_correct
Salesforce_Llama-xLAM-2-8b-fc-r-checkpoint-1136-merged-1batch-2560seq-3epoch-apigen-nomlp::zh_multiple::zh_multiple_136,correct,correct,both_correct
Salesforce_Llama-xLAM-2-8b-fc-r-checkpoint-1136-merged-1batch-2560seq-3epoch-apigen-nomlp::zh_multiple::zh_multiple_149,correct,correct,both_correct
Salesforce_Llama-xLAM-2-8b-fc-r-checkpoint-1136-merged-1batch-2560seq-3epoch-apigen-nomlp::zh_multiple::zh_multiple_158,correct,correct,both_correct
Salesforce_Llama-xLAM-2-8b-fc-r-checkpoint-1136-merged-1batch-2560seq-3epoch-apigen-nomlp::zh_multiple::zh_multiple_160,wrong,correct,b_correct_a_wrong
Salesforce_Llama-xLAM-2-8b-fc-r-checkpoint-1136-merged-1batch-2560seq-3epoch-apigen-nomlp::zh_multiple::zh_multiple_165,correct,correct,both_correct
Salesforce_Llama-xLAM-2-8b-fc-r-checkpoint-1136-merged-1batch-2560seq-3epoch-apigen-nomlp::zh_multiple::zh_multiple_168,correct,correct,both_correct
Salesforce_Llama-xLAM-2-8b-fc-r-checkpoint-1136-merged-1batch-2560seq-3epoch-apigen-nomlp::zh_multiple::zh_multiple_190,correct,correct,both_correct
Salesforce_Llama-xLAM-2-8b-fc-r-checkpoint-1136-merged-1batch-2560seq-3epoch-apigen-nomlp::zh_multiple::zh_multiple_192,wrong,correct,b_correct_a_wrong
Salesforce_Llama-xLAM-2-8b-fc-r-checkpoint-1136-merged-1batch-2560seq-3epoch-apigen-nomlp::zh_multiple::zh_multiple_78,correct,correct,both_correct
Salesforce_Llama-xLAM-2-8b-fc-r-checkpoint-1136-merged-1batch-2560seq-3epoch-apigen-nomlp::zh_multiple::zh_multiple_91,wrong,correct,b_correct_a_wrong
Salesforce_Llama-xLAM-2-8b-fc-r-checkpoint-1136-merged-1batch-2560seq-3epoch-apigen-nomlp::zh_multiple::zh_multiple_94,correct,correct,both_correct
Salesforce_Llama-xLAM-2-8b-fc-r-checkpoint-1136-merged-1batch-2560seq-3epoch-apigen-nomlp::zh_parallel::zh_parallel_117,wrong,correct,b_correct_a_wrong
Salesforce_Llama-xLAM-2-8b-fc-r-checkpoint-1136-merged-1batch-2560seq-3epoch-apigen-nomlp::zh_parallel::zh_parallel_119,correct,correct,both_correct
Salesforce_Llama-xLAM-2-8b-fc-r-checkpoint-1136-merged-1batch-2560seq-3epoch-apigen-nomlp::zh_parallel::zh_parallel_13,wrong,correct,b_correct_a_wrong
Salesforce_Llama-xLAM-2-8b-fc-r-checkpoint-1136-merged-1batch-2560seq-3epoch-apigen-nomlp::zh_parallel::zh_parallel_151,correct,correct,both_correct
Salesforce_Llama-xLAM-2-8b-fc-r-checkpoint-1136-merged-1batch-2560seq-3epoch-apigen-nomlp::zh_parallel::zh_parallel_159,wrong,correct,b_correct_a_wrong
Salesforce_Llama-xLAM-2-8b-fc-r-checkpoint-1136-merged-1batch-2560seq-3epoch-apigen-nomlp::zh_parallel::zh_parallel_164,wrong,correct,b_correct_a_wrong
Salesforce_Llama-xLAM-2-8b-fc-r-checkpoint-1136-merged-1batch-2560seq-3epoch-apigen-nomlp::zh_parallel::zh_parallel_181,wrong,correct,b_correct_a_wrong
Salesforce_Llama-xLAM-2-8b-fc-r-checkpoint-1136-merged-1batch-2560seq-3epoch-apigen-nomlp::zh_parallel::zh_parallel_187,wrong,correct,b_correct_a_wrong
Salesforce_Llama-xLAM-2-8b-fc-r-checkpoint-1136-merged-1batch-2560seq-3epoch-apigen-nomlp::zh_parallel::zh_parallel_19,correct,correct,both_correct
Salesforce_Llama-xLAM-2-8b-fc-r-checkpoint-1136-merged-1batch-2560seq-3epoch-apigen-nomlp::zh_parallel::zh_parallel_191,correct,correct,both_correct
Salesforce_Llama-xLAM-2-8b-fc-r-checkpoint-1136-merged-1batch-2560seq-3epoch-apigen-nomlp::zh_parallel::zh_parallel_194,correct,correct,both_correct
Salesforce_Llama-xLAM-2-8b-fc-r-checkpoint-1136-merged-1batch-2560seq-3epoch-apigen-nomlp::zh_parallel::zh_parallel_40,correct,correct,both_correct
Salesforce_Llama-xLAM-2-8b-fc-r-checkpoint-1136-merged-1batch-2560seq-3epoch-apigen-nomlp::zh_parallel::zh_parallel_44,wrong,correct,b_correct_a_wrong
Salesforce_Llama-xLAM-2-8b-fc-r-checkpoint-1136-merged-1batch-2560seq-3epoch-apigen-nomlp::zh_parallel::zh_parallel_45,wrong,correct,b_correct_a_wrong
Salesforce_Llama-xLAM-2-8b-fc-r-checkpoint-1136-merged-1batch-2560seq-3epoch-apigen-nomlp::zh_parallel::zh_parallel_46,correct,correct,both_correct
Salesforce_Llama-xLAM-2-8b-fc-r-checkpoint-1136-merged-1batch-2560seq-3epoch-apigen-nomlp::zh_parallel::zh_parallel_52,correct,correct,both_correct
Salesforce_Llama-xLAM-2-8b-fc-r-checkpoint-1136-merged-1batch-2560seq-3epoch-apigen-nomlp::zh_parallel::zh_parallel_89,correct,correct,both_correct
Salesforce_Llama-xLAM-2-8b-fc-r-checkpoint-1136-merged-1batch-2560seq-3epoch-apigen-nomlp::zh_parallel::zh_parallel_91,correct,correct,both_correct
Salesforce_Llama-xLAM-2-8b-fc-r-checkpoint-1136-merged-1batch-2560seq-3epoch-apigen-nomlp::zh_parallel::zh_parallel_93,correct,correct,both_correct
Salesforce_Llama-xLAM-2-8b-fc-r-checkpoint-1136-merged-1batch-2560seq-3epoch-apigen-nomlp::zh_parallel_multiple::zh_parallel_multiple_10,wrong,correct,b_correct_a_wrong
Salesforce_Llama-xLAM-2-8b-fc-r-checkpoint-1136-merged-1batch-2560seq-3epoch-apigen-nomlp::zh_parallel_multiple::zh_parallel_multiple_103,correct,correct,both_correct
Salesforce_Llama-xLAM-2-8b-fc-r-checkpoint-1136-merged-1batch-2560seq-3epoch-apigen-nomlp::zh_parallel_multiple::zh_parallel_multiple_106,correct,correct,both_correct
Salesforce_Llama-xLAM-2-8b-fc-r-checkpoint-1136-merged-1batch-2560seq-3epoch-apigen-nomlp::zh_parallel_multiple::zh_parallel_multiple_107,correct,correct,both_correct
Salesforce_Llama-xLAM-2-8b-fc-r-checkpoint-1136-merged-1batch-2560seq-3epoch-apigen-nomlp::zh_parallel_multiple::zh_parallel_multiple_113,correct,correct,both_correct
Salesforce_Llama-xLAM-2-8b-fc-r-checkpoint-1136-merged-1batch-2560seq-3epoch-apigen-nomlp::zh_parallel_multiple::zh_parallel_multiple_118,wrong,correct,b_correct_a_wrong
Salesforce_Llama-xLAM-2-8b-fc-r-checkpoint-1136-merged-1batch-2560seq-3epoch-apigen-nomlp::zh_parallel_multiple::zh_parallel_multiple_120,correct,correct,both_correct
Salesforce_Llama-xLAM-2-8b-fc-r-checkpoint-1136-merged-1batch-2560seq-3epoch-apigen-nomlp::zh_parallel_multiple::zh_parallel_multiple_122,correct,correct,both_correct
Salesforce_Llama-xLAM-2-8b-fc-r-checkpoint-1136-merged-1batch-2560seq-3epoch-apigen-nomlp::zh_parallel_multiple::zh_parallel_multiple_126,correct,correct,both_correct
Salesforce_Llama-xLAM-2-8b-fc-r-checkpoint-1136-merged-1batch-2560seq-3epoch-apigen-nomlp::zh_parallel_multiple::zh_parallel_multiple_128,correct,correct,both_correct
Salesforce_Llama-xLAM-2-8b-fc-r-checkpoint-1136-merged-1batch-2560seq-3epoch-apigen-nomlp::zh_parallel_multiple::zh_parallel_multiple_136,correct,correct,both_correct
Salesforce_Llama-xLAM-2-8b-fc-r-checkpoint-1136-merged-1batch-2560seq-3epoch-apigen-nomlp::zh_parallel_multiple::zh_parallel_multiple_139,correct,correct,both_correct
Salesforce_Llama-xLAM-2-8b-fc-r-checkpoint-1136-merged-1batch-2560seq-3epoch-apigen-nomlp::zh_parallel_multiple::zh_parallel_multiple_141,correct,correct,both_correct
Salesforce_Llama-xLAM-2-8b-fc-r-checkpoint-1136-merged-1batch-2560seq-3epoch-apigen-nomlp::zh_parallel_multiple::zh_parallel_multiple_147,correct,correct,both_correct
Salesforce_Llama-xLAM-2-8b-fc-r-checkpoint-1136-merged-1batch-2560seq-3epoch-apigen-nomlp::zh_parallel_multiple::zh_parallel_multiple_148,correct,correct,both_correct
Salesforce_Llama-xLAM-2-8b-fc-r-checkpoint-1136-merged-1batch-2560seq-3epoch-apigen-nomlp::zh_parallel_multiple::zh_parallel_multiple_149,correct,correct,both_correct
Salesforce_Llama-xLAM-2-8b-fc-r-checkpoint-1136-merged-1batch-2560seq-3epoch-apigen-nomlp::zh_parallel_multiple::zh_parallel_multiple_151,correct,correct,both_correct
Salesforce_Llama-xLAM-2-8b-fc-r-checkpoint-1136-merged-1batch-2560seq-3epoch-apigen-nomlp::zh_parallel_multiple::zh_parallel_multiple_153,correct,correct,both_correct
Salesforce_Llama-xLAM-2-8b-fc-r-checkpoint-1136-merged-1batch-2560seq-3epoch-apigen-nomlp::zh_parallel_multiple::zh_parallel_multiple_158,correct,correct,both_correct
Salesforce_Llama-xLAM-2-8b-fc-r-checkpoint-1136-merged-1batch-2560seq-3epoch-apigen-nomlp::zh_parallel_multiple::zh_parallel_multiple_159,correct,correct,both_correct
Salesforce_Llama-xLAM-2-8b-fc-r-checkpoint-1136-merged-1batch-2560seq-3epoch-apigen-nomlp::zh_parallel_multiple::zh_parallel_multiple_163,correct,correct,both_correct
Salesforce_Llama-xLAM-2-8b-fc-r-checkpoint-1136-merged-1batch-2560seq-3epoch-apigen-nomlp::zh_parallel_multiple::zh_parallel_multiple_165,correct,correct,both_correct
Salesforce_Llama-xLAM-2-8b-fc-r-checkpoint-1136-merged-1batch-2560seq-3epoch-apigen-nomlp::zh_parallel_multiple::zh_parallel_multiple_169,wrong,correct,b_correct_a_wrong
Salesforce_Llama-xLAM-2-8b-fc-r-checkpoint-1136-merged-1batch-2560seq-3epoch-apigen-nomlp::zh_parallel_multiple::zh_parallel_multiple_173,correct,correct,both_correct
Salesforce_Llama-xLAM-2-8b-fc-r-checkpoint-1136-merged-1batch-2560seq-3epoch-apigen-nomlp::zh_parallel_multiple::zh_parallel_multiple_176,correct,correct,both_correct
Salesforce_Llama-xLAM-2-8b-fc-r-checkpoint-1136-merged-1batch-2560seq-3epoch-apigen-nomlp::zh_parallel_multiple::zh_parallel_multiple_180,correct,correct,both_correct
Salesforce_Llama-xLAM-2-8b-fc-r-checkpoint-1136-merged-1batch-2560seq-3epoch-apigen-nomlp::zh_parallel_multiple::zh_parallel_multiple_189,correct,correct,both_correct
Salesforce_Llama-xLAM-2-8b-fc-r-checkpoint-1136-merged-1batch-2560seq-3epoch-apigen-nomlp::zh_parallel_multiple::zh_parallel_multiple_19,correct,correct,both_correct
Salesforce_Llama-xLAM-2-8b-fc-r-checkpoint-1136-merged-1batch-2560seq-3epoch-apigen-nomlp::zh_parallel_multiple::zh_parallel_multiple_191,correct,correct,both_correct
Salesforce_Llama-xLAM-2-8b-fc-r-checkpoint-1136-merged-1batch-2560seq-3epoch-apigen-nomlp::zh_parallel_multiple::zh_parallel_multiple_192,correct,correct,both_correct
Salesforce_Llama-xLAM-2-8b-fc-r-checkpoint-1136-merged-1batch-2560seq-3epoch-apigen-nomlp::zh_parallel_multiple::zh_parallel_multiple_195,correct,correct,both_correct
Salesforce_Llama-xLAM-2-8b-fc-r-checkpoint-1136-merged-1batch-2560seq-3epoch-apigen-nomlp::zh_parallel_multiple::zh_parallel_multiple_196,correct,correct,both_correct
Salesforce_Llama-xLAM-2-8b-fc-r-checkpoint-1136-merged-1batch-2560seq-3epoch-apigen-nomlp::zh_parallel_multiple::zh_parallel_multiple_199,correct,correct,both_correct
Salesforce_Llama-xLAM-2-8b-fc-r-checkpoint-1136-merged-1batch-2560seq-3epoch-apigen-nomlp::zh_parallel_multiple::zh_parallel_multiple_21,correct,correct,both_correct
Salesforce_Llama-xLAM-2-8b-fc-r-checkpoint-1136-merged-1batch-2560seq-3epoch-apigen-nomlp::zh_parallel_multiple::zh_parallel_multiple_32,correct,correct,both_correct
Salesforce_Llama-xLAM-2-8b-fc-r-checkpoint-1136-merged-1batch-2560seq-3epoch-apigen-nomlp::zh_parallel_multiple::zh_parallel_multiple_33,correct,correct,both_correct
Salesforce_Llama-xLAM-2-8b-fc-r-checkpoint-1136-merged-1batch-2560seq-3epoch-apigen-nomlp::zh_parallel_multiple::zh_parallel_multiple_42,correct,correct,both_correct
Salesforce_Llama-xLAM-2-8b-fc-r-checkpoint-1136-merged-1batch-2560seq-3epoch-apigen-nomlp::zh_parallel_multiple::zh_parallel_multiple_50,correct,correct,both_correct
Salesforce_Llama-xLAM-2-8b-fc-r-checkpoint-1136-merged-1batch-2560seq-3epoch-apigen-nomlp::zh_parallel_multiple::zh_parallel_multiple_54,wrong,correct,b_correct_a_wrong
Salesforce_Llama-xLAM-2-8b-fc-r-checkpoint-1136-merged-1batch-2560seq-3epoch-apigen-nomlp::zh_parallel_multiple::zh_parallel_multiple_55,correct,correct,both_correct
Salesforce_Llama-xLAM-2-8b-fc-r-checkpoint-1136-merged-1batch-2560seq-3epoch-apigen-nomlp::zh_parallel_multiple::zh_parallel_multiple_63,correct,correct,both_correct
Salesforce_Llama-xLAM-2-8b-fc-r-checkpoint-1136-merged-1batch-2560seq-3epoch-apigen-nomlp::zh_parallel_multiple::zh_parallel_multiple_65,correct,correct,both_correct
Salesforce_Llama-xLAM-2-8b-fc-r-checkpoint-1136-merged-1batch-2560seq-3epoch-apigen-nomlp::zh_parallel_multiple::zh_parallel_multiple_69,wrong,wrong,both_wrong
Salesforce_Llama-xLAM-2-8b-fc-r-checkpoint-1136-merged-1batch-2560seq-3epoch-apigen-nomlp::zh_parallel_multiple::zh_parallel_multiple_70,wrong,correct,b_correct_a_wrong
Salesforce_Llama-xLAM-2-8b-fc-r-checkpoint-1136-merged-1batch-2560seq-3epoch-apigen-nomlp::zh_parallel_multiple::zh_parallel_multiple_78,wrong,correct,b_correct_a_wrong
Salesforce_Llama-xLAM-2-8b-fc-r-checkpoint-1136-merged-1batch-2560seq-3epoch-apigen-nomlp::zh_parallel_multiple::zh_parallel_multiple_94,correct,correct,both_correct
Salesforce_Llama-xLAM-2-8b-fc-r-checkpoint-1136-merged-1batch-2560seq-3epoch-apigen-nomlp::zh_simple_python::zh_simple_python_139,wrong,correct,b_correct_a_wrong
Salesforce_Llama-xLAM-2-8b-fc-r-checkpoint-1136-merged-1batch-2560seq-3epoch-apigen-nomlp::zh_simple_python::zh_simple_python_159,wrong,correct,b_correct_a_wrong
Salesforce_Llama-xLAM-2-8b-fc-r-checkpoint-1136-merged-1batch-2560seq-3epoch-apigen-nomlp::zh_simple_python::zh_simple_python_162,correct,correct,both_correct
Salesforce_Llama-xLAM-2-8b-fc-r-checkpoint-1136-merged-1batch-2560seq-3epoch-apigen-nomlp::zh_simple_python::zh_simple_python_163,correct,correct,both_correct
Salesforce_Llama-xLAM-2-8b-fc-r-checkpoint-1136-merged-1batch-2560seq-3epoch-apigen-nomlp::zh_simple_python::zh_simple_python_164,correct,correct,both_correct
Salesforce_Llama-xLAM-2-8b-fc-r-checkpoint-1136-merged-1batch-2560seq-3epoch-apigen-nomlp::zh_simple_python::zh_simple_python_165,correct,correct,both_correct
Salesforce_Llama-xLAM-2-8b-fc-r-checkpoint-1136-merged-1batch-2560seq-3epoch-apigen-nomlp::zh_simple_python::zh_simple_python_166,correct,correct,both_correct
Salesforce_Llama-xLAM-2-8b-fc-r-checkpoint-1136-merged-1batch-2560seq-3epoch-apigen-nomlp::zh_simple_python::zh_simple_python_174,correct,correct,both_correct
Salesforce_Llama-xLAM-2-8b-fc-r-checkpoint-1136-merged-1batch-2560seq-3epoch-apigen-nomlp::zh_simple_python::zh_simple_python_197,correct,correct,both_correct
Salesforce_Llama-xLAM-2-8b-fc-r-checkpoint-1136-merged-1batch-2560seq-3epoch-apigen-nomlp::zh_simple_python::zh_simple_python_200,correct,correct,both_correct
Salesforce_Llama-xLAM-2-8b-fc-r-checkpoint-1136-merged-1batch-2560seq-3epoch-apigen-nomlp::zh_simple_python::zh_simple_python_202,correct,correct,both_correct
Salesforce_Llama-xLAM-2-8b-fc-r-checkpoint-1136-merged-1batch-2560seq-3epoch-apigen-nomlp::zh_simple_python::zh_simple_python_207,correct,correct,both_correct
Salesforce_Llama-xLAM-2-8b-fc-r-checkpoint-1136-merged-1batch-2560seq-3epoch-apigen-nomlp::zh_simple_python::zh_simple_python_216,correct,correct,both_correct
Salesforce_Llama-xLAM-2-8b-fc-r-checkpoint-1136-merged-1batch-2560seq-3epoch-apigen-nomlp::zh_simple_python::zh_simple_python_219,wrong,correct,b_correct_a_wrong
Salesforce_Llama-xLAM-2-8b-fc-r-checkpoint-1136-merged-1batch-2560seq-3epoch-apigen-nomlp::zh_simple_python::zh_simple_python_224,wrong,correct,b_correct_a_wrong
Salesforce_Llama-xLAM-2-8b-fc-r-checkpoint-1136-merged-1batch-2560seq-3epoch-apigen-nomlp::zh_simple_python::zh_simple_python_229,wrong,correct,b_correct_a_wrong
Salesforce_Llama-xLAM-2-8b-fc-r-checkpoint-1136-merged-1batch-2560seq-3epoch-apigen-nomlp::zh_simple_python::zh_simple_python_234,wrong,correct,b_correct_a_wrong
Salesforce_Llama-xLAM-2-8b-fc-r-checkpoint-1136-merged-1batch-2560seq-3epoch-apigen-nomlp::zh_simple_python::zh_simple_python_255,correct,correct,both_correct
Salesforce_Llama-xLAM-2-8b-fc-r-checkpoint-1136-merged-1batch-2560seq-3epoch-apigen-nomlp::zh_simple_python::zh_simple_python_257,correct,correct,both_correct
Salesforce_Llama-xLAM-2-8b-fc-r-checkpoint-1136-merged-1batch-2560seq-3epoch-apigen-nomlp::zh_simple_python::zh_simple_python_273,correct,correct,both_correct
Salesforce_Llama-xLAM-2-8b-fc-r-checkpoint-1136-merged-1batch-2560seq-3epoch-apigen-nomlp::zh_simple_python::zh_simple_python_283,correct,correct,both_correct
Salesforce_Llama-xLAM-2-8b-fc-r-checkpoint-1136-merged-1batch-2560seq-3epoch-apigen-nomlp::zh_simple_python::zh_simple_python_295,correct,correct,both_correct
Salesforce_Llama-xLAM-2-8b-fc-r-checkpoint-1136-merged-1batch-2560seq-3epoch-apigen-nomlp::zh_simple_python::zh_simple_python_304,wrong,correct,b_correct_a_wrong
Salesforce_Llama-xLAM-2-8b-fc-r-checkpoint-1136-merged-1batch-2560seq-3epoch-apigen-nomlp::zh_simple_python::zh_simple_python_315,wrong,wrong,both_wrong
Salesforce_Llama-xLAM-2-8b-fc-r-checkpoint-1136-merged-1batch-2560seq-3epoch-apigen-nomlp::zh_simple_python::zh_simple_python_322,correct,correct,both_correct
Salesforce_Llama-xLAM-2-8b-fc-r-checkpoint-1136-merged-1batch-2560seq-3epoch-apigen-nomlp::zh_simple_python::zh_simple_python_324,correct,correct,both_correct
Salesforce_Llama-xLAM-2-8b-fc-r-checkpoint-1136-merged-1batch-2560seq-3epoch-apigen-nomlp::zh_simple_python::zh_simple_python_326,correct,correct,both_correct
Salesforce_Llama-xLAM-2-8b-fc-r-checkpoint-1136-merged-1batch-2560seq-3epoch-apigen-nomlp::zh_simple_python::zh_simple_python_327,correct,correct,both_correct
Salesforce_Llama-xLAM-2-8b-fc-r-checkpoint-1136-merged-1batch-2560seq-3epoch-apigen-nomlp::zh_simple_python::zh_simple_python_344,correct,correct,both_correct
Salesforce_Llama-xLAM-2-8b-fc-r-checkpoint-1136-merged-1batch-2560seq-3epoch-apigen-nomlp::zh_simple_python::zh_simple_python_352,correct,correct,both_correct
Salesforce_Llama-xLAM-2-8b-fc-r-checkpoint-1136-merged-1batch-2560seq-3epoch-apigen-nomlp::zh_simple_python::zh_simple_python_373,wrong,correct,b_correct_a_wrong
Salesforce_Llama-xLAM-2-8b-fc-r-checkpoint-1136-merged-1batch-2560seq-3epoch-apigen-nomlp::zh_simple_python::zh_simple_python_386,correct,correct,both_correct
Salesforce_Llama-xLAM-2-8b-fc-r-checkpoint-1136-merged-1batch-2560seq-3epoch-apigen-nomlp::zh_simple_python::zh_simple_python_387,correct,correct,both_correct
Salesforce_Llama-xLAM-2-8b-fc-r-checkpoint-1136-merged-1batch-2560seq-3epoch-apigen-nomlp::zh_simple_python::zh_simple_python_399,correct,correct,both_correct
Salesforce_Llama-xLAM-2-8b-fc-r-checkpoint-1136-merged-1batch-2560seq-3epoch-apigen-nomlp::zh_simple_python::zh_simple_python_59,wrong,correct,b_correct_a_wrong
Salesforce_Llama-xLAM-2-8b-fc-r-checkpoint-1136-merged-1batch-2560seq-3epoch-apigen-nomlp::zh_simple_python::zh_simple_python_63,correct,correct,both_correct
Salesforce_Llama-xLAM-2-8b-fc-r-checkpoint-1136-merged-1batch-2560seq-3epoch-apigen-nomlp::zh_simple_python::zh_simple_python_77,correct,correct,both_correct
Salesforce_Llama-xLAM-2-8b-fc-r-checkpoint-1136-merged-1batch-2560seq-3epoch-apigen-nomlp::zh_simple_python::zh_simple_python_85,correct,correct,both_correct
Salesforce_Llama-xLAM-2-8b-fc-r-checkpoint-1136-merged-1batch-2560seq-3epoch-apigen-nomlp::zh_simple_python::zh_simple_python_89,wrong,correct,b_correct_a_wrong
Salesforce_Llama-xLAM-2-8b-fc-r-checkpoint-1136-merged-1batch-2560seq-3epoch-apigen-nomlp::zh_simple_python::zh_simple_python_98,wrong,correct,b_correct_a_wrong
Salesforce_Llama-xLAM-2-8b-fc-r-checkpoint-1315-merged-2batch-1024seq-3epoch-apigen-nomlp::zh_multiple::zh_multiple_134,correct,correct,both_correct
Salesforce_Llama-xLAM-2-8b-fc-r-checkpoint-1315-merged-2batch-1024seq-3epoch-apigen-nomlp::zh_multiple::zh_multiple_136,correct,correct,both_correct
Salesforce_Llama-xLAM-2-8b-fc-r-checkpoint-1315-merged-2batch-1024seq-3epoch-apigen-nomlp::zh_multiple::zh_multiple_149,correct,correct,both_correct
Salesforce_Llama-xLAM-2-8b-fc-r-checkpoint-1315-merged-2batch-1024seq-3epoch-apigen-nomlp::zh_multiple::zh_multiple_158,correct,correct,both_correct
Salesforce_Llama-xLAM-2-8b-fc-r-checkpoint-1315-merged-2batch-1024seq-3epoch-apigen-nomlp::zh_multiple::zh_multiple_160,wrong,correct,b_correct_a_wrong
Salesforce_Llama-xLAM-2-8b-fc-r-checkpoint-1315-merged-2batch-1024seq-3epoch-apigen-nomlp::zh_multiple::zh_multiple_165,correct,correct,both_correct
Salesforce_Llama-xLAM-2-8b-fc-r-checkpoint-1315-merged-2batch-1024seq-3epoch-apigen-nomlp::zh_multiple::zh_multiple_168,correct,correct,both_correct
Salesforce_Llama-xLAM-2-8b-fc-r-checkpoint-1315-merged-2batch-1024seq-3epoch-apigen-nomlp::zh_multiple::zh_multiple_190,correct,correct,both_correct
Salesforce_Llama-xLAM-2-8b-fc-r-checkpoint-1315-merged-2batch-1024seq-3epoch-apigen-nomlp::zh_multiple::zh_multiple_192,wrong,correct,b_correct_a_wrong
Salesforce_Llama-xLAM-2-8b-fc-r-checkpoint-1315-merged-2batch-1024seq-3epoch-apigen-nomlp::zh_multiple::zh_multiple_67,wrong,correct,b_correct_a_wrong
Salesforce_Llama-xLAM-2-8b-fc-r-checkpoint-1315-merged-2batch-1024seq-3epoch-apigen-nomlp::zh_multiple::zh_multiple_78,correct,correct,both_correct
Salesforce_Llama-xLAM-2-8b-fc-r-checkpoint-1315-merged-2batch-1024seq-3epoch-apigen-nomlp::zh_multiple::zh_multiple_84,correct,correct,both_correct
Salesforce_Llama-xLAM-2-8b-fc-r-checkpoint-1315-merged-2batch-1024seq-3epoch-apigen-nomlp::zh_multiple::zh_multiple_91,wrong,correct,b_correct_a_wrong
Salesforce_Llama-xLAM-2-8b-fc-r-checkpoint-1315-merged-2batch-1024seq-3epoch-apigen-nomlp::zh_multiple::zh_multiple_94,correct,correct,both_correct
Salesforce_Llama-xLAM-2-8b-fc-r-checkpoint-1315-merged-2batch-1024seq-3epoch-apigen-nomlp::zh_parallel::zh_parallel_115,correct,correct,both_correct
Salesforce_Llama-xLAM-2-8b-fc-r-checkpoint-1315-merged-2batch-1024seq-3epoch-apigen-nomlp::zh_parallel::zh_parallel_117,wrong,correct,b_correct_a_wrong
Salesforce_Llama-xLAM-2-8b-fc-r-checkpoint-1315-merged-2batch-1024seq-3epoch-apigen-nomlp::zh_parallel::zh_parallel_119,correct,correct,both_correct
Salesforce_Llama-xLAM-2-8b-fc-r-checkpoint-1315-merged-2batch-1024seq-3epoch-apigen-nomlp::zh_parallel::zh_parallel_13,wrong,correct,b_correct_a_wrong
Salesforce_Llama-xLAM-2-8b-fc-r-checkpoint-1315-merged-2batch-1024seq-3epoch-apigen-nomlp::zh_parallel::zh_parallel_130,correct,correct,both_correct
Salesforce_Llama-xLAM-2-8b-fc-r-checkpoint-1315-merged-2batch-1024seq-3epoch-apigen-nomlp::zh_parallel::zh_parallel_151,correct,correct,both_correct
Salesforce_Llama-xLAM-2-8b-fc-r-checkpoint-1315-merged-2batch-1024seq-3epoch-apigen-nomlp::zh_parallel::zh_parallel_159,wrong,correct,b_correct_a_wrong
Salesforce_Llama-xLAM-2-8b-fc-r-checkpoint-1315-merged-2batch-1024seq-3epoch-apigen-nomlp::zh_parallel::zh_parallel_164,wrong,correct,b_correct_a_wrong
Salesforce_Llama-xLAM-2-8b-fc-r-checkpoint-1315-merged-2batch-1024seq-3epoch-apigen-nomlp::zh_parallel::zh_parallel_181,wrong,correct,b_correct_a_wrong
Salesforce_Llama-xLAM-2-8b-fc-r-checkpoint-1315-merged-2batch-1024seq-3epoch-apigen-nomlp::zh_parallel::zh_parallel_187,wrong,correct,b_correct_a_wrong
Salesforce_Llama-xLAM-2-8b-fc-r-checkpoint-1315-merged-2batch-1024seq-3epoch-apigen-nomlp::zh_parallel::zh_parallel_189,correct,correct,both_correct
Salesforce_Llama-xLAM-2-8b-fc-r-checkpoint-1315-merged-2batch-1024seq-3epoch-apigen-nomlp::zh_parallel::zh_parallel_19,correct,correct,both_correct
Salesforce_Llama-xLAM-2-8b-fc-r-checkpoint-1315-merged-2batch-1024seq-3epoch-apigen-nomlp::zh_parallel::zh_parallel_191,correct,correct,both_correct
Salesforce_Llama-xLAM-2-8b-fc-r-checkpoint-1315-merged-2batch-1024seq-3epoch-apigen-nomlp::zh_parallel::zh_parallel_194,correct,correct,both_correct
Salesforce_Llama-xLAM-2-8b-fc-r-checkpoint-1315-merged-2batch-1024seq-3epoch-apigen-nomlp::zh_parallel::zh_parallel_21,correct,correct,both_correct
Salesforce_Llama-xLAM-2-8b-fc-r-checkpoint-1315-merged-2batch-1024seq-3epoch-apigen-nomlp::zh_parallel::zh_parallel_36,correct,correct,both_correct
Salesforce_Llama-xLAM-2-8b-fc-r-checkpoint-1315-merged-2batch-1024seq-3epoch-apigen-nomlp::zh_parallel::zh_parallel_40,correct,correct,both_correct
Salesforce_Llama-xLAM-2-8b-fc-r-checkpoint-1315-merged-2batch-1024seq-3epoch-apigen-nomlp::zh_parallel::zh_parallel_44,wrong,correct,b_correct_a_wrong
Salesforce_Llama-xLAM-2-8b-fc-r-checkpoint-1315-merged-2batch-1024seq-3epoch-apigen-nomlp::zh_parallel::zh_parallel_45,wrong,correct,b_correct_a_wrong
Salesforce_Llama-xLAM-2-8b-fc-r-checkpoint-1315-merged-2batch-1024seq-3epoch-apigen-nomlp::zh_parallel::zh_parallel_46,correct,correct,both_correct
Salesforce_Llama-xLAM-2-8b-fc-r-checkpoint-1315-merged-2batch-1024seq-3epoch-apigen-nomlp::zh_parallel::zh_parallel_52,correct,correct,both_correct
Salesforce_Llama-xLAM-2-8b-fc-r-checkpoint-1315-merged-2batch-1024seq-3epoch-apigen-nomlp::zh_parallel::zh_parallel_55,correct,correct,both_correct
Salesforce_Llama-xLAM-2-8b-fc-r-checkpoint-1315-merged-2batch-1024seq-3epoch-apigen-nomlp::zh_parallel::zh_parallel_8,correct,correct,both_correct
Salesforce_Llama-xLAM-2-8b-fc-r-checkpoint-1315-merged-2batch-1024seq-3epoch-apigen-nomlp::zh_parallel::zh_parallel_89,correct,correct,both_correct
Salesforce_Llama-xLAM-2-8b-fc-r-checkpoint-1315-merged-2batch-1024seq-3epoch-apigen-nomlp::zh_parallel::zh_parallel_91,correct,correct,both_correct
Salesforce_Llama-xLAM-2-8b-fc-r-checkpoint-1315-merged-2batch-1024seq-3epoch-apigen-nomlp::zh_parallel::zh_parallel_93,correct,correct,both_correct
Salesforce_Llama-xLAM-2-8b-fc-r-checkpoint-1315-merged-2batch-1024seq-3epoch-apigen-nomlp::zh_parallel_multiple::zh_parallel_multiple_10,wrong,correct,b_correct_a_wrong
Salesforce_Llama-xLAM-2-8b-fc-r-checkpoint-1315-merged-2batch-1024seq-3epoch-apigen-nomlp::zh_parallel_multiple::zh_parallel_multiple_103,correct,correct,both_correct
Salesforce_Llama-xLAM-2-8b-fc-r-checkpoint-1315-merged-2batch-1024seq-3epoch-apigen-nomlp::zh_parallel_multiple::zh_parallel_multiple_106,correct,correct,both_correct
Salesforce_Llama-xLAM-2-8b-fc-r-checkpoint-1315-merged-2batch-1024seq-3epoch-apigen-nomlp::zh_parallel_multiple::zh_parallel_multiple_107,correct,correct,both_correct
Salesforce_Llama-xLAM-2-8b-fc-r-checkpoint-1315-merged-2batch-1024seq-3epoch-apigen-nomlp::zh_parallel_multiple::zh_parallel_multiple_118,wrong,correct,b_correct_a_wrong
Salesforce_Llama-xLAM-2-8b-fc-r-checkpoint-1315-merged-2batch-1024seq-3epoch-apigen-nomlp::zh_parallel_multiple::zh_parallel_multiple_120,correct,correct,both_correct
Salesforce_Llama-xLAM-2-8b-fc-r-checkpoint-1315-merged-2batch-1024seq-3epoch-apigen-nomlp::zh_parallel_multiple::zh_parallel_multiple_122,correct,correct,both_correct
Salesforce_Llama-xLAM-2-8b-fc-r-checkpoint-1315-merged-2batch-1024seq-3epoch-apigen-nomlp::zh_parallel_multiple::zh_parallel_multiple_126,correct,correct,both_correct
Salesforce_Llama-xLAM-2-8b-fc-r-checkpoint-1315-merged-2batch-1024seq-3epoch-apigen-nomlp::zh_parallel_multiple::zh_parallel_multiple_127,wrong,correct,b_correct_a_wrong
Salesforce_Llama-xLAM-2-8b-fc-r-checkpoint-1315-merged-2batch-1024seq-3epoch-apigen-nomlp::zh_parallel_multiple::zh_parallel_multiple_128,correct,correct,both_correct
Salesforce_Llama-xLAM-2-8b-fc-r-checkpoint-1315-merged-2batch-1024seq-3epoch-apigen-nomlp::zh_parallel_multiple::zh_parallel_multiple_136,correct,correct,both_correct
Salesforce_Llama-xLAM-2-8b-fc-r-checkpoint-1315-merged-2batch-1024seq-3epoch-apigen-nomlp::zh_parallel_multiple::zh_parallel_multiple_139,correct,correct,both_correct
Salesforce_Llama-xLAM-2-8b-fc-r-checkpoint-1315-merged-2batch-1024seq-3epoch-apigen-nomlp::zh_parallel_multiple::zh_parallel_multiple_141,correct,correct,both_correct
Salesforce_Llama-xLAM-2-8b-fc-r-checkpoint-1315-merged-2batch-1024seq-3epoch-apigen-nomlp::zh_parallel_multiple::zh_parallel_multiple_145,wrong,correct,b_correct_a_wrong
Salesforce_Llama-xLAM-2-8b-fc-r-checkpoint-1315-merged-2batch-1024seq-3epoch-apigen-nomlp::zh_parallel_multiple::zh_parallel_multiple_147,correct,correct,both_correct
Salesforce_Llama-xLAM-2-8b-fc-r-checkpoint-1315-merged-2batch-1024seq-3epoch-apigen-nomlp::zh_parallel_multiple::zh_parallel_multiple_148,correct,correct,both_correct
Salesforce_Llama-xLAM-2-8b-fc-r-checkpoint-1315-merged-2batch-1024seq-3epoch-apigen-nomlp::zh_parallel_multiple::zh_parallel_multiple_149,correct,correct,both_correct
Salesforce_Llama-xLAM-2-8b-fc-r-checkpoint-1315-merged-2batch-1024seq-3epoch-apigen-nomlp::zh_parallel_multiple::zh_parallel_multiple_153,correct,correct,both_correct
Salesforce_Llama-xLAM-2-8b-fc-r-checkpoint-1315-merged-2batch-1024seq-3epoch-apigen-nomlp::zh_parallel_multiple::zh_parallel_multiple_158,correct,correct,both_correct
Salesforce_Llama-xLAM-2-8b-fc-r-checkpoint-1315-merged-2batch-1024seq-3epoch-apigen-nomlp::zh_parallel_multiple::zh_parallel_multiple_159,correct,correct,both_correct
Salesforce_Llama-xLAM-2-8b-fc-r-checkpoint-1315-merged-2batch-1024seq-3epoch-apigen-nomlp::zh_parallel_multiple::zh_parallel_multiple_163,correct,correct,both_correct
Salesforce_Llama-xLAM-2-8b-fc-r-checkpoint-1315-merged-2batch-1024seq-3epoch-apigen-nomlp::zh_parallel_multiple::zh_parallel_multiple_165,correct,correct,both_correct
Salesforce_Llama-xLAM-2-8b-fc-r-checkpoint-1315-merged-2batch-1024seq-3epoch-apigen-nomlp::zh_parallel_multiple::zh_parallel_multiple_169,wrong,correct,b_correct_a_wrong
Salesforce_Llama-xLAM-2-8b-fc-r-checkpoint-1315-merged-2batch-1024seq-3epoch-apigen-nomlp::zh_parallel_multiple::zh_parallel_multiple_173,correct,correct,both_correct
Salesforce_Llama-xLAM-2-8b-fc-r-checkpoint-1315-merged-2batch-1024seq-3epoch-apigen-nomlp::zh_parallel_multiple::zh_parallel_multiple_176,correct,correct,both_correct
Salesforce_Llama-xLAM-2-8b-fc-r-checkpoint-1315-merged-2batch-1024seq-3epoch-apigen-nomlp::zh_parallel_multiple::zh_parallel_multiple_180,correct,correct,both_correct
Salesforce_Llama-xLAM-2-8b-fc-r-checkpoint-1315-merged-2batch-1024seq-3epoch-apigen-nomlp::zh_parallel_multiple::zh_parallel_multiple_189,correct,correct,both_correct
Salesforce_Llama-xLAM-2-8b-fc-r-checkpoint-1315-merged-2batch-1024seq-3epoch-apigen-nomlp::zh_parallel_multiple::zh_parallel_multiple_19,correct,correct,both_correct
Salesforce_Llama-xLAM-2-8b-fc-r-checkpoint-1315-merged-2batch-1024seq-3epoch-apigen-nomlp::zh_parallel_multiple::zh_parallel_multiple_191,correct,correct,both_correct
Salesforce_Llama-xLAM-2-8b-fc-r-checkpoint-1315-merged-2batch-1024seq-3epoch-apigen-nomlp::zh_parallel_multiple::zh_parallel_multiple_192,correct,correct,both_correct
Salesforce_Llama-xLAM-2-8b-fc-r-checkpoint-1315-merged-2batch-1024seq-3epoch-apigen-nomlp::zh_parallel_multiple::zh_parallel_multiple_195,correct,correct,both_correct
Salesforce_Llama-xLAM-2-8b-fc-r-checkpoint-1315-merged-2batch-1024seq-3epoch-apigen-nomlp::zh_parallel_multiple::zh_parallel_multiple_196,correct,correct,both_correct
Salesforce_Llama-xLAM-2-8b-fc-r-checkpoint-1315-merged-2batch-1024seq-3epoch-apigen-nomlp::zh_parallel_multiple::zh_parallel_multiple_21,correct,correct,both_correct
Salesforce_Llama-xLAM-2-8b-fc-r-checkpoint-1315-merged-2batch-1024seq-3epoch-apigen-nomlp::zh_parallel_multiple::zh_parallel_multiple_27,correct,correct,both_correct
Salesforce_Llama-xLAM-2-8b-fc-r-checkpoint-1315-merged-2batch-1024seq-3epoch-apigen-nomlp::zh_parallel_multiple::zh_parallel_multiple_32,correct,correct,both_correct
Salesforce_Llama-xLAM-2-8b-fc-r-checkpoint-1315-merged-2batch-1024seq-3epoch-apigen-nomlp::zh_parallel_multiple::zh_parallel_multiple_33,correct,correct,both_correct
Salesforce_Llama-xLAM-2-8b-fc-r-checkpoint-1315-merged-2batch-1024seq-3epoch-apigen-nomlp::zh_parallel_multiple::zh_parallel_multiple_42,correct,correct,both_correct
Salesforce_Llama-xLAM-2-8b-fc-r-checkpoint-1315-merged-2batch-1024seq-3epoch-apigen-nomlp::zh_parallel_multiple::zh_parallel_multiple_50,correct,correct,both_correct
Salesforce_Llama-xLAM-2-8b-fc-r-checkpoint-1315-merged-2batch-1024seq-3epoch-apigen-nomlp::zh_parallel_multiple::zh_parallel_multiple_54,wrong,correct,b_correct_a_wrong
Salesforce_Llama-xLAM-2-8b-fc-r-checkpoint-1315-merged-2batch-1024seq-3epoch-apigen-nomlp::zh_parallel_multiple::zh_parallel_multiple_55,correct,correct,both_correct
Salesforce_Llama-xLAM-2-8b-fc-r-checkpoint-1315-merged-2batch-1024seq-3epoch-apigen-nomlp::zh_parallel_multiple::zh_parallel_multiple_63,correct,correct,both_correct
Salesforce_Llama-xLAM-2-8b-fc-r-checkpoint-1315-merged-2batch-1024seq-3epoch-apigen-nomlp::zh_parallel_multiple::zh_parallel_multiple_65,correct,correct,both_correct
Salesforce_Llama-xLAM-2-8b-fc-r-checkpoint-1315-merged-2batch-1024seq-3epoch-apigen-nomlp::zh_parallel_multiple::zh_parallel_multiple_69,wrong,wrong,both_wrong
Salesforce_Llama-xLAM-2-8b-fc-r-checkpoint-1315-merged-2batch-1024seq-3epoch-apigen-nomlp::zh_parallel_multiple::zh_parallel_multiple_70,wrong,correct,b_correct_a_wrong
Salesforce_Llama-xLAM-2-8b-fc-r-checkpoint-1315-merged-2batch-1024seq-3epoch-apigen-nomlp::zh_parallel_multiple::zh_parallel_multiple_78,correct,correct,both_correct
Salesforce_Llama-xLAM-2-8b-fc-r-checkpoint-1315-merged-2batch-1024seq-3epoch-apigen-nomlp::zh_parallel_multiple::zh_parallel_multiple_94,correct,correct,both_correct
Salesforce_Llama-xLAM-2-8b-fc-r-checkpoint-1315-merged-2batch-1024seq-3epoch-apigen-nomlp::zh_parallel_multiple::zh_parallel_multiple_97,wrong,correct,b_correct_a_wrong
Salesforce_Llama-xLAM-2-8b-fc-r-checkpoint-1315-merged-2batch-1024seq-3epoch-apigen-nomlp::zh_simple_python::zh_simple_python_156,correct,correct,both_correct
Salesforce_Llama-xLAM-2-8b-fc-r-checkpoint-1315-merged-2batch-1024seq-3epoch-apigen-nomlp::zh_simple_python::zh_simple_python_159,wrong,correct,b_correct_a_wrong
Salesforce_Llama-xLAM-2-8b-fc-r-checkpoint-1315-merged-2batch-1024seq-3epoch-apigen-nomlp::zh_simple_python::zh_simple_python_163,correct,correct,both_correct
Salesforce_Llama-xLAM-2-8b-fc-r-checkpoint-1315-merged-2batch-1024seq-3epoch-apigen-nomlp::zh_simple_python::zh_simple_python_164,correct,correct,both_correct
Salesforce_Llama-xLAM-2-8b-fc-r-checkpoint-1315-merged-2batch-1024seq-3epoch-apigen-nomlp::zh_simple_python::zh_simple_python_166,correct,correct,both_correct
Salesforce_Llama-xLAM-2-8b-fc-r-checkpoint-1315-merged-2batch-1024seq-3epoch-apigen-nomlp::zh_simple_python::zh_simple_python_174,correct,correct,both_correct
Salesforce_Llama-xLAM-2-8b-fc-r-checkpoint-1315-merged-2batch-1024seq-3epoch-apigen-nomlp::zh_simple_python::zh_simple_python_197,correct,correct,both_correct
Salesforce_Llama-xLAM-2-8b-fc-r-checkpoint-1315-merged-2batch-1024seq-3epoch-apigen-nomlp::zh_simple_python::zh_simple_python_200,correct,correct,both_correct
Salesforce_Llama-xLAM-2-8b-fc-r-checkpoint-1315-merged-2batch-1024seq-3epoch-apigen-nomlp::zh_simple_python::zh_simple_python_202,correct,correct,both_correct
Salesforce_Llama-xLAM-2-8b-fc-r-checkpoint-1315-merged-2batch-1024seq-3epoch-apigen-nomlp::zh_simple_python::zh_simple_python_206,correct,correct,both_correct
Salesforce_Llama-xLAM-2-8b-fc-r-checkpoint-1315-merged-2batch-1024seq-3epoch-apigen-nomlp::zh_simple_python::zh_simple_python_207,correct,correct,both_correct
Salesforce_Llama-xLAM-2-8b-fc-r-checkpoint-1315-merged-2batch-1024seq-3epoch-apigen-nomlp::zh_simple_python::zh_simple_python_216,correct,correct,both_correct
Salesforce_Llama-xLAM-2-8b-fc-r-checkpoint-1315-merged-2batch-1024seq-3epoch-apigen-nomlp::zh_simple_python::zh_simple_python_217,wrong,correct,b_correct_a_wrong
Salesforce_Llama-xLAM-2-8b-fc-r-checkpoint-1315-merged-2batch-1024seq-3epoch-apigen-nomlp::zh_simple_python::zh_simple_python_219,wrong,correct,b_correct_a_wrong
Salesforce_Llama-xLAM-2-8b-fc-r-checkpoint-1315-merged-2batch-1024seq-3epoch-apigen-nomlp::zh_simple_python::zh_simple_python_224,wrong,correct,b_correct_a_wrong
Salesforce_Llama-xLAM-2-8b-fc-r-checkpoint-1315-merged-2batch-1024seq-3epoch-apigen-nomlp::zh_simple_python::zh_simple_python_229,wrong,correct,b_correct_a_wrong
Salesforce_Llama-xLAM-2-8b-fc-r-checkpoint-1315-merged-2batch-1024seq-3epoch-apigen-nomlp::zh_simple_python::zh_simple_python_238,correct,correct,both_correct
Salesforce_Llama-xLAM-2-8b-fc-r-checkpoint-1315-merged-2batch-1024seq-3epoch-apigen-nomlp::zh_simple_python::zh_simple_python_255,correct,correct,both_correct
Salesforce_Llama-xLAM-2-8b-fc-r-checkpoint-1315-merged-2batch-1024seq-3epoch-apigen-nomlp::zh_simple_python::zh_simple_python_283,correct,correct,both_correct
Salesforce_Llama-xLAM-2-8b-fc-r-checkpoint-1315-merged-2batch-1024seq-3epoch-apigen-nomlp::zh_simple_python::zh_simple_python_285,correct,correct,both_correct
Salesforce_Llama-xLAM-2-8b-fc-r-checkpoint-1315-merged-2batch-1024seq-3epoch-apigen-nomlp::zh_simple_python::zh_simple_python_295,correct,correct,both_correct
Salesforce_Llama-xLAM-2-8b-fc-r-checkpoint-1315-merged-2batch-1024seq-3epoch-apigen-nomlp::zh_simple_python::zh_simple_python_304,wrong,correct,b_correct_a_wrong
Salesforce_Llama-xLAM-2-8b-fc-r-checkpoint-1315-merged-2batch-1024seq-3epoch-apigen-nomlp::zh_simple_python::zh_simple_python_316,correct,correct,both_correct
Salesforce_Llama-xLAM-2-8b-fc-r-checkpoint-1315-merged-2batch-1024seq-3epoch-apigen-nomlp::zh_simple_python::zh_simple_python_324,correct,correct,both_correct
Salesforce_Llama-xLAM-2-8b-fc-r-checkpoint-1315-merged-2batch-1024seq-3epoch-apigen-nomlp::zh_simple_python::zh_simple_python_326,correct,correct,both_correct
Salesforce_Llama-xLAM-2-8b-fc-r-checkpoint-1315-merged-2batch-1024seq-3epoch-apigen-nomlp::zh_simple_python::zh_simple_python_327,correct,correct,both_correct
Salesforce_Llama-xLAM-2-8b-fc-r-checkpoint-1315-merged-2batch-1024seq-3epoch-apigen-nomlp::zh_simple_python::zh_simple_python_344,correct,correct,both_correct
Salesforce_Llama-xLAM-2-8b-fc-r-checkpoint-1315-merged-2batch-1024seq-3epoch-apigen-nomlp::zh_simple_python::zh_simple_python_352,correct,correct,both_correct
Salesforce_Llama-xLAM-2-8b-fc-r-checkpoint-1315-merged-2batch-1024seq-3epoch-apigen-nomlp::zh_simple_python::zh_simple_python_369,correct,correct,both_correct
Salesforce_Llama-xLAM-2-8b-fc-r-checkpoint-1315-merged-2batch-1024seq-3epoch-apigen-nomlp::zh_simple_python::zh_simple_python_373,wrong,correct,b_correct_a_wrong
Salesforce_Llama-xLAM-2-8b-fc-r-checkpoint-1315-merged-2batch-1024seq-3epoch-apigen-nomlp::zh_simple_python::zh_simple_python_386,wrong,correct,b_correct_a_wrong
Salesforce_Llama-xLAM-2-8b-fc-r-checkpoint-1315-merged-2batch-1024seq-3epoch-apigen-nomlp::zh_simple_python::zh_simple_python_387,correct,correct,both_correct
Salesforce_Llama-xLAM-2-8b-fc-r-checkpoint-1315-merged-2batch-1024seq-3epoch-apigen-nomlp::zh_simple_python::zh_simple_python_399,correct,correct,both_correct
Salesforce_Llama-xLAM-2-8b-fc-r-checkpoint-1315-merged-2batch-1024seq-3epoch-apigen-nomlp::zh_simple_python::zh_simple_python_59,wrong,correct,b_correct_a_wrong
Salesforce_Llama-xLAM-2-8b-fc-r-checkpoint-1315-merged-2batch-1024seq-3epoch-apigen-nomlp::zh_simple_python::zh_simple_python_63,correct,correct,both_correct
Salesforce_Llama-xLAM-2-8b-fc-r-checkpoint-1315-merged-2batch-1024seq-3epoch-apigen-nomlp::zh_simple_python::zh_simple_python_77,correct,correct,both_correct
Salesforce_Llama-xLAM-2-8b-fc-r-checkpoint-1315-merged-2batch-1024seq-3epoch-apigen-nomlp::zh_simple_python::zh_simple_python_85,wrong,correct,b_correct_a_wrong
Salesforce_Llama-xLAM-2-8b-fc-r-checkpoint-1315-merged-2batch-1024seq-3epoch-apigen-nomlp::zh_simple_python::zh_simple_python_89,wrong,correct,b_correct_a_wrong
Salesforce_Llama-xLAM-2-8b-fc-r-checkpoint-1315-merged-2batch-1024seq-3epoch-apigen-nomlp::zh_simple_python::zh_simple_python_98,wrong,correct,b_correct_a_wrong
Salesforce_Llama-xLAM-2-8b-fc-r-checkpoint-1315-merged-2batch-1024seq-3epoch-apigen::zh_multiple::zh_multiple_127,wrong,correct,b_correct_a_wrong
Salesforce_Llama-xLAM-2-8b-fc-r-checkpoint-1315-merged-2batch-1024seq-3epoch-apigen::zh_multiple::zh_multiple_134,correct,correct,both_correct
Salesforce_Llama-xLAM-2-8b-fc-r-checkpoint-1315-merged-2batch-1024seq-3epoch-apigen::zh_multiple::zh_multiple_136,wrong,correct,b_correct_a_wrong
Salesforce_Llama-xLAM-2-8b-fc-r-checkpoint-1315-merged-2batch-1024seq-3epoch-apigen::zh_multiple::zh_multiple_146,correct,correct,both_correct
Salesforce_Llama-xLAM-2-8b-fc-r-checkpoint-1315-merged-2batch-1024seq-3epoch-apigen::zh_multiple::zh_multiple_149,correct,correct,both_correct
Salesforce_Llama-xLAM-2-8b-fc-r-checkpoint-1315-merged-2batch-1024seq-3epoch-apigen::zh_multiple::zh_multiple_151,wrong,correct,b_correct_a_wrong
Salesforce_Llama-xLAM-2-8b-fc-r-checkpoint-1315-merged-2batch-1024seq-3epoch-apigen::zh_multiple::zh_multiple_158,correct,correct,both_correct
Salesforce_Llama-xLAM-2-8b-fc-r-checkpoint-1315-merged-2batch-1024seq-3epoch-apigen::zh_multiple::zh_multiple_160,wrong,correct,b_correct_a_wrong
Salesforce_Llama-xLAM-2-8b-fc-r-checkpoint-1315-merged-2batch-1024seq-3epoch-apigen::zh_multiple::zh_multiple_165,wrong,correct,b_correct_a_wrong
Salesforce_Llama-xLAM-2-8b-fc-r-checkpoint-1315-merged-2batch-1024seq-3epoch-apigen::zh_multiple::zh_multiple_168,wrong,correct,b_correct_a_wrong
Salesforce_Llama-xLAM-2-8b-fc-r-checkpoint-1315-merged-2batch-1024seq-3epoch-apigen::zh_multiple::zh_multiple_190,correct,correct,both_correct
Salesforce_Llama-xLAM-2-8b-fc-r-checkpoint-1315-merged-2batch-1024seq-3epoch-apigen::zh_multiple::zh_multiple_192,wrong,correct,b_correct_a_wrong
Salesforce_Llama-xLAM-2-8b-fc-r-checkpoint-1315-merged-2batch-1024seq-3epoch-apigen::zh_multiple::zh_multiple_58,correct,correct,both_correct
Salesforce_Llama-xLAM-2-8b-fc-r-checkpoint-1315-merged-2batch-1024seq-3epoch-apigen::zh_multiple::zh_multiple_67,correct,correct,both_correct
Salesforce_Llama-xLAM-2-8b-fc-r-checkpoint-1315-merged-2batch-1024seq-3epoch-apigen::zh_multiple::zh_multiple_78,correct,correct,both_correct
Salesforce_Llama-xLAM-2-8b-fc-r-checkpoint-1315-merged-2batch-1024seq-3epoch-apigen::zh_multiple::zh_multiple_8,correct,correct,both_correct
Salesforce_Llama-xLAM-2-8b-fc-r-checkpoint-1315-merged-2batch-1024seq-3epoch-apigen::zh_multiple::zh_multiple_84,correct,correct,both_correct
Salesforce_Llama-xLAM-2-8b-fc-r-checkpoint-1315-merged-2batch-1024seq-3epoch-apigen::zh_multiple::zh_multiple_91,wrong,correct,b_correct_a_wrong
Salesforce_Llama-xLAM-2-8b-fc-r-checkpoint-1315-merged-2batch-1024seq-3epoch-apigen::zh_multiple::zh_multiple_94,correct,correct,both_correct
Salesforce_Llama-xLAM-2-8b-fc-r-checkpoint-1315-merged-2batch-1024seq-3epoch-apigen::zh_parallel::zh_parallel_117,wrong,correct,b_correct_a_wrong
Salesforce_Llama-xLAM-2-8b-fc-r-checkpoint-1315-merged-2batch-1024seq-3epoch-apigen::zh_parallel::zh_parallel_13,wrong,correct,b_correct_a_wrong
Salesforce_Llama-xLAM-2-8b-fc-r-checkpoint-1315-merged-2batch-1024seq-3epoch-apigen::zh_parallel::zh_parallel_130,correct,correct,both_correct
Salesforce_Llama-xLAM-2-8b-fc-r-checkpoint-1315-merged-2batch-1024seq-3epoch-apigen::zh_parallel::zh_parallel_159,wrong,correct,b_correct_a_wrong
Salesforce_Llama-xLAM-2-8b-fc-r-checkpoint-1315-merged-2batch-1024seq-3epoch-apigen::zh_parallel::zh_parallel_164,wrong,correct,b_correct_a_wrong
Salesforce_Llama-xLAM-2-8b-fc-r-checkpoint-1315-merged-2batch-1024seq-3epoch-apigen::zh_parallel::zh_parallel_181,wrong,correct,b_correct_a_wrong
Salesforce_Llama-xLAM-2-8b-fc-r-checkpoint-1315-merged-2batch-1024seq-3epoch-apigen::zh_parallel::zh_parallel_191,correct,correct,both_correct
Salesforce_Llama-xLAM-2-8b-fc-r-checkpoint-1315-merged-2batch-1024seq-3epoch-apigen::zh_parallel::zh_parallel_36,correct,correct,both_correct
Salesforce_Llama-xLAM-2-8b-fc-r-checkpoint-1315-merged-2batch-1024seq-3epoch-apigen::zh_parallel::zh_parallel_44,wrong,correct,b_correct_a_wrong
Salesforce_Llama-xLAM-2-8b-fc-r-checkpoint-1315-merged-2batch-1024seq-3epoch-apigen::zh_parallel::zh_parallel_45,wrong,correct,b_correct_a_wrong
Salesforce_Llama-xLAM-2-8b-fc-r-checkpoint-1315-merged-2batch-1024seq-3epoch-apigen::zh_parallel::zh_parallel_46,correct,correct,both_correct
Salesforce_Llama-xLAM-2-8b-fc-r-checkpoint-1315-merged-2batch-1024seq-3epoch-apigen::zh_parallel::zh_parallel_5,wrong,correct,b_correct_a_wrong
Salesforce_Llama-xLAM-2-8b-fc-r-checkpoint-1315-merged-2batch-1024seq-3epoch-apigen::zh_parallel::zh_parallel_52,correct,correct,both_correct
Salesforce_Llama-xLAM-2-8b-fc-r-checkpoint-1315-merged-2batch-1024seq-3epoch-apigen::zh_parallel::zh_parallel_55,correct,correct,both_correct
Salesforce_Llama-xLAM-2-8b-fc-r-checkpoint-1315-merged-2batch-1024seq-3epoch-apigen::zh_parallel::zh_parallel_8,correct,correct,both_correct
Salesforce_Llama-xLAM-2-8b-fc-r-checkpoint-1315-merged-2batch-1024seq-3epoch-apigen::zh_parallel::zh_parallel_81,wrong,correct,b_correct_a_wrong
Salesforce_Llama-xLAM-2-8b-fc-r-checkpoint-1315-merged-2batch-1024seq-3epoch-apigen::zh_parallel::zh_parallel_89,correct,correct,both_correct
Salesforce_Llama-xLAM-2-8b-fc-r-checkpoint-1315-merged-2batch-1024seq-3epoch-apigen::zh_parallel::zh_parallel_91,correct,correct,both_correct
Salesforce_Llama-xLAM-2-8b-fc-r-checkpoint-1315-merged-2batch-1024seq-3epoch-apigen::zh_parallel::zh_parallel_93,correct,correct,both_correct
Salesforce_Llama-xLAM-2-8b-fc-r-checkpoint-1315-merged-2batch-1024seq-3epoch-apigen::zh_parallel_multiple::zh_parallel_multiple_10,wrong,correct,b_correct_a_wrong
Salesforce_Llama-xLAM-2-8b-fc-r-checkpoint-1315-merged-2batch-1024seq-3epoch-apigen::zh_parallel_multiple::zh_parallel_multiple_103,correct,correct,both_correct
Salesforce_Llama-xLAM-2-8b-fc-r-checkpoint-1315-merged-2batch-1024seq-3epoch-apigen::zh_parallel_multiple::zh_parallel_multiple_106,correct,correct,both_correct
Salesforce_Llama-xLAM-2-8b-fc-r-checkpoint-1315-merged-2batch-1024seq-3epoch-apigen::zh_parallel_multiple::zh_parallel_multiple_107,correct,correct,both_correct
Salesforce_Llama-xLAM-2-8b-fc-r-checkpoint-1315-merged-2batch-1024seq-3epoch-apigen::zh_parallel_multiple::zh_parallel_multiple_118,wrong,correct,b_correct_a_wrong
Salesforce_Llama-xLAM-2-8b-fc-r-checkpoint-1315-merged-2batch-1024seq-3epoch-apigen::zh_parallel_multiple::zh_parallel_multiple_125,correct,correct,both_correct
Salesforce_Llama-xLAM-2-8b-fc-r-checkpoint-1315-merged-2batch-1024seq-3epoch-apigen::zh_parallel_multiple::zh_parallel_multiple_128,correct,correct,both_correct
Salesforce_Llama-xLAM-2-8b-fc-r-checkpoint-1315-merged-2batch-1024seq-3epoch-apigen::zh_parallel_multiple::zh_parallel_multiple_136,correct,correct,both_correct
Salesforce_Llama-xLAM-2-8b-fc-r-checkpoint-1315-merged-2batch-1024seq-3epoch-apigen::zh_parallel_multiple::zh_parallel_multiple_139,correct,correct,both_correct
Salesforce_Llama-xLAM-2-8b-fc-r-checkpoint-1315-merged-2batch-1024seq-3epoch-apigen::zh_parallel_multiple::zh_parallel_multiple_141,correct,correct,both_correct
Salesforce_Llama-xLAM-2-8b-fc-r-checkpoint-1315-merged-2batch-1024seq-3epoch-apigen::zh_parallel_multiple::zh_parallel_multiple_147,correct,correct,both_correct
Salesforce_Llama-xLAM-2-8b-fc-r-checkpoint-1315-merged-2batch-1024seq-3epoch-apigen::zh_parallel_multiple::zh_parallel_multiple_148,correct,correct,both_correct
Salesforce_Llama-xLAM-2-8b-fc-r-checkpoint-1315-merged-2batch-1024seq-3epoch-apigen::zh_parallel_multiple::zh_parallel_multiple_151,correct,correct,both_correct
Salesforce_Llama-xLAM-2-8b-fc-r-checkpoint-1315-merged-2batch-1024seq-3epoch-apigen::zh_parallel_multiple::zh_parallel_multiple_153,correct,correct,both_correct
Salesforce_Llama-xLAM-2-8b-fc-r-checkpoint-1315-merged-2batch-1024seq-3epoch-apigen::zh_parallel_multiple::zh_parallel_multiple_158,correct,correct,both_correct
Salesforce_Llama-xLAM-2-8b-fc-r-checkpoint-1315-merged-2batch-1024seq-3epoch-apigen::zh_parallel_multiple::zh_parallel_multiple_159,correct,correct,both_correct
Salesforce_Llama-xLAM-2-8b-fc-r-checkpoint-1315-merged-2batch-1024seq-3epoch-apigen::zh_parallel_multiple::zh_parallel_multiple_163,correct,correct,both_correct
Salesforce_Llama-xLAM-2-8b-fc-r-checkpoint-1315-merged-2batch-1024seq-3epoch-apigen::zh_parallel_multiple::zh_parallel_multiple_165,correct,correct,both_correct
Salesforce_Llama-xLAM-2-8b-fc-r-checkpoint-1315-merged-2batch-1024seq-3epoch-apigen::zh_parallel_multiple::zh_parallel_multiple_169,wrong,correct,b_correct_a_wrong
Salesforce_Llama-xLAM-2-8b-fc-r-checkpoint-1315-merged-2batch-1024seq-3epoch-apigen::zh_parallel_multiple::zh_parallel_multiple_176,correct,correct,both_correct
Salesforce_Llama-xLAM-2-8b-fc-r-checkpoint-1315-merged-2batch-1024seq-3epoch-apigen::zh_parallel_multiple::zh_parallel_multiple_189,correct,correct,both_correct
Salesforce_Llama-xLAM-2-8b-fc-r-checkpoint-1315-merged-2batch-1024seq-3epoch-apigen::zh_parallel_multiple::zh_parallel_multiple_19,correct,correct,both_correct
Salesforce_Llama-xLAM-2-8b-fc-r-checkpoint-1315-merged-2batch-1024seq-3epoch-apigen::zh_parallel_multiple::zh_parallel_multiple_191,correct,correct,both_correct
Salesforce_Llama-xLAM-2-8b-fc-r-checkpoint-1315-merged-2batch-1024seq-3epoch-apigen::zh_parallel_multiple::zh_parallel_multiple_192,correct,correct,both_correct
Salesforce_Llama-xLAM-2-8b-fc-r-checkpoint-1315-merged-2batch-1024seq-3epoch-apigen::zh_parallel_multiple::zh_parallel_multiple_195,correct,correct,both_correct
Salesforce_Llama-xLAM-2-8b-fc-r-checkpoint-1315-merged-2batch-1024seq-3epoch-apigen::zh_parallel_multiple::zh_parallel_multiple_196,correct,correct,both_correct
Salesforce_Llama-xLAM-2-8b-fc-r-checkpoint-1315-merged-2batch-1024seq-3epoch-apigen::zh_parallel_multiple::zh_parallel_multiple_21,wrong,correct,b_correct_a_wrong
Salesforce_Llama-xLAM-2-8b-fc-r-checkpoint-1315-merged-2batch-1024seq-3epoch-apigen::zh_parallel_multiple::zh_parallel_multiple_27,correct,correct,both_correct
Salesforce_Llama-xLAM-2-8b-fc-r-checkpoint-1315-merged-2batch-1024seq-3epoch-apigen::zh_parallel_multiple::zh_parallel_multiple_32,correct,correct,both_correct
Salesforce_Llama-xLAM-2-8b-fc-r-checkpoint-1315-merged-2batch-1024seq-3epoch-apigen::zh_parallel_multiple::zh_parallel_multiple_33,correct,correct,both_correct
Salesforce_Llama-xLAM-2-8b-fc-r-checkpoint-1315-merged-2batch-1024seq-3epoch-apigen::zh_parallel_multiple::zh_parallel_multiple_40,correct,correct,both_correct
Salesforce_Llama-xLAM-2-8b-fc-r-checkpoint-1315-merged-2batch-1024seq-3epoch-apigen::zh_parallel_multiple::zh_parallel_multiple_42,correct,correct,both_correct
Salesforce_Llama-xLAM-2-8b-fc-r-checkpoint-1315-merged-2batch-1024seq-3epoch-apigen::zh_parallel_multiple::zh_parallel_multiple_50,correct,correct,both_correct
Salesforce_Llama-xLAM-2-8b-fc-r-checkpoint-1315-merged-2batch-1024seq-3epoch-apigen::zh_parallel_multiple::zh_parallel_multiple_55,correct,correct,both_correct
Salesforce_Llama-xLAM-2-8b-fc-r-checkpoint-1315-merged-2batch-1024seq-3epoch-apigen::zh_parallel_multiple::zh_parallel_multiple_65,correct,correct,both_correct
Salesforce_Llama-xLAM-2-8b-fc-r-checkpoint-1315-merged-2batch-1024seq-3epoch-apigen::zh_parallel_multiple::zh_parallel_multiple_69,wrong,wrong,both_wrong
Salesforce_Llama-xLAM-2-8b-fc-r-checkpoint-1315-merged-2batch-1024seq-3epoch-apigen::zh_parallel_multiple::zh_parallel_multiple_70,wrong,correct,b_correct_a_wrong
Salesforce_Llama-xLAM-2-8b-fc-r-checkpoint-1315-merged-2batch-1024seq-3epoch-apigen::zh_parallel_multiple::zh_parallel_multiple_78,correct,correct,both_correct
Salesforce_Llama-xLAM-2-8b-fc-r-checkpoint-1315-merged-2batch-1024seq-3epoch-apigen::zh_parallel_multiple::zh_parallel_multiple_87,correct,correct,both_correct
Salesforce_Llama-xLAM-2-8b-fc-r-checkpoint-1315-merged-2batch-1024seq-3epoch-apigen::zh_parallel_multiple::zh_parallel_multiple_91,correct,correct,both_correct
Salesforce_Llama-xLAM-2-8b-fc-r-checkpoint-1315-merged-2batch-1024seq-3epoch-apigen::zh_parallel_multiple::zh_parallel_multiple_94,wrong,correct,b_correct_a_wrong
Salesforce_Llama-xLAM-2-8b-fc-r-checkpoint-1315-merged-2batch-1024seq-3epoch-apigen::zh_parallel_multiple::zh_parallel_multiple_97,wrong,correct,b_correct_a_wrong
Salesforce_Llama-xLAM-2-8b-fc-r-checkpoint-1315-merged-2batch-1024seq-3epoch-apigen::zh_simple_python::zh_simple_python_126,wrong,correct,b_correct_a_wrong
Salesforce_Llama-xLAM-2-8b-fc-r-checkpoint-1315-merged-2batch-1024seq-3epoch-apigen::zh_simple_python::zh_simple_python_128,wrong,correct,b_correct_a_wrong
Salesforce_Llama-xLAM-2-8b-fc-r-checkpoint-1315-merged-2batch-1024seq-3epoch-apigen::zh_simple_python::zh_simple_python_139,wrong,correct,b_correct_a_wrong
Salesforce_Llama-xLAM-2-8b-fc-r-checkpoint-1315-merged-2batch-1024seq-3epoch-apigen::zh_simple_python::zh_simple_python_156,correct,correct,both_correct
Salesforce_Llama-xLAM-2-8b-fc-r-checkpoint-1315-merged-2batch-1024seq-3epoch-apigen::zh_simple_python::zh_simple_python_159,wrong,correct,b_correct_a_wrong
Salesforce_Llama-xLAM-2-8b-fc-r-checkpoint-1315-merged-2batch-1024seq-3epoch-apigen::zh_simple_python::zh_simple_python_162,correct,correct,both_correct
Salesforce_Llama-xLAM-2-8b-fc-r-checkpoint-1315-merged-2batch-1024seq-3epoch-apigen::zh_simple_python::zh_simple_python_163,correct,correct,both_correct
Salesforce_Llama-xLAM-2-8b-fc-r-checkpoint-1315-merged-2batch-1024seq-3epoch-apigen::zh_simple_python::zh_simple_python_164,wrong,correct,b_correct_a_wrong
Salesforce_Llama-xLAM-2-8b-fc-r-checkpoint-1315-merged-2batch-1024seq-3epoch-apigen::zh_simple_python::zh_simple_python_166,correct,correct,both_correct
Salesforce_Llama-xLAM-2-8b-fc-r-checkpoint-1315-merged-2batch-1024seq-3epoch-apigen::zh_simple_python::zh_simple_python_174,correct,correct,both_correct
Salesforce_Llama-xLAM-2-8b-fc-r-checkpoint-1315-merged-2batch-1024seq-3epoch-apigen::zh_simple_python::zh_simple_python_191,correct,correct,both_correct
Salesforce_Llama-xLAM-2-8b-fc-r-checkpoint-1315-merged-2batch-1024seq-3epoch-apigen::zh_simple_python::zh_simple_python_197,correct,correct,both_correct
Salesforce_Llama-xLAM-2-8b-fc-r-checkpoint-1315-merged-2batch-1024seq-3epoch-apigen::zh_simple_python::zh_simple_python_200,wrong,correct,b_correct_a_wrong
Salesforce_Llama-xLAM-2-8b-fc-r-checkpoint-1315-merged-2batch-1024seq-3epoch-apigen::zh_simple_python::zh_simple_python_202,correct,correct,both_correct
Salesforce_Llama-xLAM-2-8b-fc-r-checkpoint-1315-merged-2batch-1024seq-3epoch-apigen::zh_simple_python::zh_simple_python_204,correct,correct,both_correct
Salesforce_Llama-xLAM-2-8b-fc-r-checkpoint-1315-merged-2batch-1024seq-3epoch-apigen::zh_simple_python::zh_simple_python_206,correct,correct,both_correct
Salesforce_Llama-xLAM-2-8b-fc-r-checkpoint-1315-merged-2batch-1024seq-3epoch-apigen::zh_simple_python::zh_simple_python_207,correct,correct,both_correct
Salesforce_Llama-xLAM-2-8b-fc-r-checkpoint-1315-merged-2batch-1024seq-3epoch-apigen::zh_simple_python::zh_simple_python_209,correct,correct,both_correct
Salesforce_Llama-xLAM-2-8b-fc-r-checkpoint-1315-merged-2batch-1024seq-3epoch-apigen::zh_simple_python::zh_simple_python_216,correct,correct,both_correct
Salesforce_Llama-xLAM-2-8b-fc-r-checkpoint-1315-merged-2batch-1024seq-3epoch-apigen::zh_simple_python::zh_simple_python_219,wrong,correct,b_correct_a_wrong
Salesforce_Llama-xLAM-2-8b-fc-r-checkpoint-1315-merged-2batch-1024seq-3epoch-apigen::zh_simple_python::zh_simple_python_224,wrong,correct,b_correct_a_wrong
Salesforce_Llama-xLAM-2-8b-fc-r-checkpoint-1315-merged-2batch-1024seq-3epoch-apigen::zh_simple_python::zh_simple_python_229,wrong,correct,b_correct_a_wrong
Salesforce_Llama-xLAM-2-8b-fc-r-checkpoint-1315-merged-2batch-1024seq-3epoch-apigen::zh_simple_python::zh_simple_python_255,correct,correct,both_correct
Salesforce_Llama-xLAM-2-8b-fc-r-checkpoint-1315-merged-2batch-1024seq-3epoch-apigen::zh_simple_python::zh_simple_python_257,correct,correct,both_correct
Salesforce_Llama-xLAM-2-8b-fc-r-checkpoint-1315-merged-2batch-1024seq-3epoch-apigen::zh_simple_python::zh_simple_python_276,correct,correct,both_correct
Salesforce_Llama-xLAM-2-8b-fc-r-checkpoint-1315-merged-2batch-1024seq-3epoch-apigen::zh_simple_python::zh_simple_python_283,correct,correct,both_correct
Salesforce_Llama-xLAM-2-8b-fc-r-checkpoint-1315-merged-2batch-1024seq-3epoch-apigen::zh_simple_python::zh_simple_python_289,correct,correct,both_correct
Salesforce_Llama-xLAM-2-8b-fc-r-checkpoint-1315-merged-2batch-1024seq-3epoch-apigen::zh_simple_python::zh_simple_python_304,wrong,correct,b_correct_a_wrong
Salesforce_Llama-xLAM-2-8b-fc-r-checkpoint-1315-merged-2batch-1024seq-3epoch-apigen::zh_simple_python::zh_simple_python_316,wrong,correct,b_correct_a_wrong
Salesforce_Llama-xLAM-2-8b-fc-r-checkpoint-1315-merged-2batch-1024seq-3epoch-apigen::zh_simple_python::zh_simple_python_324,correct,correct,both_correct
Salesforce_Llama-xLAM-2-8b-fc-r-checkpoint-1315-merged-2batch-1024seq-3epoch-apigen::zh_simple_python::zh_simple_python_326,correct,correct,both_correct
Salesforce_Llama-xLAM-2-8b-fc-r-checkpoint-1315-merged-2batch-1024seq-3epoch-apigen::zh_simple_python::zh_simple_python_327,correct,correct,both_correct
Salesforce_Llama-xLAM-2-8b-fc-r-checkpoint-1315-merged-2batch-1024seq-3epoch-apigen::zh_simple_python::zh_simple_python_344,correct,correct,both_correct
Salesforce_Llama-xLAM-2-8b-fc-r-checkpoint-1315-merged-2batch-1024seq-3epoch-apigen::zh_simple_python::zh_simple_python_352,correct,correct,both_correct
Salesforce_Llama-xLAM-2-8b-fc-r-checkpoint-1315-merged-2batch-1024seq-3epoch-apigen::zh_simple_python::zh_simple_python_369,correct,correct,both_correct
Salesforce_Llama-xLAM-2-8b-fc-r-checkpoint-1315-merged-2batch-1024seq-3epoch-apigen::zh_simple_python::zh_simple_python_373,wrong,correct,b_correct_a_wrong
Salesforce_Llama-xLAM-2-8b-fc-r-checkpoint-1315-merged-2batch-1024seq-3epoch-apigen::zh_simple_python::zh_simple_python_375,wrong,correct,b_correct_a_wrong
Salesforce_Llama-xLAM-2-8b-fc-r-checkpoint-1315-merged-2batch-1024seq-3epoch-apigen::zh_simple_python::zh_simple_python_387,correct,correct,both_correct
Salesforce_Llama-xLAM-2-8b-fc-r-checkpoint-1315-merged-2batch-1024seq-3epoch-apigen::zh_simple_python::zh_simple_python_396,correct,correct,both_correct
Salesforce_Llama-xLAM-2-8b-fc-r-checkpoint-1315-merged-2batch-1024seq-3epoch-apigen::zh_simple_python::zh_simple_python_399,correct,correct,both_correct
Salesforce_Llama-xLAM-2-8b-fc-r-checkpoint-1315-merged-2batch-1024seq-3epoch-apigen::zh_simple_python::zh_simple_python_59,wrong,correct,b_correct_a_wrong
Salesforce_Llama-xLAM-2-8b-fc-r-checkpoint-1315-merged-2batch-1024seq-3epoch-apigen::zh_simple_python::zh_simple_python_77,correct,correct,both_correct
Salesforce_Llama-xLAM-2-8b-fc-r-checkpoint-1315-merged-2batch-1024seq-3epoch-apigen::zh_simple_python::zh_simple_python_85,wrong,correct,b_correct_a_wrong
Salesforce_Llama-xLAM-2-8b-fc-r-checkpoint-1315-merged-2batch-1024seq-3epoch-apigen::zh_simple_python::zh_simple_python_89,wrong,correct,b_correct_a_wrong
Salesforce_Llama-xLAM-2-8b-fc-r-checkpoint-1315-merged-2batch-1024seq-3epoch-apigen::zh_simple_python::zh_simple_python_98,wrong,correct,b_correct_a_wrong
Salesforce_Llama-xLAM-2-8b-fc-r-checkpoint-1704-merged-1batch-2560seq-3epoch-apigen-nomlp::zh_multiple::zh_multiple_134,correct,correct,both_correct
Salesforce_Llama-xLAM-2-8b-fc-r-checkpoint-1704-merged-1batch-2560seq-3epoch-apigen-nomlp::zh_multiple::zh_multiple_136,correct,correct,both_correct
Salesforce_Llama-xLAM-2-8b-fc-r-checkpoint-1704-merged-1batch-2560seq-3epoch-apigen-nomlp::zh_multiple::zh_multiple_149,correct,correct,both_correct
Salesforce_Llama-xLAM-2-8b-fc-r-checkpoint-1704-merged-1batch-2560seq-3epoch-apigen-nomlp::zh_multiple::zh_multiple_158,correct,correct,both_correct
Salesforce_Llama-xLAM-2-8b-fc-r-checkpoint-1704-merged-1batch-2560seq-3epoch-apigen-nomlp::zh_multiple::zh_multiple_160,wrong,correct,b_correct_a_wrong
Salesforce_Llama-xLAM-2-8b-fc-r-checkpoint-1704-merged-1batch-2560seq-3epoch-apigen-nomlp::zh_multiple::zh_multiple_165,correct,correct,both_correct
Salesforce_Llama-xLAM-2-8b-fc-r-checkpoint-1704-merged-1batch-2560seq-3epoch-apigen-nomlp::zh_multiple::zh_multiple_168,correct,correct,both_correct
Salesforce_Llama-xLAM-2-8b-fc-r-checkpoint-1704-merged-1batch-2560seq-3epoch-apigen-nomlp::zh_multiple::zh_multiple_190,correct,correct,both_correct
Salesforce_Llama-xLAM-2-8b-fc-r-checkpoint-1704-merged-1batch-2560seq-3epoch-apigen-nomlp::zh_multiple::zh_multiple_192,wrong,correct,b_correct_a_wrong
Salesforce_Llama-xLAM-2-8b-fc-r-checkpoint-1704-merged-1batch-2560seq-3epoch-apigen-nomlp::zh_multiple::zh_multiple_67,wrong,correct,b_correct_a_wrong
Salesforce_Llama-xLAM-2-8b-fc-r-checkpoint-1704-merged-1batch-2560seq-3epoch-apigen-nomlp::zh_multiple::zh_multiple_78,correct,correct,both_correct
Salesforce_Llama-xLAM-2-8b-fc-r-checkpoint-1704-merged-1batch-2560seq-3epoch-apigen-nomlp::zh_multiple::zh_multiple_84,correct,correct,both_correct
Salesforce_Llama-xLAM-2-8b-fc-r-checkpoint-1704-merged-1batch-2560seq-3epoch-apigen-nomlp::zh_multiple::zh_multiple_91,wrong,correct,b_correct_a_wrong
Salesforce_Llama-xLAM-2-8b-fc-r-checkpoint-1704-merged-1batch-2560seq-3epoch-apigen-nomlp::zh_multiple::zh_multiple_94,correct,correct,both_correct
Salesforce_Llama-xLAM-2-8b-fc-r-checkpoint-1704-merged-1batch-2560seq-3epoch-apigen-nomlp::zh_parallel::zh_parallel_117,wrong,correct,b_correct_a_wrong
Salesforce_Llama-xLAM-2-8b-fc-r-checkpoint-1704-merged-1batch-2560seq-3epoch-apigen-nomlp::zh_parallel::zh_parallel_119,correct,correct,both_correct
Salesforce_Llama-xLAM-2-8b-fc-r-checkpoint-1704-merged-1batch-2560seq-3epoch-apigen-nomlp::zh_parallel::zh_parallel_13,wrong,correct,b_correct_a_wrong
Salesforce_Llama-xLAM-2-8b-fc-r-checkpoint-1704-merged-1batch-2560seq-3epoch-apigen-nomlp::zh_parallel::zh_parallel_151,correct,correct,both_correct
Salesforce_Llama-xLAM-2-8b-fc-r-checkpoint-1704-merged-1batch-2560seq-3epoch-apigen-nomlp::zh_parallel::zh_parallel_159,wrong,correct,b_correct_a_wrong
Salesforce_Llama-xLAM-2-8b-fc-r-checkpoint-1704-merged-1batch-2560seq-3epoch-apigen-nomlp::zh_parallel::zh_parallel_164,wrong,correct,b_correct_a_wrong
Salesforce_Llama-xLAM-2-8b-fc-r-checkpoint-1704-merged-1batch-2560seq-3epoch-apigen-nomlp::zh_parallel::zh_parallel_181,wrong,correct,b_correct_a_wrong
Salesforce_Llama-xLAM-2-8b-fc-r-checkpoint-1704-merged-1batch-2560seq-3epoch-apigen-nomlp::zh_parallel::zh_parallel_189,correct,correct,both_correct
Salesforce_Llama-xLAM-2-8b-fc-r-checkpoint-1704-merged-1batch-2560seq-3epoch-apigen-nomlp::zh_parallel::zh_parallel_19,correct,correct,both_correct
Salesforce_Llama-xLAM-2-8b-fc-r-checkpoint-1704-merged-1batch-2560seq-3epoch-apigen-nomlp::zh_parallel::zh_parallel_191,correct,correct,both_correct
Salesforce_Llama-xLAM-2-8b-fc-r-checkpoint-1704-merged-1batch-2560seq-3epoch-apigen-nomlp::zh_parallel::zh_parallel_194,correct,correct,both_correct
Salesforce_Llama-xLAM-2-8b-fc-r-checkpoint-1704-merged-1batch-2560seq-3epoch-apigen-nomlp::zh_parallel::zh_parallel_36,correct,correct,both_correct
Salesforce_Llama-xLAM-2-8b-fc-r-checkpoint-1704-merged-1batch-2560seq-3epoch-apigen-nomlp::zh_parallel::zh_parallel_39,correct,correct,both_correct
Salesforce_Llama-xLAM-2-8b-fc-r-checkpoint-1704-merged-1batch-2560seq-3epoch-apigen-nomlp::zh_parallel::zh_parallel_40,correct,correct,both_correct
Salesforce_Llama-xLAM-2-8b-fc-r-checkpoint-1704-merged-1batch-2560seq-3epoch-apigen-nomlp::zh_parallel::zh_parallel_44,wrong,correct,b_correct_a_wrong
Salesforce_Llama-xLAM-2-8b-fc-r-checkpoint-1704-merged-1batch-2560seq-3epoch-apigen-nomlp::zh_parallel::zh_parallel_45,wrong,correct,b_correct_a_wrong
Salesforce_Llama-xLAM-2-8b-fc-r-checkpoint-1704-merged-1batch-2560seq-3epoch-apigen-nomlp::zh_parallel::zh_parallel_46,correct,correct,both_correct
Salesforce_Llama-xLAM-2-8b-fc-r-checkpoint-1704-merged-1batch-2560seq-3epoch-apigen-nomlp::zh_parallel::zh_parallel_5,wrong,correct,b_correct_a_wrong
Salesforce_Llama-xLAM-2-8b-fc-r-checkpoint-1704-merged-1batch-2560seq-3epoch-apigen-nomlp::zh_parallel::zh_parallel_52,correct,correct,both_correct
Salesforce_Llama-xLAM-2-8b-fc-r-checkpoint-1704-merged-1batch-2560seq-3epoch-apigen-nomlp::zh_parallel::zh_parallel_91,correct,correct,both_correct
Salesforce_Llama-xLAM-2-8b-fc-r-checkpoint-1704-merged-1batch-2560seq-3epoch-apigen-nomlp::zh_parallel::zh_parallel_93,correct,correct,both_correct
Salesforce_Llama-xLAM-2-8b-fc-r-checkpoint-1704-merged-1batch-2560seq-3epoch-apigen-nomlp::zh_parallel_multiple::zh_parallel_multiple_10,wrong,correct,b_correct_a_wrong
Salesforce_Llama-xLAM-2-8b-fc-r-checkpoint-1704-merged-1batch-2560seq-3epoch-apigen-nomlp::zh_parallel_multiple::zh_parallel_multiple_103,correct,correct,both_correct
Salesforce_Llama-xLAM-2-8b-fc-r-checkpoint-1704-merged-1batch-2560seq-3epoch-apigen-nomlp::zh_parallel_multiple::zh_parallel_multiple_106,correct,correct,both_correct
Salesforce_Llama-xLAM-2-8b-fc-r-checkpoint-1704-merged-1batch-2560seq-3epoch-apigen-nomlp::zh_parallel_multiple::zh_parallel_multiple_107,correct,correct,both_correct
Salesforce_Llama-xLAM-2-8b-fc-r-checkpoint-1704-merged-1batch-2560seq-3epoch-apigen-nomlp::zh_parallel_multiple::zh_parallel_multiple_122,correct,correct,both_correct
Salesforce_Llama-xLAM-2-8b-fc-r-checkpoint-1704-merged-1batch-2560seq-3epoch-apigen-nomlp::zh_parallel_multiple::zh_parallel_multiple_125,correct,correct,both_correct
Salesforce_Llama-xLAM-2-8b-fc-r-checkpoint-1704-merged-1batch-2560seq-3epoch-apigen-nomlp::zh_parallel_multiple::zh_parallel_multiple_126,correct,correct,both_correct
Salesforce_Llama-xLAM-2-8b-fc-r-checkpoint-1704-merged-1batch-2560seq-3epoch-apigen-nomlp::zh_parallel_multiple::zh_parallel_multiple_128,correct,correct,both_correct
Salesforce_Llama-xLAM-2-8b-fc-r-checkpoint-1704-merged-1batch-2560seq-3epoch-apigen-nomlp::zh_parallel_multiple::zh_parallel_multiple_139,correct,correct,both_correct
Salesforce_Llama-xLAM-2-8b-fc-r-checkpoint-1704-merged-1batch-2560seq-3epoch-apigen-nomlp::zh_parallel_multiple::zh_parallel_multiple_141,correct,correct,both_correct
Salesforce_Llama-xLAM-2-8b-fc-r-checkpoint-1704-merged-1batch-2560seq-3epoch-apigen-nomlp::zh_parallel_multiple::zh_parallel_multiple_147,correct,correct,both_correct
Salesforce_Llama-xLAM-2-8b-fc-r-checkpoint-1704-merged-1batch-2560seq-3epoch-apigen-nomlp::zh_parallel_multiple::zh_parallel_multiple_148,correct,correct,both_correct
Salesforce_Llama-xLAM-2-8b-fc-r-checkpoint-1704-merged-1batch-2560seq-3epoch-apigen-nomlp::zh_parallel_multiple::zh_parallel_multiple_149,correct,correct,both_correct
Salesforce_Llama-xLAM-2-8b-fc-r-checkpoint-1704-merged-1batch-2560seq-3epoch-apigen-nomlp::zh_parallel_multiple::zh_parallel_multiple_153,correct,correct,both_correct
Salesforce_Llama-xLAM-2-8b-fc-r-checkpoint-1704-merged-1batch-2560seq-3epoch-apigen-nomlp::zh_parallel_multiple::zh_parallel_multiple_158,wrong,correct,b_correct_a_wrong
Salesforce_Llama-xLAM-2-8b-fc-r-checkpoint-1704-merged-1batch-2560seq-3epoch-apigen-nomlp::zh_parallel_multiple::zh_parallel_multiple_159,correct,correct,both_correct
Salesforce_Llama-xLAM-2-8b-fc-r-checkpoint-1704-merged-1batch-2560seq-3epoch-apigen-nomlp::zh_parallel_multiple::zh_parallel_multiple_160,correct,correct,both_correct
Salesforce_Llama-xLAM-2-8b-fc-r-checkpoint-1704-merged-1batch-2560seq-3epoch-apigen-nomlp::zh_parallel_multiple::zh_parallel_multiple_163,correct,correct,both_correct
Salesforce_Llama-xLAM-2-8b-fc-r-checkpoint-1704-merged-1batch-2560seq-3epoch-apigen-nomlp::zh_parallel_multiple::zh_parallel_multiple_165,correct,correct,both_correct
Salesforce_Llama-xLAM-2-8b-fc-r-checkpoint-1704-merged-1batch-2560seq-3epoch-apigen-nomlp::zh_parallel_multiple::zh_parallel_multiple_173,correct,correct,both_correct
Salesforce_Llama-xLAM-2-8b-fc-r-checkpoint-1704-merged-1batch-2560seq-3epoch-apigen-nomlp::zh_parallel_multiple::zh_parallel_multiple_176,correct,correct,both_correct
Salesforce_Llama-xLAM-2-8b-fc-r-checkpoint-1704-merged-1batch-2560seq-3epoch-apigen-nomlp::zh_parallel_multiple::zh_parallel_multiple_189,correct,correct,both_correct
Salesforce_Llama-xLAM-2-8b-fc-r-checkpoint-1704-merged-1batch-2560seq-3epoch-apigen-nomlp::zh_parallel_multiple::zh_parallel_multiple_19,correct,correct,both_correct
Salesforce_Llama-xLAM-2-8b-fc-r-checkpoint-1704-merged-1batch-2560seq-3epoch-apigen-nomlp::zh_parallel_multiple::zh_parallel_multiple_191,correct,correct,both_correct
Salesforce_Llama-xLAM-2-8b-fc-r-checkpoint-1704-merged-1batch-2560seq-3epoch-apigen-nomlp::zh_parallel_multiple::zh_parallel_multiple_192,correct,correct,both_correct
Salesforce_Llama-xLAM-2-8b-fc-r-checkpoint-1704-merged-1batch-2560seq-3epoch-apigen-nomlp::zh_parallel_multiple::zh_parallel_multiple_195,correct,correct,both_correct
Salesforce_Llama-xLAM-2-8b-fc-r-checkpoint-1704-merged-1batch-2560seq-3epoch-apigen-nomlp::zh_parallel_multiple::zh_parallel_multiple_21,correct,correct,both_correct
Salesforce_Llama-xLAM-2-8b-fc-r-checkpoint-1704-merged-1batch-2560seq-3epoch-apigen-nomlp::zh_parallel_multiple::zh_parallel_multiple_32,correct,correct,both_correct
Salesforce_Llama-xLAM-2-8b-fc-r-checkpoint-1704-merged-1batch-2560seq-3epoch-apigen-nomlp::zh_parallel_multiple::zh_parallel_multiple_33,correct,correct,both_correct
Salesforce_Llama-xLAM-2-8b-fc-r-checkpoint-1704-merged-1batch-2560seq-3epoch-apigen-nomlp::zh_parallel_multiple::zh_parallel_multiple_42,correct,correct,both_correct
Salesforce_Llama-xLAM-2-8b-fc-r-checkpoint-1704-merged-1batch-2560seq-3epoch-apigen-nomlp::zh_parallel_multiple::zh_parallel_multiple_50,correct,correct,both_correct
Salesforce_Llama-xLAM-2-8b-fc-r-checkpoint-1704-merged-1batch-2560seq-3epoch-apigen-nomlp::zh_parallel_multiple::zh_parallel_multiple_51,correct,correct,both_correct
Salesforce_Llama-xLAM-2-8b-fc-r-checkpoint-1704-merged-1batch-2560seq-3epoch-apigen-nomlp::zh_parallel_multiple::zh_parallel_multiple_54,wrong,correct,b_correct_a_wrong
Salesforce_Llama-xLAM-2-8b-fc-r-checkpoint-1704-merged-1batch-2560seq-3epoch-apigen-nomlp::zh_parallel_multiple::zh_parallel_multiple_65,correct,correct,both_correct
Salesforce_Llama-xLAM-2-8b-fc-r-checkpoint-1704-merged-1batch-2560seq-3epoch-apigen-nomlp::zh_parallel_multiple::zh_parallel_multiple_69,wrong,wrong,both_wrong
Salesforce_Llama-xLAM-2-8b-fc-r-checkpoint-1704-merged-1batch-2560seq-3epoch-apigen-nomlp::zh_parallel_multiple::zh_parallel_multiple_74,correct,correct,both_correct
Salesforce_Llama-xLAM-2-8b-fc-r-checkpoint-1704-merged-1batch-2560seq-3epoch-apigen-nomlp::zh_parallel_multiple::zh_parallel_multiple_75,correct,correct,both_correct
Salesforce_Llama-xLAM-2-8b-fc-r-checkpoint-1704-merged-1batch-2560seq-3epoch-apigen-nomlp::zh_parallel_multiple::zh_parallel_multiple_78,correct,correct,both_correct
Salesforce_Llama-xLAM-2-8b-fc-r-checkpoint-1704-merged-1batch-2560seq-3epoch-apigen-nomlp::zh_parallel_multiple::zh_parallel_multiple_91,correct,correct,both_correct
Salesforce_Llama-xLAM-2-8b-fc-r-checkpoint-1704-merged-1batch-2560seq-3epoch-apigen-nomlp::zh_parallel_multiple::zh_parallel_multiple_93,correct,correct,both_correct
Salesforce_Llama-xLAM-2-8b-fc-r-checkpoint-1704-merged-1batch-2560seq-3epoch-apigen-nomlp::zh_parallel_multiple::zh_parallel_multiple_94,correct,correct,both_correct
Salesforce_Llama-xLAM-2-8b-fc-r-checkpoint-1704-merged-1batch-2560seq-3epoch-apigen-nomlp::zh_parallel_multiple::zh_parallel_multiple_97,wrong,correct,b_correct_a_wrong
Salesforce_Llama-xLAM-2-8b-fc-r-checkpoint-1704-merged-1batch-2560seq-3epoch-apigen-nomlp::zh_simple_python::zh_simple_python_159,wrong,correct,b_correct_a_wrong
Salesforce_Llama-xLAM-2-8b-fc-r-checkpoint-1704-merged-1batch-2560seq-3epoch-apigen-nomlp::zh_simple_python::zh_simple_python_163,correct,correct,both_correct
Salesforce_Llama-xLAM-2-8b-fc-r-checkpoint-1704-merged-1batch-2560seq-3epoch-apigen-nomlp::zh_simple_python::zh_simple_python_164,wrong,correct,b_correct_a_wrong
Salesforce_Llama-xLAM-2-8b-fc-r-checkpoint-1704-merged-1batch-2560seq-3epoch-apigen-nomlp::zh_simple_python::zh_simple_python_166,correct,correct,both_correct
Salesforce_Llama-xLAM-2-8b-fc-r-checkpoint-1704-merged-1batch-2560seq-3epoch-apigen-nomlp::zh_simple_python::zh_simple_python_197,correct,correct,both_correct
Salesforce_Llama-xLAM-2-8b-fc-r-checkpoint-1704-merged-1batch-2560seq-3epoch-apigen-nomlp::zh_simple_python::zh_simple_python_200,correct,correct,both_correct
Salesforce_Llama-xLAM-2-8b-fc-r-checkpoint-1704-merged-1batch-2560seq-3epoch-apigen-nomlp::zh_simple_python::zh_simple_python_202,correct,correct,both_correct
Salesforce_Llama-xLAM-2-8b-fc-r-checkpoint-1704-merged-1batch-2560seq-3epoch-apigen-nomlp::zh_simple_python::zh_simple_python_206,correct,correct,both_correct
Salesforce_Llama-xLAM-2-8b-fc-r-checkpoint-1704-merged-1batch-2560seq-3epoch-apigen-nomlp::zh_simple_python::zh_simple_python_216,correct,correct,both_correct
Salesforce_Llama-xLAM-2-8b-fc-r-checkpoint-1704-merged-1batch-2560seq-3epoch-apigen-nomlp::zh_simple_python::zh_simple_python_219,wrong,correct,b_correct_a_wrong
Salesforce_Llama-xLAM-2-8b-fc-r-checkpoint-1704-merged-1batch-2560seq-3epoch-apigen-nomlp::zh_simple_python::zh_simple_python_224,wrong,correct,b_correct_a_wrong
Salesforce_Llama-xLAM-2-8b-fc-r-checkpoint-1704-merged-1batch-2560seq-3epoch-apigen-nomlp::zh_simple_python::zh_simple_python_229,wrong,correct,b_correct_a_wrong
Salesforce_Llama-xLAM-2-8b-fc-r-checkpoint-1704-merged-1batch-2560seq-3epoch-apigen-nomlp::zh_simple_python::zh_simple_python_255,correct,correct,both_correct
Salesforce_Llama-xLAM-2-8b-fc-r-checkpoint-1704-merged-1batch-2560seq-3epoch-apigen-nomlp::zh_simple_python::zh_simple_python_257,correct,correct,both_correct
Salesforce_Llama-xLAM-2-8b-fc-r-checkpoint-1704-merged-1batch-2560seq-3epoch-apigen-nomlp::zh_simple_python::zh_simple_python_273,correct,correct,both_correct
Salesforce_Llama-xLAM-2-8b-fc-r-checkpoint-1704-merged-1batch-2560seq-3epoch-apigen-nomlp::zh_simple_python::zh_simple_python_283,correct,correct,both_correct
Salesforce_Llama-xLAM-2-8b-fc-r-checkpoint-1704-merged-1batch-2560seq-3epoch-apigen-nomlp::zh_simple_python::zh_simple_python_285,correct,correct,both_correct
Salesforce_Llama-xLAM-2-8b-fc-r-checkpoint-1704-merged-1batch-2560seq-3epoch-apigen-nomlp::zh_simple_python::zh_simple_python_295,correct,correct,both_correct
Salesforce_Llama-xLAM-2-8b-fc-r-checkpoint-1704-merged-1batch-2560seq-3epoch-apigen-nomlp::zh_simple_python::zh_simple_python_304,wrong,correct,b_correct_a_wrong
Salesforce_Llama-xLAM-2-8b-fc-r-checkpoint-1704-merged-1batch-2560seq-3epoch-apigen-nomlp::zh_simple_python::zh_simple_python_316,correct,correct,both_correct
Salesforce_Llama-xLAM-2-8b-fc-r-checkpoint-1704-merged-1batch-2560seq-3epoch-apigen-nomlp::zh_simple_python::zh_simple_python_322,correct,correct,both_correct
Salesforce_Llama-xLAM-2-8b-fc-r-checkpoint-1704-merged-1batch-2560seq-3epoch-apigen-nomlp::zh_simple_python::zh_simple_python_324,correct,correct,both_correct
Salesforce_Llama-xLAM-2-8b-fc-r-checkpoint-1704-merged-1batch-2560seq-3epoch-apigen-nomlp::zh_simple_python::zh_simple_python_326,correct,correct,both_correct
Salesforce_Llama-xLAM-2-8b-fc-r-checkpoint-1704-merged-1batch-2560seq-3epoch-apigen-nomlp::zh_simple_python::zh_simple_python_327,correct,correct,both_correct
Salesforce_Llama-xLAM-2-8b-fc-r-checkpoint-1704-merged-1batch-2560seq-3epoch-apigen-nomlp::zh_simple_python::zh_simple_python_344,correct,correct,both_correct
Salesforce_Llama-xLAM-2-8b-fc-r-checkpoint-1704-merged-1batch-2560seq-3epoch-apigen-nomlp::zh_simple_python::zh_simple_python_352,correct,correct,both_correct
Salesforce_Llama-xLAM-2-8b-fc-r-checkpoint-1704-merged-1batch-2560seq-3epoch-apigen-nomlp::zh_simple_python::zh_simple_python_373,wrong,correct,b_correct_a_wrong
Salesforce_Llama-xLAM-2-8b-fc-r-checkpoint-1704-merged-1batch-2560seq-3epoch-apigen-nomlp::zh_simple_python::zh_simple_python_375,wrong,correct,b_correct_a_wrong
Salesforce_Llama-xLAM-2-8b-fc-r-checkpoint-1704-merged-1batch-2560seq-3epoch-apigen-nomlp::zh_simple_python::zh_simple_python_386,wrong,correct,b_correct_a_wrong
Salesforce_Llama-xLAM-2-8b-fc-r-checkpoint-1704-merged-1batch-2560seq-3epoch-apigen-nomlp::zh_simple_python::zh_simple_python_387,correct,correct,both_correct
Salesforce_Llama-xLAM-2-8b-fc-r-checkpoint-1704-merged-1batch-2560seq-3epoch-apigen-nomlp::zh_simple_python::zh_simple_python_399,correct,correct,both_correct
Salesforce_Llama-xLAM-2-8b-fc-r-checkpoint-1704-merged-1batch-2560seq-3epoch-apigen-nomlp::zh_simple_python::zh_simple_python_59,wrong,correct,b_correct_a_wrong
Salesforce_Llama-xLAM-2-8b-fc-r-checkpoint-1704-merged-1batch-2560seq-3epoch-apigen-nomlp::zh_simple_python::zh_simple_python_77,correct,correct,both_correct
Salesforce_Llama-xLAM-2-8b-fc-r-checkpoint-1704-merged-1batch-2560seq-3epoch-apigen-nomlp::zh_simple_python::zh_simple_python_85,wrong,correct,b_correct_a_wrong
Salesforce_Llama-xLAM-2-8b-fc-r-checkpoint-1704-merged-1batch-2560seq-3epoch-apigen-nomlp::zh_simple_python::zh_simple_python_98,wrong,correct,b_correct_a_wrong
Salesforce_Llama-xLAM-2-8b-fc-r-checkpoint-2075-merged-1batch-2560seq-3epoch-IF::zh_multiple::zh_multiple_134,correct,correct,both_correct
Salesforce_Llama-xLAM-2-8b-fc-r-checkpoint-2075-merged-1batch-2560seq-3epoch-IF::zh_multiple::zh_multiple_149,correct,correct,both_correct
Salesforce_Llama-xLAM-2-8b-fc-r-checkpoint-2075-merged-1batch-2560seq-3epoch-IF::zh_multiple::zh_multiple_151,correct,correct,both_correct
Salesforce_Llama-xLAM-2-8b-fc-r-checkpoint-2075-merged-1batch-2560seq-3epoch-IF::zh_multiple::zh_multiple_160,wrong,correct,b_correct_a_wrong
Salesforce_Llama-xLAM-2-8b-fc-r-checkpoint-2075-merged-1batch-2560seq-3epoch-IF::zh_multiple::zh_multiple_165,correct,correct,both_correct
Salesforce_Llama-xLAM-2-8b-fc-r-checkpoint-2075-merged-1batch-2560seq-3epoch-IF::zh_multiple::zh_multiple_174,correct,correct,both_correct
Salesforce_Llama-xLAM-2-8b-fc-r-checkpoint-2075-merged-1batch-2560seq-3epoch-IF::zh_multiple::zh_multiple_176,correct,correct,both_correct
Salesforce_Llama-xLAM-2-8b-fc-r-checkpoint-2075-merged-1batch-2560seq-3epoch-IF::zh_multiple::zh_multiple_184,wrong,correct,b_correct_a_wrong
Salesforce_Llama-xLAM-2-8b-fc-r-checkpoint-2075-merged-1batch-2560seq-3epoch-IF::zh_multiple::zh_multiple_191,wrong,correct,b_correct_a_wrong
Salesforce_Llama-xLAM-2-8b-fc-r-checkpoint-2075-merged-1batch-2560seq-3epoch-IF::zh_multiple::zh_multiple_192,wrong,correct,b_correct_a_wrong
Salesforce_Llama-xLAM-2-8b-fc-r-checkpoint-2075-merged-1batch-2560seq-3epoch-IF::zh_multiple::zh_multiple_196,correct,correct,both_correct
Salesforce_Llama-xLAM-2-8b-fc-r-checkpoint-2075-merged-1batch-2560seq-3epoch-IF::zh_multiple::zh_multiple_199,correct,correct,both_correct
Salesforce_Llama-xLAM-2-8b-fc-r-checkpoint-2075-merged-1batch-2560seq-3epoch-IF::zh_multiple::zh_multiple_61,wrong,correct,b_correct_a_wrong
Salesforce_Llama-xLAM-2-8b-fc-r-checkpoint-2075-merged-1batch-2560seq-3epoch-IF::zh_multiple::zh_multiple_74,correct,correct,both_correct
Salesforce_Llama-xLAM-2-8b-fc-r-checkpoint-2075-merged-1batch-2560seq-3epoch-IF::zh_multiple::zh_multiple_78,wrong,correct,b_correct_a_wrong
Salesforce_Llama-xLAM-2-8b-fc-r-checkpoint-2075-merged-1batch-2560seq-3epoch-IF::zh_multiple::zh_multiple_80,wrong,correct,b_correct_a_wrong
Salesforce_Llama-xLAM-2-8b-fc-r-checkpoint-2075-merged-1batch-2560seq-3epoch-IF::zh_multiple::zh_multiple_94,wrong,correct,b_correct_a_wrong
Salesforce_Llama-xLAM-2-8b-fc-r-checkpoint-2075-merged-1batch-2560seq-3epoch-IF::zh_parallel::zh_parallel_119,correct,correct,both_correct
Salesforce_Llama-xLAM-2-8b-fc-r-checkpoint-2075-merged-1batch-2560seq-3epoch-IF::zh_parallel::zh_parallel_159,wrong,correct,b_correct_a_wrong
Salesforce_Llama-xLAM-2-8b-fc-r-checkpoint-2075-merged-1batch-2560seq-3epoch-IF::zh_parallel::zh_parallel_181,wrong,correct,b_correct_a_wrong
Salesforce_Llama-xLAM-2-8b-fc-r-checkpoint-2075-merged-1batch-2560seq-3epoch-IF::zh_parallel::zh_parallel_19,correct,correct,both_correct
Salesforce_Llama-xLAM-2-8b-fc-r-checkpoint-2075-merged-1batch-2560seq-3epoch-IF::zh_parallel::zh_parallel_193,wrong,correct,b_correct_a_wrong
Salesforce_Llama-xLAM-2-8b-fc-r-checkpoint-2075-merged-1batch-2560seq-3epoch-IF::zh_parallel::zh_parallel_194,correct,correct,both_correct
Salesforce_Llama-xLAM-2-8b-fc-r-checkpoint-2075-merged-1batch-2560seq-3epoch-IF::zh_parallel::zh_parallel_3,wrong,correct,b_correct_a_wrong
Salesforce_Llama-xLAM-2-8b-fc-r-checkpoint-2075-merged-1batch-2560seq-3epoch-IF::zh_parallel::zh_parallel_40,correct,correct,both_correct
Salesforce_Llama-xLAM-2-8b-fc-r-checkpoint-2075-merged-1batch-2560seq-3epoch-IF::zh_parallel::zh_parallel_44,wrong,correct,b_correct_a_wrong
Salesforce_Llama-xLAM-2-8b-fc-r-checkpoint-2075-merged-1batch-2560seq-3epoch-IF::zh_parallel::zh_parallel_46,correct,correct,both_correct
Salesforce_Llama-xLAM-2-8b-fc-r-checkpoint-2075-merged-1batch-2560seq-3epoch-IF::zh_parallel::zh_parallel_51,wrong,correct,b_correct_a_wrong
Salesforce_Llama-xLAM-2-8b-fc-r-checkpoint-2075-merged-1batch-2560seq-3epoch-IF::zh_parallel::zh_parallel_52,correct,correct,both_correct
Salesforce_Llama-xLAM-2-8b-fc-r-checkpoint-2075-merged-1batch-2560seq-3epoch-IF::zh_parallel::zh_parallel_53,correct,correct,both_correct
Salesforce_Llama-xLAM-2-8b-fc-r-checkpoint-2075-merged-1batch-2560seq-3epoch-IF::zh_parallel::zh_parallel_56,wrong,correct,b_correct_a_wrong
Salesforce_Llama-xLAM-2-8b-fc-r-checkpoint-2075-merged-1batch-2560seq-3epoch-IF::zh_parallel::zh_parallel_68,wrong,correct,b_correct_a_wrong
Salesforce_Llama-xLAM-2-8b-fc-r-checkpoint-2075-merged-1batch-2560seq-3epoch-IF::zh_parallel::zh_parallel_8,correct,correct,both_correct
Salesforce_Llama-xLAM-2-8b-fc-r-checkpoint-2075-merged-1batch-2560seq-3epoch-IF::zh_parallel::zh_parallel_93,correct,correct,both_correct
Salesforce_Llama-xLAM-2-8b-fc-r-checkpoint-2075-merged-1batch-2560seq-3epoch-IF::zh_parallel_multiple::zh_parallel_multiple_100,correct,correct,both_correct
Salesforce_Llama-xLAM-2-8b-fc-r-checkpoint-2075-merged-1batch-2560seq-3epoch-IF::zh_parallel_multiple::zh_parallel_multiple_103,correct,correct,both_correct
Salesforce_Llama-xLAM-2-8b-fc-r-checkpoint-2075-merged-1batch-2560seq-3epoch-IF::zh_parallel_multiple::zh_parallel_multiple_106,wrong,correct,b_correct_a_wrong
Salesforce_Llama-xLAM-2-8b-fc-r-checkpoint-2075-merged-1batch-2560seq-3epoch-IF::zh_parallel_multiple::zh_parallel_multiple_107,correct,correct,both_correct
Salesforce_Llama-xLAM-2-8b-fc-r-checkpoint-2075-merged-1batch-2560seq-3epoch-IF::zh_parallel_multiple::zh_parallel_multiple_112,correct,correct,both_correct
Salesforce_Llama-xLAM-2-8b-fc-r-checkpoint-2075-merged-1batch-2560seq-3epoch-IF::zh_parallel_multiple::zh_parallel_multiple_118,correct,correct,both_correct
Salesforce_Llama-xLAM-2-8b-fc-r-checkpoint-2075-merged-1batch-2560seq-3epoch-IF::zh_parallel_multiple::zh_parallel_multiple_122,correct,correct,both_correct
Salesforce_Llama-xLAM-2-8b-fc-r-checkpoint-2075-merged-1batch-2560seq-3epoch-IF::zh_parallel_multiple::zh_parallel_multiple_128,correct,correct,both_correct
Salesforce_Llama-xLAM-2-8b-fc-r-checkpoint-2075-merged-1batch-2560seq-3epoch-IF::zh_parallel_multiple::zh_parallel_multiple_129,correct,correct,both_correct
Salesforce_Llama-xLAM-2-8b-fc-r-checkpoint-2075-merged-1batch-2560seq-3epoch-IF::zh_parallel_multiple::zh_parallel_multiple_135,correct,correct,both_correct
Salesforce_Llama-xLAM-2-8b-fc-r-checkpoint-2075-merged-1batch-2560seq-3epoch-IF::zh_parallel_multiple::zh_parallel_multiple_137,correct,correct,both_correct
Salesforce_Llama-xLAM-2-8b-fc-r-checkpoint-2075-merged-1batch-2560seq-3epoch-IF::zh_parallel_multiple::zh_parallel_multiple_139,correct,correct,both_correct
Salesforce_Llama-xLAM-2-8b-fc-r-checkpoint-2075-merged-1batch-2560seq-3epoch-IF::zh_parallel_multiple::zh_parallel_multiple_141,correct,correct,both_correct
Salesforce_Llama-xLAM-2-8b-fc-r-checkpoint-2075-merged-1batch-2560seq-3epoch-IF::zh_parallel_multiple::zh_parallel_multiple_143,wrong,correct,b_correct_a_wrong
Salesforce_Llama-xLAM-2-8b-fc-r-checkpoint-2075-merged-1batch-2560seq-3epoch-IF::zh_parallel_multiple::zh_parallel_multiple_145,correct,correct,both_correct
Salesforce_Llama-xLAM-2-8b-fc-r-checkpoint-2075-merged-1batch-2560seq-3epoch-IF::zh_parallel_multiple::zh_parallel_multiple_146,correct,correct,both_correct
Salesforce_Llama-xLAM-2-8b-fc-r-checkpoint-2075-merged-1batch-2560seq-3epoch-IF::zh_parallel_multiple::zh_parallel_multiple_147,correct,correct,both_correct
Salesforce_Llama-xLAM-2-8b-fc-r-checkpoint-2075-merged-1batch-2560seq-3epoch-IF::zh_parallel_multiple::zh_parallel_multiple_148,correct,correct,both_correct
Salesforce_Llama-xLAM-2-8b-fc-r-checkpoint-2075-merged-1batch-2560seq-3epoch-IF::zh_parallel_multiple::zh_parallel_multiple_149,correct,correct,both_correct
Salesforce_Llama-xLAM-2-8b-fc-r-checkpoint-2075-merged-1batch-2560seq-3epoch-IF::zh_parallel_multiple::zh_parallel_multiple_153,correct,correct,both_correct
Salesforce_Llama-xLAM-2-8b-fc-r-checkpoint-2075-merged-1batch-2560seq-3epoch-IF::zh_parallel_multiple::zh_parallel_multiple_154,correct,correct,both_correct
Salesforce_Llama-xLAM-2-8b-fc-r-checkpoint-2075-merged-1batch-2560seq-3epoch-IF::zh_parallel_multiple::zh_parallel_multiple_156,correct,correct,both_correct
Salesforce_Llama-xLAM-2-8b-fc-r-checkpoint-2075-merged-1batch-2560seq-3epoch-IF::zh_parallel_multiple::zh_parallel_multiple_159,correct,correct,both_correct
Salesforce_Llama-xLAM-2-8b-fc-r-checkpoint-2075-merged-1batch-2560seq-3epoch-IF::zh_parallel_multiple::zh_parallel_multiple_160,correct,correct,both_correct
Salesforce_Llama-xLAM-2-8b-fc-r-checkpoint-2075-merged-1batch-2560seq-3epoch-IF::zh_parallel_multiple::zh_parallel_multiple_164,correct,correct,both_correct
Salesforce_Llama-xLAM-2-8b-fc-r-checkpoint-2075-merged-1batch-2560seq-3epoch-IF::zh_parallel_multiple::zh_parallel_multiple_165,correct,correct,both_correct
Salesforce_Llama-xLAM-2-8b-fc-r-checkpoint-2075-merged-1batch-2560seq-3epoch-IF::zh_parallel_multiple::zh_parallel_multiple_176,correct,correct,both_correct
Salesforce_Llama-xLAM-2-8b-fc-r-checkpoint-2075-merged-1batch-2560seq-3epoch-IF::zh_parallel_multiple::zh_parallel_multiple_177,correct,correct,both_correct
Salesforce_Llama-xLAM-2-8b-fc-r-checkpoint-2075-merged-1batch-2560seq-3epoch-IF::zh_parallel_multiple::zh_parallel_multiple_180,correct,correct,both_correct
Salesforce_Llama-xLAM-2-8b-fc-r-checkpoint-2075-merged-1batch-2560seq-3epoch-IF::zh_parallel_multiple::zh_parallel_multiple_186,correct,correct,both_correct
Salesforce_Llama-xLAM-2-8b-fc-r-checkpoint-2075-merged-1batch-2560seq-3epoch-IF::zh_parallel_multiple::zh_parallel_multiple_189,wrong,correct,b_correct_a_wrong
Salesforce_Llama-xLAM-2-8b-fc-r-checkpoint-2075-merged-1batch-2560seq-3epoch-IF::zh_parallel_multiple::zh_parallel_multiple_19,correct,correct,both_correct
Salesforce_Llama-xLAM-2-8b-fc-r-checkpoint-2075-merged-1batch-2560seq-3epoch-IF::zh_parallel_multiple::zh_parallel_multiple_193,correct,correct,both_correct
Salesforce_Llama-xLAM-2-8b-fc-r-checkpoint-2075-merged-1batch-2560seq-3epoch-IF::zh_parallel_multiple::zh_parallel_multiple_195,correct,correct,both_correct
Salesforce_Llama-xLAM-2-8b-fc-r-checkpoint-2075-merged-1batch-2560seq-3epoch-IF::zh_parallel_multiple::zh_parallel_multiple_199,correct,correct,both_correct
Salesforce_Llama-xLAM-2-8b-fc-r-checkpoint-2075-merged-1batch-2560seq-3epoch-IF::zh_parallel_multiple::zh_parallel_multiple_32,correct,correct,both_correct
Salesforce_Llama-xLAM-2-8b-fc-r-checkpoint-2075-merged-1batch-2560seq-3epoch-IF::zh_parallel_multiple::zh_parallel_multiple_37,correct,correct,both_correct
Salesforce_Llama-xLAM-2-8b-fc-r-checkpoint-2075-merged-1batch-2560seq-3epoch-IF::zh_parallel_multiple::zh_parallel_multiple_42,correct,correct,both_correct
Salesforce_Llama-xLAM-2-8b-fc-r-checkpoint-2075-merged-1batch-2560seq-3epoch-IF::zh_parallel_multiple::zh_parallel_multiple_53,wrong,wrong,both_wrong
Salesforce_Llama-xLAM-2-8b-fc-r-checkpoint-2075-merged-1batch-2560seq-3epoch-IF::zh_parallel_multiple::zh_parallel_multiple_69,wrong,correct,b_correct_a_wrong
Salesforce_Llama-xLAM-2-8b-fc-r-checkpoint-2075-merged-1batch-2560seq-3epoch-IF::zh_parallel_multiple::zh_parallel_multiple_77,correct,correct,both_correct
Salesforce_Llama-xLAM-2-8b-fc-r-checkpoint-2075-merged-1batch-2560seq-3epoch-IF::zh_parallel_multiple::zh_parallel_multiple_78,wrong,correct,b_correct_a_wrong
Salesforce_Llama-xLAM-2-8b-fc-r-checkpoint-2075-merged-1batch-2560seq-3epoch-IF::zh_parallel_multiple::zh_parallel_multiple_81,wrong,correct,b_correct_a_wrong
Salesforce_Llama-xLAM-2-8b-fc-r-checkpoint-2075-merged-1batch-2560seq-3epoch-IF::zh_parallel_multiple::zh_parallel_multiple_91,correct,correct,both_correct
Salesforce_Llama-xLAM-2-8b-fc-r-checkpoint-2075-merged-1batch-2560seq-3epoch-IF::zh_parallel_multiple::zh_parallel_multiple_93,correct,correct,both_correct
Salesforce_Llama-xLAM-2-8b-fc-r-checkpoint-2075-merged-1batch-2560seq-3epoch-IF::zh_parallel_multiple::zh_parallel_multiple_94,correct,correct,both_correct
Salesforce_Llama-xLAM-2-8b-fc-r-checkpoint-2075-merged-1batch-2560seq-3epoch-IF::zh_parallel_multiple::zh_parallel_multiple_97,wrong,correct,b_correct_a_wrong
Salesforce_Llama-xLAM-2-8b-fc-r-checkpoint-2075-merged-1batch-2560seq-3epoch-IF::zh_parallel_multiple::zh_parallel_multiple_99,correct,correct,both_correct
Salesforce_Llama-xLAM-2-8b-fc-r-checkpoint-2075-merged-1batch-2560seq-3epoch-IF::zh_simple_python::zh_simple_python_158,wrong,correct,b_correct_a_wrong
Salesforce_Llama-xLAM-2-8b-fc-r-checkpoint-2075-merged-1batch-2560seq-3epoch-IF::zh_simple_python::zh_simple_python_163,correct,correct,both_correct
Salesforce_Llama-xLAM-2-8b-fc-r-checkpoint-2075-merged-1batch-2560seq-3epoch-IF::zh_simple_python::zh_simple_python_166,correct,correct,both_correct
Salesforce_Llama-xLAM-2-8b-fc-r-checkpoint-2075-merged-1batch-2560seq-3epoch-IF::zh_simple_python::zh_simple_python_173,correct,correct,both_correct
Salesforce_Llama-xLAM-2-8b-fc-r-checkpoint-2075-merged-1batch-2560seq-3epoch-IF::zh_simple_python::zh_simple_python_183,wrong,correct,b_correct_a_wrong
Salesforce_Llama-xLAM-2-8b-fc-r-checkpoint-2075-merged-1batch-2560seq-3epoch-IF::zh_simple_python::zh_simple_python_219,wrong,correct,b_correct_a_wrong
Salesforce_Llama-xLAM-2-8b-fc-r-checkpoint-2075-merged-1batch-2560seq-3epoch-IF::zh_simple_python::zh_simple_python_224,wrong,correct,b_correct_a_wrong
Salesforce_Llama-xLAM-2-8b-fc-r-checkpoint-2075-merged-1batch-2560seq-3epoch-IF::zh_simple_python::zh_simple_python_229,correct,correct,both_correct
Salesforce_Llama-xLAM-2-8b-fc-r-checkpoint-2075-merged-1batch-2560seq-3epoch-IF::zh_simple_python::zh_simple_python_234,wrong,correct,b_correct_a_wrong
Salesforce_Llama-xLAM-2-8b-fc-r-checkpoint-2075-merged-1batch-2560seq-3epoch-IF::zh_simple_python::zh_simple_python_242,wrong,correct,b_correct_a_wrong
Salesforce_Llama-xLAM-2-8b-fc-r-checkpoint-2075-merged-1batch-2560seq-3epoch-IF::zh_simple_python::zh_simple_python_281,correct,correct,both_correct
Salesforce_Llama-xLAM-2-8b-fc-r-checkpoint-2075-merged-1batch-2560seq-3epoch-IF::zh_simple_python::zh_simple_python_283,correct,correct,both_correct
Salesforce_Llama-xLAM-2-8b-fc-r-checkpoint-2075-merged-1batch-2560seq-3epoch-IF::zh_simple_python::zh_simple_python_295,correct,correct,both_correct
Salesforce_Llama-xLAM-2-8b-fc-r-checkpoint-2075-merged-1batch-2560seq-3epoch-IF::zh_simple_python::zh_simple_python_303,wrong,correct,b_correct_a_wrong
Salesforce_Llama-xLAM-2-8b-fc-r-checkpoint-2075-merged-1batch-2560seq-3epoch-IF::zh_simple_python::zh_simple_python_305,correct,correct,both_correct
Salesforce_Llama-xLAM-2-8b-fc-r-checkpoint-2075-merged-1batch-2560seq-3epoch-IF::zh_simple_python::zh_simple_python_326,correct,correct,both_correct
Salesforce_Llama-xLAM-2-8b-fc-r-checkpoint-2075-merged-1batch-2560seq-3epoch-IF::zh_simple_python::zh_simple_python_327,correct,correct,both_correct
Salesforce_Llama-xLAM-2-8b-fc-r-checkpoint-2075-merged-1batch-2560seq-3epoch-IF::zh_simple_python::zh_simple_python_344,correct,correct,both_correct
Salesforce_Llama-xLAM-2-8b-fc-r-checkpoint-2075-merged-1batch-2560seq-3epoch-IF::zh_simple_python::zh_simple_python_352,correct,correct,both_correct
Salesforce_Llama-xLAM-2-8b-fc-r-checkpoint-2075-merged-1batch-2560seq-3epoch-IF::zh_simple_python::zh_simple_python_369,correct,correct,both_correct
Salesforce_Llama-xLAM-2-8b-fc-r-checkpoint-2075-merged-1batch-2560seq-3epoch-IF::zh_simple_python::zh_simple_python_373,wrong,correct,b_correct_a_wrong
Salesforce_Llama-xLAM-2-8b-fc-r-checkpoint-2075-merged-1batch-2560seq-3epoch-IF::zh_simple_python::zh_simple_python_374,correct,correct,both_correct
Salesforce_Llama-xLAM-2-8b-fc-r-checkpoint-2075-merged-1batch-2560seq-3epoch-IF::zh_simple_python::zh_simple_python_375,wrong,correct,b_correct_a_wrong
Salesforce_Llama-xLAM-2-8b-fc-r-checkpoint-2075-merged-1batch-2560seq-3epoch-IF::zh_simple_python::zh_simple_python_380,correct,correct,both_correct
Salesforce_Llama-xLAM-2-8b-fc-r-checkpoint-2075-merged-1batch-2560seq-3epoch-IF::zh_simple_python::zh_simple_python_386,wrong,correct,b_correct_a_wrong
Salesforce_Llama-xLAM-2-8b-fc-r-checkpoint-2075-merged-1batch-2560seq-3epoch-IF::zh_simple_python::zh_simple_python_390,wrong,correct,b_correct_a_wrong
Salesforce_Llama-xLAM-2-8b-fc-r-checkpoint-2075-merged-1batch-2560seq-3epoch-IF::zh_simple_python::zh_simple_python_55,correct,correct,both_correct
Salesforce_Llama-xLAM-2-8b-fc-r-checkpoint-2075-merged-1batch-2560seq-3epoch-IF::zh_simple_python::zh_simple_python_65,wrong,wrong,both_wrong
Salesforce_Llama-xLAM-2-8b-fc-r-checkpoint-2075-merged-1batch-2560seq-3epoch-IF::zh_simple_python::zh_simple_python_77,correct,correct,both_correct
Salesforce_Llama-xLAM-2-8b-fc-r-checkpoint-2075-merged-1batch-2560seq-3epoch-IF::zh_simple_python::zh_simple_python_85,correct,correct,both_correct
Salesforce_Llama-xLAM-2-8b-fc-r-checkpoint-2075-merged-1batch-2560seq-3epoch-IF::zh_simple_python::zh_simple_python_91,correct,correct,both_correct
Salesforce_Llama-xLAM-2-8b-fc-r-checkpoint-2272-merged-1batch-2560seq-3epoch-apigen-nomlp::zh_multiple::zh_multiple_115,correct,correct,both_correct
Salesforce_Llama-xLAM-2-8b-fc-r-checkpoint-2272-merged-1batch-2560seq-3epoch-apigen-nomlp::zh_multiple::zh_multiple_134,correct,correct,both_correct
Salesforce_Llama-xLAM-2-8b-fc-r-checkpoint-2272-merged-1batch-2560seq-3epoch-apigen-nomlp::zh_multiple::zh_multiple_136,wrong,correct,b_correct_a_wrong
Salesforce_Llama-xLAM-2-8b-fc-r-checkpoint-2272-merged-1batch-2560seq-3epoch-apigen-nomlp::zh_multiple::zh_multiple_149,correct,correct,both_correct
Salesforce_Llama-xLAM-2-8b-fc-r-checkpoint-2272-merged-1batch-2560seq-3epoch-apigen-nomlp::zh_multiple::zh_multiple_158,correct,correct,both_correct
Salesforce_Llama-xLAM-2-8b-fc-r-checkpoint-2272-merged-1batch-2560seq-3epoch-apigen-nomlp::zh_multiple::zh_multiple_160,wrong,correct,b_correct_a_wrong
Salesforce_Llama-xLAM-2-8b-fc-r-checkpoint-2272-merged-1batch-2560seq-3epoch-apigen-nomlp::zh_multiple::zh_multiple_165,wrong,correct,b_correct_a_wrong
Salesforce_Llama-xLAM-2-8b-fc-r-checkpoint-2272-merged-1batch-2560seq-3epoch-apigen-nomlp::zh_multiple::zh_multiple_168,correct,correct,both_correct
Salesforce_Llama-xLAM-2-8b-fc-r-checkpoint-2272-merged-1batch-2560seq-3epoch-apigen-nomlp::zh_multiple::zh_multiple_190,correct,correct,both_correct
Salesforce_Llama-xLAM-2-8b-fc-r-checkpoint-2272-merged-1batch-2560seq-3epoch-apigen-nomlp::zh_multiple::zh_multiple_192,wrong,correct,b_correct_a_wrong
Salesforce_Llama-xLAM-2-8b-fc-r-checkpoint-2272-merged-1batch-2560seq-3epoch-apigen-nomlp::zh_multiple::zh_multiple_67,wrong,correct,b_correct_a_wrong
Salesforce_Llama-xLAM-2-8b-fc-r-checkpoint-2272-merged-1batch-2560seq-3epoch-apigen-nomlp::zh_multiple::zh_multiple_78,correct,correct,both_correct
Salesforce_Llama-xLAM-2-8b-fc-r-checkpoint-2272-merged-1batch-2560seq-3epoch-apigen-nomlp::zh_multiple::zh_multiple_84,correct,correct,both_correct
Salesforce_Llama-xLAM-2-8b-fc-r-checkpoint-2272-merged-1batch-2560seq-3epoch-apigen-nomlp::zh_multiple::zh_multiple_91,wrong,correct,b_correct_a_wrong
Salesforce_Llama-xLAM-2-8b-fc-r-checkpoint-2272-merged-1batch-2560seq-3epoch-apigen-nomlp::zh_multiple::zh_multiple_94,wrong,correct,b_correct_a_wrong
Salesforce_Llama-xLAM-2-8b-fc-r-checkpoint-2272-merged-1batch-2560seq-3epoch-apigen-nomlp::zh_parallel::zh_parallel_117,wrong,correct,b_correct_a_wrong
Salesforce_Llama-xLAM-2-8b-fc-r-checkpoint-2272-merged-1batch-2560seq-3epoch-apigen-nomlp::zh_parallel::zh_parallel_119,correct,correct,both_correct
Salesforce_Llama-xLAM-2-8b-fc-r-checkpoint-2272-merged-1batch-2560seq-3epoch-apigen-nomlp::zh_parallel::zh_parallel_13,wrong,correct,b_correct_a_wrong
Salesforce_Llama-xLAM-2-8b-fc-r-checkpoint-2272-merged-1batch-2560seq-3epoch-apigen-nomlp::zh_parallel::zh_parallel_130,correct,correct,both_correct
Salesforce_Llama-xLAM-2-8b-fc-r-checkpoint-2272-merged-1batch-2560seq-3epoch-apigen-nomlp::zh_parallel::zh_parallel_159,wrong,correct,b_correct_a_wrong
Salesforce_Llama-xLAM-2-8b-fc-r-checkpoint-2272-merged-1batch-2560seq-3epoch-apigen-nomlp::zh_parallel::zh_parallel_164,wrong,correct,b_correct_a_wrong
Salesforce_Llama-xLAM-2-8b-fc-r-checkpoint-2272-merged-1batch-2560seq-3epoch-apigen-nomlp::zh_parallel::zh_parallel_181,wrong,correct,b_correct_a_wrong
Salesforce_Llama-xLAM-2-8b-fc-r-checkpoint-2272-merged-1batch-2560seq-3epoch-apigen-nomlp::zh_parallel::zh_parallel_189,correct,correct,both_correct
Salesforce_Llama-xLAM-2-8b-fc-r-checkpoint-2272-merged-1batch-2560seq-3epoch-apigen-nomlp::zh_parallel::zh_parallel_19,correct,correct,both_correct
Salesforce_Llama-xLAM-2-8b-fc-r-checkpoint-2272-merged-1batch-2560seq-3epoch-apigen-nomlp::zh_parallel::zh_parallel_191,correct,correct,both_correct
Salesforce_Llama-xLAM-2-8b-fc-r-checkpoint-2272-merged-1batch-2560seq-3epoch-apigen-nomlp::zh_parallel::zh_parallel_194,correct,correct,both_correct
Salesforce_Llama-xLAM-2-8b-fc-r-checkpoint-2272-merged-1batch-2560seq-3epoch-apigen-nomlp::zh_parallel::zh_parallel_36,correct,correct,both_correct
Salesforce_Llama-xLAM-2-8b-fc-r-checkpoint-2272-merged-1batch-2560seq-3epoch-apigen-nomlp::zh_parallel::zh_parallel_40,correct,correct,both_correct
Salesforce_Llama-xLAM-2-8b-fc-r-checkpoint-2272-merged-1batch-2560seq-3epoch-apigen-nomlp::zh_parallel::zh_parallel_44,wrong,correct,b_correct_a_wrong
Salesforce_Llama-xLAM-2-8b-fc-r-checkpoint-2272-merged-1batch-2560seq-3epoch-apigen-nomlp::zh_parallel::zh_parallel_45,wrong,correct,b_correct_a_wrong
Salesforce_Llama-xLAM-2-8b-fc-r-checkpoint-2272-merged-1batch-2560seq-3epoch-apigen-nomlp::zh_parallel::zh_parallel_46,correct,correct,both_correct
Salesforce_Llama-xLAM-2-8b-fc-r-checkpoint-2272-merged-1batch-2560seq-3epoch-apigen-nomlp::zh_parallel::zh_parallel_52,correct,correct,both_correct
Salesforce_Llama-xLAM-2-8b-fc-r-checkpoint-2272-merged-1batch-2560seq-3epoch-apigen-nomlp::zh_parallel::zh_parallel_8,correct,correct,both_correct
Salesforce_Llama-xLAM-2-8b-fc-r-checkpoint-2272-merged-1batch-2560seq-3epoch-apigen-nomlp::zh_parallel::zh_parallel_89,correct,correct,both_correct
Salesforce_Llama-xLAM-2-8b-fc-r-checkpoint-2272-merged-1batch-2560seq-3epoch-apigen-nomlp::zh_parallel::zh_parallel_91,correct,correct,both_correct
Salesforce_Llama-xLAM-2-8b-fc-r-checkpoint-2272-merged-1batch-2560seq-3epoch-apigen-nomlp::zh_parallel::zh_parallel_93,correct,correct,both_correct
Salesforce_Llama-xLAM-2-8b-fc-r-checkpoint-2272-merged-1batch-2560seq-3epoch-apigen-nomlp::zh_parallel_multiple::zh_parallel_multiple_10,wrong,correct,b_correct_a_wrong
Salesforce_Llama-xLAM-2-8b-fc-r-checkpoint-2272-merged-1batch-2560seq-3epoch-apigen-nomlp::zh_parallel_multiple::zh_parallel_multiple_103,correct,correct,both_correct
Salesforce_Llama-xLAM-2-8b-fc-r-checkpoint-2272-merged-1batch-2560seq-3epoch-apigen-nomlp::zh_parallel_multiple::zh_parallel_multiple_106,correct,correct,both_correct
Salesforce_Llama-xLAM-2-8b-fc-r-checkpoint-2272-merged-1batch-2560seq-3epoch-apigen-nomlp::zh_parallel_multiple::zh_parallel_multiple_107,correct,correct,both_correct
Salesforce_Llama-xLAM-2-8b-fc-r-checkpoint-2272-merged-1batch-2560seq-3epoch-apigen-nomlp::zh_parallel_multiple::zh_parallel_multiple_122,correct,correct,both_correct
Salesforce_Llama-xLAM-2-8b-fc-r-checkpoint-2272-merged-1batch-2560seq-3epoch-apigen-nomlp::zh_parallel_multiple::zh_parallel_multiple_127,correct,correct,both_correct
Salesforce_Llama-xLAM-2-8b-fc-r-checkpoint-2272-merged-1batch-2560seq-3epoch-apigen-nomlp::zh_parallel_multiple::zh_parallel_multiple_128,correct,correct,both_correct
Salesforce_Llama-xLAM-2-8b-fc-r-checkpoint-2272-merged-1batch-2560seq-3epoch-apigen-nomlp::zh_parallel_multiple::zh_parallel_multiple_139,correct,correct,both_correct
Salesforce_Llama-xLAM-2-8b-fc-r-checkpoint-2272-merged-1batch-2560seq-3epoch-apigen-nomlp::zh_parallel_multiple::zh_parallel_multiple_141,correct,correct,both_correct
Salesforce_Llama-xLAM-2-8b-fc-r-checkpoint-2272-merged-1batch-2560seq-3epoch-apigen-nomlp::zh_parallel_multiple::zh_parallel_multiple_147,correct,correct,both_correct
Salesforce_Llama-xLAM-2-8b-fc-r-checkpoint-2272-merged-1batch-2560seq-3epoch-apigen-nomlp::zh_parallel_multiple::zh_parallel_multiple_148,correct,correct,both_correct
Salesforce_Llama-xLAM-2-8b-fc-r-checkpoint-2272-merged-1batch-2560seq-3epoch-apigen-nomlp::zh_parallel_multiple::zh_parallel_multiple_151,correct,correct,both_correct
Salesforce_Llama-xLAM-2-8b-fc-r-checkpoint-2272-merged-1batch-2560seq-3epoch-apigen-nomlp::zh_parallel_multiple::zh_parallel_multiple_153,correct,correct,both_correct
Salesforce_Llama-xLAM-2-8b-fc-r-checkpoint-2272-merged-1batch-2560seq-3epoch-apigen-nomlp::zh_parallel_multiple::zh_parallel_multiple_158,correct,correct,both_correct
Salesforce_Llama-xLAM-2-8b-fc-r-checkpoint-2272-merged-1batch-2560seq-3epoch-apigen-nomlp::zh_parallel_multiple::zh_parallel_multiple_159,correct,correct,both_correct
Salesforce_Llama-xLAM-2-8b-fc-r-checkpoint-2272-merged-1batch-2560seq-3epoch-apigen-nomlp::zh_parallel_multiple::zh_parallel_multiple_160,correct,correct,both_correct
Salesforce_Llama-xLAM-2-8b-fc-r-checkpoint-2272-merged-1batch-2560seq-3epoch-apigen-nomlp::zh_parallel_multiple::zh_parallel_multiple_163,correct,correct,both_correct
Salesforce_Llama-xLAM-2-8b-fc-r-checkpoint-2272-merged-1batch-2560seq-3epoch-apigen-nomlp::zh_parallel_multiple::zh_parallel_multiple_165,correct,correct,both_correct
Salesforce_Llama-xLAM-2-8b-fc-r-checkpoint-2272-merged-1batch-2560seq-3epoch-apigen-nomlp::zh_parallel_multiple::zh_parallel_multiple_169,wrong,correct,b_correct_a_wrong
Salesforce_Llama-xLAM-2-8b-fc-r-checkpoint-2272-merged-1batch-2560seq-3epoch-apigen-nomlp::zh_parallel_multiple::zh_parallel_multiple_173,correct,correct,both_correct
Salesforce_Llama-xLAM-2-8b-fc-r-checkpoint-2272-merged-1batch-2560seq-3epoch-apigen-nomlp::zh_parallel_multiple::zh_parallel_multiple_176,correct,correct,both_correct
Salesforce_Llama-xLAM-2-8b-fc-r-checkpoint-2272-merged-1batch-2560seq-3epoch-apigen-nomlp::zh_parallel_multiple::zh_parallel_multiple_189,correct,correct,both_correct
Salesforce_Llama-xLAM-2-8b-fc-r-checkpoint-2272-merged-1batch-2560seq-3epoch-apigen-nomlp::zh_parallel_multiple::zh_parallel_multiple_19,correct,correct,both_correct
Salesforce_Llama-xLAM-2-8b-fc-r-checkpoint-2272-merged-1batch-2560seq-3epoch-apigen-nomlp::zh_parallel_multiple::zh_parallel_multiple_191,correct,correct,both_correct
Salesforce_Llama-xLAM-2-8b-fc-r-checkpoint-2272-merged-1batch-2560seq-3epoch-apigen-nomlp::zh_parallel_multiple::zh_parallel_multiple_192,correct,correct,both_correct
Salesforce_Llama-xLAM-2-8b-fc-r-checkpoint-2272-merged-1batch-2560seq-3epoch-apigen-nomlp::zh_parallel_multiple::zh_parallel_multiple_195,correct,correct,both_correct
Salesforce_Llama-xLAM-2-8b-fc-r-checkpoint-2272-merged-1batch-2560seq-3epoch-apigen-nomlp::zh_parallel_multiple::zh_parallel_multiple_196,correct,correct,both_correct
Salesforce_Llama-xLAM-2-8b-fc-r-checkpoint-2272-merged-1batch-2560seq-3epoch-apigen-nomlp::zh_parallel_multiple::zh_parallel_multiple_32,correct,correct,both_correct
Salesforce_Llama-xLAM-2-8b-fc-r-checkpoint-2272-merged-1batch-2560seq-3epoch-apigen-nomlp::zh_parallel_multiple::zh_parallel_multiple_33,correct,correct,both_correct
Salesforce_Llama-xLAM-2-8b-fc-r-checkpoint-2272-merged-1batch-2560seq-3epoch-apigen-nomlp::zh_parallel_multiple::zh_parallel_multiple_42,correct,correct,both_correct
Salesforce_Llama-xLAM-2-8b-fc-r-checkpoint-2272-merged-1batch-2560seq-3epoch-apigen-nomlp::zh_parallel_multiple::zh_parallel_multiple_50,correct,correct,both_correct
Salesforce_Llama-xLAM-2-8b-fc-r-checkpoint-2272-merged-1batch-2560seq-3epoch-apigen-nomlp::zh_parallel_multiple::zh_parallel_multiple_54,wrong,correct,b_correct_a_wrong
Salesforce_Llama-xLAM-2-8b-fc-r-checkpoint-2272-merged-1batch-2560seq-3epoch-apigen-nomlp::zh_parallel_multiple::zh_parallel_multiple_55,correct,correct,both_correct
Salesforce_Llama-xLAM-2-8b-fc-r-checkpoint-2272-merged-1batch-2560seq-3epoch-apigen-nomlp::zh_parallel_multiple::zh_parallel_multiple_65,correct,correct,both_correct
Salesforce_Llama-xLAM-2-8b-fc-r-checkpoint-2272-merged-1batch-2560seq-3epoch-apigen-nomlp::zh_parallel_multiple::zh_parallel_multiple_69,wrong,wrong,both_wrong
Salesforce_Llama-xLAM-2-8b-fc-r-checkpoint-2272-merged-1batch-2560seq-3epoch-apigen-nomlp::zh_parallel_multiple::zh_parallel_multiple_70,wrong,correct,b_correct_a_wrong
Salesforce_Llama-xLAM-2-8b-fc-r-checkpoint-2272-merged-1batch-2560seq-3epoch-apigen-nomlp::zh_parallel_multiple::zh_parallel_multiple_74,correct,correct,both_correct
Salesforce_Llama-xLAM-2-8b-fc-r-checkpoint-2272-merged-1batch-2560seq-3epoch-apigen-nomlp::zh_parallel_multiple::zh_parallel_multiple_75,correct,correct,both_correct
Salesforce_Llama-xLAM-2-8b-fc-r-checkpoint-2272-merged-1batch-2560seq-3epoch-apigen-nomlp::zh_parallel_multiple::zh_parallel_multiple_78,correct,correct,both_correct
Salesforce_Llama-xLAM-2-8b-fc-r-checkpoint-2272-merged-1batch-2560seq-3epoch-apigen-nomlp::zh_parallel_multiple::zh_parallel_multiple_91,correct,correct,both_correct
Salesforce_Llama-xLAM-2-8b-fc-r-checkpoint-2272-merged-1batch-2560seq-3epoch-apigen-nomlp::zh_parallel_multiple::zh_parallel_multiple_93,correct,correct,both_correct
Salesforce_Llama-xLAM-2-8b-fc-r-checkpoint-2272-merged-1batch-2560seq-3epoch-apigen-nomlp::zh_parallel_multiple::zh_parallel_multiple_94,correct,correct,both_correct
Salesforce_Llama-xLAM-2-8b-fc-r-checkpoint-2272-merged-1batch-2560seq-3epoch-apigen-nomlp::zh_parallel_multiple::zh_parallel_multiple_97,wrong,correct,b_correct_a_wrong
Salesforce_Llama-xLAM-2-8b-fc-r-checkpoint-2272-merged-1batch-2560seq-3epoch-apigen-nomlp::zh_simple_python::zh_simple_python_126,wrong,correct,b_correct_a_wrong
Salesforce_Llama-xLAM-2-8b-fc-r-checkpoint-2272-merged-1batch-2560seq-3epoch-apigen-nomlp::zh_simple_python::zh_simple_python_156,correct,correct,both_correct
Salesforce_Llama-xLAM-2-8b-fc-r-checkpoint-2272-merged-1batch-2560seq-3epoch-apigen-nomlp::zh_simple_python::zh_simple_python_159,wrong,correct,b_correct_a_wrong
Salesforce_Llama-xLAM-2-8b-fc-r-checkpoint-2272-merged-1batch-2560seq-3epoch-apigen-nomlp::zh_simple_python::zh_simple_python_163,correct,correct,both_correct
Salesforce_Llama-xLAM-2-8b-fc-r-checkpoint-2272-merged-1batch-2560seq-3epoch-apigen-nomlp::zh_simple_python::zh_simple_python_164,correct,correct,both_correct
Salesforce_Llama-xLAM-2-8b-fc-r-checkpoint-2272-merged-1batch-2560seq-3epoch-apigen-nomlp::zh_simple_python::zh_simple_python_165,correct,correct,both_correct
Salesforce_Llama-xLAM-2-8b-fc-r-checkpoint-2272-merged-1batch-2560seq-3epoch-apigen-nomlp::zh_simple_python::zh_simple_python_166,correct,correct,both_correct
Salesforce_Llama-xLAM-2-8b-fc-r-checkpoint-2272-merged-1batch-2560seq-3epoch-apigen-nomlp::zh_simple_python::zh_simple_python_174,correct,correct,both_correct
Salesforce_Llama-xLAM-2-8b-fc-r-checkpoint-2272-merged-1batch-2560seq-3epoch-apigen-nomlp::zh_simple_python::zh_simple_python_197,correct,correct,both_correct
Salesforce_Llama-xLAM-2-8b-fc-r-checkpoint-2272-merged-1batch-2560seq-3epoch-apigen-nomlp::zh_simple_python::zh_simple_python_200,wrong,correct,b_correct_a_wrong
Salesforce_Llama-xLAM-2-8b-fc-r-checkpoint-2272-merged-1batch-2560seq-3epoch-apigen-nomlp::zh_simple_python::zh_simple_python_202,correct,correct,both_correct
Salesforce_Llama-xLAM-2-8b-fc-r-checkpoint-2272-merged-1batch-2560seq-3epoch-apigen-nomlp::zh_simple_python::zh_simple_python_206,correct,correct,both_correct
Salesforce_Llama-xLAM-2-8b-fc-r-checkpoint-2272-merged-1batch-2560seq-3epoch-apigen-nomlp::zh_simple_python::zh_simple_python_207,correct,correct,both_correct
Salesforce_Llama-xLAM-2-8b-fc-r-checkpoint-2272-merged-1batch-2560seq-3epoch-apigen-nomlp::zh_simple_python::zh_simple_python_216,correct,correct,both_correct
Salesforce_Llama-xLAM-2-8b-fc-r-checkpoint-2272-merged-1batch-2560seq-3epoch-apigen-nomlp::zh_simple_python::zh_simple_python_219,wrong,correct,b_correct_a_wrong
Salesforce_Llama-xLAM-2-8b-fc-r-checkpoint-2272-merged-1batch-2560seq-3epoch-apigen-nomlp::zh_simple_python::zh_simple_python_224,wrong,correct,b_correct_a_wrong
Salesforce_Llama-xLAM-2-8b-fc-r-checkpoint-2272-merged-1batch-2560seq-3epoch-apigen-nomlp::zh_simple_python::zh_simple_python_229,wrong,correct,b_correct_a_wrong
Salesforce_Llama-xLAM-2-8b-fc-r-checkpoint-2272-merged-1batch-2560seq-3epoch-apigen-nomlp::zh_simple_python::zh_simple_python_255,correct,correct,both_correct
Salesforce_Llama-xLAM-2-8b-fc-r-checkpoint-2272-merged-1batch-2560seq-3epoch-apigen-nomlp::zh_simple_python::zh_simple_python_257,correct,correct,both_correct
Salesforce_Llama-xLAM-2-8b-fc-r-checkpoint-2272-merged-1batch-2560seq-3epoch-apigen-nomlp::zh_simple_python::zh_simple_python_283,correct,correct,both_correct
Salesforce_Llama-xLAM-2-8b-fc-r-checkpoint-2272-merged-1batch-2560seq-3epoch-apigen-nomlp::zh_simple_python::zh_simple_python_295,correct,correct,both_correct
Salesforce_Llama-xLAM-2-8b-fc-r-checkpoint-2272-merged-1batch-2560seq-3epoch-apigen-nomlp::zh_simple_python::zh_simple_python_304,wrong,correct,b_correct_a_wrong
Salesforce_Llama-xLAM-2-8b-fc-r-checkpoint-2272-merged-1batch-2560seq-3epoch-apigen-nomlp::zh_simple_python::zh_simple_python_324,correct,correct,both_correct
Salesforce_Llama-xLAM-2-8b-fc-r-checkpoint-2272-merged-1batch-2560seq-3epoch-apigen-nomlp::zh_simple_python::zh_simple_python_326,correct,correct,both_correct
Salesforce_Llama-xLAM-2-8b-fc-r-checkpoint-2272-merged-1batch-2560seq-3epoch-apigen-nomlp::zh_simple_python::zh_simple_python_327,correct,correct,both_correct
Salesforce_Llama-xLAM-2-8b-fc-r-checkpoint-2272-merged-1batch-2560seq-3epoch-apigen-nomlp::zh_simple_python::zh_simple_python_344,correct,correct,both_correct
Salesforce_Llama-xLAM-2-8b-fc-r-checkpoint-2272-merged-1batch-2560seq-3epoch-apigen-nomlp::zh_simple_python::zh_simple_python_352,correct,correct,both_correct
Salesforce_Llama-xLAM-2-8b-fc-r-checkpoint-2272-merged-1batch-2560seq-3epoch-apigen-nomlp::zh_simple_python::zh_simple_python_373,wrong,correct,b_correct_a_wrong
Salesforce_Llama-xLAM-2-8b-fc-r-checkpoint-2272-merged-1batch-2560seq-3epoch-apigen-nomlp::zh_simple_python::zh_simple_python_375,wrong,correct,b_correct_a_wrong
Salesforce_Llama-xLAM-2-8b-fc-r-checkpoint-2272-merged-1batch-2560seq-3epoch-apigen-nomlp::zh_simple_python::zh_simple_python_386,correct,correct,both_correct
Salesforce_Llama-xLAM-2-8b-fc-r-checkpoint-2272-merged-1batch-2560seq-3epoch-apigen-nomlp::zh_simple_python::zh_simple_python_387,correct,correct,both_correct
Salesforce_Llama-xLAM-2-8b-fc-r-checkpoint-2272-merged-1batch-2560seq-3epoch-apigen-nomlp::zh_simple_python::zh_simple_python_396,correct,correct,both_correct
Salesforce_Llama-xLAM-2-8b-fc-r-checkpoint-2272-merged-1batch-2560seq-3epoch-apigen-nomlp::zh_simple_python::zh_simple_python_399,correct,correct,both_correct
Salesforce_Llama-xLAM-2-8b-fc-r-checkpoint-2272-merged-1batch-2560seq-3epoch-apigen-nomlp::zh_simple_python::zh_simple_python_59,wrong,correct,b_correct_a_wrong
Salesforce_Llama-xLAM-2-8b-fc-r-checkpoint-2272-merged-1batch-2560seq-3epoch-apigen-nomlp::zh_simple_python::zh_simple_python_77,correct,correct,both_correct
Salesforce_Llama-xLAM-2-8b-fc-r-checkpoint-2272-merged-1batch-2560seq-3epoch-apigen-nomlp::zh_simple_python::zh_simple_python_85,wrong,correct,b_correct_a_wrong
Salesforce_Llama-xLAM-2-8b-fc-r-checkpoint-2272-merged-1batch-2560seq-3epoch-apigen-nomlp::zh_simple_python::zh_simple_python_98,wrong,correct,b_correct_a_wrong
Salesforce_Llama-xLAM-2-8b-fc-r-checkpoint-2364-merged-2batch-1024seq-3epoch-apigen-nomlp::zh_multiple::zh_multiple_134,correct,correct,both_correct
Salesforce_Llama-xLAM-2-8b-fc-r-checkpoint-2364-merged-2batch-1024seq-3epoch-apigen-nomlp::zh_multiple::zh_multiple_136,wrong,correct,b_correct_a_wrong
Salesforce_Llama-xLAM-2-8b-fc-r-checkpoint-2364-merged-2batch-1024seq-3epoch-apigen-nomlp::zh_multiple::zh_multiple_149,correct,correct,both_correct
Salesforce_Llama-xLAM-2-8b-fc-r-checkpoint-2364-merged-2batch-1024seq-3epoch-apigen-nomlp::zh_multiple::zh_multiple_158,correct,correct,both_correct
Salesforce_Llama-xLAM-2-8b-fc-r-checkpoint-2364-merged-2batch-1024seq-3epoch-apigen-nomlp::zh_multiple::zh_multiple_160,wrong,correct,b_correct_a_wrong
Salesforce_Llama-xLAM-2-8b-fc-r-checkpoint-2364-merged-2batch-1024seq-3epoch-apigen-nomlp::zh_multiple::zh_multiple_165,correct,correct,both_correct
Salesforce_Llama-xLAM-2-8b-fc-r-checkpoint-2364-merged-2batch-1024seq-3epoch-apigen-nomlp::zh_multiple::zh_multiple_168,correct,correct,both_correct
Salesforce_Llama-xLAM-2-8b-fc-r-checkpoint-2364-merged-2batch-1024seq-3epoch-apigen-nomlp::zh_multiple::zh_multiple_190,correct,correct,both_correct
Salesforce_Llama-xLAM-2-8b-fc-r-checkpoint-2364-merged-2batch-1024seq-3epoch-apigen-nomlp::zh_multiple::zh_multiple_67,wrong,correct,b_correct_a_wrong
Salesforce_Llama-xLAM-2-8b-fc-r-checkpoint-2364-merged-2batch-1024seq-3epoch-apigen-nomlp::zh_multiple::zh_multiple_78,correct,correct,both_correct
Salesforce_Llama-xLAM-2-8b-fc-r-checkpoint-2364-merged-2batch-1024seq-3epoch-apigen-nomlp::zh_multiple::zh_multiple_84,correct,correct,both_correct
Salesforce_Llama-xLAM-2-8b-fc-r-checkpoint-2364-merged-2batch-1024seq-3epoch-apigen-nomlp::zh_multiple::zh_multiple_91,wrong,correct,b_correct_a_wrong
Salesforce_Llama-xLAM-2-8b-fc-r-checkpoint-2364-merged-2batch-1024seq-3epoch-apigen-nomlp::zh_multiple::zh_multiple_94,wrong,correct,b_correct_a_wrong
Salesforce_Llama-xLAM-2-8b-fc-r-checkpoint-2364-merged-2batch-1024seq-3epoch-apigen-nomlp::zh_parallel::zh_parallel_115,correct,correct,both_correct
Salesforce_Llama-xLAM-2-8b-fc-r-checkpoint-2364-merged-2batch-1024seq-3epoch-apigen-nomlp::zh_parallel::zh_parallel_117,wrong,correct,b_correct_a_wrong
Salesforce_Llama-xLAM-2-8b-fc-r-checkpoint-2364-merged-2batch-1024seq-3epoch-apigen-nomlp::zh_parallel::zh_parallel_119,correct,correct,both_correct
Salesforce_Llama-xLAM-2-8b-fc-r-checkpoint-2364-merged-2batch-1024seq-3epoch-apigen-nomlp::zh_parallel::zh_parallel_13,wrong,correct,b_correct_a_wrong
Salesforce_Llama-xLAM-2-8b-fc-r-checkpoint-2364-merged-2batch-1024seq-3epoch-apigen-nomlp::zh_parallel::zh_parallel_130,correct,correct,both_correct
Salesforce_Llama-xLAM-2-8b-fc-r-checkpoint-2364-merged-2batch-1024seq-3epoch-apigen-nomlp::zh_parallel::zh_parallel_159,wrong,correct,b_correct_a_wrong
Salesforce_Llama-xLAM-2-8b-fc-r-checkpoint-2364-merged-2batch-1024seq-3epoch-apigen-nomlp::zh_parallel::zh_parallel_164,wrong,correct,b_correct_a_wrong
Salesforce_Llama-xLAM-2-8b-fc-r-checkpoint-2364-merged-2batch-1024seq-3epoch-apigen-nomlp::zh_parallel::zh_parallel_181,wrong,correct,b_correct_a_wrong
Salesforce_Llama-xLAM-2-8b-fc-r-checkpoint-2364-merged-2batch-1024seq-3epoch-apigen-nomlp::zh_parallel::zh_parallel_189,correct,correct,both_correct
Salesforce_Llama-xLAM-2-8b-fc-r-checkpoint-2364-merged-2batch-1024seq-3epoch-apigen-nomlp::zh_parallel::zh_parallel_19,correct,correct,both_correct
Salesforce_Llama-xLAM-2-8b-fc-r-checkpoint-2364-merged-2batch-1024seq-3epoch-apigen-nomlp::zh_parallel::zh_parallel_191,correct,correct,both_correct
Salesforce_Llama-xLAM-2-8b-fc-r-checkpoint-2364-merged-2batch-1024seq-3epoch-apigen-nomlp::zh_parallel::zh_parallel_194,correct,correct,both_correct
Salesforce_Llama-xLAM-2-8b-fc-r-checkpoint-2364-merged-2batch-1024seq-3epoch-apigen-nomlp::zh_parallel::zh_parallel_36,correct,correct,both_correct
Salesforce_Llama-xLAM-2-8b-fc-r-checkpoint-2364-merged-2batch-1024seq-3epoch-apigen-nomlp::zh_parallel::zh_parallel_44,wrong,correct,b_correct_a_wrong
Salesforce_Llama-xLAM-2-8b-fc-r-checkpoint-2364-merged-2batch-1024seq-3epoch-apigen-nomlp::zh_parallel::zh_parallel_45,wrong,correct,b_correct_a_wrong
Salesforce_Llama-xLAM-2-8b-fc-r-checkpoint-2364-merged-2batch-1024seq-3epoch-apigen-nomlp::zh_parallel::zh_parallel_46,correct,correct,both_correct
Salesforce_Llama-xLAM-2-8b-fc-r-checkpoint-2364-merged-2batch-1024seq-3epoch-apigen-nomlp::zh_parallel::zh_parallel_5,wrong,correct,b_correct_a_wrong
Salesforce_Llama-xLAM-2-8b-fc-r-checkpoint-2364-merged-2batch-1024seq-3epoch-apigen-nomlp::zh_parallel::zh_parallel_51,wrong,correct,b_correct_a_wrong
Salesforce_Llama-xLAM-2-8b-fc-r-checkpoint-2364-merged-2batch-1024seq-3epoch-apigen-nomlp::zh_parallel::zh_parallel_52,correct,correct,both_correct
Salesforce_Llama-xLAM-2-8b-fc-r-checkpoint-2364-merged-2batch-1024seq-3epoch-apigen-nomlp::zh_parallel::zh_parallel_55,correct,correct,both_correct
Salesforce_Llama-xLAM-2-8b-fc-r-checkpoint-2364-merged-2batch-1024seq-3epoch-apigen-nomlp::zh_parallel::zh_parallel_8,correct,correct,both_correct
Salesforce_Llama-xLAM-2-8b-fc-r-checkpoint-2364-merged-2batch-1024seq-3epoch-apigen-nomlp::zh_parallel::zh_parallel_89,correct,correct,both_correct
Salesforce_Llama-xLAM-2-8b-fc-r-checkpoint-2364-merged-2batch-1024seq-3epoch-apigen-nomlp::zh_parallel::zh_parallel_91,correct,correct,both_correct
Salesforce_Llama-xLAM-2-8b-fc-r-checkpoint-2364-merged-2batch-1024seq-3epoch-apigen-nomlp::zh_parallel::zh_parallel_93,correct,correct,both_correct
Salesforce_Llama-xLAM-2-8b-fc-r-checkpoint-2364-merged-2batch-1024seq-3epoch-apigen-nomlp::zh_parallel_multiple::zh_parallel_multiple_10,wrong,correct,b_correct_a_wrong
Salesforce_Llama-xLAM-2-8b-fc-r-checkpoint-2364-merged-2batch-1024seq-3epoch-apigen-nomlp::zh_parallel_multiple::zh_parallel_multiple_103,correct,correct,both_correct
Salesforce_Llama-xLAM-2-8b-fc-r-checkpoint-2364-merged-2batch-1024seq-3epoch-apigen-nomlp::zh_parallel_multiple::zh_parallel_multiple_106,correct,correct,both_correct
Salesforce_Llama-xLAM-2-8b-fc-r-checkpoint-2364-merged-2batch-1024seq-3epoch-apigen-nomlp::zh_parallel_multiple::zh_parallel_multiple_107,correct,correct,both_correct
Salesforce_Llama-xLAM-2-8b-fc-r-checkpoint-2364-merged-2batch-1024seq-3epoch-apigen-nomlp::zh_parallel_multiple::zh_parallel_multiple_118,correct,correct,both_correct
Salesforce_Llama-xLAM-2-8b-fc-r-checkpoint-2364-merged-2batch-1024seq-3epoch-apigen-nomlp::zh_parallel_multiple::zh_parallel_multiple_120,correct,correct,both_correct
Salesforce_Llama-xLAM-2-8b-fc-r-checkpoint-2364-merged-2batch-1024seq-3epoch-apigen-nomlp::zh_parallel_multiple::zh_parallel_multiple_122,correct,correct,both_correct
Salesforce_Llama-xLAM-2-8b-fc-r-checkpoint-2364-merged-2batch-1024seq-3epoch-apigen-nomlp::zh_parallel_multiple::zh_parallel_multiple_127,correct,correct,both_correct
Salesforce_Llama-xLAM-2-8b-fc-r-checkpoint-2364-merged-2batch-1024seq-3epoch-apigen-nomlp::zh_parallel_multiple::zh_parallel_multiple_128,correct,correct,both_correct
Salesforce_Llama-xLAM-2-8b-fc-r-checkpoint-2364-merged-2batch-1024seq-3epoch-apigen-nomlp::zh_parallel_multiple::zh_parallel_multiple_136,correct,correct,both_correct
Salesforce_Llama-xLAM-2-8b-fc-r-checkpoint-2364-merged-2batch-1024seq-3epoch-apigen-nomlp::zh_parallel_multiple::zh_parallel_multiple_139,correct,correct,both_correct
Salesforce_Llama-xLAM-2-8b-fc-r-checkpoint-2364-merged-2batch-1024seq-3epoch-apigen-nomlp::zh_parallel_multiple::zh_parallel_multiple_141,correct,correct,both_correct
Salesforce_Llama-xLAM-2-8b-fc-r-checkpoint-2364-merged-2batch-1024seq-3epoch-apigen-nomlp::zh_parallel_multiple::zh_parallel_multiple_145,wrong,correct,b_correct_a_wrong
Salesforce_Llama-xLAM-2-8b-fc-r-checkpoint-2364-merged-2batch-1024seq-3epoch-apigen-nomlp::zh_parallel_multiple::zh_parallel_multiple_147,correct,correct,both_correct
Salesforce_Llama-xLAM-2-8b-fc-r-checkpoint-2364-merged-2batch-1024seq-3epoch-apigen-nomlp::zh_parallel_multiple::zh_parallel_multiple_148,correct,correct,both_correct
Salesforce_Llama-xLAM-2-8b-fc-r-checkpoint-2364-merged-2batch-1024seq-3epoch-apigen-nomlp::zh_parallel_multiple::zh_parallel_multiple_149,correct,correct,both_correct
Salesforce_Llama-xLAM-2-8b-fc-r-checkpoint-2364-merged-2batch-1024seq-3epoch-apigen-nomlp::zh_parallel_multiple::zh_parallel_multiple_153,correct,correct,both_correct
Salesforce_Llama-xLAM-2-8b-fc-r-checkpoint-2364-merged-2batch-1024seq-3epoch-apigen-nomlp::zh_parallel_multiple::zh_parallel_multiple_158,correct,correct,both_correct
Salesforce_Llama-xLAM-2-8b-fc-r-checkpoint-2364-merged-2batch-1024seq-3epoch-apigen-nomlp::zh_parallel_multiple::zh_parallel_multiple_159,correct,correct,both_correct
Salesforce_Llama-xLAM-2-8b-fc-r-checkpoint-2364-merged-2batch-1024seq-3epoch-apigen-nomlp::zh_parallel_multiple::zh_parallel_multiple_163,correct,correct,both_correct
Salesforce_Llama-xLAM-2-8b-fc-r-checkpoint-2364-merged-2batch-1024seq-3epoch-apigen-nomlp::zh_parallel_multiple::zh_parallel_multiple_165,correct,correct,both_correct
Salesforce_Llama-xLAM-2-8b-fc-r-checkpoint-2364-merged-2batch-1024seq-3epoch-apigen-nomlp::zh_parallel_multiple::zh_parallel_multiple_172,correct,correct,both_correct
Salesforce_Llama-xLAM-2-8b-fc-r-checkpoint-2364-merged-2batch-1024seq-3epoch-apigen-nomlp::zh_parallel_multiple::zh_parallel_multiple_173,correct,correct,both_correct
Salesforce_Llama-xLAM-2-8b-fc-r-checkpoint-2364-merged-2batch-1024seq-3epoch-apigen-nomlp::zh_parallel_multiple::zh_parallel_multiple_176,correct,correct,both_correct
Salesforce_Llama-xLAM-2-8b-fc-r-checkpoint-2364-merged-2batch-1024seq-3epoch-apigen-nomlp::zh_parallel_multiple::zh_parallel_multiple_180,correct,correct,both_correct
Salesforce_Llama-xLAM-2-8b-fc-r-checkpoint-2364-merged-2batch-1024seq-3epoch-apigen-nomlp::zh_parallel_multiple::zh_parallel_multiple_189,correct,correct,both_correct
Salesforce_Llama-xLAM-2-8b-fc-r-checkpoint-2364-merged-2batch-1024seq-3epoch-apigen-nomlp::zh_parallel_multiple::zh_parallel_multiple_19,correct,correct,both_correct
Salesforce_Llama-xLAM-2-8b-fc-r-checkpoint-2364-merged-2batch-1024seq-3epoch-apigen-nomlp::zh_parallel_multiple::zh_parallel_multiple_191,correct,correct,both_correct
Salesforce_Llama-xLAM-2-8b-fc-r-checkpoint-2364-merged-2batch-1024seq-3epoch-apigen-nomlp::zh_parallel_multiple::zh_parallel_multiple_192,correct,correct,both_correct
Salesforce_Llama-xLAM-2-8b-fc-r-checkpoint-2364-merged-2batch-1024seq-3epoch-apigen-nomlp::zh_parallel_multiple::zh_parallel_multiple_195,correct,correct,both_correct
Salesforce_Llama-xLAM-2-8b-fc-r-checkpoint-2364-merged-2batch-1024seq-3epoch-apigen-nomlp::zh_parallel_multiple::zh_parallel_multiple_196,correct,correct,both_correct
Salesforce_Llama-xLAM-2-8b-fc-r-checkpoint-2364-merged-2batch-1024seq-3epoch-apigen-nomlp::zh_parallel_multiple::zh_parallel_multiple_21,correct,correct,both_correct
Salesforce_Llama-xLAM-2-8b-fc-r-checkpoint-2364-merged-2batch-1024seq-3epoch-apigen-nomlp::zh_parallel_multiple::zh_parallel_multiple_27,correct,correct,both_correct
Salesforce_Llama-xLAM-2-8b-fc-r-checkpoint-2364-merged-2batch-1024seq-3epoch-apigen-nomlp::zh_parallel_multiple::zh_parallel_multiple_32,correct,correct,both_correct
Salesforce_Llama-xLAM-2-8b-fc-r-checkpoint-2364-merged-2batch-1024seq-3epoch-apigen-nomlp::zh_parallel_multiple::zh_parallel_multiple_33,correct,correct,both_correct
Salesforce_Llama-xLAM-2-8b-fc-r-checkpoint-2364-merged-2batch-1024seq-3epoch-apigen-nomlp::zh_parallel_multiple::zh_parallel_multiple_40,correct,correct,both_correct
Salesforce_Llama-xLAM-2-8b-fc-r-checkpoint-2364-merged-2batch-1024seq-3epoch-apigen-nomlp::zh_parallel_multiple::zh_parallel_multiple_42,correct,correct,both_correct
Salesforce_Llama-xLAM-2-8b-fc-r-checkpoint-2364-merged-2batch-1024seq-3epoch-apigen-nomlp::zh_parallel_multiple::zh_parallel_multiple_50,correct,correct,both_correct
Salesforce_Llama-xLAM-2-8b-fc-r-checkpoint-2364-merged-2batch-1024seq-3epoch-apigen-nomlp::zh_parallel_multiple::zh_parallel_multiple_51,correct,correct,both_correct
Salesforce_Llama-xLAM-2-8b-fc-r-checkpoint-2364-merged-2batch-1024seq-3epoch-apigen-nomlp::zh_parallel_multiple::zh_parallel_multiple_54,wrong,correct,b_correct_a_wrong
Salesforce_Llama-xLAM-2-8b-fc-r-checkpoint-2364-merged-2batch-1024seq-3epoch-apigen-nomlp::zh_parallel_multiple::zh_parallel_multiple_55,correct,correct,both_correct
Salesforce_Llama-xLAM-2-8b-fc-r-checkpoint-2364-merged-2batch-1024seq-3epoch-apigen-nomlp::zh_parallel_multiple::zh_parallel_multiple_63,correct,correct,both_correct
Salesforce_Llama-xLAM-2-8b-fc-r-checkpoint-2364-merged-2batch-1024seq-3epoch-apigen-nomlp::zh_parallel_multiple::zh_parallel_multiple_65,correct,correct,both_correct
Salesforce_Llama-xLAM-2-8b-fc-r-checkpoint-2364-merged-2batch-1024seq-3epoch-apigen-nomlp::zh_parallel_multiple::zh_parallel_multiple_69,wrong,wrong,both_wrong
Salesforce_Llama-xLAM-2-8b-fc-r-checkpoint-2364-merged-2batch-1024seq-3epoch-apigen-nomlp::zh_parallel_multiple::zh_parallel_multiple_70,wrong,correct,b_correct_a_wrong
Salesforce_Llama-xLAM-2-8b-fc-r-checkpoint-2364-merged-2batch-1024seq-3epoch-apigen-nomlp::zh_parallel_multiple::zh_parallel_multiple_78,correct,correct,both_correct
Salesforce_Llama-xLAM-2-8b-fc-r-checkpoint-2364-merged-2batch-1024seq-3epoch-apigen-nomlp::zh_parallel_multiple::zh_parallel_multiple_91,correct,correct,both_correct
Salesforce_Llama-xLAM-2-8b-fc-r-checkpoint-2364-merged-2batch-1024seq-3epoch-apigen-nomlp::zh_parallel_multiple::zh_parallel_multiple_93,correct,correct,both_correct
Salesforce_Llama-xLAM-2-8b-fc-r-checkpoint-2364-merged-2batch-1024seq-3epoch-apigen-nomlp::zh_parallel_multiple::zh_parallel_multiple_94,correct,correct,both_correct
Salesforce_Llama-xLAM-2-8b-fc-r-checkpoint-2364-merged-2batch-1024seq-3epoch-apigen-nomlp::zh_parallel_multiple::zh_parallel_multiple_97,wrong,correct,b_correct_a_wrong
Salesforce_Llama-xLAM-2-8b-fc-r-checkpoint-2364-merged-2batch-1024seq-3epoch-apigen-nomlp::zh_simple_python::zh_simple_python_147,correct,correct,both_correct
Salesforce_Llama-xLAM-2-8b-fc-r-checkpoint-2364-merged-2batch-1024seq-3epoch-apigen-nomlp::zh_simple_python::zh_simple_python_156,correct,correct,both_correct
Salesforce_Llama-xLAM-2-8b-fc-r-checkpoint-2364-merged-2batch-1024seq-3epoch-apigen-nomlp::zh_simple_python::zh_simple_python_159,wrong,correct,b_correct_a_wrong
Salesforce_Llama-xLAM-2-8b-fc-r-checkpoint-2364-merged-2batch-1024seq-3epoch-apigen-nomlp::zh_simple_python::zh_simple_python_162,correct,correct,both_correct
Salesforce_Llama-xLAM-2-8b-fc-r-checkpoint-2364-merged-2batch-1024seq-3epoch-apigen-nomlp::zh_simple_python::zh_simple_python_163,correct,correct,both_correct
Salesforce_Llama-xLAM-2-8b-fc-r-checkpoint-2364-merged-2batch-1024seq-3epoch-apigen-nomlp::zh_simple_python::zh_simple_python_164,correct,correct,both_correct
Salesforce_Llama-xLAM-2-8b-fc-r-checkpoint-2364-merged-2batch-1024seq-3epoch-apigen-nomlp::zh_simple_python::zh_simple_python_165,correct,correct,both_correct
Salesforce_Llama-xLAM-2-8b-fc-r-checkpoint-2364-merged-2batch-1024seq-3epoch-apigen-nomlp::zh_simple_python::zh_simple_python_166,correct,correct,both_correct
Salesforce_Llama-xLAM-2-8b-fc-r-checkpoint-2364-merged-2batch-1024seq-3epoch-apigen-nomlp::zh_simple_python::zh_simple_python_174,correct,correct,both_correct
Salesforce_Llama-xLAM-2-8b-fc-r-checkpoint-2364-merged-2batch-1024seq-3epoch-apigen-nomlp::zh_simple_python::zh_simple_python_200,correct,correct,both_correct
Salesforce_Llama-xLAM-2-8b-fc-r-checkpoint-2364-merged-2batch-1024seq-3epoch-apigen-nomlp::zh_simple_python::zh_simple_python_202,correct,correct,both_correct
Salesforce_Llama-xLAM-2-8b-fc-r-checkpoint-2364-merged-2batch-1024seq-3epoch-apigen-nomlp::zh_simple_python::zh_simple_python_206,correct,correct,both_correct
Salesforce_Llama-xLAM-2-8b-fc-r-checkpoint-2364-merged-2batch-1024seq-3epoch-apigen-nomlp::zh_simple_python::zh_simple_python_207,correct,correct,both_correct
Salesforce_Llama-xLAM-2-8b-fc-r-checkpoint-2364-merged-2batch-1024seq-3epoch-apigen-nomlp::zh_simple_python::zh_simple_python_216,correct,correct,both_correct
Salesforce_Llama-xLAM-2-8b-fc-r-checkpoint-2364-merged-2batch-1024seq-3epoch-apigen-nomlp::zh_simple_python::zh_simple_python_217,wrong,correct,b_correct_a_wrong
Salesforce_Llama-xLAM-2-8b-fc-r-checkpoint-2364-merged-2batch-1024seq-3epoch-apigen-nomlp::zh_simple_python::zh_simple_python_219,wrong,correct,b_correct_a_wrong
Salesforce_Llama-xLAM-2-8b-fc-r-checkpoint-2364-merged-2batch-1024seq-3epoch-apigen-nomlp::zh_simple_python::zh_simple_python_224,wrong,correct,b_correct_a_wrong
Salesforce_Llama-xLAM-2-8b-fc-r-checkpoint-2364-merged-2batch-1024seq-3epoch-apigen-nomlp::zh_simple_python::zh_simple_python_229,wrong,correct,b_correct_a_wrong
Salesforce_Llama-xLAM-2-8b-fc-r-checkpoint-2364-merged-2batch-1024seq-3epoch-apigen-nomlp::zh_simple_python::zh_simple_python_238,correct,correct,both_correct
Salesforce_Llama-xLAM-2-8b-fc-r-checkpoint-2364-merged-2batch-1024seq-3epoch-apigen-nomlp::zh_simple_python::zh_simple_python_255,correct,correct,both_correct
Salesforce_Llama-xLAM-2-8b-fc-r-checkpoint-2364-merged-2batch-1024seq-3epoch-apigen-nomlp::zh_simple_python::zh_simple_python_283,correct,correct,both_correct
Salesforce_Llama-xLAM-2-8b-fc-r-checkpoint-2364-merged-2batch-1024seq-3epoch-apigen-nomlp::zh_simple_python::zh_simple_python_304,wrong,correct,b_correct_a_wrong
Salesforce_Llama-xLAM-2-8b-fc-r-checkpoint-2364-merged-2batch-1024seq-3epoch-apigen-nomlp::zh_simple_python::zh_simple_python_316,wrong,correct,b_correct_a_wrong
Salesforce_Llama-xLAM-2-8b-fc-r-checkpoint-2364-merged-2batch-1024seq-3epoch-apigen-nomlp::zh_simple_python::zh_simple_python_324,correct,correct,both_correct
Salesforce_Llama-xLAM-2-8b-fc-r-checkpoint-2364-merged-2batch-1024seq-3epoch-apigen-nomlp::zh_simple_python::zh_simple_python_325,wrong,correct,b_correct_a_wrong
Salesforce_Llama-xLAM-2-8b-fc-r-checkpoint-2364-merged-2batch-1024seq-3epoch-apigen-nomlp::zh_simple_python::zh_simple_python_326,correct,correct,both_correct
Salesforce_Llama-xLAM-2-8b-fc-r-checkpoint-2364-merged-2batch-1024seq-3epoch-apigen-nomlp::zh_simple_python::zh_simple_python_327,correct,correct,both_correct
Salesforce_Llama-xLAM-2-8b-fc-r-checkpoint-2364-merged-2batch-1024seq-3epoch-apigen-nomlp::zh_simple_python::zh_simple_python_344,correct,correct,both_correct
Salesforce_Llama-xLAM-2-8b-fc-r-checkpoint-2364-merged-2batch-1024seq-3epoch-apigen-nomlp::zh_simple_python::zh_simple_python_352,correct,correct,both_correct
Salesforce_Llama-xLAM-2-8b-fc-r-checkpoint-2364-merged-2batch-1024seq-3epoch-apigen-nomlp::zh_simple_python::zh_simple_python_369,correct,correct,both_correct
Salesforce_Llama-xLAM-2-8b-fc-r-checkpoint-2364-merged-2batch-1024seq-3epoch-apigen-nomlp::zh_simple_python::zh_simple_python_373,wrong,correct,b_correct_a_wrong
Salesforce_Llama-xLAM-2-8b-fc-r-checkpoint-2364-merged-2batch-1024seq-3epoch-apigen-nomlp::zh_simple_python::zh_simple_python_386,correct,correct,both_correct
Salesforce_Llama-xLAM-2-8b-fc-r-checkpoint-2364-merged-2batch-1024seq-3epoch-apigen-nomlp::zh_simple_python::zh_simple_python_387,correct,correct,both_correct
Salesforce_Llama-xLAM-2-8b-fc-r-checkpoint-2364-merged-2batch-1024seq-3epoch-apigen-nomlp::zh_simple_python::zh_simple_python_399,correct,correct,both_correct
Salesforce_Llama-xLAM-2-8b-fc-r-checkpoint-2364-merged-2batch-1024seq-3epoch-apigen-nomlp::zh_simple_python::zh_simple_python_59,wrong,correct,b_correct_a_wrong
Salesforce_Llama-xLAM-2-8b-fc-r-checkpoint-2364-merged-2batch-1024seq-3epoch-apigen-nomlp::zh_simple_python::zh_simple_python_77,correct,correct,both_correct
Salesforce_Llama-xLAM-2-8b-fc-r-checkpoint-2364-merged-2batch-1024seq-3epoch-apigen-nomlp::zh_simple_python::zh_simple_python_80,correct,correct,both_correct
Salesforce_Llama-xLAM-2-8b-fc-r-checkpoint-2364-merged-2batch-1024seq-3epoch-apigen-nomlp::zh_simple_python::zh_simple_python_85,correct,correct,both_correct
Salesforce_Llama-xLAM-2-8b-fc-r-checkpoint-2364-merged-2batch-1024seq-3epoch-apigen-nomlp::zh_simple_python::zh_simple_python_89,wrong,correct,b_correct_a_wrong
Salesforce_Llama-xLAM-2-8b-fc-r-checkpoint-2364-merged-2batch-1024seq-3epoch-apigen-nomlp::zh_simple_python::zh_simple_python_98,wrong,correct,b_correct_a_wrong
Salesforce_Llama-xLAM-2-8b-fc-r-checkpoint-2364-merged-2batch-1024seq-3epoch-apigen::zh_multiple::zh_multiple_127,wrong,correct,b_correct_a_wrong
Salesforce_Llama-xLAM-2-8b-fc-r-checkpoint-2364-merged-2batch-1024seq-3epoch-apigen::zh_multiple::zh_multiple_129,wrong,correct,b_correct_a_wrong
Salesforce_Llama-xLAM-2-8b-fc-r-checkpoint-2364-merged-2batch-1024seq-3epoch-apigen::zh_multiple::zh_multiple_134,correct,correct,both_correct
Salesforce_Llama-xLAM-2-8b-fc-r-checkpoint-2364-merged-2batch-1024seq-3epoch-apigen::zh_multiple::zh_multiple_136,correct,correct,both_correct
Salesforce_Llama-xLAM-2-8b-fc-r-checkpoint-2364-merged-2batch-1024seq-3epoch-apigen::zh_multiple::zh_multiple_146,correct,correct,both_correct
Salesforce_Llama-xLAM-2-8b-fc-r-checkpoint-2364-merged-2batch-1024seq-3epoch-apigen::zh_multiple::zh_multiple_149,correct,correct,both_correct
Salesforce_Llama-xLAM-2-8b-fc-r-checkpoint-2364-merged-2batch-1024seq-3epoch-apigen::zh_multiple::zh_multiple_151,wrong,correct,b_correct_a_wrong
Salesforce_Llama-xLAM-2-8b-fc-r-checkpoint-2364-merged-2batch-1024seq-3epoch-apigen::zh_multiple::zh_multiple_158,correct,correct,both_correct
Salesforce_Llama-xLAM-2-8b-fc-r-checkpoint-2364-merged-2batch-1024seq-3epoch-apigen::zh_multiple::zh_multiple_160,wrong,correct,b_correct_a_wrong
Salesforce_Llama-xLAM-2-8b-fc-r-checkpoint-2364-merged-2batch-1024seq-3epoch-apigen::zh_multiple::zh_multiple_165,correct,correct,both_correct
Salesforce_Llama-xLAM-2-8b-fc-r-checkpoint-2364-merged-2batch-1024seq-3epoch-apigen::zh_multiple::zh_multiple_190,correct,correct,both_correct
Salesforce_Llama-xLAM-2-8b-fc-r-checkpoint-2364-merged-2batch-1024seq-3epoch-apigen::zh_multiple::zh_multiple_58,wrong,correct,b_correct_a_wrong
Salesforce_Llama-xLAM-2-8b-fc-r-checkpoint-2364-merged-2batch-1024seq-3epoch-apigen::zh_multiple::zh_multiple_61,correct,correct,both_correct
Salesforce_Llama-xLAM-2-8b-fc-r-checkpoint-2364-merged-2batch-1024seq-3epoch-apigen::zh_multiple::zh_multiple_67,correct,correct,both_correct
Salesforce_Llama-xLAM-2-8b-fc-r-checkpoint-2364-merged-2batch-1024seq-3epoch-apigen::zh_multiple::zh_multiple_78,correct,correct,both_correct
Salesforce_Llama-xLAM-2-8b-fc-r-checkpoint-2364-merged-2batch-1024seq-3epoch-apigen::zh_multiple::zh_multiple_8,correct,correct,both_correct
Salesforce_Llama-xLAM-2-8b-fc-r-checkpoint-2364-merged-2batch-1024seq-3epoch-apigen::zh_multiple::zh_multiple_84,correct,correct,both_correct
Salesforce_Llama-xLAM-2-8b-fc-r-checkpoint-2364-merged-2batch-1024seq-3epoch-apigen::zh_multiple::zh_multiple_90,correct,correct,both_correct
Salesforce_Llama-xLAM-2-8b-fc-r-checkpoint-2364-merged-2batch-1024seq-3epoch-apigen::zh_multiple::zh_multiple_91,wrong,correct,b_correct_a_wrong
Salesforce_Llama-xLAM-2-8b-fc-r-checkpoint-2364-merged-2batch-1024seq-3epoch-apigen::zh_multiple::zh_multiple_94,wrong,correct,b_correct_a_wrong
Salesforce_Llama-xLAM-2-8b-fc-r-checkpoint-2364-merged-2batch-1024seq-3epoch-apigen::zh_parallel::zh_parallel_117,wrong,correct,b_correct_a_wrong
Salesforce_Llama-xLAM-2-8b-fc-r-checkpoint-2364-merged-2batch-1024seq-3epoch-apigen::zh_parallel::zh_parallel_13,wrong,correct,b_correct_a_wrong
Salesforce_Llama-xLAM-2-8b-fc-r-checkpoint-2364-merged-2batch-1024seq-3epoch-apigen::zh_parallel::zh_parallel_130,correct,correct,both_correct
Salesforce_Llama-xLAM-2-8b-fc-r-checkpoint-2364-merged-2batch-1024seq-3epoch-apigen::zh_parallel::zh_parallel_159,wrong,correct,b_correct_a_wrong
Salesforce_Llama-xLAM-2-8b-fc-r-checkpoint-2364-merged-2batch-1024seq-3epoch-apigen::zh_parallel::zh_parallel_164,wrong,correct,b_correct_a_wrong
Salesforce_Llama-xLAM-2-8b-fc-r-checkpoint-2364-merged-2batch-1024seq-3epoch-apigen::zh_parallel::zh_parallel_177,correct,correct,both_correct
Salesforce_Llama-xLAM-2-8b-fc-r-checkpoint-2364-merged-2batch-1024seq-3epoch-apigen::zh_parallel::zh_parallel_181,wrong,correct,b_correct_a_wrong
Salesforce_Llama-xLAM-2-8b-fc-r-checkpoint-2364-merged-2batch-1024seq-3epoch-apigen::zh_parallel::zh_parallel_191,correct,correct,both_correct
Salesforce_Llama-xLAM-2-8b-fc-r-checkpoint-2364-merged-2batch-1024seq-3epoch-apigen::zh_parallel::zh_parallel_36,correct,correct,both_correct
Salesforce_Llama-xLAM-2-8b-fc-r-checkpoint-2364-merged-2batch-1024seq-3epoch-apigen::zh_parallel::zh_parallel_39,correct,correct,both_correct
Salesforce_Llama-xLAM-2-8b-fc-r-checkpoint-2364-merged-2batch-1024seq-3epoch-apigen::zh_parallel::zh_parallel_44,wrong,correct,b_correct_a_wrong
Salesforce_Llama-xLAM-2-8b-fc-r-checkpoint-2364-merged-2batch-1024seq-3epoch-apigen::zh_parallel::zh_parallel_45,wrong,correct,b_correct_a_wrong
Salesforce_Llama-xLAM-2-8b-fc-r-checkpoint-2364-merged-2batch-1024seq-3epoch-apigen::zh_parallel::zh_parallel_46,correct,correct,both_correct
Salesforce_Llama-xLAM-2-8b-fc-r-checkpoint-2364-merged-2batch-1024seq-3epoch-apigen::zh_parallel::zh_parallel_5,wrong,correct,b_correct_a_wrong
Salesforce_Llama-xLAM-2-8b-fc-r-checkpoint-2364-merged-2batch-1024seq-3epoch-apigen::zh_parallel::zh_parallel_52,correct,correct,both_correct
Salesforce_Llama-xLAM-2-8b-fc-r-checkpoint-2364-merged-2batch-1024seq-3epoch-apigen::zh_parallel::zh_parallel_55,correct,correct,both_correct
Salesforce_Llama-xLAM-2-8b-fc-r-checkpoint-2364-merged-2batch-1024seq-3epoch-apigen::zh_parallel::zh_parallel_8,correct,correct,both_correct
Salesforce_Llama-xLAM-2-8b-fc-r-checkpoint-2364-merged-2batch-1024seq-3epoch-apigen::zh_parallel::zh_parallel_89,correct,correct,both_correct
Salesforce_Llama-xLAM-2-8b-fc-r-checkpoint-2364-merged-2batch-1024seq-3epoch-apigen::zh_parallel::zh_parallel_91,correct,correct,both_correct
Salesforce_Llama-xLAM-2-8b-fc-r-checkpoint-2364-merged-2batch-1024seq-3epoch-apigen::zh_parallel::zh_parallel_93,correct,correct,both_correct
Salesforce_Llama-xLAM-2-8b-fc-r-checkpoint-2364-merged-2batch-1024seq-3epoch-apigen::zh_parallel_multiple::zh_parallel_multiple_10,correct,correct,both_correct
Salesforce_Llama-xLAM-2-8b-fc-r-checkpoint-2364-merged-2batch-1024seq-3epoch-apigen::zh_parallel_multiple::zh_parallel_multiple_103,correct,correct,both_correct
Salesforce_Llama-xLAM-2-8b-fc-r-checkpoint-2364-merged-2batch-1024seq-3epoch-apigen::zh_parallel_multiple::zh_parallel_multiple_106,correct,correct,both_correct
Salesforce_Llama-xLAM-2-8b-fc-r-checkpoint-2364-merged-2batch-1024seq-3epoch-apigen::zh_parallel_multiple::zh_parallel_multiple_107,correct,correct,both_correct
Salesforce_Llama-xLAM-2-8b-fc-r-checkpoint-2364-merged-2batch-1024seq-3epoch-apigen::zh_parallel_multiple::zh_parallel_multiple_118,wrong,correct,b_correct_a_wrong
Salesforce_Llama-xLAM-2-8b-fc-r-checkpoint-2364-merged-2batch-1024seq-3epoch-apigen::zh_parallel_multiple::zh_parallel_multiple_125,correct,correct,both_correct
Salesforce_Llama-xLAM-2-8b-fc-r-checkpoint-2364-merged-2batch-1024seq-3epoch-apigen::zh_parallel_multiple::zh_parallel_multiple_127,correct,correct,both_correct
Salesforce_Llama-xLAM-2-8b-fc-r-checkpoint-2364-merged-2batch-1024seq-3epoch-apigen::zh_parallel_multiple::zh_parallel_multiple_128,correct,correct,both_correct
Salesforce_Llama-xLAM-2-8b-fc-r-checkpoint-2364-merged-2batch-1024seq-3epoch-apigen::zh_parallel_multiple::zh_parallel_multiple_136,wrong,correct,b_correct_a_wrong
Salesforce_Llama-xLAM-2-8b-fc-r-checkpoint-2364-merged-2batch-1024seq-3epoch-apigen::zh_parallel_multiple::zh_parallel_multiple_139,correct,correct,both_correct
Salesforce_Llama-xLAM-2-8b-fc-r-checkpoint-2364-merged-2batch-1024seq-3epoch-apigen::zh_parallel_multiple::zh_parallel_multiple_140,wrong,correct,b_correct_a_wrong
Salesforce_Llama-xLAM-2-8b-fc-r-checkpoint-2364-merged-2batch-1024seq-3epoch-apigen::zh_parallel_multiple::zh_parallel_multiple_147,correct,correct,both_correct
Salesforce_Llama-xLAM-2-8b-fc-r-checkpoint-2364-merged-2batch-1024seq-3epoch-apigen::zh_parallel_multiple::zh_parallel_multiple_148,correct,correct,both_correct
Salesforce_Llama-xLAM-2-8b-fc-r-checkpoint-2364-merged-2batch-1024seq-3epoch-apigen::zh_parallel_multiple::zh_parallel_multiple_151,correct,correct,both_correct
Salesforce_Llama-xLAM-2-8b-fc-r-checkpoint-2364-merged-2batch-1024seq-3epoch-apigen::zh_parallel_multiple::zh_parallel_multiple_153,correct,correct,both_correct
Salesforce_Llama-xLAM-2-8b-fc-r-checkpoint-2364-merged-2batch-1024seq-3epoch-apigen::zh_parallel_multiple::zh_parallel_multiple_157,correct,correct,both_correct
Salesforce_Llama-xLAM-2-8b-fc-r-checkpoint-2364-merged-2batch-1024seq-3epoch-apigen::zh_parallel_multiple::zh_parallel_multiple_158,correct,correct,both_correct
Salesforce_Llama-xLAM-2-8b-fc-r-checkpoint-2364-merged-2batch-1024seq-3epoch-apigen::zh_parallel_multiple::zh_parallel_multiple_159,correct,correct,both_correct
Salesforce_Llama-xLAM-2-8b-fc-r-checkpoint-2364-merged-2batch-1024seq-3epoch-apigen::zh_parallel_multiple::zh_parallel_multiple_163,correct,correct,both_correct
Salesforce_Llama-xLAM-2-8b-fc-r-checkpoint-2364-merged-2batch-1024seq-3epoch-apigen::zh_parallel_multiple::zh_parallel_multiple_165,correct,correct,both_correct
Salesforce_Llama-xLAM-2-8b-fc-r-checkpoint-2364-merged-2batch-1024seq-3epoch-apigen::zh_parallel_multiple::zh_parallel_multiple_169,wrong,correct,b_correct_a_wrong
Salesforce_Llama-xLAM-2-8b-fc-r-checkpoint-2364-merged-2batch-1024seq-3epoch-apigen::zh_parallel_multiple::zh_parallel_multiple_172,correct,correct,both_correct
Salesforce_Llama-xLAM-2-8b-fc-r-checkpoint-2364-merged-2batch-1024seq-3epoch-apigen::zh_parallel_multiple::zh_parallel_multiple_173,correct,correct,both_correct
Salesforce_Llama-xLAM-2-8b-fc-r-checkpoint-2364-merged-2batch-1024seq-3epoch-apigen::zh_parallel_multiple::zh_parallel_multiple_176,correct,correct,both_correct
Salesforce_Llama-xLAM-2-8b-fc-r-checkpoint-2364-merged-2batch-1024seq-3epoch-apigen::zh_parallel_multiple::zh_parallel_multiple_189,correct,correct,both_correct
Salesforce_Llama-xLAM-2-8b-fc-r-checkpoint-2364-merged-2batch-1024seq-3epoch-apigen::zh_parallel_multiple::zh_parallel_multiple_19,correct,correct,both_correct
Salesforce_Llama-xLAM-2-8b-fc-r-checkpoint-2364-merged-2batch-1024seq-3epoch-apigen::zh_parallel_multiple::zh_parallel_multiple_191,correct,correct,both_correct
Salesforce_Llama-xLAM-2-8b-fc-r-checkpoint-2364-merged-2batch-1024seq-3epoch-apigen::zh_parallel_multiple::zh_parallel_multiple_192,correct,correct,both_correct
Salesforce_Llama-xLAM-2-8b-fc-r-checkpoint-2364-merged-2batch-1024seq-3epoch-apigen::zh_parallel_multiple::zh_parallel_multiple_195,correct,correct,both_correct
Salesforce_Llama-xLAM-2-8b-fc-r-checkpoint-2364-merged-2batch-1024seq-3epoch-apigen::zh_parallel_multiple::zh_parallel_multiple_196,correct,correct,both_correct
Salesforce_Llama-xLAM-2-8b-fc-r-checkpoint-2364-merged-2batch-1024seq-3epoch-apigen::zh_parallel_multiple::zh_parallel_multiple_197,correct,correct,both_correct
Salesforce_Llama-xLAM-2-8b-fc-r-checkpoint-2364-merged-2batch-1024seq-3epoch-apigen::zh_parallel_multiple::zh_parallel_multiple_21,wrong,correct,b_correct_a_wrong
Salesforce_Llama-xLAM-2-8b-fc-r-checkpoint-2364-merged-2batch-1024seq-3epoch-apigen::zh_parallel_multiple::zh_parallel_multiple_27,correct,correct,both_correct
Salesforce_Llama-xLAM-2-8b-fc-r-checkpoint-2364-merged-2batch-1024seq-3epoch-apigen::zh_parallel_multiple::zh_parallel_multiple_32,correct,correct,both_correct
Salesforce_Llama-xLAM-2-8b-fc-r-checkpoint-2364-merged-2batch-1024seq-3epoch-apigen::zh_parallel_multiple::zh_parallel_multiple_33,correct,correct,both_correct
Salesforce_Llama-xLAM-2-8b-fc-r-checkpoint-2364-merged-2batch-1024seq-3epoch-apigen::zh_parallel_multiple::zh_parallel_multiple_37,correct,correct,both_correct
Salesforce_Llama-xLAM-2-8b-fc-r-checkpoint-2364-merged-2batch-1024seq-3epoch-apigen::zh_parallel_multiple::zh_parallel_multiple_40,correct,correct,both_correct
Salesforce_Llama-xLAM-2-8b-fc-r-checkpoint-2364-merged-2batch-1024seq-3epoch-apigen::zh_parallel_multiple::zh_parallel_multiple_42,correct,correct,both_correct
Salesforce_Llama-xLAM-2-8b-fc-r-checkpoint-2364-merged-2batch-1024seq-3epoch-apigen::zh_parallel_multiple::zh_parallel_multiple_50,correct,correct,both_correct
Salesforce_Llama-xLAM-2-8b-fc-r-checkpoint-2364-merged-2batch-1024seq-3epoch-apigen::zh_parallel_multiple::zh_parallel_multiple_55,correct,correct,both_correct
Salesforce_Llama-xLAM-2-8b-fc-r-checkpoint-2364-merged-2batch-1024seq-3epoch-apigen::zh_parallel_multiple::zh_parallel_multiple_65,correct,correct,both_correct
Salesforce_Llama-xLAM-2-8b-fc-r-checkpoint-2364-merged-2batch-1024seq-3epoch-apigen::zh_parallel_multiple::zh_parallel_multiple_69,wrong,wrong,both_wrong
Salesforce_Llama-xLAM-2-8b-fc-r-checkpoint-2364-merged-2batch-1024seq-3epoch-apigen::zh_parallel_multiple::zh_parallel_multiple_78,wrong,correct,b_correct_a_wrong
Salesforce_Llama-xLAM-2-8b-fc-r-checkpoint-2364-merged-2batch-1024seq-3epoch-apigen::zh_parallel_multiple::zh_parallel_multiple_91,correct,correct,both_correct
Salesforce_Llama-xLAM-2-8b-fc-r-checkpoint-2364-merged-2batch-1024seq-3epoch-apigen::zh_parallel_multiple::zh_parallel_multiple_94,correct,correct,both_correct
Salesforce_Llama-xLAM-2-8b-fc-r-checkpoint-2364-merged-2batch-1024seq-3epoch-apigen::zh_parallel_multiple::zh_parallel_multiple_97,wrong,correct,b_correct_a_wrong
Salesforce_Llama-xLAM-2-8b-fc-r-checkpoint-2364-merged-2batch-1024seq-3epoch-apigen::zh_simple_python::zh_simple_python_126,wrong,correct,b_correct_a_wrong
Salesforce_Llama-xLAM-2-8b-fc-r-checkpoint-2364-merged-2batch-1024seq-3epoch-apigen::zh_simple_python::zh_simple_python_128,wrong,correct,b_correct_a_wrong
Salesforce_Llama-xLAM-2-8b-fc-r-checkpoint-2364-merged-2batch-1024seq-3epoch-apigen::zh_simple_python::zh_simple_python_136,wrong,correct,b_correct_a_wrong
Salesforce_Llama-xLAM-2-8b-fc-r-checkpoint-2364-merged-2batch-1024seq-3epoch-apigen::zh_simple_python::zh_simple_python_139,wrong,correct,b_correct_a_wrong
Salesforce_Llama-xLAM-2-8b-fc-r-checkpoint-2364-merged-2batch-1024seq-3epoch-apigen::zh_simple_python::zh_simple_python_156,correct,correct,both_correct
Salesforce_Llama-xLAM-2-8b-fc-r-checkpoint-2364-merged-2batch-1024seq-3epoch-apigen::zh_simple_python::zh_simple_python_159,wrong,correct,b_correct_a_wrong
Salesforce_Llama-xLAM-2-8b-fc-r-checkpoint-2364-merged-2batch-1024seq-3epoch-apigen::zh_simple_python::zh_simple_python_162,correct,correct,both_correct
Salesforce_Llama-xLAM-2-8b-fc-r-checkpoint-2364-merged-2batch-1024seq-3epoch-apigen::zh_simple_python::zh_simple_python_163,correct,correct,both_correct
Salesforce_Llama-xLAM-2-8b-fc-r-checkpoint-2364-merged-2batch-1024seq-3epoch-apigen::zh_simple_python::zh_simple_python_165,correct,correct,both_correct
Salesforce_Llama-xLAM-2-8b-fc-r-checkpoint-2364-merged-2batch-1024seq-3epoch-apigen::zh_simple_python::zh_simple_python_166,correct,correct,both_correct
Salesforce_Llama-xLAM-2-8b-fc-r-checkpoint-2364-merged-2batch-1024seq-3epoch-apigen::zh_simple_python::zh_simple_python_174,correct,correct,both_correct
Salesforce_Llama-xLAM-2-8b-fc-r-checkpoint-2364-merged-2batch-1024seq-3epoch-apigen::zh_simple_python::zh_simple_python_197,correct,correct,both_correct
Salesforce_Llama-xLAM-2-8b-fc-r-checkpoint-2364-merged-2batch-1024seq-3epoch-apigen::zh_simple_python::zh_simple_python_200,correct,correct,both_correct
Salesforce_Llama-xLAM-2-8b-fc-r-checkpoint-2364-merged-2batch-1024seq-3epoch-apigen::zh_simple_python::zh_simple_python_202,correct,correct,both_correct
Salesforce_Llama-xLAM-2-8b-fc-r-checkpoint-2364-merged-2batch-1024seq-3epoch-apigen::zh_simple_python::zh_simple_python_204,correct,correct,both_correct
Salesforce_Llama-xLAM-2-8b-fc-r-checkpoint-2364-merged-2batch-1024seq-3epoch-apigen::zh_simple_python::zh_simple_python_207,correct,correct,both_correct
Salesforce_Llama-xLAM-2-8b-fc-r-checkpoint-2364-merged-2batch-1024seq-3epoch-apigen::zh_simple_python::zh_simple_python_216,correct,correct,both_correct
Salesforce_Llama-xLAM-2-8b-fc-r-checkpoint-2364-merged-2batch-1024seq-3epoch-apigen::zh_simple_python::zh_simple_python_219,wrong,correct,b_correct_a_wrong
Salesforce_Llama-xLAM-2-8b-fc-r-checkpoint-2364-merged-2batch-1024seq-3epoch-apigen::zh_simple_python::zh_simple_python_224,wrong,correct,b_correct_a_wrong
Salesforce_Llama-xLAM-2-8b-fc-r-checkpoint-2364-merged-2batch-1024seq-3epoch-apigen::zh_simple_python::zh_simple_python_229,wrong,correct,b_correct_a_wrong
Salesforce_Llama-xLAM-2-8b-fc-r-checkpoint-2364-merged-2batch-1024seq-3epoch-apigen::zh_simple_python::zh_simple_python_255,correct,correct,both_correct
Salesforce_Llama-xLAM-2-8b-fc-r-checkpoint-2364-merged-2batch-1024seq-3epoch-apigen::zh_simple_python::zh_simple_python_257,correct,correct,both_correct
Salesforce_Llama-xLAM-2-8b-fc-r-checkpoint-2364-merged-2batch-1024seq-3epoch-apigen::zh_simple_python::zh_simple_python_279,wrong,correct,b_correct_a_wrong
Salesforce_Llama-xLAM-2-8b-fc-r-checkpoint-2364-merged-2batch-1024seq-3epoch-apigen::zh_simple_python::zh_simple_python_283,correct,correct,both_correct
Salesforce_Llama-xLAM-2-8b-fc-r-checkpoint-2364-merged-2batch-1024seq-3epoch-apigen::zh_simple_python::zh_simple_python_289,correct,correct,both_correct
Salesforce_Llama-xLAM-2-8b-fc-r-checkpoint-2364-merged-2batch-1024seq-3epoch-apigen::zh_simple_python::zh_simple_python_315,wrong,wrong,both_wrong
Salesforce_Llama-xLAM-2-8b-fc-r-checkpoint-2364-merged-2batch-1024seq-3epoch-apigen::zh_simple_python::zh_simple_python_316,wrong,correct,b_correct_a_wrong
Salesforce_Llama-xLAM-2-8b-fc-r-checkpoint-2364-merged-2batch-1024seq-3epoch-apigen::zh_simple_python::zh_simple_python_322,correct,correct,both_correct
Salesforce_Llama-xLAM-2-8b-fc-r-checkpoint-2364-merged-2batch-1024seq-3epoch-apigen::zh_simple_python::zh_simple_python_324,correct,correct,both_correct
Salesforce_Llama-xLAM-2-8b-fc-r-checkpoint-2364-merged-2batch-1024seq-3epoch-apigen::zh_simple_python::zh_simple_python_325,wrong,correct,b_correct_a_wrong
Salesforce_Llama-xLAM-2-8b-fc-r-checkpoint-2364-merged-2batch-1024seq-3epoch-apigen::zh_simple_python::zh_simple_python_326,correct,correct,both_correct
Salesforce_Llama-xLAM-2-8b-fc-r-checkpoint-2364-merged-2batch-1024seq-3epoch-apigen::zh_simple_python::zh_simple_python_327,correct,correct,both_correct
Salesforce_Llama-xLAM-2-8b-fc-r-checkpoint-2364-merged-2batch-1024seq-3epoch-apigen::zh_simple_python::zh_simple_python_344,correct,correct,both_correct
Salesforce_Llama-xLAM-2-8b-fc-r-checkpoint-2364-merged-2batch-1024seq-3epoch-apigen::zh_simple_python::zh_simple_python_352,correct,correct,both_correct
Salesforce_Llama-xLAM-2-8b-fc-r-checkpoint-2364-merged-2batch-1024seq-3epoch-apigen::zh_simple_python::zh_simple_python_369,wrong,correct,b_correct_a_wrong
Salesforce_Llama-xLAM-2-8b-fc-r-checkpoint-2364-merged-2batch-1024seq-3epoch-apigen::zh_simple_python::zh_simple_python_373,correct,correct,both_correct
Salesforce_Llama-xLAM-2-8b-fc-r-checkpoint-2364-merged-2batch-1024seq-3epoch-apigen::zh_simple_python::zh_simple_python_374,correct,correct,both_correct
Salesforce_Llama-xLAM-2-8b-fc-r-checkpoint-2364-merged-2batch-1024seq-3epoch-apigen::zh_simple_python::zh_simple_python_375,wrong,correct,b_correct_a_wrong
Salesforce_Llama-xLAM-2-8b-fc-r-checkpoint-2364-merged-2batch-1024seq-3epoch-apigen::zh_simple_python::zh_simple_python_386,wrong,correct,b_correct_a_wrong
Salesforce_Llama-xLAM-2-8b-fc-r-checkpoint-2364-merged-2batch-1024seq-3epoch-apigen::zh_simple_python::zh_simple_python_387,correct,correct,both_correct
Salesforce_Llama-xLAM-2-8b-fc-r-checkpoint-2364-merged-2batch-1024seq-3epoch-apigen::zh_simple_python::zh_simple_python_399,correct,correct,both_correct
Salesforce_Llama-xLAM-2-8b-fc-r-checkpoint-2364-merged-2batch-1024seq-3epoch-apigen::zh_simple_python::zh_simple_python_77,correct,correct,both_correct
Salesforce_Llama-xLAM-2-8b-fc-r-checkpoint-2364-merged-2batch-1024seq-3epoch-apigen::zh_simple_python::zh_simple_python_80,correct,correct,both_correct
Salesforce_Llama-xLAM-2-8b-fc-r-checkpoint-2364-merged-2batch-1024seq-3epoch-apigen::zh_simple_python::zh_simple_python_85,correct,correct,both_correct
Salesforce_Llama-xLAM-2-8b-fc-r-checkpoint-2364-merged-2batch-1024seq-3epoch-apigen::zh_simple_python::zh_simple_python_98,wrong,correct,b_correct_a_wrong
Salesforce_Llama-xLAM-2-8b-fc-r-checkpoint-263-merged-2batch-1024seq-3epoch-apigen-nomlp::zh_multiple::zh_multiple_115,correct,correct,both_correct
Salesforce_Llama-xLAM-2-8b-fc-r-checkpoint-263-merged-2batch-1024seq-3epoch-apigen-nomlp::zh_multiple::zh_multiple_134,correct,correct,both_correct
Salesforce_Llama-xLAM-2-8b-fc-r-checkpoint-263-merged-2batch-1024seq-3epoch-apigen-nomlp::zh_multiple::zh_multiple_149,correct,correct,both_correct
Salesforce_Llama-xLAM-2-8b-fc-r-checkpoint-263-merged-2batch-1024seq-3epoch-apigen-nomlp::zh_multiple::zh_multiple_151,wrong,correct,b_correct_a_wrong
Salesforce_Llama-xLAM-2-8b-fc-r-checkpoint-263-merged-2batch-1024seq-3epoch-apigen-nomlp::zh_multiple::zh_multiple_158,correct,correct,both_correct
Salesforce_Llama-xLAM-2-8b-fc-r-checkpoint-263-merged-2batch-1024seq-3epoch-apigen-nomlp::zh_multiple::zh_multiple_160,wrong,correct,b_correct_a_wrong
Salesforce_Llama-xLAM-2-8b-fc-r-checkpoint-263-merged-2batch-1024seq-3epoch-apigen-nomlp::zh_multiple::zh_multiple_164,correct,correct,both_correct
Salesforce_Llama-xLAM-2-8b-fc-r-checkpoint-263-merged-2batch-1024seq-3epoch-apigen-nomlp::zh_multiple::zh_multiple_165,correct,correct,both_correct
Salesforce_Llama-xLAM-2-8b-fc-r-checkpoint-263-merged-2batch-1024seq-3epoch-apigen-nomlp::zh_multiple::zh_multiple_166,correct,correct,both_correct
Salesforce_Llama-xLAM-2-8b-fc-r-checkpoint-263-merged-2batch-1024seq-3epoch-apigen-nomlp::zh_multiple::zh_multiple_168,correct,correct,both_correct
Salesforce_Llama-xLAM-2-8b-fc-r-checkpoint-263-merged-2batch-1024seq-3epoch-apigen-nomlp::zh_multiple::zh_multiple_186,wrong,correct,b_correct_a_wrong
Salesforce_Llama-xLAM-2-8b-fc-r-checkpoint-263-merged-2batch-1024seq-3epoch-apigen-nomlp::zh_multiple::zh_multiple_190,correct,correct,both_correct
Salesforce_Llama-xLAM-2-8b-fc-r-checkpoint-263-merged-2batch-1024seq-3epoch-apigen-nomlp::zh_multiple::zh_multiple_192,wrong,correct,b_correct_a_wrong
Salesforce_Llama-xLAM-2-8b-fc-r-checkpoint-263-merged-2batch-1024seq-3epoch-apigen-nomlp::zh_multiple::zh_multiple_35,wrong,wrong,both_wrong
Salesforce_Llama-xLAM-2-8b-fc-r-checkpoint-263-merged-2batch-1024seq-3epoch-apigen-nomlp::zh_multiple::zh_multiple_65,wrong,correct,b_correct_a_wrong
Salesforce_Llama-xLAM-2-8b-fc-r-checkpoint-263-merged-2batch-1024seq-3epoch-apigen-nomlp::zh_multiple::zh_multiple_67,wrong,correct,b_correct_a_wrong
Salesforce_Llama-xLAM-2-8b-fc-r-checkpoint-263-merged-2batch-1024seq-3epoch-apigen-nomlp::zh_multiple::zh_multiple_78,correct,correct,both_correct
Salesforce_Llama-xLAM-2-8b-fc-r-checkpoint-263-merged-2batch-1024seq-3epoch-apigen-nomlp::zh_multiple::zh_multiple_89,wrong,correct,b_correct_a_wrong
Salesforce_Llama-xLAM-2-8b-fc-r-checkpoint-263-merged-2batch-1024seq-3epoch-apigen-nomlp::zh_multiple::zh_multiple_91,wrong,correct,b_correct_a_wrong
Salesforce_Llama-xLAM-2-8b-fc-r-checkpoint-263-merged-2batch-1024seq-3epoch-apigen-nomlp::zh_multiple::zh_multiple_94,correct,correct,both_correct
Salesforce_Llama-xLAM-2-8b-fc-r-checkpoint-263-merged-2batch-1024seq-3epoch-apigen-nomlp::zh_parallel::zh_parallel_117,wrong,correct,b_correct_a_wrong
Salesforce_Llama-xLAM-2-8b-fc-r-checkpoint-263-merged-2batch-1024seq-3epoch-apigen-nomlp::zh_parallel::zh_parallel_119,correct,correct,both_correct
Salesforce_Llama-xLAM-2-8b-fc-r-checkpoint-263-merged-2batch-1024seq-3epoch-apigen-nomlp::zh_parallel::zh_parallel_13,wrong,correct,b_correct_a_wrong
Salesforce_Llama-xLAM-2-8b-fc-r-checkpoint-263-merged-2batch-1024seq-3epoch-apigen-nomlp::zh_parallel::zh_parallel_130,correct,correct,both_correct
Salesforce_Llama-xLAM-2-8b-fc-r-checkpoint-263-merged-2batch-1024seq-3epoch-apigen-nomlp::zh_parallel::zh_parallel_159,wrong,correct,b_correct_a_wrong
Salesforce_Llama-xLAM-2-8b-fc-r-checkpoint-263-merged-2batch-1024seq-3epoch-apigen-nomlp::zh_parallel::zh_parallel_164,wrong,correct,b_correct_a_wrong
Salesforce_Llama-xLAM-2-8b-fc-r-checkpoint-263-merged-2batch-1024seq-3epoch-apigen-nomlp::zh_parallel::zh_parallel_181,wrong,correct,b_correct_a_wrong
Salesforce_Llama-xLAM-2-8b-fc-r-checkpoint-263-merged-2batch-1024seq-3epoch-apigen-nomlp::zh_parallel::zh_parallel_186,correct,correct,both_correct
Salesforce_Llama-xLAM-2-8b-fc-r-checkpoint-263-merged-2batch-1024seq-3epoch-apigen-nomlp::zh_parallel::zh_parallel_19,correct,correct,both_correct
Salesforce_Llama-xLAM-2-8b-fc-r-checkpoint-263-merged-2batch-1024seq-3epoch-apigen-nomlp::zh_parallel::zh_parallel_194,correct,correct,both_correct
Salesforce_Llama-xLAM-2-8b-fc-r-checkpoint-263-merged-2batch-1024seq-3epoch-apigen-nomlp::zh_parallel::zh_parallel_21,correct,correct,both_correct
Salesforce_Llama-xLAM-2-8b-fc-r-checkpoint-263-merged-2batch-1024seq-3epoch-apigen-nomlp::zh_parallel::zh_parallel_3,wrong,correct,b_correct_a_wrong
Salesforce_Llama-xLAM-2-8b-fc-r-checkpoint-263-merged-2batch-1024seq-3epoch-apigen-nomlp::zh_parallel::zh_parallel_35,wrong,correct,b_correct_a_wrong
Salesforce_Llama-xLAM-2-8b-fc-r-checkpoint-263-merged-2batch-1024seq-3epoch-apigen-nomlp::zh_parallel::zh_parallel_40,correct,correct,both_correct
Salesforce_Llama-xLAM-2-8b-fc-r-checkpoint-263-merged-2batch-1024seq-3epoch-apigen-nomlp::zh_parallel::zh_parallel_44,correct,correct,both_correct
Salesforce_Llama-xLAM-2-8b-fc-r-checkpoint-263-merged-2batch-1024seq-3epoch-apigen-nomlp::zh_parallel::zh_parallel_45,wrong,correct,b_correct_a_wrong
Salesforce_Llama-xLAM-2-8b-fc-r-checkpoint-263-merged-2batch-1024seq-3epoch-apigen-nomlp::zh_parallel::zh_parallel_52,correct,correct,both_correct
Salesforce_Llama-xLAM-2-8b-fc-r-checkpoint-263-merged-2batch-1024seq-3epoch-apigen-nomlp::zh_parallel::zh_parallel_55,correct,correct,both_correct
Salesforce_Llama-xLAM-2-8b-fc-r-checkpoint-263-merged-2batch-1024seq-3epoch-apigen-nomlp::zh_parallel::zh_parallel_88,correct,correct,both_correct
Salesforce_Llama-xLAM-2-8b-fc-r-checkpoint-263-merged-2batch-1024seq-3epoch-apigen-nomlp::zh_parallel::zh_parallel_89,correct,correct,both_correct
Salesforce_Llama-xLAM-2-8b-fc-r-checkpoint-263-merged-2batch-1024seq-3epoch-apigen-nomlp::zh_parallel::zh_parallel_91,correct,correct,both_correct
Salesforce_Llama-xLAM-2-8b-fc-r-checkpoint-263-merged-2batch-1024seq-3epoch-apigen-nomlp::zh_parallel::zh_parallel_93,correct,correct,both_correct
Salesforce_Llama-xLAM-2-8b-fc-r-checkpoint-263-merged-2batch-1024seq-3epoch-apigen-nomlp::zh_parallel_multiple::zh_parallel_multiple_103,correct,correct,both_correct
Salesforce_Llama-xLAM-2-8b-fc-r-checkpoint-263-merged-2batch-1024seq-3epoch-apigen-nomlp::zh_parallel_multiple::zh_parallel_multiple_106,correct,correct,both_correct
Salesforce_Llama-xLAM-2-8b-fc-r-checkpoint-263-merged-2batch-1024seq-3epoch-apigen-nomlp::zh_parallel_multiple::zh_parallel_multiple_107,correct,correct,both_correct
Salesforce_Llama-xLAM-2-8b-fc-r-checkpoint-263-merged-2batch-1024seq-3epoch-apigen-nomlp::zh_parallel_multiple::zh_parallel_multiple_118,correct,correct,both_correct
Salesforce_Llama-xLAM-2-8b-fc-r-checkpoint-263-merged-2batch-1024seq-3epoch-apigen-nomlp::zh_parallel_multiple::zh_parallel_multiple_126,correct,correct,both_correct
Salesforce_Llama-xLAM-2-8b-fc-r-checkpoint-263-merged-2batch-1024seq-3epoch-apigen-nomlp::zh_parallel_multiple::zh_parallel_multiple_127,correct,correct,both_correct
Salesforce_Llama-xLAM-2-8b-fc-r-checkpoint-263-merged-2batch-1024seq-3epoch-apigen-nomlp::zh_parallel_multiple::zh_parallel_multiple_128,correct,correct,both_correct
Salesforce_Llama-xLAM-2-8b-fc-r-checkpoint-263-merged-2batch-1024seq-3epoch-apigen-nomlp::zh_parallel_multiple::zh_parallel_multiple_134,correct,correct,both_correct
Salesforce_Llama-xLAM-2-8b-fc-r-checkpoint-263-merged-2batch-1024seq-3epoch-apigen-nomlp::zh_parallel_multiple::zh_parallel_multiple_136,correct,correct,both_correct
Salesforce_Llama-xLAM-2-8b-fc-r-checkpoint-263-merged-2batch-1024seq-3epoch-apigen-nomlp::zh_parallel_multiple::zh_parallel_multiple_139,correct,correct,both_correct
Salesforce_Llama-xLAM-2-8b-fc-r-checkpoint-263-merged-2batch-1024seq-3epoch-apigen-nomlp::zh_parallel_multiple::zh_parallel_multiple_141,correct,correct,both_correct
Salesforce_Llama-xLAM-2-8b-fc-r-checkpoint-263-merged-2batch-1024seq-3epoch-apigen-nomlp::zh_parallel_multiple::zh_parallel_multiple_146,correct,correct,both_correct
Salesforce_Llama-xLAM-2-8b-fc-r-checkpoint-263-merged-2batch-1024seq-3epoch-apigen-nomlp::zh_parallel_multiple::zh_parallel_multiple_147,correct,correct,both_correct
Salesforce_Llama-xLAM-2-8b-fc-r-checkpoint-263-merged-2batch-1024seq-3epoch-apigen-nomlp::zh_parallel_multiple::zh_parallel_multiple_148,correct,correct,both_correct
Salesforce_Llama-xLAM-2-8b-fc-r-checkpoint-263-merged-2batch-1024seq-3epoch-apigen-nomlp::zh_parallel_multiple::zh_parallel_multiple_149,correct,correct,both_correct
Salesforce_Llama-xLAM-2-8b-fc-r-checkpoint-263-merged-2batch-1024seq-3epoch-apigen-nomlp::zh_parallel_multiple::zh_parallel_multiple_150,correct,correct,both_correct
Salesforce_Llama-xLAM-2-8b-fc-r-checkpoint-263-merged-2batch-1024seq-3epoch-apigen-nomlp::zh_parallel_multiple::zh_parallel_multiple_158,wrong,correct,b_correct_a_wrong
Salesforce_Llama-xLAM-2-8b-fc-r-checkpoint-263-merged-2batch-1024seq-3epoch-apigen-nomlp::zh_parallel_multiple::zh_parallel_multiple_159,correct,correct,both_correct
Salesforce_Llama-xLAM-2-8b-fc-r-checkpoint-263-merged-2batch-1024seq-3epoch-apigen-nomlp::zh_parallel_multiple::zh_parallel_multiple_165,correct,correct,both_correct
Salesforce_Llama-xLAM-2-8b-fc-r-checkpoint-263-merged-2batch-1024seq-3epoch-apigen-nomlp::zh_parallel_multiple::zh_parallel_multiple_169,wrong,correct,b_correct_a_wrong
Salesforce_Llama-xLAM-2-8b-fc-r-checkpoint-263-merged-2batch-1024seq-3epoch-apigen-nomlp::zh_parallel_multiple::zh_parallel_multiple_176,correct,correct,both_correct
Salesforce_Llama-xLAM-2-8b-fc-r-checkpoint-263-merged-2batch-1024seq-3epoch-apigen-nomlp::zh_parallel_multiple::zh_parallel_multiple_177,correct,correct,both_correct
Salesforce_Llama-xLAM-2-8b-fc-r-checkpoint-263-merged-2batch-1024seq-3epoch-apigen-nomlp::zh_parallel_multiple::zh_parallel_multiple_183,correct,wrong,a_correct_b_wrong
Salesforce_Llama-xLAM-2-8b-fc-r-checkpoint-263-merged-2batch-1024seq-3epoch-apigen-nomlp::zh_parallel_multiple::zh_parallel_multiple_189,correct,correct,both_correct
Salesforce_Llama-xLAM-2-8b-fc-r-checkpoint-263-merged-2batch-1024seq-3epoch-apigen-nomlp::zh_parallel_multiple::zh_parallel_multiple_19,correct,correct,both_correct
Salesforce_Llama-xLAM-2-8b-fc-r-checkpoint-263-merged-2batch-1024seq-3epoch-apigen-nomlp::zh_parallel_multiple::zh_parallel_multiple_191,correct,correct,both_correct
Salesforce_Llama-xLAM-2-8b-fc-r-checkpoint-263-merged-2batch-1024seq-3epoch-apigen-nomlp::zh_parallel_multiple::zh_parallel_multiple_192,correct,correct,both_correct
Salesforce_Llama-xLAM-2-8b-fc-r-checkpoint-263-merged-2batch-1024seq-3epoch-apigen-nomlp::zh_parallel_multiple::zh_parallel_multiple_196,correct,correct,both_correct
Salesforce_Llama-xLAM-2-8b-fc-r-checkpoint-263-merged-2batch-1024seq-3epoch-apigen-nomlp::zh_parallel_multiple::zh_parallel_multiple_21,wrong,correct,b_correct_a_wrong
Salesforce_Llama-xLAM-2-8b-fc-r-checkpoint-263-merged-2batch-1024seq-3epoch-apigen-nomlp::zh_parallel_multiple::zh_parallel_multiple_32,correct,correct,both_correct
Salesforce_Llama-xLAM-2-8b-fc-r-checkpoint-263-merged-2batch-1024seq-3epoch-apigen-nomlp::zh_parallel_multiple::zh_parallel_multiple_33,correct,correct,both_correct
Salesforce_Llama-xLAM-2-8b-fc-r-checkpoint-263-merged-2batch-1024seq-3epoch-apigen-nomlp::zh_parallel_multiple::zh_parallel_multiple_40,correct,correct,both_correct
Salesforce_Llama-xLAM-2-8b-fc-r-checkpoint-263-merged-2batch-1024seq-3epoch-apigen-nomlp::zh_parallel_multiple::zh_parallel_multiple_53,wrong,wrong,both_wrong
Salesforce_Llama-xLAM-2-8b-fc-r-checkpoint-263-merged-2batch-1024seq-3epoch-apigen-nomlp::zh_parallel_multiple::zh_parallel_multiple_54,wrong,correct,b_correct_a_wrong
Salesforce_Llama-xLAM-2-8b-fc-r-checkpoint-263-merged-2batch-1024seq-3epoch-apigen-nomlp::zh_parallel_multiple::zh_parallel_multiple_55,correct,correct,both_correct
Salesforce_Llama-xLAM-2-8b-fc-r-checkpoint-263-merged-2batch-1024seq-3epoch-apigen-nomlp::zh_parallel_multiple::zh_parallel_multiple_65,correct,correct,both_correct
Salesforce_Llama-xLAM-2-8b-fc-r-checkpoint-263-merged-2batch-1024seq-3epoch-apigen-nomlp::zh_parallel_multiple::zh_parallel_multiple_69,wrong,wrong,both_wrong
Salesforce_Llama-xLAM-2-8b-fc-r-checkpoint-263-merged-2batch-1024seq-3epoch-apigen-nomlp::zh_parallel_multiple::zh_parallel_multiple_78,wrong,correct,b_correct_a_wrong
Salesforce_Llama-xLAM-2-8b-fc-r-checkpoint-263-merged-2batch-1024seq-3epoch-apigen-nomlp::zh_parallel_multiple::zh_parallel_multiple_87,correct,correct,both_correct
Salesforce_Llama-xLAM-2-8b-fc-r-checkpoint-263-merged-2batch-1024seq-3epoch-apigen-nomlp::zh_parallel_multiple::zh_parallel_multiple_93,correct,correct,both_correct
Salesforce_Llama-xLAM-2-8b-fc-r-checkpoint-263-merged-2batch-1024seq-3epoch-apigen-nomlp::zh_parallel_multiple::zh_parallel_multiple_94,wrong,correct,b_correct_a_wrong
Salesforce_Llama-xLAM-2-8b-fc-r-checkpoint-263-merged-2batch-1024seq-3epoch-apigen-nomlp::zh_parallel_multiple::zh_parallel_multiple_96,correct,correct,both_correct
Salesforce_Llama-xLAM-2-8b-fc-r-checkpoint-263-merged-2batch-1024seq-3epoch-apigen-nomlp::zh_parallel_multiple::zh_parallel_multiple_97,wrong,correct,b_correct_a_wrong
Salesforce_Llama-xLAM-2-8b-fc-r-checkpoint-263-merged-2batch-1024seq-3epoch-apigen-nomlp::zh_simple_python::zh_simple_python_139,wrong,correct,b_correct_a_wrong
Salesforce_Llama-xLAM-2-8b-fc-r-checkpoint-263-merged-2batch-1024seq-3epoch-apigen-nomlp::zh_simple_python::zh_simple_python_156,correct,correct,both_correct
Salesforce_Llama-xLAM-2-8b-fc-r-checkpoint-263-merged-2batch-1024seq-3epoch-apigen-nomlp::zh_simple_python::zh_simple_python_159,wrong,correct,b_correct_a_wrong
Salesforce_Llama-xLAM-2-8b-fc-r-checkpoint-263-merged-2batch-1024seq-3epoch-apigen-nomlp::zh_simple_python::zh_simple_python_163,correct,correct,both_correct
Salesforce_Llama-xLAM-2-8b-fc-r-checkpoint-263-merged-2batch-1024seq-3epoch-apigen-nomlp::zh_simple_python::zh_simple_python_166,correct,correct,both_correct
Salesforce_Llama-xLAM-2-8b-fc-r-checkpoint-263-merged-2batch-1024seq-3epoch-apigen-nomlp::zh_simple_python::zh_simple_python_171,correct,correct,both_correct
Salesforce_Llama-xLAM-2-8b-fc-r-checkpoint-263-merged-2batch-1024seq-3epoch-apigen-nomlp::zh_simple_python::zh_simple_python_178,wrong,correct,b_correct_a_wrong
Salesforce_Llama-xLAM-2-8b-fc-r-checkpoint-263-merged-2batch-1024seq-3epoch-apigen-nomlp::zh_simple_python::zh_simple_python_191,correct,correct,both_correct
Salesforce_Llama-xLAM-2-8b-fc-r-checkpoint-263-merged-2batch-1024seq-3epoch-apigen-nomlp::zh_simple_python::zh_simple_python_197,correct,correct,both_correct
Salesforce_Llama-xLAM-2-8b-fc-r-checkpoint-263-merged-2batch-1024seq-3epoch-apigen-nomlp::zh_simple_python::zh_simple_python_200,wrong,correct,b_correct_a_wrong
Salesforce_Llama-xLAM-2-8b-fc-r-checkpoint-263-merged-2batch-1024seq-3epoch-apigen-nomlp::zh_simple_python::zh_simple_python_202,correct,correct,both_correct
Salesforce_Llama-xLAM-2-8b-fc-r-checkpoint-263-merged-2batch-1024seq-3epoch-apigen-nomlp::zh_simple_python::zh_simple_python_203,wrong,correct,b_correct_a_wrong
Salesforce_Llama-xLAM-2-8b-fc-r-checkpoint-263-merged-2batch-1024seq-3epoch-apigen-nomlp::zh_simple_python::zh_simple_python_207,correct,correct,both_correct
Salesforce_Llama-xLAM-2-8b-fc-r-checkpoint-263-merged-2batch-1024seq-3epoch-apigen-nomlp::zh_simple_python::zh_simple_python_216,correct,correct,both_correct
Salesforce_Llama-xLAM-2-8b-fc-r-checkpoint-263-merged-2batch-1024seq-3epoch-apigen-nomlp::zh_simple_python::zh_simple_python_219,wrong,correct,b_correct_a_wrong
Salesforce_Llama-xLAM-2-8b-fc-r-checkpoint-263-merged-2batch-1024seq-3epoch-apigen-nomlp::zh_simple_python::zh_simple_python_224,wrong,correct,b_correct_a_wrong
Salesforce_Llama-xLAM-2-8b-fc-r-checkpoint-263-merged-2batch-1024seq-3epoch-apigen-nomlp::zh_simple_python::zh_simple_python_229,correct,correct,both_correct
Salesforce_Llama-xLAM-2-8b-fc-r-checkpoint-263-merged-2batch-1024seq-3epoch-apigen-nomlp::zh_simple_python::zh_simple_python_234,wrong,correct,b_correct_a_wrong
Salesforce_Llama-xLAM-2-8b-fc-r-checkpoint-263-merged-2batch-1024seq-3epoch-apigen-nomlp::zh_simple_python::zh_simple_python_255,correct,correct,both_correct
Salesforce_Llama-xLAM-2-8b-fc-r-checkpoint-263-merged-2batch-1024seq-3epoch-apigen-nomlp::zh_simple_python::zh_simple_python_267,wrong,correct,b_correct_a_wrong
Salesforce_Llama-xLAM-2-8b-fc-r-checkpoint-263-merged-2batch-1024seq-3epoch-apigen-nomlp::zh_simple_python::zh_simple_python_273,correct,correct,both_correct
Salesforce_Llama-xLAM-2-8b-fc-r-checkpoint-263-merged-2batch-1024seq-3epoch-apigen-nomlp::zh_simple_python::zh_simple_python_276,correct,correct,both_correct
Salesforce_Llama-xLAM-2-8b-fc-r-checkpoint-263-merged-2batch-1024seq-3epoch-apigen-nomlp::zh_simple_python::zh_simple_python_279,correct,correct,both_correct
Salesforce_Llama-xLAM-2-8b-fc-r-checkpoint-263-merged-2batch-1024seq-3epoch-apigen-nomlp::zh_simple_python::zh_simple_python_283,correct,correct,both_correct
Salesforce_Llama-xLAM-2-8b-fc-r-checkpoint-263-merged-2batch-1024seq-3epoch-apigen-nomlp::zh_simple_python::zh_simple_python_285,correct,correct,both_correct
Salesforce_Llama-xLAM-2-8b-fc-r-checkpoint-263-merged-2batch-1024seq-3epoch-apigen-nomlp::zh_simple_python::zh_simple_python_295,correct,correct,both_correct
Salesforce_Llama-xLAM-2-8b-fc-r-checkpoint-263-merged-2batch-1024seq-3epoch-apigen-nomlp::zh_simple_python::zh_simple_python_304,wrong,correct,b_correct_a_wrong
Salesforce_Llama-xLAM-2-8b-fc-r-checkpoint-263-merged-2batch-1024seq-3epoch-apigen-nomlp::zh_simple_python::zh_simple_python_326,correct,correct,both_correct
Salesforce_Llama-xLAM-2-8b-fc-r-checkpoint-263-merged-2batch-1024seq-3epoch-apigen-nomlp::zh_simple_python::zh_simple_python_327,correct,correct,both_correct
Salesforce_Llama-xLAM-2-8b-fc-r-checkpoint-263-merged-2batch-1024seq-3epoch-apigen-nomlp::zh_simple_python::zh_simple_python_344,correct,correct,both_correct
Salesforce_Llama-xLAM-2-8b-fc-r-checkpoint-263-merged-2batch-1024seq-3epoch-apigen-nomlp::zh_simple_python::zh_simple_python_352,correct,correct,both_correct
Salesforce_Llama-xLAM-2-8b-fc-r-checkpoint-263-merged-2batch-1024seq-3epoch-apigen-nomlp::zh_simple_python::zh_simple_python_367,wrong,correct,b_correct_a_wrong
Salesforce_Llama-xLAM-2-8b-fc-r-checkpoint-263-merged-2batch-1024seq-3epoch-apigen-nomlp::zh_simple_python::zh_simple_python_369,wrong,correct,b_correct_a_wrong
Salesforce_Llama-xLAM-2-8b-fc-r-checkpoint-263-merged-2batch-1024seq-3epoch-apigen-nomlp::zh_simple_python::zh_simple_python_386,correct,correct,both_correct
Salesforce_Llama-xLAM-2-8b-fc-r-checkpoint-263-merged-2batch-1024seq-3epoch-apigen-nomlp::zh_simple_python::zh_simple_python_387,correct,correct,both_correct
Salesforce_Llama-xLAM-2-8b-fc-r-checkpoint-263-merged-2batch-1024seq-3epoch-apigen-nomlp::zh_simple_python::zh_simple_python_390,wrong,correct,b_correct_a_wrong
Salesforce_Llama-xLAM-2-8b-fc-r-checkpoint-263-merged-2batch-1024seq-3epoch-apigen-nomlp::zh_simple_python::zh_simple_python_59,wrong,correct,b_correct_a_wrong
Salesforce_Llama-xLAM-2-8b-fc-r-checkpoint-263-merged-2batch-1024seq-3epoch-apigen-nomlp::zh_simple_python::zh_simple_python_63,correct,correct,both_correct
Salesforce_Llama-xLAM-2-8b-fc-r-checkpoint-263-merged-2batch-1024seq-3epoch-apigen-nomlp::zh_simple_python::zh_simple_python_77,correct,correct,both_correct
Salesforce_Llama-xLAM-2-8b-fc-r-checkpoint-263-merged-2batch-1024seq-3epoch-apigen-nomlp::zh_simple_python::zh_simple_python_85,correct,correct,both_correct
Salesforce_Llama-xLAM-2-8b-fc-r-checkpoint-263-merged-2batch-1024seq-3epoch-apigen-nomlp::zh_simple_python::zh_simple_python_89,wrong,correct,b_correct_a_wrong
Salesforce_Llama-xLAM-2-8b-fc-r-checkpoint-263-merged-2batch-1024seq-3epoch-apigen-nomlp::zh_simple_python::zh_simple_python_98,wrong,correct,b_correct_a_wrong
Salesforce_Llama-xLAM-2-8b-fc-r-checkpoint-263-merged-2batch-1024seq-3epoch-apigen::zh_multiple::zh_multiple_115,correct,correct,both_correct
Salesforce_Llama-xLAM-2-8b-fc-r-checkpoint-263-merged-2batch-1024seq-3epoch-apigen::zh_multiple::zh_multiple_134,correct,correct,both_correct
Salesforce_Llama-xLAM-2-8b-fc-r-checkpoint-263-merged-2batch-1024seq-3epoch-apigen::zh_multiple::zh_multiple_149,correct,correct,both_correct
Salesforce_Llama-xLAM-2-8b-fc-r-checkpoint-263-merged-2batch-1024seq-3epoch-apigen::zh_multiple::zh_multiple_151,wrong,correct,b_correct_a_wrong
Salesforce_Llama-xLAM-2-8b-fc-r-checkpoint-263-merged-2batch-1024seq-3epoch-apigen::zh_multiple::zh_multiple_158,correct,correct,both_correct
Salesforce_Llama-xLAM-2-8b-fc-r-checkpoint-263-merged-2batch-1024seq-3epoch-apigen::zh_multiple::zh_multiple_160,wrong,correct,b_correct_a_wrong
Salesforce_Llama-xLAM-2-8b-fc-r-checkpoint-263-merged-2batch-1024seq-3epoch-apigen::zh_multiple::zh_multiple_164,correct,correct,both_correct
Salesforce_Llama-xLAM-2-8b-fc-r-checkpoint-263-merged-2batch-1024seq-3epoch-apigen::zh_multiple::zh_multiple_165,correct,correct,both_correct
Salesforce_Llama-xLAM-2-8b-fc-r-checkpoint-263-merged-2batch-1024seq-3epoch-apigen::zh_multiple::zh_multiple_166,correct,correct,both_correct
Salesforce_Llama-xLAM-2-8b-fc-r-checkpoint-263-merged-2batch-1024seq-3epoch-apigen::zh_multiple::zh_multiple_168,correct,correct,both_correct
Salesforce_Llama-xLAM-2-8b-fc-r-checkpoint-263-merged-2batch-1024seq-3epoch-apigen::zh_multiple::zh_multiple_186,wrong,correct,b_correct_a_wrong
Salesforce_Llama-xLAM-2-8b-fc-r-checkpoint-263-merged-2batch-1024seq-3epoch-apigen::zh_multiple::zh_multiple_190,correct,correct,both_correct
Salesforce_Llama-xLAM-2-8b-fc-r-checkpoint-263-merged-2batch-1024seq-3epoch-apigen::zh_multiple::zh_multiple_192,wrong,correct,b_correct_a_wrong
Salesforce_Llama-xLAM-2-8b-fc-r-checkpoint-263-merged-2batch-1024seq-3epoch-apigen::zh_multiple::zh_multiple_58,wrong,correct,b_correct_a_wrong
Salesforce_Llama-xLAM-2-8b-fc-r-checkpoint-263-merged-2batch-1024seq-3epoch-apigen::zh_multiple::zh_multiple_61,wrong,correct,b_correct_a_wrong
Salesforce_Llama-xLAM-2-8b-fc-r-checkpoint-263-merged-2batch-1024seq-3epoch-apigen::zh_multiple::zh_multiple_65,wrong,correct,b_correct_a_wrong
Salesforce_Llama-xLAM-2-8b-fc-r-checkpoint-263-merged-2batch-1024seq-3epoch-apigen::zh_multiple::zh_multiple_67,wrong,correct,b_correct_a_wrong
Salesforce_Llama-xLAM-2-8b-fc-r-checkpoint-263-merged-2batch-1024seq-3epoch-apigen::zh_multiple::zh_multiple_78,correct,correct,both_correct
Salesforce_Llama-xLAM-2-8b-fc-r-checkpoint-263-merged-2batch-1024seq-3epoch-apigen::zh_multiple::zh_multiple_89,correct,correct,both_correct
Salesforce_Llama-xLAM-2-8b-fc-r-checkpoint-263-merged-2batch-1024seq-3epoch-apigen::zh_multiple::zh_multiple_91,wrong,correct,b_correct_a_wrong
Salesforce_Llama-xLAM-2-8b-fc-r-checkpoint-263-merged-2batch-1024seq-3epoch-apigen::zh_multiple::zh_multiple_94,correct,correct,both_correct
Salesforce_Llama-xLAM-2-8b-fc-r-checkpoint-263-merged-2batch-1024seq-3epoch-apigen::zh_parallel::zh_parallel_117,wrong,correct,b_correct_a_wrong
Salesforce_Llama-xLAM-2-8b-fc-r-checkpoint-263-merged-2batch-1024seq-3epoch-apigen::zh_parallel::zh_parallel_119,correct,correct,both_correct
Salesforce_Llama-xLAM-2-8b-fc-r-checkpoint-263-merged-2batch-1024seq-3epoch-apigen::zh_parallel::zh_parallel_13,wrong,correct,b_correct_a_wrong
Salesforce_Llama-xLAM-2-8b-fc-r-checkpoint-263-merged-2batch-1024seq-3epoch-apigen::zh_parallel::zh_parallel_130,correct,correct,both_correct
Salesforce_Llama-xLAM-2-8b-fc-r-checkpoint-263-merged-2batch-1024seq-3epoch-apigen::zh_parallel::zh_parallel_151,correct,correct,both_correct
Salesforce_Llama-xLAM-2-8b-fc-r-checkpoint-263-merged-2batch-1024seq-3epoch-apigen::zh_parallel::zh_parallel_159,wrong,correct,b_correct_a_wrong
Salesforce_Llama-xLAM-2-8b-fc-r-checkpoint-263-merged-2batch-1024seq-3epoch-apigen::zh_parallel::zh_parallel_164,wrong,correct,b_correct_a_wrong
Salesforce_Llama-xLAM-2-8b-fc-r-checkpoint-263-merged-2batch-1024seq-3epoch-apigen::zh_parallel::zh_parallel_181,wrong,correct,b_correct_a_wrong
Salesforce_Llama-xLAM-2-8b-fc-r-checkpoint-263-merged-2batch-1024seq-3epoch-apigen::zh_parallel::zh_parallel_186,correct,correct,both_correct
Salesforce_Llama-xLAM-2-8b-fc-r-checkpoint-263-merged-2batch-1024seq-3epoch-apigen::zh_parallel::zh_parallel_19,correct,correct,both_correct
Salesforce_Llama-xLAM-2-8b-fc-r-checkpoint-263-merged-2batch-1024seq-3epoch-apigen::zh_parallel::zh_parallel_194,correct,correct,both_correct
Salesforce_Llama-xLAM-2-8b-fc-r-checkpoint-263-merged-2batch-1024seq-3epoch-apigen::zh_parallel::zh_parallel_21,correct,correct,both_correct
Salesforce_Llama-xLAM-2-8b-fc-r-checkpoint-263-merged-2batch-1024seq-3epoch-apigen::zh_parallel::zh_parallel_3,wrong,correct,b_correct_a_wrong
Salesforce_Llama-xLAM-2-8b-fc-r-checkpoint-263-merged-2batch-1024seq-3epoch-apigen::zh_parallel::zh_parallel_40,correct,correct,both_correct
Salesforce_Llama-xLAM-2-8b-fc-r-checkpoint-263-merged-2batch-1024seq-3epoch-apigen::zh_parallel::zh_parallel_44,wrong,correct,b_correct_a_wrong
Salesforce_Llama-xLAM-2-8b-fc-r-checkpoint-263-merged-2batch-1024seq-3epoch-apigen::zh_parallel::zh_parallel_45,wrong,correct,b_correct_a_wrong
Salesforce_Llama-xLAM-2-8b-fc-r-checkpoint-263-merged-2batch-1024seq-3epoch-apigen::zh_parallel::zh_parallel_52,correct,correct,both_correct
Salesforce_Llama-xLAM-2-8b-fc-r-checkpoint-263-merged-2batch-1024seq-3epoch-apigen::zh_parallel::zh_parallel_55,correct,correct,both_correct
Salesforce_Llama-xLAM-2-8b-fc-r-checkpoint-263-merged-2batch-1024seq-3epoch-apigen::zh_parallel::zh_parallel_88,correct,correct,both_correct
Salesforce_Llama-xLAM-2-8b-fc-r-checkpoint-263-merged-2batch-1024seq-3epoch-apigen::zh_parallel::zh_parallel_89,correct,correct,both_correct
Salesforce_Llama-xLAM-2-8b-fc-r-checkpoint-263-merged-2batch-1024seq-3epoch-apigen::zh_parallel::zh_parallel_93,correct,correct,both_correct
Salesforce_Llama-xLAM-2-8b-fc-r-checkpoint-263-merged-2batch-1024seq-3epoch-apigen::zh_parallel_multiple::zh_parallel_multiple_103,correct,correct,both_correct
Salesforce_Llama-xLAM-2-8b-fc-r-checkpoint-263-merged-2batch-1024seq-3epoch-apigen::zh_parallel_multiple::zh_parallel_multiple_106,correct,correct,both_correct
Salesforce_Llama-xLAM-2-8b-fc-r-checkpoint-263-merged-2batch-1024seq-3epoch-apigen::zh_parallel_multiple::zh_parallel_multiple_107,correct,correct,both_correct
Salesforce_Llama-xLAM-2-8b-fc-r-checkpoint-263-merged-2batch-1024seq-3epoch-apigen::zh_parallel_multiple::zh_parallel_multiple_118,wrong,correct,b_correct_a_wrong
Salesforce_Llama-xLAM-2-8b-fc-r-checkpoint-263-merged-2batch-1024seq-3epoch-apigen::zh_parallel_multiple::zh_parallel_multiple_126,correct,correct,both_correct
Salesforce_Llama-xLAM-2-8b-fc-r-checkpoint-263-merged-2batch-1024seq-3epoch-apigen::zh_parallel_multiple::zh_parallel_multiple_127,correct,correct,both_correct
Salesforce_Llama-xLAM-2-8b-fc-r-checkpoint-263-merged-2batch-1024seq-3epoch-apigen::zh_parallel_multiple::zh_parallel_multiple_128,correct,correct,both_correct
Salesforce_Llama-xLAM-2-8b-fc-r-checkpoint-263-merged-2batch-1024seq-3epoch-apigen::zh_parallel_multiple::zh_parallel_multiple_134,correct,correct,both_correct
Salesforce_Llama-xLAM-2-8b-fc-r-checkpoint-263-merged-2batch-1024seq-3epoch-apigen::zh_parallel_multiple::zh_parallel_multiple_136,wrong,correct,b_correct_a_wrong
Salesforce_Llama-xLAM-2-8b-fc-r-checkpoint-263-merged-2batch-1024seq-3epoch-apigen::zh_parallel_multiple::zh_parallel_multiple_139,correct,correct,both_correct
Salesforce_Llama-xLAM-2-8b-fc-r-checkpoint-263-merged-2batch-1024seq-3epoch-apigen::zh_parallel_multiple::zh_parallel_multiple_147,correct,correct,both_correct
Salesforce_Llama-xLAM-2-8b-fc-r-checkpoint-263-merged-2batch-1024seq-3epoch-apigen::zh_parallel_multiple::zh_parallel_multiple_148,correct,correct,both_correct
Salesforce_Llama-xLAM-2-8b-fc-r-checkpoint-263-merged-2batch-1024seq-3epoch-apigen::zh_parallel_multiple::zh_parallel_multiple_149,correct,correct,both_correct
Salesforce_Llama-xLAM-2-8b-fc-r-checkpoint-263-merged-2batch-1024seq-3epoch-apigen::zh_parallel_multiple::zh_parallel_multiple_150,correct,correct,both_correct
Salesforce_Llama-xLAM-2-8b-fc-r-checkpoint-263-merged-2batch-1024seq-3epoch-apigen::zh_parallel_multiple::zh_parallel_multiple_158,correct,correct,both_correct
Salesforce_Llama-xLAM-2-8b-fc-r-checkpoint-263-merged-2batch-1024seq-3epoch-apigen::zh_parallel_multiple::zh_parallel_multiple_159,correct,correct,both_correct
Salesforce_Llama-xLAM-2-8b-fc-r-checkpoint-263-merged-2batch-1024seq-3epoch-apigen::zh_parallel_multiple::zh_parallel_multiple_165,correct,correct,both_correct
Salesforce_Llama-xLAM-2-8b-fc-r-checkpoint-263-merged-2batch-1024seq-3epoch-apigen::zh_parallel_multiple::zh_parallel_multiple_169,wrong,correct,b_correct_a_wrong
Salesforce_Llama-xLAM-2-8b-fc-r-checkpoint-263-merged-2batch-1024seq-3epoch-apigen::zh_parallel_multiple::zh_parallel_multiple_176,correct,correct,both_correct
Salesforce_Llama-xLAM-2-8b-fc-r-checkpoint-263-merged-2batch-1024seq-3epoch-apigen::zh_parallel_multiple::zh_parallel_multiple_177,correct,correct,both_correct
Salesforce_Llama-xLAM-2-8b-fc-r-checkpoint-263-merged-2batch-1024seq-3epoch-apigen::zh_parallel_multiple::zh_parallel_multiple_183,wrong,wrong,both_wrong
Salesforce_Llama-xLAM-2-8b-fc-r-checkpoint-263-merged-2batch-1024seq-3epoch-apigen::zh_parallel_multiple::zh_parallel_multiple_189,correct,correct,both_correct
Salesforce_Llama-xLAM-2-8b-fc-r-checkpoint-263-merged-2batch-1024seq-3epoch-apigen::zh_parallel_multiple::zh_parallel_multiple_19,correct,correct,both_correct
Salesforce_Llama-xLAM-2-8b-fc-r-checkpoint-263-merged-2batch-1024seq-3epoch-apigen::zh_parallel_multiple::zh_parallel_multiple_191,correct,correct,both_correct
Salesforce_Llama-xLAM-2-8b-fc-r-checkpoint-263-merged-2batch-1024seq-3epoch-apigen::zh_parallel_multiple::zh_parallel_multiple_196,correct,correct,both_correct
Salesforce_Llama-xLAM-2-8b-fc-r-checkpoint-263-merged-2batch-1024seq-3epoch-apigen::zh_parallel_multiple::zh_parallel_multiple_21,correct,correct,both_correct
Salesforce_Llama-xLAM-2-8b-fc-r-checkpoint-263-merged-2batch-1024seq-3epoch-apigen::zh_parallel_multiple::zh_parallel_multiple_32,correct,correct,both_correct
Salesforce_Llama-xLAM-2-8b-fc-r-checkpoint-263-merged-2batch-1024seq-3epoch-apigen::zh_parallel_multiple::zh_parallel_multiple_33,correct,correct,both_correct
Salesforce_Llama-xLAM-2-8b-fc-r-checkpoint-263-merged-2batch-1024seq-3epoch-apigen::zh_parallel_multiple::zh_parallel_multiple_37,correct,correct,both_correct
Salesforce_Llama-xLAM-2-8b-fc-r-checkpoint-263-merged-2batch-1024seq-3epoch-apigen::zh_parallel_multiple::zh_parallel_multiple_40,correct,correct,both_correct
Salesforce_Llama-xLAM-2-8b-fc-r-checkpoint-263-merged-2batch-1024seq-3epoch-apigen::zh_parallel_multiple::zh_parallel_multiple_53,wrong,wrong,both_wrong
Salesforce_Llama-xLAM-2-8b-fc-r-checkpoint-263-merged-2batch-1024seq-3epoch-apigen::zh_parallel_multiple::zh_parallel_multiple_54,wrong,correct,b_correct_a_wrong
Salesforce_Llama-xLAM-2-8b-fc-r-checkpoint-263-merged-2batch-1024seq-3epoch-apigen::zh_parallel_multiple::zh_parallel_multiple_65,wrong,correct,b_correct_a_wrong
Salesforce_Llama-xLAM-2-8b-fc-r-checkpoint-263-merged-2batch-1024seq-3epoch-apigen::zh_parallel_multiple::zh_parallel_multiple_69,wrong,wrong,both_wrong
Salesforce_Llama-xLAM-2-8b-fc-r-checkpoint-263-merged-2batch-1024seq-3epoch-apigen::zh_parallel_multiple::zh_parallel_multiple_78,wrong,correct,b_correct_a_wrong
Salesforce_Llama-xLAM-2-8b-fc-r-checkpoint-263-merged-2batch-1024seq-3epoch-apigen::zh_parallel_multiple::zh_parallel_multiple_87,correct,correct,both_correct
Salesforce_Llama-xLAM-2-8b-fc-r-checkpoint-263-merged-2batch-1024seq-3epoch-apigen::zh_parallel_multiple::zh_parallel_multiple_93,correct,correct,both_correct
Salesforce_Llama-xLAM-2-8b-fc-r-checkpoint-263-merged-2batch-1024seq-3epoch-apigen::zh_parallel_multiple::zh_parallel_multiple_94,wrong,correct,b_correct_a_wrong
Salesforce_Llama-xLAM-2-8b-fc-r-checkpoint-263-merged-2batch-1024seq-3epoch-apigen::zh_parallel_multiple::zh_parallel_multiple_96,correct,correct,both_correct
Salesforce_Llama-xLAM-2-8b-fc-r-checkpoint-263-merged-2batch-1024seq-3epoch-apigen::zh_parallel_multiple::zh_parallel_multiple_97,wrong,correct,b_correct_a_wrong
Salesforce_Llama-xLAM-2-8b-fc-r-checkpoint-263-merged-2batch-1024seq-3epoch-apigen::zh_simple_python::zh_simple_python_156,correct,correct,both_correct
Salesforce_Llama-xLAM-2-8b-fc-r-checkpoint-263-merged-2batch-1024seq-3epoch-apigen::zh_simple_python::zh_simple_python_159,wrong,correct,b_correct_a_wrong
Salesforce_Llama-xLAM-2-8b-fc-r-checkpoint-263-merged-2batch-1024seq-3epoch-apigen::zh_simple_python::zh_simple_python_162,correct,correct,both_correct
Salesforce_Llama-xLAM-2-8b-fc-r-checkpoint-263-merged-2batch-1024seq-3epoch-apigen::zh_simple_python::zh_simple_python_163,correct,correct,both_correct
Salesforce_Llama-xLAM-2-8b-fc-r-checkpoint-263-merged-2batch-1024seq-3epoch-apigen::zh_simple_python::zh_simple_python_166,correct,correct,both_correct
Salesforce_Llama-xLAM-2-8b-fc-r-checkpoint-263-merged-2batch-1024seq-3epoch-apigen::zh_simple_python::zh_simple_python_171,wrong,correct,b_correct_a_wrong
Salesforce_Llama-xLAM-2-8b-fc-r-checkpoint-263-merged-2batch-1024seq-3epoch-apigen::zh_simple_python::zh_simple_python_191,correct,correct,both_correct
Salesforce_Llama-xLAM-2-8b-fc-r-checkpoint-263-merged-2batch-1024seq-3epoch-apigen::zh_simple_python::zh_simple_python_197,correct,correct,both_correct
Salesforce_Llama-xLAM-2-8b-fc-r-checkpoint-263-merged-2batch-1024seq-3epoch-apigen::zh_simple_python::zh_simple_python_200,wrong,correct,b_correct_a_wrong
Salesforce_Llama-xLAM-2-8b-fc-r-checkpoint-263-merged-2batch-1024seq-3epoch-apigen::zh_simple_python::zh_simple_python_202,correct,correct,both_correct
Salesforce_Llama-xLAM-2-8b-fc-r-checkpoint-263-merged-2batch-1024seq-3epoch-apigen::zh_simple_python::zh_simple_python_216,correct,correct,both_correct
Salesforce_Llama-xLAM-2-8b-fc-r-checkpoint-263-merged-2batch-1024seq-3epoch-apigen::zh_simple_python::zh_simple_python_219,wrong,correct,b_correct_a_wrong
Salesforce_Llama-xLAM-2-8b-fc-r-checkpoint-263-merged-2batch-1024seq-3epoch-apigen::zh_simple_python::zh_simple_python_224,wrong,correct,b_correct_a_wrong
Salesforce_Llama-xLAM-2-8b-fc-r-checkpoint-263-merged-2batch-1024seq-3epoch-apigen::zh_simple_python::zh_simple_python_229,wrong,correct,b_correct_a_wrong
Salesforce_Llama-xLAM-2-8b-fc-r-checkpoint-263-merged-2batch-1024seq-3epoch-apigen::zh_simple_python::zh_simple_python_234,wrong,correct,b_correct_a_wrong
Salesforce_Llama-xLAM-2-8b-fc-r-checkpoint-263-merged-2batch-1024seq-3epoch-apigen::zh_simple_python::zh_simple_python_255,correct,correct,both_correct
Salesforce_Llama-xLAM-2-8b-fc-r-checkpoint-263-merged-2batch-1024seq-3epoch-apigen::zh_simple_python::zh_simple_python_267,wrong,correct,b_correct_a_wrong
Salesforce_Llama-xLAM-2-8b-fc-r-checkpoint-263-merged-2batch-1024seq-3epoch-apigen::zh_simple_python::zh_simple_python_276,correct,correct,both_correct
Salesforce_Llama-xLAM-2-8b-fc-r-checkpoint-263-merged-2batch-1024seq-3epoch-apigen::zh_simple_python::zh_simple_python_279,wrong,correct,b_correct_a_wrong
Salesforce_Llama-xLAM-2-8b-fc-r-checkpoint-263-merged-2batch-1024seq-3epoch-apigen::zh_simple_python::zh_simple_python_283,correct,correct,both_correct
Salesforce_Llama-xLAM-2-8b-fc-r-checkpoint-263-merged-2batch-1024seq-3epoch-apigen::zh_simple_python::zh_simple_python_285,correct,correct,both_correct
Salesforce_Llama-xLAM-2-8b-fc-r-checkpoint-263-merged-2batch-1024seq-3epoch-apigen::zh_simple_python::zh_simple_python_295,correct,correct,both_correct
Salesforce_Llama-xLAM-2-8b-fc-r-checkpoint-263-merged-2batch-1024seq-3epoch-apigen::zh_simple_python::zh_simple_python_304,wrong,correct,b_correct_a_wrong
Salesforce_Llama-xLAM-2-8b-fc-r-checkpoint-263-merged-2batch-1024seq-3epoch-apigen::zh_simple_python::zh_simple_python_326,correct,correct,both_correct
Salesforce_Llama-xLAM-2-8b-fc-r-checkpoint-263-merged-2batch-1024seq-3epoch-apigen::zh_simple_python::zh_simple_python_327,correct,correct,both_correct
Salesforce_Llama-xLAM-2-8b-fc-r-checkpoint-263-merged-2batch-1024seq-3epoch-apigen::zh_simple_python::zh_simple_python_344,correct,correct,both_correct
Salesforce_Llama-xLAM-2-8b-fc-r-checkpoint-263-merged-2batch-1024seq-3epoch-apigen::zh_simple_python::zh_simple_python_352,correct,correct,both_correct
Salesforce_Llama-xLAM-2-8b-fc-r-checkpoint-263-merged-2batch-1024seq-3epoch-apigen::zh_simple_python::zh_simple_python_367,wrong,correct,b_correct_a_wrong
Salesforce_Llama-xLAM-2-8b-fc-r-checkpoint-263-merged-2batch-1024seq-3epoch-apigen::zh_simple_python::zh_simple_python_375,wrong,correct,b_correct_a_wrong
Salesforce_Llama-xLAM-2-8b-fc-r-checkpoint-263-merged-2batch-1024seq-3epoch-apigen::zh_simple_python::zh_simple_python_386,correct,correct,both_correct
Salesforce_Llama-xLAM-2-8b-fc-r-checkpoint-263-merged-2batch-1024seq-3epoch-apigen::zh_simple_python::zh_simple_python_387,correct,correct,both_correct
Salesforce_Llama-xLAM-2-8b-fc-r-checkpoint-263-merged-2batch-1024seq-3epoch-apigen::zh_simple_python::zh_simple_python_59,wrong,correct,b_correct_a_wrong
Salesforce_Llama-xLAM-2-8b-fc-r-checkpoint-263-merged-2batch-1024seq-3epoch-apigen::zh_simple_python::zh_simple_python_63,correct,correct,both_correct
Salesforce_Llama-xLAM-2-8b-fc-r-checkpoint-263-merged-2batch-1024seq-3epoch-apigen::zh_simple_python::zh_simple_python_77,correct,correct,both_correct
Salesforce_Llama-xLAM-2-8b-fc-r-checkpoint-263-merged-2batch-1024seq-3epoch-apigen::zh_simple_python::zh_simple_python_85,correct,correct,both_correct
Salesforce_Llama-xLAM-2-8b-fc-r-checkpoint-263-merged-2batch-1024seq-3epoch-apigen::zh_simple_python::zh_simple_python_98,wrong,correct,b_correct_a_wrong
Salesforce_Llama-xLAM-2-8b-fc-r-checkpoint-2840-merged-1batch-2560seq-3epoch-apigen-nomlp::zh_multiple::zh_multiple_127,wrong,correct,b_correct_a_wrong
Salesforce_Llama-xLAM-2-8b-fc-r-checkpoint-2840-merged-1batch-2560seq-3epoch-apigen-nomlp::zh_multiple::zh_multiple_134,correct,correct,both_correct
Salesforce_Llama-xLAM-2-8b-fc-r-checkpoint-2840-merged-1batch-2560seq-3epoch-apigen-nomlp::zh_multiple::zh_multiple_149,correct,correct,both_correct
Salesforce_Llama-xLAM-2-8b-fc-r-checkpoint-2840-merged-1batch-2560seq-3epoch-apigen-nomlp::zh_multiple::zh_multiple_158,correct,correct,both_correct
Salesforce_Llama-xLAM-2-8b-fc-r-checkpoint-2840-merged-1batch-2560seq-3epoch-apigen-nomlp::zh_multiple::zh_multiple_160,wrong,correct,b_correct_a_wrong
Salesforce_Llama-xLAM-2-8b-fc-r-checkpoint-2840-merged-1batch-2560seq-3epoch-apigen-nomlp::zh_multiple::zh_multiple_165,wrong,correct,b_correct_a_wrong
Salesforce_Llama-xLAM-2-8b-fc-r-checkpoint-2840-merged-1batch-2560seq-3epoch-apigen-nomlp::zh_multiple::zh_multiple_168,wrong,correct,b_correct_a_wrong
Salesforce_Llama-xLAM-2-8b-fc-r-checkpoint-2840-merged-1batch-2560seq-3epoch-apigen-nomlp::zh_multiple::zh_multiple_58,wrong,correct,b_correct_a_wrong
Salesforce_Llama-xLAM-2-8b-fc-r-checkpoint-2840-merged-1batch-2560seq-3epoch-apigen-nomlp::zh_multiple::zh_multiple_61,wrong,correct,b_correct_a_wrong
Salesforce_Llama-xLAM-2-8b-fc-r-checkpoint-2840-merged-1batch-2560seq-3epoch-apigen-nomlp::zh_multiple::zh_multiple_67,wrong,correct,b_correct_a_wrong
Salesforce_Llama-xLAM-2-8b-fc-r-checkpoint-2840-merged-1batch-2560seq-3epoch-apigen-nomlp::zh_multiple::zh_multiple_78,correct,correct,both_correct
Salesforce_Llama-xLAM-2-8b-fc-r-checkpoint-2840-merged-1batch-2560seq-3epoch-apigen-nomlp::zh_multiple::zh_multiple_84,correct,correct,both_correct
Salesforce_Llama-xLAM-2-8b-fc-r-checkpoint-2840-merged-1batch-2560seq-3epoch-apigen-nomlp::zh_multiple::zh_multiple_91,wrong,correct,b_correct_a_wrong
Salesforce_Llama-xLAM-2-8b-fc-r-checkpoint-2840-merged-1batch-2560seq-3epoch-apigen-nomlp::zh_multiple::zh_multiple_94,wrong,correct,b_correct_a_wrong
Salesforce_Llama-xLAM-2-8b-fc-r-checkpoint-2840-merged-1batch-2560seq-3epoch-apigen-nomlp::zh_parallel::zh_parallel_115,correct,correct,both_correct
Salesforce_Llama-xLAM-2-8b-fc-r-checkpoint-2840-merged-1batch-2560seq-3epoch-apigen-nomlp::zh_parallel::zh_parallel_117,wrong,correct,b_correct_a_wrong
Salesforce_Llama-xLAM-2-8b-fc-r-checkpoint-2840-merged-1batch-2560seq-3epoch-apigen-nomlp::zh_parallel::zh_parallel_119,correct,correct,both_correct
Salesforce_Llama-xLAM-2-8b-fc-r-checkpoint-2840-merged-1batch-2560seq-3epoch-apigen-nomlp::zh_parallel::zh_parallel_13,wrong,correct,b_correct_a_wrong
Salesforce_Llama-xLAM-2-8b-fc-r-checkpoint-2840-merged-1batch-2560seq-3epoch-apigen-nomlp::zh_parallel::zh_parallel_159,wrong,correct,b_correct_a_wrong
Salesforce_Llama-xLAM-2-8b-fc-r-checkpoint-2840-merged-1batch-2560seq-3epoch-apigen-nomlp::zh_parallel::zh_parallel_177,correct,correct,both_correct
Salesforce_Llama-xLAM-2-8b-fc-r-checkpoint-2840-merged-1batch-2560seq-3epoch-apigen-nomlp::zh_parallel::zh_parallel_181,wrong,correct,b_correct_a_wrong
Salesforce_Llama-xLAM-2-8b-fc-r-checkpoint-2840-merged-1batch-2560seq-3epoch-apigen-nomlp::zh_parallel::zh_parallel_189,correct,correct,both_correct
Salesforce_Llama-xLAM-2-8b-fc-r-checkpoint-2840-merged-1batch-2560seq-3epoch-apigen-nomlp::zh_parallel::zh_parallel_19,wrong,correct,b_correct_a_wrong
Salesforce_Llama-xLAM-2-8b-fc-r-checkpoint-2840-merged-1batch-2560seq-3epoch-apigen-nomlp::zh_parallel::zh_parallel_191,correct,correct,both_correct
Salesforce_Llama-xLAM-2-8b-fc-r-checkpoint-2840-merged-1batch-2560seq-3epoch-apigen-nomlp::zh_parallel::zh_parallel_36,correct,correct,both_correct
Salesforce_Llama-xLAM-2-8b-fc-r-checkpoint-2840-merged-1batch-2560seq-3epoch-apigen-nomlp::zh_parallel::zh_parallel_44,wrong,correct,b_correct_a_wrong
Salesforce_Llama-xLAM-2-8b-fc-r-checkpoint-2840-merged-1batch-2560seq-3epoch-apigen-nomlp::zh_parallel::zh_parallel_45,wrong,correct,b_correct_a_wrong
Salesforce_Llama-xLAM-2-8b-fc-r-checkpoint-2840-merged-1batch-2560seq-3epoch-apigen-nomlp::zh_parallel::zh_parallel_46,correct,correct,both_correct
Salesforce_Llama-xLAM-2-8b-fc-r-checkpoint-2840-merged-1batch-2560seq-3epoch-apigen-nomlp::zh_parallel::zh_parallel_51,wrong,correct,b_correct_a_wrong
Salesforce_Llama-xLAM-2-8b-fc-r-checkpoint-2840-merged-1batch-2560seq-3epoch-apigen-nomlp::zh_parallel::zh_parallel_52,correct,correct,both_correct
Salesforce_Llama-xLAM-2-8b-fc-r-checkpoint-2840-merged-1batch-2560seq-3epoch-apigen-nomlp::zh_parallel::zh_parallel_8,correct,correct,both_correct
Salesforce_Llama-xLAM-2-8b-fc-r-checkpoint-2840-merged-1batch-2560seq-3epoch-apigen-nomlp::zh_parallel::zh_parallel_91,correct,correct,both_correct
Salesforce_Llama-xLAM-2-8b-fc-r-checkpoint-2840-merged-1batch-2560seq-3epoch-apigen-nomlp::zh_parallel::zh_parallel_93,correct,correct,both_correct
Salesforce_Llama-xLAM-2-8b-fc-r-checkpoint-2840-merged-1batch-2560seq-3epoch-apigen-nomlp::zh_parallel_multiple::zh_parallel_multiple_10,wrong,correct,b_correct_a_wrong
Salesforce_Llama-xLAM-2-8b-fc-r-checkpoint-2840-merged-1batch-2560seq-3epoch-apigen-nomlp::zh_parallel_multiple::zh_parallel_multiple_103,correct,correct,both_correct
Salesforce_Llama-xLAM-2-8b-fc-r-checkpoint-2840-merged-1batch-2560seq-3epoch-apigen-nomlp::zh_parallel_multiple::zh_parallel_multiple_106,correct,correct,both_correct
Salesforce_Llama-xLAM-2-8b-fc-r-checkpoint-2840-merged-1batch-2560seq-3epoch-apigen-nomlp::zh_parallel_multiple::zh_parallel_multiple_107,correct,correct,both_correct
Salesforce_Llama-xLAM-2-8b-fc-r-checkpoint-2840-merged-1batch-2560seq-3epoch-apigen-nomlp::zh_parallel_multiple::zh_parallel_multiple_118,wrong,correct,b_correct_a_wrong
Salesforce_Llama-xLAM-2-8b-fc-r-checkpoint-2840-merged-1batch-2560seq-3epoch-apigen-nomlp::zh_parallel_multiple::zh_parallel_multiple_120,correct,correct,both_correct
Salesforce_Llama-xLAM-2-8b-fc-r-checkpoint-2840-merged-1batch-2560seq-3epoch-apigen-nomlp::zh_parallel_multiple::zh_parallel_multiple_122,correct,correct,both_correct
Salesforce_Llama-xLAM-2-8b-fc-r-checkpoint-2840-merged-1batch-2560seq-3epoch-apigen-nomlp::zh_parallel_multiple::zh_parallel_multiple_127,wrong,correct,b_correct_a_wrong
Salesforce_Llama-xLAM-2-8b-fc-r-checkpoint-2840-merged-1batch-2560seq-3epoch-apigen-nomlp::zh_parallel_multiple::zh_parallel_multiple_128,correct,correct,both_correct
Salesforce_Llama-xLAM-2-8b-fc-r-checkpoint-2840-merged-1batch-2560seq-3epoch-apigen-nomlp::zh_parallel_multiple::zh_parallel_multiple_137,correct,correct,both_correct
Salesforce_Llama-xLAM-2-8b-fc-r-checkpoint-2840-merged-1batch-2560seq-3epoch-apigen-nomlp::zh_parallel_multiple::zh_parallel_multiple_139,correct,correct,both_correct
Salesforce_Llama-xLAM-2-8b-fc-r-checkpoint-2840-merged-1batch-2560seq-3epoch-apigen-nomlp::zh_parallel_multiple::zh_parallel_multiple_141,correct,correct,both_correct
Salesforce_Llama-xLAM-2-8b-fc-r-checkpoint-2840-merged-1batch-2560seq-3epoch-apigen-nomlp::zh_parallel_multiple::zh_parallel_multiple_147,correct,correct,both_correct
Salesforce_Llama-xLAM-2-8b-fc-r-checkpoint-2840-merged-1batch-2560seq-3epoch-apigen-nomlp::zh_parallel_multiple::zh_parallel_multiple_148,correct,correct,both_correct
Salesforce_Llama-xLAM-2-8b-fc-r-checkpoint-2840-merged-1batch-2560seq-3epoch-apigen-nomlp::zh_parallel_multiple::zh_parallel_multiple_153,correct,correct,both_correct
Salesforce_Llama-xLAM-2-8b-fc-r-checkpoint-2840-merged-1batch-2560seq-3epoch-apigen-nomlp::zh_parallel_multiple::zh_parallel_multiple_158,correct,correct,both_correct
Salesforce_Llama-xLAM-2-8b-fc-r-checkpoint-2840-merged-1batch-2560seq-3epoch-apigen-nomlp::zh_parallel_multiple::zh_parallel_multiple_159,correct,correct,both_correct
Salesforce_Llama-xLAM-2-8b-fc-r-checkpoint-2840-merged-1batch-2560seq-3epoch-apigen-nomlp::zh_parallel_multiple::zh_parallel_multiple_163,correct,correct,both_correct
Salesforce_Llama-xLAM-2-8b-fc-r-checkpoint-2840-merged-1batch-2560seq-3epoch-apigen-nomlp::zh_parallel_multiple::zh_parallel_multiple_165,correct,correct,both_correct
Salesforce_Llama-xLAM-2-8b-fc-r-checkpoint-2840-merged-1batch-2560seq-3epoch-apigen-nomlp::zh_parallel_multiple::zh_parallel_multiple_172,correct,correct,both_correct
Salesforce_Llama-xLAM-2-8b-fc-r-checkpoint-2840-merged-1batch-2560seq-3epoch-apigen-nomlp::zh_parallel_multiple::zh_parallel_multiple_173,correct,correct,both_correct
Salesforce_Llama-xLAM-2-8b-fc-r-checkpoint-2840-merged-1batch-2560seq-3epoch-apigen-nomlp::zh_parallel_multiple::zh_parallel_multiple_176,correct,correct,both_correct
Salesforce_Llama-xLAM-2-8b-fc-r-checkpoint-2840-merged-1batch-2560seq-3epoch-apigen-nomlp::zh_parallel_multiple::zh_parallel_multiple_189,correct,correct,both_correct
Salesforce_Llama-xLAM-2-8b-fc-r-checkpoint-2840-merged-1batch-2560seq-3epoch-apigen-nomlp::zh_parallel_multiple::zh_parallel_multiple_19,correct,correct,both_correct
Salesforce_Llama-xLAM-2-8b-fc-r-checkpoint-2840-merged-1batch-2560seq-3epoch-apigen-nomlp::zh_parallel_multiple::zh_parallel_multiple_191,correct,correct,both_correct
Salesforce_Llama-xLAM-2-8b-fc-r-checkpoint-2840-merged-1batch-2560seq-3epoch-apigen-nomlp::zh_parallel_multiple::zh_parallel_multiple_192,correct,correct,both_correct
Salesforce_Llama-xLAM-2-8b-fc-r-checkpoint-2840-merged-1batch-2560seq-3epoch-apigen-nomlp::zh_parallel_multiple::zh_parallel_multiple_195,correct,correct,both_correct
Salesforce_Llama-xLAM-2-8b-fc-r-checkpoint-2840-merged-1batch-2560seq-3epoch-apigen-nomlp::zh_parallel_multiple::zh_parallel_multiple_196,correct,correct,both_correct
Salesforce_Llama-xLAM-2-8b-fc-r-checkpoint-2840-merged-1batch-2560seq-3epoch-apigen-nomlp::zh_parallel_multiple::zh_parallel_multiple_21,correct,correct,both_correct
Salesforce_Llama-xLAM-2-8b-fc-r-checkpoint-2840-merged-1batch-2560seq-3epoch-apigen-nomlp::zh_parallel_multiple::zh_parallel_multiple_27,correct,correct,both_correct
Salesforce_Llama-xLAM-2-8b-fc-r-checkpoint-2840-merged-1batch-2560seq-3epoch-apigen-nomlp::zh_parallel_multiple::zh_parallel_multiple_32,correct,correct,both_correct
Salesforce_Llama-xLAM-2-8b-fc-r-checkpoint-2840-merged-1batch-2560seq-3epoch-apigen-nomlp::zh_parallel_multiple::zh_parallel_multiple_33,correct,correct,both_correct
Salesforce_Llama-xLAM-2-8b-fc-r-checkpoint-2840-merged-1batch-2560seq-3epoch-apigen-nomlp::zh_parallel_multiple::zh_parallel_multiple_37,correct,correct,both_correct
Salesforce_Llama-xLAM-2-8b-fc-r-checkpoint-2840-merged-1batch-2560seq-3epoch-apigen-nomlp::zh_parallel_multiple::zh_parallel_multiple_40,correct,correct,both_correct
Salesforce_Llama-xLAM-2-8b-fc-r-checkpoint-2840-merged-1batch-2560seq-3epoch-apigen-nomlp::zh_parallel_multiple::zh_parallel_multiple_42,correct,correct,both_correct
Salesforce_Llama-xLAM-2-8b-fc-r-checkpoint-2840-merged-1batch-2560seq-3epoch-apigen-nomlp::zh_parallel_multiple::zh_parallel_multiple_50,correct,correct,both_correct
Salesforce_Llama-xLAM-2-8b-fc-r-checkpoint-2840-merged-1batch-2560seq-3epoch-apigen-nomlp::zh_parallel_multiple::zh_parallel_multiple_54,wrong,correct,b_correct_a_wrong
Salesforce_Llama-xLAM-2-8b-fc-r-checkpoint-2840-merged-1batch-2560seq-3epoch-apigen-nomlp::zh_parallel_multiple::zh_parallel_multiple_55,correct,correct,both_correct
Salesforce_Llama-xLAM-2-8b-fc-r-checkpoint-2840-merged-1batch-2560seq-3epoch-apigen-nomlp::zh_parallel_multiple::zh_parallel_multiple_63,correct,correct,both_correct
Salesforce_Llama-xLAM-2-8b-fc-r-checkpoint-2840-merged-1batch-2560seq-3epoch-apigen-nomlp::zh_parallel_multiple::zh_parallel_multiple_65,correct,correct,both_correct
Salesforce_Llama-xLAM-2-8b-fc-r-checkpoint-2840-merged-1batch-2560seq-3epoch-apigen-nomlp::zh_parallel_multiple::zh_parallel_multiple_69,wrong,wrong,both_wrong
Salesforce_Llama-xLAM-2-8b-fc-r-checkpoint-2840-merged-1batch-2560seq-3epoch-apigen-nomlp::zh_parallel_multiple::zh_parallel_multiple_78,correct,correct,both_correct
Salesforce_Llama-xLAM-2-8b-fc-r-checkpoint-2840-merged-1batch-2560seq-3epoch-apigen-nomlp::zh_parallel_multiple::zh_parallel_multiple_81,wrong,correct,b_correct_a_wrong
Salesforce_Llama-xLAM-2-8b-fc-r-checkpoint-2840-merged-1batch-2560seq-3epoch-apigen-nomlp::zh_parallel_multiple::zh_parallel_multiple_91,correct,correct,both_correct
Salesforce_Llama-xLAM-2-8b-fc-r-checkpoint-2840-merged-1batch-2560seq-3epoch-apigen-nomlp::zh_parallel_multiple::zh_parallel_multiple_93,correct,correct,both_correct
Salesforce_Llama-xLAM-2-8b-fc-r-checkpoint-2840-merged-1batch-2560seq-3epoch-apigen-nomlp::zh_parallel_multiple::zh_parallel_multiple_94,wrong,correct,b_correct_a_wrong
Salesforce_Llama-xLAM-2-8b-fc-r-checkpoint-2840-merged-1batch-2560seq-3epoch-apigen-nomlp::zh_parallel_multiple::zh_parallel_multiple_97,correct,correct,both_correct
Salesforce_Llama-xLAM-2-8b-fc-r-checkpoint-2840-merged-1batch-2560seq-3epoch-apigen-nomlp::zh_simple_python::zh_simple_python_126,wrong,correct,b_correct_a_wrong
Salesforce_Llama-xLAM-2-8b-fc-r-checkpoint-2840-merged-1batch-2560seq-3epoch-apigen-nomlp::zh_simple_python::zh_simple_python_128,wrong,correct,b_correct_a_wrong
Salesforce_Llama-xLAM-2-8b-fc-r-checkpoint-2840-merged-1batch-2560seq-3epoch-apigen-nomlp::zh_simple_python::zh_simple_python_147,correct,correct,both_correct
Salesforce_Llama-xLAM-2-8b-fc-r-checkpoint-2840-merged-1batch-2560seq-3epoch-apigen-nomlp::zh_simple_python::zh_simple_python_156,correct,correct,both_correct
Salesforce_Llama-xLAM-2-8b-fc-r-checkpoint-2840-merged-1batch-2560seq-3epoch-apigen-nomlp::zh_simple_python::zh_simple_python_159,wrong,correct,b_correct_a_wrong
Salesforce_Llama-xLAM-2-8b-fc-r-checkpoint-2840-merged-1batch-2560seq-3epoch-apigen-nomlp::zh_simple_python::zh_simple_python_163,correct,correct,both_correct
Salesforce_Llama-xLAM-2-8b-fc-r-checkpoint-2840-merged-1batch-2560seq-3epoch-apigen-nomlp::zh_simple_python::zh_simple_python_166,correct,correct,both_correct
Salesforce_Llama-xLAM-2-8b-fc-r-checkpoint-2840-merged-1batch-2560seq-3epoch-apigen-nomlp::zh_simple_python::zh_simple_python_174,correct,correct,both_correct
Salesforce_Llama-xLAM-2-8b-fc-r-checkpoint-2840-merged-1batch-2560seq-3epoch-apigen-nomlp::zh_simple_python::zh_simple_python_197,correct,correct,both_correct
Salesforce_Llama-xLAM-2-8b-fc-r-checkpoint-2840-merged-1batch-2560seq-3epoch-apigen-nomlp::zh_simple_python::zh_simple_python_200,correct,correct,both_correct
Salesforce_Llama-xLAM-2-8b-fc-r-checkpoint-2840-merged-1batch-2560seq-3epoch-apigen-nomlp::zh_simple_python::zh_simple_python_202,wrong,correct,b_correct_a_wrong
Salesforce_Llama-xLAM-2-8b-fc-r-checkpoint-2840-merged-1batch-2560seq-3epoch-apigen-nomlp::zh_simple_python::zh_simple_python_204,correct,correct,both_correct
Salesforce_Llama-xLAM-2-8b-fc-r-checkpoint-2840-merged-1batch-2560seq-3epoch-apigen-nomlp::zh_simple_python::zh_simple_python_207,correct,correct,both_correct
Salesforce_Llama-xLAM-2-8b-fc-r-checkpoint-2840-merged-1batch-2560seq-3epoch-apigen-nomlp::zh_simple_python::zh_simple_python_216,correct,correct,both_correct
Salesforce_Llama-xLAM-2-8b-fc-r-checkpoint-2840-merged-1batch-2560seq-3epoch-apigen-nomlp::zh_simple_python::zh_simple_python_219,wrong,correct,b_correct_a_wrong
Salesforce_Llama-xLAM-2-8b-fc-r-checkpoint-2840-merged-1batch-2560seq-3epoch-apigen-nomlp::zh_simple_python::zh_simple_python_224,wrong,correct,b_correct_a_wrong
Salesforce_Llama-xLAM-2-8b-fc-r-checkpoint-2840-merged-1batch-2560seq-3epoch-apigen-nomlp::zh_simple_python::zh_simple_python_229,wrong,correct,b_correct_a_wrong
Salesforce_Llama-xLAM-2-8b-fc-r-checkpoint-2840-merged-1batch-2560seq-3epoch-apigen-nomlp::zh_simple_python::zh_simple_python_244,wrong,correct,b_correct_a_wrong
Salesforce_Llama-xLAM-2-8b-fc-r-checkpoint-2840-merged-1batch-2560seq-3epoch-apigen-nomlp::zh_simple_python::zh_simple_python_255,correct,correct,both_correct
Salesforce_Llama-xLAM-2-8b-fc-r-checkpoint-2840-merged-1batch-2560seq-3epoch-apigen-nomlp::zh_simple_python::zh_simple_python_257,correct,correct,both_correct
Salesforce_Llama-xLAM-2-8b-fc-r-checkpoint-2840-merged-1batch-2560seq-3epoch-apigen-nomlp::zh_simple_python::zh_simple_python_283,correct,correct,both_correct
Salesforce_Llama-xLAM-2-8b-fc-r-checkpoint-2840-merged-1batch-2560seq-3epoch-apigen-nomlp::zh_simple_python::zh_simple_python_289,correct,correct,both_correct
Salesforce_Llama-xLAM-2-8b-fc-r-checkpoint-2840-merged-1batch-2560seq-3epoch-apigen-nomlp::zh_simple_python::zh_simple_python_306,wrong,correct,b_correct_a_wrong
Salesforce_Llama-xLAM-2-8b-fc-r-checkpoint-2840-merged-1batch-2560seq-3epoch-apigen-nomlp::zh_simple_python::zh_simple_python_315,wrong,wrong,both_wrong
Salesforce_Llama-xLAM-2-8b-fc-r-checkpoint-2840-merged-1batch-2560seq-3epoch-apigen-nomlp::zh_simple_python::zh_simple_python_322,correct,correct,both_correct
Salesforce_Llama-xLAM-2-8b-fc-r-checkpoint-2840-merged-1batch-2560seq-3epoch-apigen-nomlp::zh_simple_python::zh_simple_python_324,correct,correct,both_correct
Salesforce_Llama-xLAM-2-8b-fc-r-checkpoint-2840-merged-1batch-2560seq-3epoch-apigen-nomlp::zh_simple_python::zh_simple_python_325,wrong,correct,b_correct_a_wrong
Salesforce_Llama-xLAM-2-8b-fc-r-checkpoint-2840-merged-1batch-2560seq-3epoch-apigen-nomlp::zh_simple_python::zh_simple_python_326,correct,correct,both_correct
Salesforce_Llama-xLAM-2-8b-fc-r-checkpoint-2840-merged-1batch-2560seq-3epoch-apigen-nomlp::zh_simple_python::zh_simple_python_327,correct,correct,both_correct
Salesforce_Llama-xLAM-2-8b-fc-r-checkpoint-2840-merged-1batch-2560seq-3epoch-apigen-nomlp::zh_simple_python::zh_simple_python_344,correct,correct,both_correct
Salesforce_Llama-xLAM-2-8b-fc-r-checkpoint-2840-merged-1batch-2560seq-3epoch-apigen-nomlp::zh_simple_python::zh_simple_python_352,correct,correct,both_correct
Salesforce_Llama-xLAM-2-8b-fc-r-checkpoint-2840-merged-1batch-2560seq-3epoch-apigen-nomlp::zh_simple_python::zh_simple_python_373,wrong,correct,b_correct_a_wrong
Salesforce_Llama-xLAM-2-8b-fc-r-checkpoint-2840-merged-1batch-2560seq-3epoch-apigen-nomlp::zh_simple_python::zh_simple_python_375,wrong,correct,b_correct_a_wrong
Salesforce_Llama-xLAM-2-8b-fc-r-checkpoint-2840-merged-1batch-2560seq-3epoch-apigen-nomlp::zh_simple_python::zh_simple_python_386,wrong,correct,b_correct_a_wrong
Salesforce_Llama-xLAM-2-8b-fc-r-checkpoint-2840-merged-1batch-2560seq-3epoch-apigen-nomlp::zh_simple_python::zh_simple_python_387,correct,correct,both_correct
Salesforce_Llama-xLAM-2-8b-fc-r-checkpoint-2840-merged-1batch-2560seq-3epoch-apigen-nomlp::zh_simple_python::zh_simple_python_399,correct,correct,both_correct
Salesforce_Llama-xLAM-2-8b-fc-r-checkpoint-2840-merged-1batch-2560seq-3epoch-apigen-nomlp::zh_simple_python::zh_simple_python_59,wrong,correct,b_correct_a_wrong
Salesforce_Llama-xLAM-2-8b-fc-r-checkpoint-2840-merged-1batch-2560seq-3epoch-apigen-nomlp::zh_simple_python::zh_simple_python_63,correct,correct,both_correct
Salesforce_Llama-xLAM-2-8b-fc-r-checkpoint-2840-merged-1batch-2560seq-3epoch-apigen-nomlp::zh_simple_python::zh_simple_python_77,correct,correct,both_correct
Salesforce_Llama-xLAM-2-8b-fc-r-checkpoint-2840-merged-1batch-2560seq-3epoch-apigen-nomlp::zh_simple_python::zh_simple_python_80,correct,correct,both_correct
Salesforce_Llama-xLAM-2-8b-fc-r-checkpoint-2840-merged-1batch-2560seq-3epoch-apigen-nomlp::zh_simple_python::zh_simple_python_85,correct,correct,both_correct
Salesforce_Llama-xLAM-2-8b-fc-r-checkpoint-2840-merged-1batch-2560seq-3epoch-apigen-nomlp::zh_simple_python::zh_simple_python_98,wrong,correct,b_correct_a_wrong
Salesforce_Llama-xLAM-2-8b-fc-r-checkpoint-3260-merged-1batch-2560seq-3epoch-multi2000-nomlp::zh_multiple::zh_multiple_134,correct,correct,both_correct
Salesforce_Llama-xLAM-2-8b-fc-r-checkpoint-3260-merged-1batch-2560seq-3epoch-multi2000-nomlp::zh_multiple::zh_multiple_136,correct,correct,both_correct
Salesforce_Llama-xLAM-2-8b-fc-r-checkpoint-3260-merged-1batch-2560seq-3epoch-multi2000-nomlp::zh_multiple::zh_multiple_149,correct,correct,both_correct
Salesforce_Llama-xLAM-2-8b-fc-r-checkpoint-3260-merged-1batch-2560seq-3epoch-multi2000-nomlp::zh_multiple::zh_multiple_151,wrong,correct,b_correct_a_wrong
Salesforce_Llama-xLAM-2-8b-fc-r-checkpoint-3260-merged-1batch-2560seq-3epoch-multi2000-nomlp::zh_multiple::zh_multiple_158,correct,correct,both_correct
Salesforce_Llama-xLAM-2-8b-fc-r-checkpoint-3260-merged-1batch-2560seq-3epoch-multi2000-nomlp::zh_multiple::zh_multiple_160,wrong,correct,b_correct_a_wrong
Salesforce_Llama-xLAM-2-8b-fc-r-checkpoint-3260-merged-1batch-2560seq-3epoch-multi2000-nomlp::zh_multiple::zh_multiple_165,correct,correct,both_correct
Salesforce_Llama-xLAM-2-8b-fc-r-checkpoint-3260-merged-1batch-2560seq-3epoch-multi2000-nomlp::zh_multiple::zh_multiple_171,correct,correct,both_correct
Salesforce_Llama-xLAM-2-8b-fc-r-checkpoint-3260-merged-1batch-2560seq-3epoch-multi2000-nomlp::zh_multiple::zh_multiple_174,correct,correct,both_correct
Salesforce_Llama-xLAM-2-8b-fc-r-checkpoint-3260-merged-1batch-2560seq-3epoch-multi2000-nomlp::zh_multiple::zh_multiple_176,correct,correct,both_correct
Salesforce_Llama-xLAM-2-8b-fc-r-checkpoint-3260-merged-1batch-2560seq-3epoch-multi2000-nomlp::zh_multiple::zh_multiple_191,wrong,correct,b_correct_a_wrong
Salesforce_Llama-xLAM-2-8b-fc-r-checkpoint-3260-merged-1batch-2560seq-3epoch-multi2000-nomlp::zh_multiple::zh_multiple_192,wrong,correct,b_correct_a_wrong
Salesforce_Llama-xLAM-2-8b-fc-r-checkpoint-3260-merged-1batch-2560seq-3epoch-multi2000-nomlp::zh_multiple::zh_multiple_193,correct,correct,both_correct
Salesforce_Llama-xLAM-2-8b-fc-r-checkpoint-3260-merged-1batch-2560seq-3epoch-multi2000-nomlp::zh_multiple::zh_multiple_25,correct,correct,both_correct
Salesforce_Llama-xLAM-2-8b-fc-r-checkpoint-3260-merged-1batch-2560seq-3epoch-multi2000-nomlp::zh_multiple::zh_multiple_58,wrong,correct,b_correct_a_wrong
Salesforce_Llama-xLAM-2-8b-fc-r-checkpoint-3260-merged-1batch-2560seq-3epoch-multi2000-nomlp::zh_multiple::zh_multiple_65,correct,correct,both_correct
Salesforce_Llama-xLAM-2-8b-fc-r-checkpoint-3260-merged-1batch-2560seq-3epoch-multi2000-nomlp::zh_multiple::zh_multiple_68,wrong,correct,b_correct_a_wrong
Salesforce_Llama-xLAM-2-8b-fc-r-checkpoint-3260-merged-1batch-2560seq-3epoch-multi2000-nomlp::zh_multiple::zh_multiple_78,correct,correct,both_correct
Salesforce_Llama-xLAM-2-8b-fc-r-checkpoint-3260-merged-1batch-2560seq-3epoch-multi2000-nomlp::zh_multiple::zh_multiple_81,wrong,correct,b_correct_a_wrong
Salesforce_Llama-xLAM-2-8b-fc-r-checkpoint-3260-merged-1batch-2560seq-3epoch-multi2000-nomlp::zh_multiple::zh_multiple_91,wrong,correct,b_correct_a_wrong
Salesforce_Llama-xLAM-2-8b-fc-r-checkpoint-3260-merged-1batch-2560seq-3epoch-multi2000-nomlp::zh_multiple::zh_multiple_94,wrong,correct,b_correct_a_wrong
Salesforce_Llama-xLAM-2-8b-fc-r-checkpoint-3260-merged-1batch-2560seq-3epoch-multi2000-nomlp::zh_parallel::zh_parallel_117,wrong,correct,b_correct_a_wrong
Salesforce_Llama-xLAM-2-8b-fc-r-checkpoint-3260-merged-1batch-2560seq-3epoch-multi2000-nomlp::zh_parallel::zh_parallel_119,correct,correct,both_correct
Salesforce_Llama-xLAM-2-8b-fc-r-checkpoint-3260-merged-1batch-2560seq-3epoch-multi2000-nomlp::zh_parallel::zh_parallel_13,wrong,correct,b_correct_a_wrong
Salesforce_Llama-xLAM-2-8b-fc-r-checkpoint-3260-merged-1batch-2560seq-3epoch-multi2000-nomlp::zh_parallel::zh_parallel_155,correct,correct,both_correct
Salesforce_Llama-xLAM-2-8b-fc-r-checkpoint-3260-merged-1batch-2560seq-3epoch-multi2000-nomlp::zh_parallel::zh_parallel_159,wrong,correct,b_correct_a_wrong
Salesforce_Llama-xLAM-2-8b-fc-r-checkpoint-3260-merged-1batch-2560seq-3epoch-multi2000-nomlp::zh_parallel::zh_parallel_164,wrong,correct,b_correct_a_wrong
Salesforce_Llama-xLAM-2-8b-fc-r-checkpoint-3260-merged-1batch-2560seq-3epoch-multi2000-nomlp::zh_parallel::zh_parallel_181,wrong,correct,b_correct_a_wrong
Salesforce_Llama-xLAM-2-8b-fc-r-checkpoint-3260-merged-1batch-2560seq-3epoch-multi2000-nomlp::zh_parallel::zh_parallel_185,wrong,correct,b_correct_a_wrong
Salesforce_Llama-xLAM-2-8b-fc-r-checkpoint-3260-merged-1batch-2560seq-3epoch-multi2000-nomlp::zh_parallel::zh_parallel_189,correct,correct,both_correct
Salesforce_Llama-xLAM-2-8b-fc-r-checkpoint-3260-merged-1batch-2560seq-3epoch-multi2000-nomlp::zh_parallel::zh_parallel_19,correct,correct,both_correct
Salesforce_Llama-xLAM-2-8b-fc-r-checkpoint-3260-merged-1batch-2560seq-3epoch-multi2000-nomlp::zh_parallel::zh_parallel_192,correct,correct,both_correct
Salesforce_Llama-xLAM-2-8b-fc-r-checkpoint-3260-merged-1batch-2560seq-3epoch-multi2000-nomlp::zh_parallel::zh_parallel_36,correct,correct,both_correct
Salesforce_Llama-xLAM-2-8b-fc-r-checkpoint-3260-merged-1batch-2560seq-3epoch-multi2000-nomlp::zh_parallel::zh_parallel_39,wrong,correct,b_correct_a_wrong
Salesforce_Llama-xLAM-2-8b-fc-r-checkpoint-3260-merged-1batch-2560seq-3epoch-multi2000-nomlp::zh_parallel::zh_parallel_4,correct,correct,both_correct
Salesforce_Llama-xLAM-2-8b-fc-r-checkpoint-3260-merged-1batch-2560seq-3epoch-multi2000-nomlp::zh_parallel::zh_parallel_40,correct,correct,both_correct
Salesforce_Llama-xLAM-2-8b-fc-r-checkpoint-3260-merged-1batch-2560seq-3epoch-multi2000-nomlp::zh_parallel::zh_parallel_44,wrong,correct,b_correct_a_wrong
Salesforce_Llama-xLAM-2-8b-fc-r-checkpoint-3260-merged-1batch-2560seq-3epoch-multi2000-nomlp::zh_parallel::zh_parallel_46,correct,correct,both_correct
Salesforce_Llama-xLAM-2-8b-fc-r-checkpoint-3260-merged-1batch-2560seq-3epoch-multi2000-nomlp::zh_parallel::zh_parallel_5,wrong,wrong,both_wrong
Salesforce_Llama-xLAM-2-8b-fc-r-checkpoint-3260-merged-1batch-2560seq-3epoch-multi2000-nomlp::zh_parallel::zh_parallel_51,wrong,correct,b_correct_a_wrong
Salesforce_Llama-xLAM-2-8b-fc-r-checkpoint-3260-merged-1batch-2560seq-3epoch-multi2000-nomlp::zh_parallel::zh_parallel_52,correct,correct,both_correct
Salesforce_Llama-xLAM-2-8b-fc-r-checkpoint-3260-merged-1batch-2560seq-3epoch-multi2000-nomlp::zh_parallel::zh_parallel_55,correct,correct,both_correct
Salesforce_Llama-xLAM-2-8b-fc-r-checkpoint-3260-merged-1batch-2560seq-3epoch-multi2000-nomlp::zh_parallel::zh_parallel_57,wrong,correct,b_correct_a_wrong
Salesforce_Llama-xLAM-2-8b-fc-r-checkpoint-3260-merged-1batch-2560seq-3epoch-multi2000-nomlp::zh_parallel::zh_parallel_91,correct,correct,both_correct
Salesforce_Llama-xLAM-2-8b-fc-r-checkpoint-3260-merged-1batch-2560seq-3epoch-multi2000-nomlp::zh_parallel::zh_parallel_92,correct,correct,both_correct
Salesforce_Llama-xLAM-2-8b-fc-r-checkpoint-3260-merged-1batch-2560seq-3epoch-multi2000-nomlp::zh_parallel::zh_parallel_93,correct,correct,both_correct
Salesforce_Llama-xLAM-2-8b-fc-r-checkpoint-3260-merged-1batch-2560seq-3epoch-multi2000-nomlp::zh_parallel_multiple::zh_parallel_multiple_10,wrong,correct,b_correct_a_wrong
Salesforce_Llama-xLAM-2-8b-fc-r-checkpoint-3260-merged-1batch-2560seq-3epoch-multi2000-nomlp::zh_parallel_multiple::zh_parallel_multiple_103,correct,correct,both_correct
Salesforce_Llama-xLAM-2-8b-fc-r-checkpoint-3260-merged-1batch-2560seq-3epoch-multi2000-nomlp::zh_parallel_multiple::zh_parallel_multiple_106,correct,correct,both_correct
Salesforce_Llama-xLAM-2-8b-fc-r-checkpoint-3260-merged-1batch-2560seq-3epoch-multi2000-nomlp::zh_parallel_multiple::zh_parallel_multiple_112,correct,correct,both_correct
Salesforce_Llama-xLAM-2-8b-fc-r-checkpoint-3260-merged-1batch-2560seq-3epoch-multi2000-nomlp::zh_parallel_multiple::zh_parallel_multiple_115,correct,correct,both_correct
Salesforce_Llama-xLAM-2-8b-fc-r-checkpoint-3260-merged-1batch-2560seq-3epoch-multi2000-nomlp::zh_parallel_multiple::zh_parallel_multiple_118,correct,correct,both_correct
Salesforce_Llama-xLAM-2-8b-fc-r-checkpoint-3260-merged-1batch-2560seq-3epoch-multi2000-nomlp::zh_parallel_multiple::zh_parallel_multiple_120,correct,correct,both_correct
Salesforce_Llama-xLAM-2-8b-fc-r-checkpoint-3260-merged-1batch-2560seq-3epoch-multi2000-nomlp::zh_parallel_multiple::zh_parallel_multiple_122,correct,correct,both_correct
Salesforce_Llama-xLAM-2-8b-fc-r-checkpoint-3260-merged-1batch-2560seq-3epoch-multi2000-nomlp::zh_parallel_multiple::zh_parallel_multiple_127,correct,correct,both_correct
Salesforce_Llama-xLAM-2-8b-fc-r-checkpoint-3260-merged-1batch-2560seq-3epoch-multi2000-nomlp::zh_parallel_multiple::zh_parallel_multiple_128,correct,correct,both_correct
Salesforce_Llama-xLAM-2-8b-fc-r-checkpoint-3260-merged-1batch-2560seq-3epoch-multi2000-nomlp::zh_parallel_multiple::zh_parallel_multiple_137,correct,correct,both_correct
Salesforce_Llama-xLAM-2-8b-fc-r-checkpoint-3260-merged-1batch-2560seq-3epoch-multi2000-nomlp::zh_parallel_multiple::zh_parallel_multiple_139,correct,correct,both_correct
Salesforce_Llama-xLAM-2-8b-fc-r-checkpoint-3260-merged-1batch-2560seq-3epoch-multi2000-nomlp::zh_parallel_multiple::zh_parallel_multiple_141,correct,correct,both_correct
Salesforce_Llama-xLAM-2-8b-fc-r-checkpoint-3260-merged-1batch-2560seq-3epoch-multi2000-nomlp::zh_parallel_multiple::zh_parallel_multiple_144,correct,correct,both_correct
Salesforce_Llama-xLAM-2-8b-fc-r-checkpoint-3260-merged-1batch-2560seq-3epoch-multi2000-nomlp::zh_parallel_multiple::zh_parallel_multiple_147,correct,correct,both_correct
Salesforce_Llama-xLAM-2-8b-fc-r-checkpoint-3260-merged-1batch-2560seq-3epoch-multi2000-nomlp::zh_parallel_multiple::zh_parallel_multiple_148,correct,correct,both_correct
Salesforce_Llama-xLAM-2-8b-fc-r-checkpoint-3260-merged-1batch-2560seq-3epoch-multi2000-nomlp::zh_parallel_multiple::zh_parallel_multiple_149,correct,correct,both_correct
Salesforce_Llama-xLAM-2-8b-fc-r-checkpoint-3260-merged-1batch-2560seq-3epoch-multi2000-nomlp::zh_parallel_multiple::zh_parallel_multiple_15,correct,correct,both_correct
Salesforce_Llama-xLAM-2-8b-fc-r-checkpoint-3260-merged-1batch-2560seq-3epoch-multi2000-nomlp::zh_parallel_multiple::zh_parallel_multiple_150,correct,correct,both_correct
Salesforce_Llama-xLAM-2-8b-fc-r-checkpoint-3260-merged-1batch-2560seq-3epoch-multi2000-nomlp::zh_parallel_multiple::zh_parallel_multiple_153,correct,correct,both_correct
Salesforce_Llama-xLAM-2-8b-fc-r-checkpoint-3260-merged-1batch-2560seq-3epoch-multi2000-nomlp::zh_parallel_multiple::zh_parallel_multiple_156,correct,correct,both_correct
Salesforce_Llama-xLAM-2-8b-fc-r-checkpoint-3260-merged-1batch-2560seq-3epoch-multi2000-nomlp::zh_parallel_multiple::zh_parallel_multiple_158,correct,correct,both_correct
Salesforce_Llama-xLAM-2-8b-fc-r-checkpoint-3260-merged-1batch-2560seq-3epoch-multi2000-nomlp::zh_parallel_multiple::zh_parallel_multiple_159,correct,correct,both_correct
Salesforce_Llama-xLAM-2-8b-fc-r-checkpoint-3260-merged-1batch-2560seq-3epoch-multi2000-nomlp::zh_parallel_multiple::zh_parallel_multiple_160,correct,correct,both_correct
Salesforce_Llama-xLAM-2-8b-fc-r-checkpoint-3260-merged-1batch-2560seq-3epoch-multi2000-nomlp::zh_parallel_multiple::zh_parallel_multiple_163,correct,correct,both_correct
Salesforce_Llama-xLAM-2-8b-fc-r-checkpoint-3260-merged-1batch-2560seq-3epoch-multi2000-nomlp::zh_parallel_multiple::zh_parallel_multiple_165,correct,correct,both_correct
Salesforce_Llama-xLAM-2-8b-fc-r-checkpoint-3260-merged-1batch-2560seq-3epoch-multi2000-nomlp::zh_parallel_multiple::zh_parallel_multiple_169,correct,correct,both_correct
Salesforce_Llama-xLAM-2-8b-fc-r-checkpoint-3260-merged-1batch-2560seq-3epoch-multi2000-nomlp::zh_parallel_multiple::zh_parallel_multiple_172,correct,correct,both_correct
Salesforce_Llama-xLAM-2-8b-fc-r-checkpoint-3260-merged-1batch-2560seq-3epoch-multi2000-nomlp::zh_parallel_multiple::zh_parallel_multiple_173,correct,correct,both_correct
Salesforce_Llama-xLAM-2-8b-fc-r-checkpoint-3260-merged-1batch-2560seq-3epoch-multi2000-nomlp::zh_parallel_multiple::zh_parallel_multiple_176,correct,correct,both_correct
Salesforce_Llama-xLAM-2-8b-fc-r-checkpoint-3260-merged-1batch-2560seq-3epoch-multi2000-nomlp::zh_parallel_multiple::zh_parallel_multiple_183,correct,wrong,a_correct_b_wrong
Salesforce_Llama-xLAM-2-8b-fc-r-checkpoint-3260-merged-1batch-2560seq-3epoch-multi2000-nomlp::zh_parallel_multiple::zh_parallel_multiple_189,correct,correct,both_correct
Salesforce_Llama-xLAM-2-8b-fc-r-checkpoint-3260-merged-1batch-2560seq-3epoch-multi2000-nomlp::zh_parallel_multiple::zh_parallel_multiple_19,correct,correct,both_correct
Salesforce_Llama-xLAM-2-8b-fc-r-checkpoint-3260-merged-1batch-2560seq-3epoch-multi2000-nomlp::zh_parallel_multiple::zh_parallel_multiple_191,correct,correct,both_correct
Salesforce_Llama-xLAM-2-8b-fc-r-checkpoint-3260-merged-1batch-2560seq-3epoch-multi2000-nomlp::zh_parallel_multiple::zh_parallel_multiple_195,correct,correct,both_correct
Salesforce_Llama-xLAM-2-8b-fc-r-checkpoint-3260-merged-1batch-2560seq-3epoch-multi2000-nomlp::zh_parallel_multiple::zh_parallel_multiple_199,correct,correct,both_correct
Salesforce_Llama-xLAM-2-8b-fc-r-checkpoint-3260-merged-1batch-2560seq-3epoch-multi2000-nomlp::zh_parallel_multiple::zh_parallel_multiple_21,correct,correct,both_correct
Salesforce_Llama-xLAM-2-8b-fc-r-checkpoint-3260-merged-1batch-2560seq-3epoch-multi2000-nomlp::zh_parallel_multiple::zh_parallel_multiple_27,correct,correct,both_correct
Salesforce_Llama-xLAM-2-8b-fc-r-checkpoint-3260-merged-1batch-2560seq-3epoch-multi2000-nomlp::zh_parallel_multiple::zh_parallel_multiple_32,correct,correct,both_correct
Salesforce_Llama-xLAM-2-8b-fc-r-checkpoint-3260-merged-1batch-2560seq-3epoch-multi2000-nomlp::zh_parallel_multiple::zh_parallel_multiple_33,correct,correct,both_correct
Salesforce_Llama-xLAM-2-8b-fc-r-checkpoint-3260-merged-1batch-2560seq-3epoch-multi2000-nomlp::zh_parallel_multiple::zh_parallel_multiple_40,correct,correct,both_correct
Salesforce_Llama-xLAM-2-8b-fc-r-checkpoint-3260-merged-1batch-2560seq-3epoch-multi2000-nomlp::zh_parallel_multiple::zh_parallel_multiple_42,correct,correct,both_correct
Salesforce_Llama-xLAM-2-8b-fc-r-checkpoint-3260-merged-1batch-2560seq-3epoch-multi2000-nomlp::zh_parallel_multiple::zh_parallel_multiple_50,correct,correct,both_correct
Salesforce_Llama-xLAM-2-8b-fc-r-checkpoint-3260-merged-1batch-2560seq-3epoch-multi2000-nomlp::zh_parallel_multiple::zh_parallel_multiple_54,wrong,correct,b_correct_a_wrong
Salesforce_Llama-xLAM-2-8b-fc-r-checkpoint-3260-merged-1batch-2560seq-3epoch-multi2000-nomlp::zh_parallel_multiple::zh_parallel_multiple_65,correct,correct,both_correct
Salesforce_Llama-xLAM-2-8b-fc-r-checkpoint-3260-merged-1batch-2560seq-3epoch-multi2000-nomlp::zh_parallel_multiple::zh_parallel_multiple_69,wrong,wrong,both_wrong
Salesforce_Llama-xLAM-2-8b-fc-r-checkpoint-3260-merged-1batch-2560seq-3epoch-multi2000-nomlp::zh_parallel_multiple::zh_parallel_multiple_70,wrong,correct,b_correct_a_wrong
Salesforce_Llama-xLAM-2-8b-fc-r-checkpoint-3260-merged-1batch-2560seq-3epoch-multi2000-nomlp::zh_parallel_multiple::zh_parallel_multiple_78,correct,correct,both_correct
Salesforce_Llama-xLAM-2-8b-fc-r-checkpoint-3260-merged-1batch-2560seq-3epoch-multi2000-nomlp::zh_parallel_multiple::zh_parallel_multiple_81,correct,correct,both_correct
Salesforce_Llama-xLAM-2-8b-fc-r-checkpoint-3260-merged-1batch-2560seq-3epoch-multi2000-nomlp::zh_parallel_multiple::zh_parallel_multiple_87,correct,correct,both_correct
Salesforce_Llama-xLAM-2-8b-fc-r-checkpoint-3260-merged-1batch-2560seq-3epoch-multi2000-nomlp::zh_parallel_multiple::zh_parallel_multiple_91,correct,correct,both_correct
Salesforce_Llama-xLAM-2-8b-fc-r-checkpoint-3260-merged-1batch-2560seq-3epoch-multi2000-nomlp::zh_parallel_multiple::zh_parallel_multiple_94,correct,correct,both_correct
Salesforce_Llama-xLAM-2-8b-fc-r-checkpoint-3260-merged-1batch-2560seq-3epoch-multi2000-nomlp::zh_parallel_multiple::zh_parallel_multiple_97,wrong,correct,b_correct_a_wrong
Salesforce_Llama-xLAM-2-8b-fc-r-checkpoint-3260-merged-1batch-2560seq-3epoch-multi2000-nomlp::zh_simple_python::zh_simple_python_126,wrong,correct,b_correct_a_wrong
Salesforce_Llama-xLAM-2-8b-fc-r-checkpoint-3260-merged-1batch-2560seq-3epoch-multi2000-nomlp::zh_simple_python::zh_simple_python_147,correct,correct,both_correct
Salesforce_Llama-xLAM-2-8b-fc-r-checkpoint-3260-merged-1batch-2560seq-3epoch-multi2000-nomlp::zh_simple_python::zh_simple_python_159,wrong,correct,b_correct_a_wrong
Salesforce_Llama-xLAM-2-8b-fc-r-checkpoint-3260-merged-1batch-2560seq-3epoch-multi2000-nomlp::zh_simple_python::zh_simple_python_162,correct,correct,both_correct
Salesforce_Llama-xLAM-2-8b-fc-r-checkpoint-3260-merged-1batch-2560seq-3epoch-multi2000-nomlp::zh_simple_python::zh_simple_python_163,correct,correct,both_correct
Salesforce_Llama-xLAM-2-8b-fc-r-checkpoint-3260-merged-1batch-2560seq-3epoch-multi2000-nomlp::zh_simple_python::zh_simple_python_166,correct,correct,both_correct
Salesforce_Llama-xLAM-2-8b-fc-r-checkpoint-3260-merged-1batch-2560seq-3epoch-multi2000-nomlp::zh_simple_python::zh_simple_python_174,wrong,correct,b_correct_a_wrong
Salesforce_Llama-xLAM-2-8b-fc-r-checkpoint-3260-merged-1batch-2560seq-3epoch-multi2000-nomlp::zh_simple_python::zh_simple_python_183,wrong,correct,b_correct_a_wrong
Salesforce_Llama-xLAM-2-8b-fc-r-checkpoint-3260-merged-1batch-2560seq-3epoch-multi2000-nomlp::zh_simple_python::zh_simple_python_200,correct,correct,both_correct
Salesforce_Llama-xLAM-2-8b-fc-r-checkpoint-3260-merged-1batch-2560seq-3epoch-multi2000-nomlp::zh_simple_python::zh_simple_python_212,correct,correct,both_correct
Salesforce_Llama-xLAM-2-8b-fc-r-checkpoint-3260-merged-1batch-2560seq-3epoch-multi2000-nomlp::zh_simple_python::zh_simple_python_215,wrong,wrong,both_wrong
Salesforce_Llama-xLAM-2-8b-fc-r-checkpoint-3260-merged-1batch-2560seq-3epoch-multi2000-nomlp::zh_simple_python::zh_simple_python_219,wrong,correct,b_correct_a_wrong
Salesforce_Llama-xLAM-2-8b-fc-r-checkpoint-3260-merged-1batch-2560seq-3epoch-multi2000-nomlp::zh_simple_python::zh_simple_python_224,wrong,correct,b_correct_a_wrong
Salesforce_Llama-xLAM-2-8b-fc-r-checkpoint-3260-merged-1batch-2560seq-3epoch-multi2000-nomlp::zh_simple_python::zh_simple_python_228,correct,correct,both_correct
Salesforce_Llama-xLAM-2-8b-fc-r-checkpoint-3260-merged-1batch-2560seq-3epoch-multi2000-nomlp::zh_simple_python::zh_simple_python_229,wrong,wrong,both_wrong
Salesforce_Llama-xLAM-2-8b-fc-r-checkpoint-3260-merged-1batch-2560seq-3epoch-multi2000-nomlp::zh_simple_python::zh_simple_python_241,wrong,correct,b_correct_a_wrong
Salesforce_Llama-xLAM-2-8b-fc-r-checkpoint-3260-merged-1batch-2560seq-3epoch-multi2000-nomlp::zh_simple_python::zh_simple_python_242,wrong,correct,b_correct_a_wrong
Salesforce_Llama-xLAM-2-8b-fc-r-checkpoint-3260-merged-1batch-2560seq-3epoch-multi2000-nomlp::zh_simple_python::zh_simple_python_244,wrong,correct,b_correct_a_wrong
Salesforce_Llama-xLAM-2-8b-fc-r-checkpoint-3260-merged-1batch-2560seq-3epoch-multi2000-nomlp::zh_simple_python::zh_simple_python_248,correct,correct,both_correct
Salesforce_Llama-xLAM-2-8b-fc-r-checkpoint-3260-merged-1batch-2560seq-3epoch-multi2000-nomlp::zh_simple_python::zh_simple_python_255,correct,correct,both_correct
Salesforce_Llama-xLAM-2-8b-fc-r-checkpoint-3260-merged-1batch-2560seq-3epoch-multi2000-nomlp::zh_simple_python::zh_simple_python_267,wrong,correct,b_correct_a_wrong
Salesforce_Llama-xLAM-2-8b-fc-r-checkpoint-3260-merged-1batch-2560seq-3epoch-multi2000-nomlp::zh_simple_python::zh_simple_python_273,correct,correct,both_correct
Salesforce_Llama-xLAM-2-8b-fc-r-checkpoint-3260-merged-1batch-2560seq-3epoch-multi2000-nomlp::zh_simple_python::zh_simple_python_281,correct,correct,both_correct
Salesforce_Llama-xLAM-2-8b-fc-r-checkpoint-3260-merged-1batch-2560seq-3epoch-multi2000-nomlp::zh_simple_python::zh_simple_python_283,wrong,correct,b_correct_a_wrong
Salesforce_Llama-xLAM-2-8b-fc-r-checkpoint-3260-merged-1batch-2560seq-3epoch-multi2000-nomlp::zh_simple_python::zh_simple_python_288,correct,correct,both_correct
Salesforce_Llama-xLAM-2-8b-fc-r-checkpoint-3260-merged-1batch-2560seq-3epoch-multi2000-nomlp::zh_simple_python::zh_simple_python_290,wrong,correct,b_correct_a_wrong
Salesforce_Llama-xLAM-2-8b-fc-r-checkpoint-3260-merged-1batch-2560seq-3epoch-multi2000-nomlp::zh_simple_python::zh_simple_python_304,wrong,correct,b_correct_a_wrong
Salesforce_Llama-xLAM-2-8b-fc-r-checkpoint-3260-merged-1batch-2560seq-3epoch-multi2000-nomlp::zh_simple_python::zh_simple_python_305,correct,correct,both_correct
Salesforce_Llama-xLAM-2-8b-fc-r-checkpoint-3260-merged-1batch-2560seq-3epoch-multi2000-nomlp::zh_simple_python::zh_simple_python_307,wrong,correct,b_correct_a_wrong
Salesforce_Llama-xLAM-2-8b-fc-r-checkpoint-3260-merged-1batch-2560seq-3epoch-multi2000-nomlp::zh_simple_python::zh_simple_python_308,correct,correct,both_correct
Salesforce_Llama-xLAM-2-8b-fc-r-checkpoint-3260-merged-1batch-2560seq-3epoch-multi2000-nomlp::zh_simple_python::zh_simple_python_319,correct,correct,both_correct
Salesforce_Llama-xLAM-2-8b-fc-r-checkpoint-3260-merged-1batch-2560seq-3epoch-multi2000-nomlp::zh_simple_python::zh_simple_python_322,correct,correct,both_correct
Salesforce_Llama-xLAM-2-8b-fc-r-checkpoint-3260-merged-1batch-2560seq-3epoch-multi2000-nomlp::zh_simple_python::zh_simple_python_324,correct,correct,both_correct
Salesforce_Llama-xLAM-2-8b-fc-r-checkpoint-3260-merged-1batch-2560seq-3epoch-multi2000-nomlp::zh_simple_python::zh_simple_python_326,correct,correct,both_correct
Salesforce_Llama-xLAM-2-8b-fc-r-checkpoint-3260-merged-1batch-2560seq-3epoch-multi2000-nomlp::zh_simple_python::zh_simple_python_327,correct,correct,both_correct
Salesforce_Llama-xLAM-2-8b-fc-r-checkpoint-3260-merged-1batch-2560seq-3epoch-multi2000-nomlp::zh_simple_python::zh_simple_python_344,correct,correct,both_correct
Salesforce_Llama-xLAM-2-8b-fc-r-checkpoint-3260-merged-1batch-2560seq-3epoch-multi2000-nomlp::zh_simple_python::zh_simple_python_369,wrong,correct,b_correct_a_wrong
Salesforce_Llama-xLAM-2-8b-fc-r-checkpoint-3260-merged-1batch-2560seq-3epoch-multi2000-nomlp::zh_simple_python::zh_simple_python_373,wrong,correct,b_correct_a_wrong
Salesforce_Llama-xLAM-2-8b-fc-r-checkpoint-3260-merged-1batch-2560seq-3epoch-multi2000-nomlp::zh_simple_python::zh_simple_python_374,correct,correct,both_correct
Salesforce_Llama-xLAM-2-8b-fc-r-checkpoint-3260-merged-1batch-2560seq-3epoch-multi2000-nomlp::zh_simple_python::zh_simple_python_386,wrong,correct,b_correct_a_wrong
Salesforce_Llama-xLAM-2-8b-fc-r-checkpoint-3260-merged-1batch-2560seq-3epoch-multi2000-nomlp::zh_simple_python::zh_simple_python_387,correct,correct,both_correct
Salesforce_Llama-xLAM-2-8b-fc-r-checkpoint-3260-merged-1batch-2560seq-3epoch-multi2000-nomlp::zh_simple_python::zh_simple_python_390,wrong,correct,b_correct_a_wrong
Salesforce_Llama-xLAM-2-8b-fc-r-checkpoint-3260-merged-1batch-2560seq-3epoch-multi2000-nomlp::zh_simple_python::zh_simple_python_394,correct,correct,both_correct
Salesforce_Llama-xLAM-2-8b-fc-r-checkpoint-3260-merged-1batch-2560seq-3epoch-multi2000-nomlp::zh_simple_python::zh_simple_python_63,correct,correct,both_correct
Salesforce_Llama-xLAM-2-8b-fc-r-checkpoint-3260-merged-1batch-2560seq-3epoch-multi2000-nomlp::zh_simple_python::zh_simple_python_77,correct,correct,both_correct
Salesforce_Llama-xLAM-2-8b-fc-r-checkpoint-3260-merged-1batch-2560seq-3epoch-multi2000-nomlp::zh_simple_python::zh_simple_python_83,wrong,correct,b_correct_a_wrong
Salesforce_Llama-xLAM-2-8b-fc-r-checkpoint-3260-merged-1batch-2560seq-3epoch-multi2000-nomlp::zh_simple_python::zh_simple_python_85,correct,correct,both_correct
Salesforce_Llama-xLAM-2-8b-fc-r-checkpoint-3260-merged-1batch-2560seq-3epoch-multi2000-nomlp::zh_simple_python::zh_simple_python_91,correct,correct,both_correct
Salesforce_Llama-xLAM-2-8b-fc-r-checkpoint-3260-merged-1batch-2560seq-3epoch-multi2000-nomlp::zh_simple_python::zh_simple_python_98,wrong,correct,b_correct_a_wrong
Salesforce_Llama-xLAM-2-8b-fc-r-checkpoint-3408-merged-1batch-2560seq-3epoch-apigen-nomlp::zh_multiple::zh_multiple_127,wrong,correct,b_correct_a_wrong
Salesforce_Llama-xLAM-2-8b-fc-r-checkpoint-3408-merged-1batch-2560seq-3epoch-apigen-nomlp::zh_multiple::zh_multiple_129,wrong,correct,b_correct_a_wrong
Salesforce_Llama-xLAM-2-8b-fc-r-checkpoint-3408-merged-1batch-2560seq-3epoch-apigen-nomlp::zh_multiple::zh_multiple_134,correct,correct,both_correct
Salesforce_Llama-xLAM-2-8b-fc-r-checkpoint-3408-merged-1batch-2560seq-3epoch-apigen-nomlp::zh_multiple::zh_multiple_136,wrong,correct,b_correct_a_wrong
Salesforce_Llama-xLAM-2-8b-fc-r-checkpoint-3408-merged-1batch-2560seq-3epoch-apigen-nomlp::zh_multiple::zh_multiple_146,correct,correct,both_correct
Salesforce_Llama-xLAM-2-8b-fc-r-checkpoint-3408-merged-1batch-2560seq-3epoch-apigen-nomlp::zh_multiple::zh_multiple_149,correct,correct,both_correct
Salesforce_Llama-xLAM-2-8b-fc-r-checkpoint-3408-merged-1batch-2560seq-3epoch-apigen-nomlp::zh_multiple::zh_multiple_158,correct,correct,both_correct
Salesforce_Llama-xLAM-2-8b-fc-r-checkpoint-3408-merged-1batch-2560seq-3epoch-apigen-nomlp::zh_multiple::zh_multiple_160,wrong,correct,b_correct_a_wrong
Salesforce_Llama-xLAM-2-8b-fc-r-checkpoint-3408-merged-1batch-2560seq-3epoch-apigen-nomlp::zh_multiple::zh_multiple_165,correct,correct,both_correct
Salesforce_Llama-xLAM-2-8b-fc-r-checkpoint-3408-merged-1batch-2560seq-3epoch-apigen-nomlp::zh_multiple::zh_multiple_168,correct,correct,both_correct
Salesforce_Llama-xLAM-2-8b-fc-r-checkpoint-3408-merged-1batch-2560seq-3epoch-apigen-nomlp::zh_multiple::zh_multiple_186,wrong,correct,b_correct_a_wrong
Salesforce_Llama-xLAM-2-8b-fc-r-checkpoint-3408-merged-1batch-2560seq-3epoch-apigen-nomlp::zh_multiple::zh_multiple_190,correct,correct,both_correct
Salesforce_Llama-xLAM-2-8b-fc-r-checkpoint-3408-merged-1batch-2560seq-3epoch-apigen-nomlp::zh_multiple::zh_multiple_58,correct,correct,both_correct
Salesforce_Llama-xLAM-2-8b-fc-r-checkpoint-3408-merged-1batch-2560seq-3epoch-apigen-nomlp::zh_multiple::zh_multiple_61,correct,correct,both_correct
Salesforce_Llama-xLAM-2-8b-fc-r-checkpoint-3408-merged-1batch-2560seq-3epoch-apigen-nomlp::zh_multiple::zh_multiple_65,wrong,correct,b_correct_a_wrong
Salesforce_Llama-xLAM-2-8b-fc-r-checkpoint-3408-merged-1batch-2560seq-3epoch-apigen-nomlp::zh_multiple::zh_multiple_67,correct,correct,both_correct
Salesforce_Llama-xLAM-2-8b-fc-r-checkpoint-3408-merged-1batch-2560seq-3epoch-apigen-nomlp::zh_multiple::zh_multiple_78,correct,correct,both_correct
Salesforce_Llama-xLAM-2-8b-fc-r-checkpoint-3408-merged-1batch-2560seq-3epoch-apigen-nomlp::zh_multiple::zh_multiple_84,correct,correct,both_correct
Salesforce_Llama-xLAM-2-8b-fc-r-checkpoint-3408-merged-1batch-2560seq-3epoch-apigen-nomlp::zh_multiple::zh_multiple_90,correct,correct,both_correct
Salesforce_Llama-xLAM-2-8b-fc-r-checkpoint-3408-merged-1batch-2560seq-3epoch-apigen-nomlp::zh_multiple::zh_multiple_91,wrong,correct,b_correct_a_wrong
Salesforce_Llama-xLAM-2-8b-fc-r-checkpoint-3408-merged-1batch-2560seq-3epoch-apigen-nomlp::zh_multiple::zh_multiple_94,wrong,correct,b_correct_a_wrong
Salesforce_Llama-xLAM-2-8b-fc-r-checkpoint-3408-merged-1batch-2560seq-3epoch-apigen-nomlp::zh_parallel::zh_parallel_117,wrong,correct,b_correct_a_wrong
Salesforce_Llama-xLAM-2-8b-fc-r-checkpoint-3408-merged-1batch-2560seq-3epoch-apigen-nomlp::zh_parallel::zh_parallel_119,correct,correct,both_correct
Salesforce_Llama-xLAM-2-8b-fc-r-checkpoint-3408-merged-1batch-2560seq-3epoch-apigen-nomlp::zh_parallel::zh_parallel_13,wrong,correct,b_correct_a_wrong
Salesforce_Llama-xLAM-2-8b-fc-r-checkpoint-3408-merged-1batch-2560seq-3epoch-apigen-nomlp::zh_parallel::zh_parallel_159,wrong,correct,b_correct_a_wrong
Salesforce_Llama-xLAM-2-8b-fc-r-checkpoint-3408-merged-1batch-2560seq-3epoch-apigen-nomlp::zh_parallel::zh_parallel_164,wrong,correct,b_correct_a_wrong
Salesforce_Llama-xLAM-2-8b-fc-r-checkpoint-3408-merged-1batch-2560seq-3epoch-apigen-nomlp::zh_parallel::zh_parallel_181,wrong,correct,b_correct_a_wrong
Salesforce_Llama-xLAM-2-8b-fc-r-checkpoint-3408-merged-1batch-2560seq-3epoch-apigen-nomlp::zh_parallel::zh_parallel_19,correct,correct,both_correct
Salesforce_Llama-xLAM-2-8b-fc-r-checkpoint-3408-merged-1batch-2560seq-3epoch-apigen-nomlp::zh_parallel::zh_parallel_191,correct,correct,both_correct
Salesforce_Llama-xLAM-2-8b-fc-r-checkpoint-3408-merged-1batch-2560seq-3epoch-apigen-nomlp::zh_parallel::zh_parallel_194,correct,correct,both_correct
Salesforce_Llama-xLAM-2-8b-fc-r-checkpoint-3408-merged-1batch-2560seq-3epoch-apigen-nomlp::zh_parallel::zh_parallel_36,correct,correct,both_correct
Salesforce_Llama-xLAM-2-8b-fc-r-checkpoint-3408-merged-1batch-2560seq-3epoch-apigen-nomlp::zh_parallel::zh_parallel_39,correct,correct,both_correct
Salesforce_Llama-xLAM-2-8b-fc-r-checkpoint-3408-merged-1batch-2560seq-3epoch-apigen-nomlp::zh_parallel::zh_parallel_44,wrong,correct,b_correct_a_wrong
Salesforce_Llama-xLAM-2-8b-fc-r-checkpoint-3408-merged-1batch-2560seq-3epoch-apigen-nomlp::zh_parallel::zh_parallel_45,wrong,correct,b_correct_a_wrong
Salesforce_Llama-xLAM-2-8b-fc-r-checkpoint-3408-merged-1batch-2560seq-3epoch-apigen-nomlp::zh_parallel::zh_parallel_46,correct,correct,both_correct
Salesforce_Llama-xLAM-2-8b-fc-r-checkpoint-3408-merged-1batch-2560seq-3epoch-apigen-nomlp::zh_parallel::zh_parallel_52,correct,correct,both_correct
Salesforce_Llama-xLAM-2-8b-fc-r-checkpoint-3408-merged-1batch-2560seq-3epoch-apigen-nomlp::zh_parallel::zh_parallel_8,correct,correct,both_correct
Salesforce_Llama-xLAM-2-8b-fc-r-checkpoint-3408-merged-1batch-2560seq-3epoch-apigen-nomlp::zh_parallel::zh_parallel_91,correct,correct,both_correct
Salesforce_Llama-xLAM-2-8b-fc-r-checkpoint-3408-merged-1batch-2560seq-3epoch-apigen-nomlp::zh_parallel::zh_parallel_93,correct,correct,both_correct
Salesforce_Llama-xLAM-2-8b-fc-r-checkpoint-3408-merged-1batch-2560seq-3epoch-apigen-nomlp::zh_parallel_multiple::zh_parallel_multiple_10,wrong,correct,b_correct_a_wrong
Salesforce_Llama-xLAM-2-8b-fc-r-checkpoint-3408-merged-1batch-2560seq-3epoch-apigen-nomlp::zh_parallel_multiple::zh_parallel_multiple_103,correct,correct,both_correct
Salesforce_Llama-xLAM-2-8b-fc-r-checkpoint-3408-merged-1batch-2560seq-3epoch-apigen-nomlp::zh_parallel_multiple::zh_parallel_multiple_106,correct,correct,both_correct
Salesforce_Llama-xLAM-2-8b-fc-r-checkpoint-3408-merged-1batch-2560seq-3epoch-apigen-nomlp::zh_parallel_multiple::zh_parallel_multiple_118,correct,correct,both_correct
Salesforce_Llama-xLAM-2-8b-fc-r-checkpoint-3408-merged-1batch-2560seq-3epoch-apigen-nomlp::zh_parallel_multiple::zh_parallel_multiple_120,correct,correct,both_correct
Salesforce_Llama-xLAM-2-8b-fc-r-checkpoint-3408-merged-1batch-2560seq-3epoch-apigen-nomlp::zh_parallel_multiple::zh_parallel_multiple_125,correct,correct,both_correct
Salesforce_Llama-xLAM-2-8b-fc-r-checkpoint-3408-merged-1batch-2560seq-3epoch-apigen-nomlp::zh_parallel_multiple::zh_parallel_multiple_127,correct,correct,both_correct
Salesforce_Llama-xLAM-2-8b-fc-r-checkpoint-3408-merged-1batch-2560seq-3epoch-apigen-nomlp::zh_parallel_multiple::zh_parallel_multiple_128,correct,correct,both_correct
Salesforce_Llama-xLAM-2-8b-fc-r-checkpoint-3408-merged-1batch-2560seq-3epoch-apigen-nomlp::zh_parallel_multiple::zh_parallel_multiple_137,correct,correct,both_correct
Salesforce_Llama-xLAM-2-8b-fc-r-checkpoint-3408-merged-1batch-2560seq-3epoch-apigen-nomlp::zh_parallel_multiple::zh_parallel_multiple_139,correct,correct,both_correct
Salesforce_Llama-xLAM-2-8b-fc-r-checkpoint-3408-merged-1batch-2560seq-3epoch-apigen-nomlp::zh_parallel_multiple::zh_parallel_multiple_141,correct,correct,both_correct
Salesforce_Llama-xLAM-2-8b-fc-r-checkpoint-3408-merged-1batch-2560seq-3epoch-apigen-nomlp::zh_parallel_multiple::zh_parallel_multiple_147,correct,correct,both_correct
Salesforce_Llama-xLAM-2-8b-fc-r-checkpoint-3408-merged-1batch-2560seq-3epoch-apigen-nomlp::zh_parallel_multiple::zh_parallel_multiple_148,correct,correct,both_correct
Salesforce_Llama-xLAM-2-8b-fc-r-checkpoint-3408-merged-1batch-2560seq-3epoch-apigen-nomlp::zh_parallel_multiple::zh_parallel_multiple_153,correct,correct,both_correct
Salesforce_Llama-xLAM-2-8b-fc-r-checkpoint-3408-merged-1batch-2560seq-3epoch-apigen-nomlp::zh_parallel_multiple::zh_parallel_multiple_157,correct,correct,both_correct
Salesforce_Llama-xLAM-2-8b-fc-r-checkpoint-3408-merged-1batch-2560seq-3epoch-apigen-nomlp::zh_parallel_multiple::zh_parallel_multiple_158,correct,correct,both_correct
Salesforce_Llama-xLAM-2-8b-fc-r-checkpoint-3408-merged-1batch-2560seq-3epoch-apigen-nomlp::zh_parallel_multiple::zh_parallel_multiple_159,correct,correct,both_correct
Salesforce_Llama-xLAM-2-8b-fc-r-checkpoint-3408-merged-1batch-2560seq-3epoch-apigen-nomlp::zh_parallel_multiple::zh_parallel_multiple_163,correct,correct,both_correct
Salesforce_Llama-xLAM-2-8b-fc-r-checkpoint-3408-merged-1batch-2560seq-3epoch-apigen-nomlp::zh_parallel_multiple::zh_parallel_multiple_165,correct,correct,both_correct
Salesforce_Llama-xLAM-2-8b-fc-r-checkpoint-3408-merged-1batch-2560seq-3epoch-apigen-nomlp::zh_parallel_multiple::zh_parallel_multiple_172,correct,correct,both_correct
Salesforce_Llama-xLAM-2-8b-fc-r-checkpoint-3408-merged-1batch-2560seq-3epoch-apigen-nomlp::zh_parallel_multiple::zh_parallel_multiple_176,correct,correct,both_correct
Salesforce_Llama-xLAM-2-8b-fc-r-checkpoint-3408-merged-1batch-2560seq-3epoch-apigen-nomlp::zh_parallel_multiple::zh_parallel_multiple_189,correct,correct,both_correct
Salesforce_Llama-xLAM-2-8b-fc-r-checkpoint-3408-merged-1batch-2560seq-3epoch-apigen-nomlp::zh_parallel_multiple::zh_parallel_multiple_19,correct,correct,both_correct
Salesforce_Llama-xLAM-2-8b-fc-r-checkpoint-3408-merged-1batch-2560seq-3epoch-apigen-nomlp::zh_parallel_multiple::zh_parallel_multiple_191,correct,correct,both_correct
Salesforce_Llama-xLAM-2-8b-fc-r-checkpoint-3408-merged-1batch-2560seq-3epoch-apigen-nomlp::zh_parallel_multiple::zh_parallel_multiple_192,correct,correct,both_correct
Salesforce_Llama-xLAM-2-8b-fc-r-checkpoint-3408-merged-1batch-2560seq-3epoch-apigen-nomlp::zh_parallel_multiple::zh_parallel_multiple_195,correct,correct,both_correct
Salesforce_Llama-xLAM-2-8b-fc-r-checkpoint-3408-merged-1batch-2560seq-3epoch-apigen-nomlp::zh_parallel_multiple::zh_parallel_multiple_196,correct,correct,both_correct
Salesforce_Llama-xLAM-2-8b-fc-r-checkpoint-3408-merged-1batch-2560seq-3epoch-apigen-nomlp::zh_parallel_multiple::zh_parallel_multiple_21,correct,correct,both_correct
Salesforce_Llama-xLAM-2-8b-fc-r-checkpoint-3408-merged-1batch-2560seq-3epoch-apigen-nomlp::zh_parallel_multiple::zh_parallel_multiple_32,correct,correct,both_correct
Salesforce_Llama-xLAM-2-8b-fc-r-checkpoint-3408-merged-1batch-2560seq-3epoch-apigen-nomlp::zh_parallel_multiple::zh_parallel_multiple_33,correct,correct,both_correct
Salesforce_Llama-xLAM-2-8b-fc-r-checkpoint-3408-merged-1batch-2560seq-3epoch-apigen-nomlp::zh_parallel_multiple::zh_parallel_multiple_37,correct,correct,both_correct
Salesforce_Llama-xLAM-2-8b-fc-r-checkpoint-3408-merged-1batch-2560seq-3epoch-apigen-nomlp::zh_parallel_multiple::zh_parallel_multiple_40,correct,correct,both_correct
Salesforce_Llama-xLAM-2-8b-fc-r-checkpoint-3408-merged-1batch-2560seq-3epoch-apigen-nomlp::zh_parallel_multiple::zh_parallel_multiple_42,correct,correct,both_correct
Salesforce_Llama-xLAM-2-8b-fc-r-checkpoint-3408-merged-1batch-2560seq-3epoch-apigen-nomlp::zh_parallel_multiple::zh_parallel_multiple_50,correct,correct,both_correct
Salesforce_Llama-xLAM-2-8b-fc-r-checkpoint-3408-merged-1batch-2560seq-3epoch-apigen-nomlp::zh_parallel_multiple::zh_parallel_multiple_55,correct,correct,both_correct
Salesforce_Llama-xLAM-2-8b-fc-r-checkpoint-3408-merged-1batch-2560seq-3epoch-apigen-nomlp::zh_parallel_multiple::zh_parallel_multiple_63,correct,correct,both_correct
Salesforce_Llama-xLAM-2-8b-fc-r-checkpoint-3408-merged-1batch-2560seq-3epoch-apigen-nomlp::zh_parallel_multiple::zh_parallel_multiple_65,correct,correct,both_correct
Salesforce_Llama-xLAM-2-8b-fc-r-checkpoint-3408-merged-1batch-2560seq-3epoch-apigen-nomlp::zh_parallel_multiple::zh_parallel_multiple_69,wrong,wrong,both_wrong
Salesforce_Llama-xLAM-2-8b-fc-r-checkpoint-3408-merged-1batch-2560seq-3epoch-apigen-nomlp::zh_parallel_multiple::zh_parallel_multiple_70,wrong,correct,b_correct_a_wrong
Salesforce_Llama-xLAM-2-8b-fc-r-checkpoint-3408-merged-1batch-2560seq-3epoch-apigen-nomlp::zh_parallel_multiple::zh_parallel_multiple_75,correct,correct,both_correct
Salesforce_Llama-xLAM-2-8b-fc-r-checkpoint-3408-merged-1batch-2560seq-3epoch-apigen-nomlp::zh_parallel_multiple::zh_parallel_multiple_78,correct,correct,both_correct
Salesforce_Llama-xLAM-2-8b-fc-r-checkpoint-3408-merged-1batch-2560seq-3epoch-apigen-nomlp::zh_parallel_multiple::zh_parallel_multiple_81,correct,correct,both_correct
Salesforce_Llama-xLAM-2-8b-fc-r-checkpoint-3408-merged-1batch-2560seq-3epoch-apigen-nomlp::zh_parallel_multiple::zh_parallel_multiple_91,correct,correct,both_correct
Salesforce_Llama-xLAM-2-8b-fc-r-checkpoint-3408-merged-1batch-2560seq-3epoch-apigen-nomlp::zh_parallel_multiple::zh_parallel_multiple_94,correct,correct,both_correct
Salesforce_Llama-xLAM-2-8b-fc-r-checkpoint-3408-merged-1batch-2560seq-3epoch-apigen-nomlp::zh_parallel_multiple::zh_parallel_multiple_97,wrong,correct,b_correct_a_wrong
Salesforce_Llama-xLAM-2-8b-fc-r-checkpoint-3408-merged-1batch-2560seq-3epoch-apigen-nomlp::zh_simple_python::zh_simple_python_126,wrong,correct,b_correct_a_wrong
Salesforce_Llama-xLAM-2-8b-fc-r-checkpoint-3408-merged-1batch-2560seq-3epoch-apigen-nomlp::zh_simple_python::zh_simple_python_128,wrong,correct,b_correct_a_wrong
Salesforce_Llama-xLAM-2-8b-fc-r-checkpoint-3408-merged-1batch-2560seq-3epoch-apigen-nomlp::zh_simple_python::zh_simple_python_159,wrong,correct,b_correct_a_wrong
Salesforce_Llama-xLAM-2-8b-fc-r-checkpoint-3408-merged-1batch-2560seq-3epoch-apigen-nomlp::zh_simple_python::zh_simple_python_163,correct,correct,both_correct
Salesforce_Llama-xLAM-2-8b-fc-r-checkpoint-3408-merged-1batch-2560seq-3epoch-apigen-nomlp::zh_simple_python::zh_simple_python_164,correct,correct,both_correct
Salesforce_Llama-xLAM-2-8b-fc-r-checkpoint-3408-merged-1batch-2560seq-3epoch-apigen-nomlp::zh_simple_python::zh_simple_python_166,correct,correct,both_correct
Salesforce_Llama-xLAM-2-8b-fc-r-checkpoint-3408-merged-1batch-2560seq-3epoch-apigen-nomlp::zh_simple_python::zh_simple_python_174,correct,correct,both_correct
Salesforce_Llama-xLAM-2-8b-fc-r-checkpoint-3408-merged-1batch-2560seq-3epoch-apigen-nomlp::zh_simple_python::zh_simple_python_197,correct,correct,both_correct
Salesforce_Llama-xLAM-2-8b-fc-r-checkpoint-3408-merged-1batch-2560seq-3epoch-apigen-nomlp::zh_simple_python::zh_simple_python_200,correct,correct,both_correct
Salesforce_Llama-xLAM-2-8b-fc-r-checkpoint-3408-merged-1batch-2560seq-3epoch-apigen-nomlp::zh_simple_python::zh_simple_python_202,correct,correct,both_correct
Salesforce_Llama-xLAM-2-8b-fc-r-checkpoint-3408-merged-1batch-2560seq-3epoch-apigen-nomlp::zh_simple_python::zh_simple_python_204,correct,correct,both_correct
Salesforce_Llama-xLAM-2-8b-fc-r-checkpoint-3408-merged-1batch-2560seq-3epoch-apigen-nomlp::zh_simple_python::zh_simple_python_206,correct,correct,both_correct
Salesforce_Llama-xLAM-2-8b-fc-r-checkpoint-3408-merged-1batch-2560seq-3epoch-apigen-nomlp::zh_simple_python::zh_simple_python_207,correct,correct,both_correct
Salesforce_Llama-xLAM-2-8b-fc-r-checkpoint-3408-merged-1batch-2560seq-3epoch-apigen-nomlp::zh_simple_python::zh_simple_python_216,correct,correct,both_correct
Salesforce_Llama-xLAM-2-8b-fc-r-checkpoint-3408-merged-1batch-2560seq-3epoch-apigen-nomlp::zh_simple_python::zh_simple_python_219,wrong,correct,b_correct_a_wrong
Salesforce_Llama-xLAM-2-8b-fc-r-checkpoint-3408-merged-1batch-2560seq-3epoch-apigen-nomlp::zh_simple_python::zh_simple_python_224,wrong,correct,b_correct_a_wrong
Salesforce_Llama-xLAM-2-8b-fc-r-checkpoint-3408-merged-1batch-2560seq-3epoch-apigen-nomlp::zh_simple_python::zh_simple_python_229,wrong,correct,b_correct_a_wrong
Salesforce_Llama-xLAM-2-8b-fc-r-checkpoint-3408-merged-1batch-2560seq-3epoch-apigen-nomlp::zh_simple_python::zh_simple_python_255,correct,correct,both_correct
Salesforce_Llama-xLAM-2-8b-fc-r-checkpoint-3408-merged-1batch-2560seq-3epoch-apigen-nomlp::zh_simple_python::zh_simple_python_257,correct,correct,both_correct
Salesforce_Llama-xLAM-2-8b-fc-r-checkpoint-3408-merged-1batch-2560seq-3epoch-apigen-nomlp::zh_simple_python::zh_simple_python_276,correct,correct,both_correct
Salesforce_Llama-xLAM-2-8b-fc-r-checkpoint-3408-merged-1batch-2560seq-3epoch-apigen-nomlp::zh_simple_python::zh_simple_python_283,correct,correct,both_correct
Salesforce_Llama-xLAM-2-8b-fc-r-checkpoint-3408-merged-1batch-2560seq-3epoch-apigen-nomlp::zh_simple_python::zh_simple_python_289,correct,correct,both_correct
Salesforce_Llama-xLAM-2-8b-fc-r-checkpoint-3408-merged-1batch-2560seq-3epoch-apigen-nomlp::zh_simple_python::zh_simple_python_304,wrong,correct,b_correct_a_wrong
Salesforce_Llama-xLAM-2-8b-fc-r-checkpoint-3408-merged-1batch-2560seq-3epoch-apigen-nomlp::zh_simple_python::zh_simple_python_306,wrong,correct,b_correct_a_wrong
Salesforce_Llama-xLAM-2-8b-fc-r-checkpoint-3408-merged-1batch-2560seq-3epoch-apigen-nomlp::zh_simple_python::zh_simple_python_316,correct,correct,both_correct
Salesforce_Llama-xLAM-2-8b-fc-r-checkpoint-3408-merged-1batch-2560seq-3epoch-apigen-nomlp::zh_simple_python::zh_simple_python_322,correct,correct,both_correct
Salesforce_Llama-xLAM-2-8b-fc-r-checkpoint-3408-merged-1batch-2560seq-3epoch-apigen-nomlp::zh_simple_python::zh_simple_python_324,correct,correct,both_correct
Salesforce_Llama-xLAM-2-8b-fc-r-checkpoint-3408-merged-1batch-2560seq-3epoch-apigen-nomlp::zh_simple_python::zh_simple_python_325,wrong,correct,b_correct_a_wrong
Salesforce_Llama-xLAM-2-8b-fc-r-checkpoint-3408-merged-1batch-2560seq-3epoch-apigen-nomlp::zh_simple_python::zh_simple_python_326,correct,correct,both_correct
Salesforce_Llama-xLAM-2-8b-fc-r-checkpoint-3408-merged-1batch-2560seq-3epoch-apigen-nomlp::zh_simple_python::zh_simple_python_344,correct,correct,both_correct
Salesforce_Llama-xLAM-2-8b-fc-r-checkpoint-3408-merged-1batch-2560seq-3epoch-apigen-nomlp::zh_simple_python::zh_simple_python_352,correct,correct,both_correct
Salesforce_Llama-xLAM-2-8b-fc-r-checkpoint-3408-merged-1batch-2560seq-3epoch-apigen-nomlp::zh_simple_python::zh_simple_python_369,wrong,correct,b_correct_a_wrong
Salesforce_Llama-xLAM-2-8b-fc-r-checkpoint-3408-merged-1batch-2560seq-3epoch-apigen-nomlp::zh_simple_python::zh_simple_python_373,correct,correct,both_correct
Salesforce_Llama-xLAM-2-8b-fc-r-checkpoint-3408-merged-1batch-2560seq-3epoch-apigen-nomlp::zh_simple_python::zh_simple_python_375,wrong,correct,b_correct_a_wrong
Salesforce_Llama-xLAM-2-8b-fc-r-checkpoint-3408-merged-1batch-2560seq-3epoch-apigen-nomlp::zh_simple_python::zh_simple_python_386,wrong,correct,b_correct_a_wrong
Salesforce_Llama-xLAM-2-8b-fc-r-checkpoint-3408-merged-1batch-2560seq-3epoch-apigen-nomlp::zh_simple_python::zh_simple_python_387,correct,correct,both_correct
Salesforce_Llama-xLAM-2-8b-fc-r-checkpoint-3408-merged-1batch-2560seq-3epoch-apigen-nomlp::zh_simple_python::zh_simple_python_399,correct,correct,both_correct
Salesforce_Llama-xLAM-2-8b-fc-r-checkpoint-3408-merged-1batch-2560seq-3epoch-apigen-nomlp::zh_simple_python::zh_simple_python_59,wrong,correct,b_correct_a_wrong
Salesforce_Llama-xLAM-2-8b-fc-r-checkpoint-3408-merged-1batch-2560seq-3epoch-apigen-nomlp::zh_simple_python::zh_simple_python_77,correct,correct,both_correct
Salesforce_Llama-xLAM-2-8b-fc-r-checkpoint-3408-merged-1batch-2560seq-3epoch-apigen-nomlp::zh_simple_python::zh_simple_python_85,wrong,correct,b_correct_a_wrong
Salesforce_Llama-xLAM-2-8b-fc-r-checkpoint-3408-merged-1batch-2560seq-3epoch-apigen-nomlp::zh_simple_python::zh_simple_python_98,wrong,correct,b_correct_a_wrong
Salesforce_Llama-xLAM-2-8b-fc-r-checkpoint-3465-merged-1batch-2560seq-3epoch-multi3000-nomlp::zh_multiple::zh_multiple_134,correct,correct,both_correct
Salesforce_Llama-xLAM-2-8b-fc-r-checkpoint-3465-merged-1batch-2560seq-3epoch-multi3000-nomlp::zh_multiple::zh_multiple_136,wrong,correct,b_correct_a_wrong
Salesforce_Llama-xLAM-2-8b-fc-r-checkpoint-3465-merged-1batch-2560seq-3epoch-multi3000-nomlp::zh_multiple::zh_multiple_149,correct,correct,both_correct
Salesforce_Llama-xLAM-2-8b-fc-r-checkpoint-3465-merged-1batch-2560seq-3epoch-multi3000-nomlp::zh_multiple::zh_multiple_151,wrong,correct,b_correct_a_wrong
Salesforce_Llama-xLAM-2-8b-fc-r-checkpoint-3465-merged-1batch-2560seq-3epoch-multi3000-nomlp::zh_multiple::zh_multiple_155,wrong,correct,b_correct_a_wrong
Salesforce_Llama-xLAM-2-8b-fc-r-checkpoint-3465-merged-1batch-2560seq-3epoch-multi3000-nomlp::zh_multiple::zh_multiple_160,wrong,correct,b_correct_a_wrong
Salesforce_Llama-xLAM-2-8b-fc-r-checkpoint-3465-merged-1batch-2560seq-3epoch-multi3000-nomlp::zh_multiple::zh_multiple_164,wrong,correct,b_correct_a_wrong
Salesforce_Llama-xLAM-2-8b-fc-r-checkpoint-3465-merged-1batch-2560seq-3epoch-multi3000-nomlp::zh_multiple::zh_multiple_165,correct,correct,both_correct
Salesforce_Llama-xLAM-2-8b-fc-r-checkpoint-3465-merged-1batch-2560seq-3epoch-multi3000-nomlp::zh_multiple::zh_multiple_174,correct,correct,both_correct
Salesforce_Llama-xLAM-2-8b-fc-r-checkpoint-3465-merged-1batch-2560seq-3epoch-multi3000-nomlp::zh_multiple::zh_multiple_176,correct,correct,both_correct
Salesforce_Llama-xLAM-2-8b-fc-r-checkpoint-3465-merged-1batch-2560seq-3epoch-multi3000-nomlp::zh_multiple::zh_multiple_191,wrong,correct,b_correct_a_wrong
Salesforce_Llama-xLAM-2-8b-fc-r-checkpoint-3465-merged-1batch-2560seq-3epoch-multi3000-nomlp::zh_multiple::zh_multiple_192,wrong,correct,b_correct_a_wrong
Salesforce_Llama-xLAM-2-8b-fc-r-checkpoint-3465-merged-1batch-2560seq-3epoch-multi3000-nomlp::zh_multiple::zh_multiple_193,correct,correct,both_correct
Salesforce_Llama-xLAM-2-8b-fc-r-checkpoint-3465-merged-1batch-2560seq-3epoch-multi3000-nomlp::zh_multiple::zh_multiple_25,correct,correct,both_correct
Salesforce_Llama-xLAM-2-8b-fc-r-checkpoint-3465-merged-1batch-2560seq-3epoch-multi3000-nomlp::zh_multiple::zh_multiple_58,wrong,correct,b_correct_a_wrong
Salesforce_Llama-xLAM-2-8b-fc-r-checkpoint-3465-merged-1batch-2560seq-3epoch-multi3000-nomlp::zh_multiple::zh_multiple_61,wrong,correct,b_correct_a_wrong
Salesforce_Llama-xLAM-2-8b-fc-r-checkpoint-3465-merged-1batch-2560seq-3epoch-multi3000-nomlp::zh_multiple::zh_multiple_65,correct,correct,both_correct
Salesforce_Llama-xLAM-2-8b-fc-r-checkpoint-3465-merged-1batch-2560seq-3epoch-multi3000-nomlp::zh_multiple::zh_multiple_68,wrong,correct,b_correct_a_wrong
Salesforce_Llama-xLAM-2-8b-fc-r-checkpoint-3465-merged-1batch-2560seq-3epoch-multi3000-nomlp::zh_multiple::zh_multiple_78,correct,correct,both_correct
Salesforce_Llama-xLAM-2-8b-fc-r-checkpoint-3465-merged-1batch-2560seq-3epoch-multi3000-nomlp::zh_multiple::zh_multiple_91,wrong,correct,b_correct_a_wrong
Salesforce_Llama-xLAM-2-8b-fc-r-checkpoint-3465-merged-1batch-2560seq-3epoch-multi3000-nomlp::zh_multiple::zh_multiple_93,wrong,correct,b_correct_a_wrong
Salesforce_Llama-xLAM-2-8b-fc-r-checkpoint-3465-merged-1batch-2560seq-3epoch-multi3000-nomlp::zh_multiple::zh_multiple_94,wrong,correct,b_correct_a_wrong
Salesforce_Llama-xLAM-2-8b-fc-r-checkpoint-3465-merged-1batch-2560seq-3epoch-multi3000-nomlp::zh_parallel::zh_parallel_117,wrong,correct,b_correct_a_wrong
Salesforce_Llama-xLAM-2-8b-fc-r-checkpoint-3465-merged-1batch-2560seq-3epoch-multi3000-nomlp::zh_parallel::zh_parallel_119,correct,correct,both_correct
Salesforce_Llama-xLAM-2-8b-fc-r-checkpoint-3465-merged-1batch-2560seq-3epoch-multi3000-nomlp::zh_parallel::zh_parallel_13,wrong,correct,b_correct_a_wrong
Salesforce_Llama-xLAM-2-8b-fc-r-checkpoint-3465-merged-1batch-2560seq-3epoch-multi3000-nomlp::zh_parallel::zh_parallel_130,correct,correct,both_correct
Salesforce_Llama-xLAM-2-8b-fc-r-checkpoint-3465-merged-1batch-2560seq-3epoch-multi3000-nomlp::zh_parallel::zh_parallel_155,correct,correct,both_correct
Salesforce_Llama-xLAM-2-8b-fc-r-checkpoint-3465-merged-1batch-2560seq-3epoch-multi3000-nomlp::zh_parallel::zh_parallel_159,wrong,correct,b_correct_a_wrong
Salesforce_Llama-xLAM-2-8b-fc-r-checkpoint-3465-merged-1batch-2560seq-3epoch-multi3000-nomlp::zh_parallel::zh_parallel_164,wrong,correct,b_correct_a_wrong
Salesforce_Llama-xLAM-2-8b-fc-r-checkpoint-3465-merged-1batch-2560seq-3epoch-multi3000-nomlp::zh_parallel::zh_parallel_181,wrong,correct,b_correct_a_wrong
Salesforce_Llama-xLAM-2-8b-fc-r-checkpoint-3465-merged-1batch-2560seq-3epoch-multi3000-nomlp::zh_parallel::zh_parallel_185,wrong,correct,b_correct_a_wrong
Salesforce_Llama-xLAM-2-8b-fc-r-checkpoint-3465-merged-1batch-2560seq-3epoch-multi3000-nomlp::zh_parallel::zh_parallel_189,correct,correct,both_correct
Salesforce_Llama-xLAM-2-8b-fc-r-checkpoint-3465-merged-1batch-2560seq-3epoch-multi3000-nomlp::zh_parallel::zh_parallel_19,correct,correct,both_correct
Salesforce_Llama-xLAM-2-8b-fc-r-checkpoint-3465-merged-1batch-2560seq-3epoch-multi3000-nomlp::zh_parallel::zh_parallel_192,correct,correct,both_correct
Salesforce_Llama-xLAM-2-8b-fc-r-checkpoint-3465-merged-1batch-2560seq-3epoch-multi3000-nomlp::zh_parallel::zh_parallel_194,correct,correct,both_correct
Salesforce_Llama-xLAM-2-8b-fc-r-checkpoint-3465-merged-1batch-2560seq-3epoch-multi3000-nomlp::zh_parallel::zh_parallel_35,wrong,correct,b_correct_a_wrong
Salesforce_Llama-xLAM-2-8b-fc-r-checkpoint-3465-merged-1batch-2560seq-3epoch-multi3000-nomlp::zh_parallel::zh_parallel_36,correct,correct,both_correct
Salesforce_Llama-xLAM-2-8b-fc-r-checkpoint-3465-merged-1batch-2560seq-3epoch-multi3000-nomlp::zh_parallel::zh_parallel_39,wrong,correct,b_correct_a_wrong
Salesforce_Llama-xLAM-2-8b-fc-r-checkpoint-3465-merged-1batch-2560seq-3epoch-multi3000-nomlp::zh_parallel::zh_parallel_4,correct,correct,both_correct
Salesforce_Llama-xLAM-2-8b-fc-r-checkpoint-3465-merged-1batch-2560seq-3epoch-multi3000-nomlp::zh_parallel::zh_parallel_40,correct,correct,both_correct
Salesforce_Llama-xLAM-2-8b-fc-r-checkpoint-3465-merged-1batch-2560seq-3epoch-multi3000-nomlp::zh_parallel::zh_parallel_44,wrong,correct,b_correct_a_wrong
Salesforce_Llama-xLAM-2-8b-fc-r-checkpoint-3465-merged-1batch-2560seq-3epoch-multi3000-nomlp::zh_parallel::zh_parallel_46,correct,correct,both_correct
Salesforce_Llama-xLAM-2-8b-fc-r-checkpoint-3465-merged-1batch-2560seq-3epoch-multi3000-nomlp::zh_parallel::zh_parallel_47,correct,correct,both_correct
Salesforce_Llama-xLAM-2-8b-fc-r-checkpoint-3465-merged-1batch-2560seq-3epoch-multi3000-nomlp::zh_parallel::zh_parallel_5,wrong,correct,b_correct_a_wrong
Salesforce_Llama-xLAM-2-8b-fc-r-checkpoint-3465-merged-1batch-2560seq-3epoch-multi3000-nomlp::zh_parallel::zh_parallel_51,wrong,correct,b_correct_a_wrong
Salesforce_Llama-xLAM-2-8b-fc-r-checkpoint-3465-merged-1batch-2560seq-3epoch-multi3000-nomlp::zh_parallel::zh_parallel_52,correct,correct,both_correct
Salesforce_Llama-xLAM-2-8b-fc-r-checkpoint-3465-merged-1batch-2560seq-3epoch-multi3000-nomlp::zh_parallel::zh_parallel_55,correct,correct,both_correct
Salesforce_Llama-xLAM-2-8b-fc-r-checkpoint-3465-merged-1batch-2560seq-3epoch-multi3000-nomlp::zh_parallel::zh_parallel_57,wrong,correct,b_correct_a_wrong
Salesforce_Llama-xLAM-2-8b-fc-r-checkpoint-3465-merged-1batch-2560seq-3epoch-multi3000-nomlp::zh_parallel::zh_parallel_91,correct,correct,both_correct
Salesforce_Llama-xLAM-2-8b-fc-r-checkpoint-3465-merged-1batch-2560seq-3epoch-multi3000-nomlp::zh_parallel::zh_parallel_92,correct,correct,both_correct
Salesforce_Llama-xLAM-2-8b-fc-r-checkpoint-3465-merged-1batch-2560seq-3epoch-multi3000-nomlp::zh_parallel::zh_parallel_93,correct,correct,both_correct
Salesforce_Llama-xLAM-2-8b-fc-r-checkpoint-3465-merged-1batch-2560seq-3epoch-multi3000-nomlp::zh_parallel_multiple::zh_parallel_multiple_103,correct,correct,both_correct
Salesforce_Llama-xLAM-2-8b-fc-r-checkpoint-3465-merged-1batch-2560seq-3epoch-multi3000-nomlp::zh_parallel_multiple::zh_parallel_multiple_106,correct,correct,both_correct
Salesforce_Llama-xLAM-2-8b-fc-r-checkpoint-3465-merged-1batch-2560seq-3epoch-multi3000-nomlp::zh_parallel_multiple::zh_parallel_multiple_112,correct,correct,both_correct
Salesforce_Llama-xLAM-2-8b-fc-r-checkpoint-3465-merged-1batch-2560seq-3epoch-multi3000-nomlp::zh_parallel_multiple::zh_parallel_multiple_113,correct,correct,both_correct
Salesforce_Llama-xLAM-2-8b-fc-r-checkpoint-3465-merged-1batch-2560seq-3epoch-multi3000-nomlp::zh_parallel_multiple::zh_parallel_multiple_114,correct,correct,both_correct
Salesforce_Llama-xLAM-2-8b-fc-r-checkpoint-3465-merged-1batch-2560seq-3epoch-multi3000-nomlp::zh_parallel_multiple::zh_parallel_multiple_115,correct,correct,both_correct
Salesforce_Llama-xLAM-2-8b-fc-r-checkpoint-3465-merged-1batch-2560seq-3epoch-multi3000-nomlp::zh_parallel_multiple::zh_parallel_multiple_118,correct,correct,both_correct
Salesforce_Llama-xLAM-2-8b-fc-r-checkpoint-3465-merged-1batch-2560seq-3epoch-multi3000-nomlp::zh_parallel_multiple::zh_parallel_multiple_120,correct,correct,both_correct
Salesforce_Llama-xLAM-2-8b-fc-r-checkpoint-3465-merged-1batch-2560seq-3epoch-multi3000-nomlp::zh_parallel_multiple::zh_parallel_multiple_127,wrong,correct,b_correct_a_wrong
Salesforce_Llama-xLAM-2-8b-fc-r-checkpoint-3465-merged-1batch-2560seq-3epoch-multi3000-nomlp::zh_parallel_multiple::zh_parallel_multiple_128,correct,correct,both_correct
Salesforce_Llama-xLAM-2-8b-fc-r-checkpoint-3465-merged-1batch-2560seq-3epoch-multi3000-nomlp::zh_parallel_multiple::zh_parallel_multiple_129,correct,correct,both_correct
Salesforce_Llama-xLAM-2-8b-fc-r-checkpoint-3465-merged-1batch-2560seq-3epoch-multi3000-nomlp::zh_parallel_multiple::zh_parallel_multiple_137,correct,correct,both_correct
Salesforce_Llama-xLAM-2-8b-fc-r-checkpoint-3465-merged-1batch-2560seq-3epoch-multi3000-nomlp::zh_parallel_multiple::zh_parallel_multiple_139,correct,correct,both_correct
Salesforce_Llama-xLAM-2-8b-fc-r-checkpoint-3465-merged-1batch-2560seq-3epoch-multi3000-nomlp::zh_parallel_multiple::zh_parallel_multiple_141,correct,correct,both_correct
Salesforce_Llama-xLAM-2-8b-fc-r-checkpoint-3465-merged-1batch-2560seq-3epoch-multi3000-nomlp::zh_parallel_multiple::zh_parallel_multiple_147,correct,correct,both_correct
Salesforce_Llama-xLAM-2-8b-fc-r-checkpoint-3465-merged-1batch-2560seq-3epoch-multi3000-nomlp::zh_parallel_multiple::zh_parallel_multiple_148,correct,correct,both_correct
Salesforce_Llama-xLAM-2-8b-fc-r-checkpoint-3465-merged-1batch-2560seq-3epoch-multi3000-nomlp::zh_parallel_multiple::zh_parallel_multiple_149,correct,correct,both_correct
Salesforce_Llama-xLAM-2-8b-fc-r-checkpoint-3465-merged-1batch-2560seq-3epoch-multi3000-nomlp::zh_parallel_multiple::zh_parallel_multiple_150,correct,correct,both_correct
Salesforce_Llama-xLAM-2-8b-fc-r-checkpoint-3465-merged-1batch-2560seq-3epoch-multi3000-nomlp::zh_parallel_multiple::zh_parallel_multiple_151,correct,correct,both_correct
Salesforce_Llama-xLAM-2-8b-fc-r-checkpoint-3465-merged-1batch-2560seq-3epoch-multi3000-nomlp::zh_parallel_multiple::zh_parallel_multiple_153,correct,correct,both_correct
Salesforce_Llama-xLAM-2-8b-fc-r-checkpoint-3465-merged-1batch-2560seq-3epoch-multi3000-nomlp::zh_parallel_multiple::zh_parallel_multiple_156,correct,correct,both_correct
Salesforce_Llama-xLAM-2-8b-fc-r-checkpoint-3465-merged-1batch-2560seq-3epoch-multi3000-nomlp::zh_parallel_multiple::zh_parallel_multiple_158,wrong,correct,b_correct_a_wrong
Salesforce_Llama-xLAM-2-8b-fc-r-checkpoint-3465-merged-1batch-2560seq-3epoch-multi3000-nomlp::zh_parallel_multiple::zh_parallel_multiple_159,correct,correct,both_correct
Salesforce_Llama-xLAM-2-8b-fc-r-checkpoint-3465-merged-1batch-2560seq-3epoch-multi3000-nomlp::zh_parallel_multiple::zh_parallel_multiple_160,correct,correct,both_correct
Salesforce_Llama-xLAM-2-8b-fc-r-checkpoint-3465-merged-1batch-2560seq-3epoch-multi3000-nomlp::zh_parallel_multiple::zh_parallel_multiple_165,correct,correct,both_correct
Salesforce_Llama-xLAM-2-8b-fc-r-checkpoint-3465-merged-1batch-2560seq-3epoch-multi3000-nomlp::zh_parallel_multiple::zh_parallel_multiple_169,correct,correct,both_correct
Salesforce_Llama-xLAM-2-8b-fc-r-checkpoint-3465-merged-1batch-2560seq-3epoch-multi3000-nomlp::zh_parallel_multiple::zh_parallel_multiple_172,correct,correct,both_correct
Salesforce_Llama-xLAM-2-8b-fc-r-checkpoint-3465-merged-1batch-2560seq-3epoch-multi3000-nomlp::zh_parallel_multiple::zh_parallel_multiple_176,correct,correct,both_correct
Salesforce_Llama-xLAM-2-8b-fc-r-checkpoint-3465-merged-1batch-2560seq-3epoch-multi3000-nomlp::zh_parallel_multiple::zh_parallel_multiple_189,correct,correct,both_correct
Salesforce_Llama-xLAM-2-8b-fc-r-checkpoint-3465-merged-1batch-2560seq-3epoch-multi3000-nomlp::zh_parallel_multiple::zh_parallel_multiple_19,correct,correct,both_correct
Salesforce_Llama-xLAM-2-8b-fc-r-checkpoint-3465-merged-1batch-2560seq-3epoch-multi3000-nomlp::zh_parallel_multiple::zh_parallel_multiple_191,correct,correct,both_correct
Salesforce_Llama-xLAM-2-8b-fc-r-checkpoint-3465-merged-1batch-2560seq-3epoch-multi3000-nomlp::zh_parallel_multiple::zh_parallel_multiple_199,correct,correct,both_correct
Salesforce_Llama-xLAM-2-8b-fc-r-checkpoint-3465-merged-1batch-2560seq-3epoch-multi3000-nomlp::zh_parallel_multiple::zh_parallel_multiple_21,wrong,correct,b_correct_a_wrong
Salesforce_Llama-xLAM-2-8b-fc-r-checkpoint-3465-merged-1batch-2560seq-3epoch-multi3000-nomlp::zh_parallel_multiple::zh_parallel_multiple_32,correct,correct,both_correct
Salesforce_Llama-xLAM-2-8b-fc-r-checkpoint-3465-merged-1batch-2560seq-3epoch-multi3000-nomlp::zh_parallel_multiple::zh_parallel_multiple_33,correct,correct,both_correct
Salesforce_Llama-xLAM-2-8b-fc-r-checkpoint-3465-merged-1batch-2560seq-3epoch-multi3000-nomlp::zh_parallel_multiple::zh_parallel_multiple_37,correct,correct,both_correct
Salesforce_Llama-xLAM-2-8b-fc-r-checkpoint-3465-merged-1batch-2560seq-3epoch-multi3000-nomlp::zh_parallel_multiple::zh_parallel_multiple_42,correct,correct,both_correct
Salesforce_Llama-xLAM-2-8b-fc-r-checkpoint-3465-merged-1batch-2560seq-3epoch-multi3000-nomlp::zh_parallel_multiple::zh_parallel_multiple_50,correct,correct,both_correct
Salesforce_Llama-xLAM-2-8b-fc-r-checkpoint-3465-merged-1batch-2560seq-3epoch-multi3000-nomlp::zh_parallel_multiple::zh_parallel_multiple_53,correct,wrong,a_correct_b_wrong
Salesforce_Llama-xLAM-2-8b-fc-r-checkpoint-3465-merged-1batch-2560seq-3epoch-multi3000-nomlp::zh_parallel_multiple::zh_parallel_multiple_54,wrong,correct,b_correct_a_wrong
Salesforce_Llama-xLAM-2-8b-fc-r-checkpoint-3465-merged-1batch-2560seq-3epoch-multi3000-nomlp::zh_parallel_multiple::zh_parallel_multiple_64,wrong,correct,b_correct_a_wrong
Salesforce_Llama-xLAM-2-8b-fc-r-checkpoint-3465-merged-1batch-2560seq-3epoch-multi3000-nomlp::zh_parallel_multiple::zh_parallel_multiple_65,correct,correct,both_correct
Salesforce_Llama-xLAM-2-8b-fc-r-checkpoint-3465-merged-1batch-2560seq-3epoch-multi3000-nomlp::zh_parallel_multiple::zh_parallel_multiple_69,wrong,wrong,both_wrong
Salesforce_Llama-xLAM-2-8b-fc-r-checkpoint-3465-merged-1batch-2560seq-3epoch-multi3000-nomlp::zh_parallel_multiple::zh_parallel_multiple_70,wrong,correct,b_correct_a_wrong
Salesforce_Llama-xLAM-2-8b-fc-r-checkpoint-3465-merged-1batch-2560seq-3epoch-multi3000-nomlp::zh_parallel_multiple::zh_parallel_multiple_78,correct,correct,both_correct
Salesforce_Llama-xLAM-2-8b-fc-r-checkpoint-3465-merged-1batch-2560seq-3epoch-multi3000-nomlp::zh_parallel_multiple::zh_parallel_multiple_81,wrong,correct,b_correct_a_wrong
Salesforce_Llama-xLAM-2-8b-fc-r-checkpoint-3465-merged-1batch-2560seq-3epoch-multi3000-nomlp::zh_parallel_multiple::zh_parallel_multiple_87,correct,correct,both_correct
Salesforce_Llama-xLAM-2-8b-fc-r-checkpoint-3465-merged-1batch-2560seq-3epoch-multi3000-nomlp::zh_parallel_multiple::zh_parallel_multiple_89,correct,correct,both_correct
Salesforce_Llama-xLAM-2-8b-fc-r-checkpoint-3465-merged-1batch-2560seq-3epoch-multi3000-nomlp::zh_parallel_multiple::zh_parallel_multiple_91,correct,correct,both_correct
Salesforce_Llama-xLAM-2-8b-fc-r-checkpoint-3465-merged-1batch-2560seq-3epoch-multi3000-nomlp::zh_parallel_multiple::zh_parallel_multiple_94,correct,correct,both_correct
Salesforce_Llama-xLAM-2-8b-fc-r-checkpoint-3465-merged-1batch-2560seq-3epoch-multi3000-nomlp::zh_parallel_multiple::zh_parallel_multiple_97,wrong,correct,b_correct_a_wrong
Salesforce_Llama-xLAM-2-8b-fc-r-checkpoint-3465-merged-1batch-2560seq-3epoch-multi3000-nomlp::zh_simple_python::zh_simple_python_126,wrong,correct,b_correct_a_wrong
Salesforce_Llama-xLAM-2-8b-fc-r-checkpoint-3465-merged-1batch-2560seq-3epoch-multi3000-nomlp::zh_simple_python::zh_simple_python_147,wrong,correct,b_correct_a_wrong
Salesforce_Llama-xLAM-2-8b-fc-r-checkpoint-3465-merged-1batch-2560seq-3epoch-multi3000-nomlp::zh_simple_python::zh_simple_python_159,wrong,correct,b_correct_a_wrong
Salesforce_Llama-xLAM-2-8b-fc-r-checkpoint-3465-merged-1batch-2560seq-3epoch-multi3000-nomlp::zh_simple_python::zh_simple_python_162,correct,correct,both_correct
Salesforce_Llama-xLAM-2-8b-fc-r-checkpoint-3465-merged-1batch-2560seq-3epoch-multi3000-nomlp::zh_simple_python::zh_simple_python_164,correct,correct,both_correct
Salesforce_Llama-xLAM-2-8b-fc-r-checkpoint-3465-merged-1batch-2560seq-3epoch-multi3000-nomlp::zh_simple_python::zh_simple_python_166,correct,correct,both_correct
Salesforce_Llama-xLAM-2-8b-fc-r-checkpoint-3465-merged-1batch-2560seq-3epoch-multi3000-nomlp::zh_simple_python::zh_simple_python_174,wrong,correct,b_correct_a_wrong
Salesforce_Llama-xLAM-2-8b-fc-r-checkpoint-3465-merged-1batch-2560seq-3epoch-multi3000-nomlp::zh_simple_python::zh_simple_python_183,wrong,correct,b_correct_a_wrong
Salesforce_Llama-xLAM-2-8b-fc-r-checkpoint-3465-merged-1batch-2560seq-3epoch-multi3000-nomlp::zh_simple_python::zh_simple_python_200,wrong,correct,b_correct_a_wrong
Salesforce_Llama-xLAM-2-8b-fc-r-checkpoint-3465-merged-1batch-2560seq-3epoch-multi3000-nomlp::zh_simple_python::zh_simple_python_212,correct,correct,both_correct
Salesforce_Llama-xLAM-2-8b-fc-r-checkpoint-3465-merged-1batch-2560seq-3epoch-multi3000-nomlp::zh_simple_python::zh_simple_python_215,wrong,wrong,both_wrong
Salesforce_Llama-xLAM-2-8b-fc-r-checkpoint-3465-merged-1batch-2560seq-3epoch-multi3000-nomlp::zh_simple_python::zh_simple_python_219,wrong,correct,b_correct_a_wrong
Salesforce_Llama-xLAM-2-8b-fc-r-checkpoint-3465-merged-1batch-2560seq-3epoch-multi3000-nomlp::zh_simple_python::zh_simple_python_224,wrong,correct,b_correct_a_wrong
Salesforce_Llama-xLAM-2-8b-fc-r-checkpoint-3465-merged-1batch-2560seq-3epoch-multi3000-nomlp::zh_simple_python::zh_simple_python_229,wrong,wrong,both_wrong
Salesforce_Llama-xLAM-2-8b-fc-r-checkpoint-3465-merged-1batch-2560seq-3epoch-multi3000-nomlp::zh_simple_python::zh_simple_python_241,wrong,correct,b_correct_a_wrong
Salesforce_Llama-xLAM-2-8b-fc-r-checkpoint-3465-merged-1batch-2560seq-3epoch-multi3000-nomlp::zh_simple_python::zh_simple_python_242,wrong,correct,b_correct_a_wrong
Salesforce_Llama-xLAM-2-8b-fc-r-checkpoint-3465-merged-1batch-2560seq-3epoch-multi3000-nomlp::zh_simple_python::zh_simple_python_244,wrong,correct,b_correct_a_wrong
Salesforce_Llama-xLAM-2-8b-fc-r-checkpoint-3465-merged-1batch-2560seq-3epoch-multi3000-nomlp::zh_simple_python::zh_simple_python_248,correct,correct,both_correct
Salesforce_Llama-xLAM-2-8b-fc-r-checkpoint-3465-merged-1batch-2560seq-3epoch-multi3000-nomlp::zh_simple_python::zh_simple_python_273,correct,correct,both_correct
Salesforce_Llama-xLAM-2-8b-fc-r-checkpoint-3465-merged-1batch-2560seq-3epoch-multi3000-nomlp::zh_simple_python::zh_simple_python_278,correct,correct,both_correct
Salesforce_Llama-xLAM-2-8b-fc-r-checkpoint-3465-merged-1batch-2560seq-3epoch-multi3000-nomlp::zh_simple_python::zh_simple_python_281,correct,correct,both_correct
Salesforce_Llama-xLAM-2-8b-fc-r-checkpoint-3465-merged-1batch-2560seq-3epoch-multi3000-nomlp::zh_simple_python::zh_simple_python_283,correct,correct,both_correct
Salesforce_Llama-xLAM-2-8b-fc-r-checkpoint-3465-merged-1batch-2560seq-3epoch-multi3000-nomlp::zh_simple_python::zh_simple_python_288,correct,correct,both_correct
Salesforce_Llama-xLAM-2-8b-fc-r-checkpoint-3465-merged-1batch-2560seq-3epoch-multi3000-nomlp::zh_simple_python::zh_simple_python_290,correct,correct,both_correct
Salesforce_Llama-xLAM-2-8b-fc-r-checkpoint-3465-merged-1batch-2560seq-3epoch-multi3000-nomlp::zh_simple_python::zh_simple_python_305,correct,correct,both_correct
Salesforce_Llama-xLAM-2-8b-fc-r-checkpoint-3465-merged-1batch-2560seq-3epoch-multi3000-nomlp::zh_simple_python::zh_simple_python_306,wrong,correct,b_correct_a_wrong
Salesforce_Llama-xLAM-2-8b-fc-r-checkpoint-3465-merged-1batch-2560seq-3epoch-multi3000-nomlp::zh_simple_python::zh_simple_python_307,wrong,correct,b_correct_a_wrong
Salesforce_Llama-xLAM-2-8b-fc-r-checkpoint-3465-merged-1batch-2560seq-3epoch-multi3000-nomlp::zh_simple_python::zh_simple_python_308,correct,correct,both_correct
Salesforce_Llama-xLAM-2-8b-fc-r-checkpoint-3465-merged-1batch-2560seq-3epoch-multi3000-nomlp::zh_simple_python::zh_simple_python_319,correct,correct,both_correct
Salesforce_Llama-xLAM-2-8b-fc-r-checkpoint-3465-merged-1batch-2560seq-3epoch-multi3000-nomlp::zh_simple_python::zh_simple_python_321,correct,correct,both_correct
Salesforce_Llama-xLAM-2-8b-fc-r-checkpoint-3465-merged-1batch-2560seq-3epoch-multi3000-nomlp::zh_simple_python::zh_simple_python_322,correct,correct,both_correct
Salesforce_Llama-xLAM-2-8b-fc-r-checkpoint-3465-merged-1batch-2560seq-3epoch-multi3000-nomlp::zh_simple_python::zh_simple_python_324,correct,correct,both_correct
Salesforce_Llama-xLAM-2-8b-fc-r-checkpoint-3465-merged-1batch-2560seq-3epoch-multi3000-nomlp::zh_simple_python::zh_simple_python_326,correct,correct,both_correct
Salesforce_Llama-xLAM-2-8b-fc-r-checkpoint-3465-merged-1batch-2560seq-3epoch-multi3000-nomlp::zh_simple_python::zh_simple_python_327,correct,correct,both_correct
Salesforce_Llama-xLAM-2-8b-fc-r-checkpoint-3465-merged-1batch-2560seq-3epoch-multi3000-nomlp::zh_simple_python::zh_simple_python_344,correct,correct,both_correct
Salesforce_Llama-xLAM-2-8b-fc-r-checkpoint-3465-merged-1batch-2560seq-3epoch-multi3000-nomlp::zh_simple_python::zh_simple_python_369,correct,correct,both_correct
Salesforce_Llama-xLAM-2-8b-fc-r-checkpoint-3465-merged-1batch-2560seq-3epoch-multi3000-nomlp::zh_simple_python::zh_simple_python_373,wrong,correct,b_correct_a_wrong
Salesforce_Llama-xLAM-2-8b-fc-r-checkpoint-3465-merged-1batch-2560seq-3epoch-multi3000-nomlp::zh_simple_python::zh_simple_python_374,correct,correct,both_correct
Salesforce_Llama-xLAM-2-8b-fc-r-checkpoint-3465-merged-1batch-2560seq-3epoch-multi3000-nomlp::zh_simple_python::zh_simple_python_386,wrong,correct,b_correct_a_wrong
Salesforce_Llama-xLAM-2-8b-fc-r-checkpoint-3465-merged-1batch-2560seq-3epoch-multi3000-nomlp::zh_simple_python::zh_simple_python_387,correct,correct,both_correct
Salesforce_Llama-xLAM-2-8b-fc-r-checkpoint-3465-merged-1batch-2560seq-3epoch-multi3000-nomlp::zh_simple_python::zh_simple_python_394,correct,correct,both_correct
Salesforce_Llama-xLAM-2-8b-fc-r-checkpoint-3465-merged-1batch-2560seq-3epoch-multi3000-nomlp::zh_simple_python::zh_simple_python_63,correct,correct,both_correct
Salesforce_Llama-xLAM-2-8b-fc-r-checkpoint-3465-merged-1batch-2560seq-3epoch-multi3000-nomlp::zh_simple_python::zh_simple_python_77,correct,correct,both_correct
Salesforce_Llama-xLAM-2-8b-fc-r-checkpoint-3465-merged-1batch-2560seq-3epoch-multi3000-nomlp::zh_simple_python::zh_simple_python_83,wrong,correct,b_correct_a_wrong
Salesforce_Llama-xLAM-2-8b-fc-r-checkpoint-3465-merged-1batch-2560seq-3epoch-multi3000-nomlp::zh_simple_python::zh_simple_python_85,correct,correct,both_correct
Salesforce_Llama-xLAM-2-8b-fc-r-checkpoint-3465-merged-1batch-2560seq-3epoch-multi3000-nomlp::zh_simple_python::zh_simple_python_91,correct,correct,both_correct
Salesforce_Llama-xLAM-2-8b-fc-r-checkpoint-3465-merged-1batch-2560seq-3epoch-multi3000-nomlp::zh_simple_python::zh_simple_python_98,wrong,correct,b_correct_a_wrong
Salesforce_Llama-xLAM-2-8b-fc-r-checkpoint-3675-merged-1batch-2560seq-3epoch-multi4000-nomlp::zh_multiple::zh_multiple_134,correct,correct,both_correct
Salesforce_Llama-xLAM-2-8b-fc-r-checkpoint-3675-merged-1batch-2560seq-3epoch-multi4000-nomlp::zh_multiple::zh_multiple_136,correct,correct,both_correct
Salesforce_Llama-xLAM-2-8b-fc-r-checkpoint-3675-merged-1batch-2560seq-3epoch-multi4000-nomlp::zh_multiple::zh_multiple_151,wrong,correct,b_correct_a_wrong
Salesforce_Llama-xLAM-2-8b-fc-r-checkpoint-3675-merged-1batch-2560seq-3epoch-multi4000-nomlp::zh_multiple::zh_multiple_155,correct,correct,both_correct
Salesforce_Llama-xLAM-2-8b-fc-r-checkpoint-3675-merged-1batch-2560seq-3epoch-multi4000-nomlp::zh_multiple::zh_multiple_160,wrong,correct,b_correct_a_wrong
Salesforce_Llama-xLAM-2-8b-fc-r-checkpoint-3675-merged-1batch-2560seq-3epoch-multi4000-nomlp::zh_multiple::zh_multiple_165,correct,correct,both_correct
Salesforce_Llama-xLAM-2-8b-fc-r-checkpoint-3675-merged-1batch-2560seq-3epoch-multi4000-nomlp::zh_multiple::zh_multiple_191,wrong,correct,b_correct_a_wrong
Salesforce_Llama-xLAM-2-8b-fc-r-checkpoint-3675-merged-1batch-2560seq-3epoch-multi4000-nomlp::zh_multiple::zh_multiple_192,wrong,correct,b_correct_a_wrong
Salesforce_Llama-xLAM-2-8b-fc-r-checkpoint-3675-merged-1batch-2560seq-3epoch-multi4000-nomlp::zh_multiple::zh_multiple_199,correct,correct,both_correct
Salesforce_Llama-xLAM-2-8b-fc-r-checkpoint-3675-merged-1batch-2560seq-3epoch-multi4000-nomlp::zh_multiple::zh_multiple_25,correct,correct,both_correct
Salesforce_Llama-xLAM-2-8b-fc-r-checkpoint-3675-merged-1batch-2560seq-3epoch-multi4000-nomlp::zh_multiple::zh_multiple_58,wrong,correct,b_correct_a_wrong
Salesforce_Llama-xLAM-2-8b-fc-r-checkpoint-3675-merged-1batch-2560seq-3epoch-multi4000-nomlp::zh_multiple::zh_multiple_61,wrong,correct,b_correct_a_wrong
Salesforce_Llama-xLAM-2-8b-fc-r-checkpoint-3675-merged-1batch-2560seq-3epoch-multi4000-nomlp::zh_multiple::zh_multiple_68,wrong,correct,b_correct_a_wrong
Salesforce_Llama-xLAM-2-8b-fc-r-checkpoint-3675-merged-1batch-2560seq-3epoch-multi4000-nomlp::zh_multiple::zh_multiple_84,correct,correct,both_correct
Salesforce_Llama-xLAM-2-8b-fc-r-checkpoint-3675-merged-1batch-2560seq-3epoch-multi4000-nomlp::zh_multiple::zh_multiple_91,wrong,correct,b_correct_a_wrong
Salesforce_Llama-xLAM-2-8b-fc-r-checkpoint-3675-merged-1batch-2560seq-3epoch-multi4000-nomlp::zh_multiple::zh_multiple_93,wrong,correct,b_correct_a_wrong
Salesforce_Llama-xLAM-2-8b-fc-r-checkpoint-3675-merged-1batch-2560seq-3epoch-multi4000-nomlp::zh_multiple::zh_multiple_94,wrong,correct,b_correct_a_wrong
Salesforce_Llama-xLAM-2-8b-fc-r-checkpoint-3675-merged-1batch-2560seq-3epoch-multi4000-nomlp::zh_parallel::zh_parallel_108,correct,correct,both_correct
Salesforce_Llama-xLAM-2-8b-fc-r-checkpoint-3675-merged-1batch-2560seq-3epoch-multi4000-nomlp::zh_parallel::zh_parallel_117,wrong,correct,b_correct_a_wrong
Salesforce_Llama-xLAM-2-8b-fc-r-checkpoint-3675-merged-1batch-2560seq-3epoch-multi4000-nomlp::zh_parallel::zh_parallel_119,correct,correct,both_correct
Salesforce_Llama-xLAM-2-8b-fc-r-checkpoint-3675-merged-1batch-2560seq-3epoch-multi4000-nomlp::zh_parallel::zh_parallel_13,wrong,correct,b_correct_a_wrong
Salesforce_Llama-xLAM-2-8b-fc-r-checkpoint-3675-merged-1batch-2560seq-3epoch-multi4000-nomlp::zh_parallel::zh_parallel_155,correct,correct,both_correct
Salesforce_Llama-xLAM-2-8b-fc-r-checkpoint-3675-merged-1batch-2560seq-3epoch-multi4000-nomlp::zh_parallel::zh_parallel_159,wrong,correct,b_correct_a_wrong
Salesforce_Llama-xLAM-2-8b-fc-r-checkpoint-3675-merged-1batch-2560seq-3epoch-multi4000-nomlp::zh_parallel::zh_parallel_164,wrong,correct,b_correct_a_wrong
Salesforce_Llama-xLAM-2-8b-fc-r-checkpoint-3675-merged-1batch-2560seq-3epoch-multi4000-nomlp::zh_parallel::zh_parallel_181,wrong,correct,b_correct_a_wrong
Salesforce_Llama-xLAM-2-8b-fc-r-checkpoint-3675-merged-1batch-2560seq-3epoch-multi4000-nomlp::zh_parallel::zh_parallel_187,wrong,correct,b_correct_a_wrong
Salesforce_Llama-xLAM-2-8b-fc-r-checkpoint-3675-merged-1batch-2560seq-3epoch-multi4000-nomlp::zh_parallel::zh_parallel_189,correct,correct,both_correct
Salesforce_Llama-xLAM-2-8b-fc-r-checkpoint-3675-merged-1batch-2560seq-3epoch-multi4000-nomlp::zh_parallel::zh_parallel_19,correct,correct,both_correct
Salesforce_Llama-xLAM-2-8b-fc-r-checkpoint-3675-merged-1batch-2560seq-3epoch-multi4000-nomlp::zh_parallel::zh_parallel_194,correct,correct,both_correct
Salesforce_Llama-xLAM-2-8b-fc-r-checkpoint-3675-merged-1batch-2560seq-3epoch-multi4000-nomlp::zh_parallel::zh_parallel_27,correct,correct,both_correct
Salesforce_Llama-xLAM-2-8b-fc-r-checkpoint-3675-merged-1batch-2560seq-3epoch-multi4000-nomlp::zh_parallel::zh_parallel_3,wrong,correct,b_correct_a_wrong
Salesforce_Llama-xLAM-2-8b-fc-r-checkpoint-3675-merged-1batch-2560seq-3epoch-multi4000-nomlp::zh_parallel::zh_parallel_36,correct,correct,both_correct
Salesforce_Llama-xLAM-2-8b-fc-r-checkpoint-3675-merged-1batch-2560seq-3epoch-multi4000-nomlp::zh_parallel::zh_parallel_37,correct,correct,both_correct
Salesforce_Llama-xLAM-2-8b-fc-r-checkpoint-3675-merged-1batch-2560seq-3epoch-multi4000-nomlp::zh_parallel::zh_parallel_40,correct,correct,both_correct
Salesforce_Llama-xLAM-2-8b-fc-r-checkpoint-3675-merged-1batch-2560seq-3epoch-multi4000-nomlp::zh_parallel::zh_parallel_44,wrong,correct,b_correct_a_wrong
Salesforce_Llama-xLAM-2-8b-fc-r-checkpoint-3675-merged-1batch-2560seq-3epoch-multi4000-nomlp::zh_parallel::zh_parallel_5,wrong,correct,b_correct_a_wrong
Salesforce_Llama-xLAM-2-8b-fc-r-checkpoint-3675-merged-1batch-2560seq-3epoch-multi4000-nomlp::zh_parallel::zh_parallel_51,wrong,correct,b_correct_a_wrong
Salesforce_Llama-xLAM-2-8b-fc-r-checkpoint-3675-merged-1batch-2560seq-3epoch-multi4000-nomlp::zh_parallel::zh_parallel_52,correct,correct,both_correct
Salesforce_Llama-xLAM-2-8b-fc-r-checkpoint-3675-merged-1batch-2560seq-3epoch-multi4000-nomlp::zh_parallel::zh_parallel_57,wrong,correct,b_correct_a_wrong
Salesforce_Llama-xLAM-2-8b-fc-r-checkpoint-3675-merged-1batch-2560seq-3epoch-multi4000-nomlp::zh_parallel::zh_parallel_8,correct,correct,both_correct
Salesforce_Llama-xLAM-2-8b-fc-r-checkpoint-3675-merged-1batch-2560seq-3epoch-multi4000-nomlp::zh_parallel::zh_parallel_81,correct,correct,both_correct
Salesforce_Llama-xLAM-2-8b-fc-r-checkpoint-3675-merged-1batch-2560seq-3epoch-multi4000-nomlp::zh_parallel::zh_parallel_89,correct,correct,both_correct
Salesforce_Llama-xLAM-2-8b-fc-r-checkpoint-3675-merged-1batch-2560seq-3epoch-multi4000-nomlp::zh_parallel::zh_parallel_91,correct,correct,both_correct
Salesforce_Llama-xLAM-2-8b-fc-r-checkpoint-3675-merged-1batch-2560seq-3epoch-multi4000-nomlp::zh_parallel::zh_parallel_92,correct,correct,both_correct
Salesforce_Llama-xLAM-2-8b-fc-r-checkpoint-3675-merged-1batch-2560seq-3epoch-multi4000-nomlp::zh_parallel::zh_parallel_93,correct,correct,both_correct
Salesforce_Llama-xLAM-2-8b-fc-r-checkpoint-3675-merged-1batch-2560seq-3epoch-multi4000-nomlp::zh_parallel_multiple::zh_parallel_multiple_103,correct,correct,both_correct
Salesforce_Llama-xLAM-2-8b-fc-r-checkpoint-3675-merged-1batch-2560seq-3epoch-multi4000-nomlp::zh_parallel_multiple::zh_parallel_multiple_106,correct,correct,both_correct
Salesforce_Llama-xLAM-2-8b-fc-r-checkpoint-3675-merged-1batch-2560seq-3epoch-multi4000-nomlp::zh_parallel_multiple::zh_parallel_multiple_108,correct,correct,both_correct
Salesforce_Llama-xLAM-2-8b-fc-r-checkpoint-3675-merged-1batch-2560seq-3epoch-multi4000-nomlp::zh_parallel_multiple::zh_parallel_multiple_112,correct,correct,both_correct
Salesforce_Llama-xLAM-2-8b-fc-r-checkpoint-3675-merged-1batch-2560seq-3epoch-multi4000-nomlp::zh_parallel_multiple::zh_parallel_multiple_115,correct,correct,both_correct
Salesforce_Llama-xLAM-2-8b-fc-r-checkpoint-3675-merged-1batch-2560seq-3epoch-multi4000-nomlp::zh_parallel_multiple::zh_parallel_multiple_120,correct,correct,both_correct
Salesforce_Llama-xLAM-2-8b-fc-r-checkpoint-3675-merged-1batch-2560seq-3epoch-multi4000-nomlp::zh_parallel_multiple::zh_parallel_multiple_122,correct,correct,both_correct
Salesforce_Llama-xLAM-2-8b-fc-r-checkpoint-3675-merged-1batch-2560seq-3epoch-multi4000-nomlp::zh_parallel_multiple::zh_parallel_multiple_127,wrong,correct,b_correct_a_wrong
Salesforce_Llama-xLAM-2-8b-fc-r-checkpoint-3675-merged-1batch-2560seq-3epoch-multi4000-nomlp::zh_parallel_multiple::zh_parallel_multiple_128,correct,correct,both_correct
Salesforce_Llama-xLAM-2-8b-fc-r-checkpoint-3675-merged-1batch-2560seq-3epoch-multi4000-nomlp::zh_parallel_multiple::zh_parallel_multiple_129,correct,correct,both_correct
Salesforce_Llama-xLAM-2-8b-fc-r-checkpoint-3675-merged-1batch-2560seq-3epoch-multi4000-nomlp::zh_parallel_multiple::zh_parallel_multiple_135,correct,correct,both_correct
Salesforce_Llama-xLAM-2-8b-fc-r-checkpoint-3675-merged-1batch-2560seq-3epoch-multi4000-nomlp::zh_parallel_multiple::zh_parallel_multiple_137,correct,correct,both_correct
Salesforce_Llama-xLAM-2-8b-fc-r-checkpoint-3675-merged-1batch-2560seq-3epoch-multi4000-nomlp::zh_parallel_multiple::zh_parallel_multiple_139,correct,correct,both_correct
Salesforce_Llama-xLAM-2-8b-fc-r-checkpoint-3675-merged-1batch-2560seq-3epoch-multi4000-nomlp::zh_parallel_multiple::zh_parallel_multiple_141,correct,correct,both_correct
Salesforce_Llama-xLAM-2-8b-fc-r-checkpoint-3675-merged-1batch-2560seq-3epoch-multi4000-nomlp::zh_parallel_multiple::zh_parallel_multiple_144,correct,correct,both_correct
Salesforce_Llama-xLAM-2-8b-fc-r-checkpoint-3675-merged-1batch-2560seq-3epoch-multi4000-nomlp::zh_parallel_multiple::zh_parallel_multiple_147,correct,correct,both_correct
Salesforce_Llama-xLAM-2-8b-fc-r-checkpoint-3675-merged-1batch-2560seq-3epoch-multi4000-nomlp::zh_parallel_multiple::zh_parallel_multiple_148,correct,correct,both_correct
Salesforce_Llama-xLAM-2-8b-fc-r-checkpoint-3675-merged-1batch-2560seq-3epoch-multi4000-nomlp::zh_parallel_multiple::zh_parallel_multiple_149,correct,correct,both_correct
Salesforce_Llama-xLAM-2-8b-fc-r-checkpoint-3675-merged-1batch-2560seq-3epoch-multi4000-nomlp::zh_parallel_multiple::zh_parallel_multiple_151,correct,correct,both_correct
Salesforce_Llama-xLAM-2-8b-fc-r-checkpoint-3675-merged-1batch-2560seq-3epoch-multi4000-nomlp::zh_parallel_multiple::zh_parallel_multiple_153,correct,correct,both_correct
Salesforce_Llama-xLAM-2-8b-fc-r-checkpoint-3675-merged-1batch-2560seq-3epoch-multi4000-nomlp::zh_parallel_multiple::zh_parallel_multiple_156,correct,correct,both_correct
Salesforce_Llama-xLAM-2-8b-fc-r-checkpoint-3675-merged-1batch-2560seq-3epoch-multi4000-nomlp::zh_parallel_multiple::zh_parallel_multiple_158,correct,correct,both_correct
Salesforce_Llama-xLAM-2-8b-fc-r-checkpoint-3675-merged-1batch-2560seq-3epoch-multi4000-nomlp::zh_parallel_multiple::zh_parallel_multiple_159,correct,correct,both_correct
Salesforce_Llama-xLAM-2-8b-fc-r-checkpoint-3675-merged-1batch-2560seq-3epoch-multi4000-nomlp::zh_parallel_multiple::zh_parallel_multiple_160,correct,correct,both_correct
Salesforce_Llama-xLAM-2-8b-fc-r-checkpoint-3675-merged-1batch-2560seq-3epoch-multi4000-nomlp::zh_parallel_multiple::zh_parallel_multiple_163,correct,correct,both_correct
Salesforce_Llama-xLAM-2-8b-fc-r-checkpoint-3675-merged-1batch-2560seq-3epoch-multi4000-nomlp::zh_parallel_multiple::zh_parallel_multiple_165,correct,correct,both_correct
Salesforce_Llama-xLAM-2-8b-fc-r-checkpoint-3675-merged-1batch-2560seq-3epoch-multi4000-nomlp::zh_parallel_multiple::zh_parallel_multiple_167,correct,correct,both_correct
Salesforce_Llama-xLAM-2-8b-fc-r-checkpoint-3675-merged-1batch-2560seq-3epoch-multi4000-nomlp::zh_parallel_multiple::zh_parallel_multiple_169,correct,correct,both_correct
Salesforce_Llama-xLAM-2-8b-fc-r-checkpoint-3675-merged-1batch-2560seq-3epoch-multi4000-nomlp::zh_parallel_multiple::zh_parallel_multiple_170,correct,correct,both_correct
Salesforce_Llama-xLAM-2-8b-fc-r-checkpoint-3675-merged-1batch-2560seq-3epoch-multi4000-nomlp::zh_parallel_multiple::zh_parallel_multiple_176,correct,correct,both_correct
Salesforce_Llama-xLAM-2-8b-fc-r-checkpoint-3675-merged-1batch-2560seq-3epoch-multi4000-nomlp::zh_parallel_multiple::zh_parallel_multiple_189,correct,correct,both_correct
Salesforce_Llama-xLAM-2-8b-fc-r-checkpoint-3675-merged-1batch-2560seq-3epoch-multi4000-nomlp::zh_parallel_multiple::zh_parallel_multiple_19,correct,correct,both_correct
Salesforce_Llama-xLAM-2-8b-fc-r-checkpoint-3675-merged-1batch-2560seq-3epoch-multi4000-nomlp::zh_parallel_multiple::zh_parallel_multiple_191,correct,correct,both_correct
Salesforce_Llama-xLAM-2-8b-fc-r-checkpoint-3675-merged-1batch-2560seq-3epoch-multi4000-nomlp::zh_parallel_multiple::zh_parallel_multiple_198,wrong,correct,b_correct_a_wrong
Salesforce_Llama-xLAM-2-8b-fc-r-checkpoint-3675-merged-1batch-2560seq-3epoch-multi4000-nomlp::zh_parallel_multiple::zh_parallel_multiple_22,correct,correct,both_correct
Salesforce_Llama-xLAM-2-8b-fc-r-checkpoint-3675-merged-1batch-2560seq-3epoch-multi4000-nomlp::zh_parallel_multiple::zh_parallel_multiple_27,correct,correct,both_correct
Salesforce_Llama-xLAM-2-8b-fc-r-checkpoint-3675-merged-1batch-2560seq-3epoch-multi4000-nomlp::zh_parallel_multiple::zh_parallel_multiple_32,correct,correct,both_correct
Salesforce_Llama-xLAM-2-8b-fc-r-checkpoint-3675-merged-1batch-2560seq-3epoch-multi4000-nomlp::zh_parallel_multiple::zh_parallel_multiple_33,correct,correct,both_correct
Salesforce_Llama-xLAM-2-8b-fc-r-checkpoint-3675-merged-1batch-2560seq-3epoch-multi4000-nomlp::zh_parallel_multiple::zh_parallel_multiple_34,correct,correct,both_correct
Salesforce_Llama-xLAM-2-8b-fc-r-checkpoint-3675-merged-1batch-2560seq-3epoch-multi4000-nomlp::zh_parallel_multiple::zh_parallel_multiple_37,correct,correct,both_correct
Salesforce_Llama-xLAM-2-8b-fc-r-checkpoint-3675-merged-1batch-2560seq-3epoch-multi4000-nomlp::zh_parallel_multiple::zh_parallel_multiple_40,correct,correct,both_correct
Salesforce_Llama-xLAM-2-8b-fc-r-checkpoint-3675-merged-1batch-2560seq-3epoch-multi4000-nomlp::zh_parallel_multiple::zh_parallel_multiple_42,correct,correct,both_correct
Salesforce_Llama-xLAM-2-8b-fc-r-checkpoint-3675-merged-1batch-2560seq-3epoch-multi4000-nomlp::zh_parallel_multiple::zh_parallel_multiple_46,correct,correct,both_correct
Salesforce_Llama-xLAM-2-8b-fc-r-checkpoint-3675-merged-1batch-2560seq-3epoch-multi4000-nomlp::zh_parallel_multiple::zh_parallel_multiple_50,correct,correct,both_correct
Salesforce_Llama-xLAM-2-8b-fc-r-checkpoint-3675-merged-1batch-2560seq-3epoch-multi4000-nomlp::zh_parallel_multiple::zh_parallel_multiple_53,correct,wrong,a_correct_b_wrong
Salesforce_Llama-xLAM-2-8b-fc-r-checkpoint-3675-merged-1batch-2560seq-3epoch-multi4000-nomlp::zh_parallel_multiple::zh_parallel_multiple_54,wrong,correct,b_correct_a_wrong
Salesforce_Llama-xLAM-2-8b-fc-r-checkpoint-3675-merged-1batch-2560seq-3epoch-multi4000-nomlp::zh_parallel_multiple::zh_parallel_multiple_55,correct,correct,both_correct
Salesforce_Llama-xLAM-2-8b-fc-r-checkpoint-3675-merged-1batch-2560seq-3epoch-multi4000-nomlp::zh_parallel_multiple::zh_parallel_multiple_65,correct,correct,both_correct
Salesforce_Llama-xLAM-2-8b-fc-r-checkpoint-3675-merged-1batch-2560seq-3epoch-multi4000-nomlp::zh_parallel_multiple::zh_parallel_multiple_69,wrong,wrong,both_wrong
Salesforce_Llama-xLAM-2-8b-fc-r-checkpoint-3675-merged-1batch-2560seq-3epoch-multi4000-nomlp::zh_parallel_multiple::zh_parallel_multiple_78,correct,correct,both_correct
Salesforce_Llama-xLAM-2-8b-fc-r-checkpoint-3675-merged-1batch-2560seq-3epoch-multi4000-nomlp::zh_parallel_multiple::zh_parallel_multiple_87,correct,correct,both_correct
Salesforce_Llama-xLAM-2-8b-fc-r-checkpoint-3675-merged-1batch-2560seq-3epoch-multi4000-nomlp::zh_parallel_multiple::zh_parallel_multiple_88,correct,correct,both_correct
Salesforce_Llama-xLAM-2-8b-fc-r-checkpoint-3675-merged-1batch-2560seq-3epoch-multi4000-nomlp::zh_parallel_multiple::zh_parallel_multiple_91,correct,correct,both_correct
Salesforce_Llama-xLAM-2-8b-fc-r-checkpoint-3675-merged-1batch-2560seq-3epoch-multi4000-nomlp::zh_parallel_multiple::zh_parallel_multiple_93,correct,correct,both_correct
Salesforce_Llama-xLAM-2-8b-fc-r-checkpoint-3675-merged-1batch-2560seq-3epoch-multi4000-nomlp::zh_parallel_multiple::zh_parallel_multiple_94,correct,correct,both_correct
Salesforce_Llama-xLAM-2-8b-fc-r-checkpoint-3675-merged-1batch-2560seq-3epoch-multi4000-nomlp::zh_parallel_multiple::zh_parallel_multiple_97,wrong,correct,b_correct_a_wrong
Salesforce_Llama-xLAM-2-8b-fc-r-checkpoint-3675-merged-1batch-2560seq-3epoch-multi4000-nomlp::zh_simple_python::zh_simple_python_126,wrong,correct,b_correct_a_wrong
Salesforce_Llama-xLAM-2-8b-fc-r-checkpoint-3675-merged-1batch-2560seq-3epoch-multi4000-nomlp::zh_simple_python::zh_simple_python_139,wrong,correct,b_correct_a_wrong
Salesforce_Llama-xLAM-2-8b-fc-r-checkpoint-3675-merged-1batch-2560seq-3epoch-multi4000-nomlp::zh_simple_python::zh_simple_python_147,correct,correct,both_correct
Salesforce_Llama-xLAM-2-8b-fc-r-checkpoint-3675-merged-1batch-2560seq-3epoch-multi4000-nomlp::zh_simple_python::zh_simple_python_159,wrong,correct,b_correct_a_wrong
Salesforce_Llama-xLAM-2-8b-fc-r-checkpoint-3675-merged-1batch-2560seq-3epoch-multi4000-nomlp::zh_simple_python::zh_simple_python_162,correct,correct,both_correct
Salesforce_Llama-xLAM-2-8b-fc-r-checkpoint-3675-merged-1batch-2560seq-3epoch-multi4000-nomlp::zh_simple_python::zh_simple_python_166,correct,correct,both_correct
Salesforce_Llama-xLAM-2-8b-fc-r-checkpoint-3675-merged-1batch-2560seq-3epoch-multi4000-nomlp::zh_simple_python::zh_simple_python_183,wrong,correct,b_correct_a_wrong
Salesforce_Llama-xLAM-2-8b-fc-r-checkpoint-3675-merged-1batch-2560seq-3epoch-multi4000-nomlp::zh_simple_python::zh_simple_python_200,correct,correct,both_correct
Salesforce_Llama-xLAM-2-8b-fc-r-checkpoint-3675-merged-1batch-2560seq-3epoch-multi4000-nomlp::zh_simple_python::zh_simple_python_206,correct,correct,both_correct
Salesforce_Llama-xLAM-2-8b-fc-r-checkpoint-3675-merged-1batch-2560seq-3epoch-multi4000-nomlp::zh_simple_python::zh_simple_python_212,correct,correct,both_correct
Salesforce_Llama-xLAM-2-8b-fc-r-checkpoint-3675-merged-1batch-2560seq-3epoch-multi4000-nomlp::zh_simple_python::zh_simple_python_217,wrong,correct,b_correct_a_wrong
Salesforce_Llama-xLAM-2-8b-fc-r-checkpoint-3675-merged-1batch-2560seq-3epoch-multi4000-nomlp::zh_simple_python::zh_simple_python_219,wrong,correct,b_correct_a_wrong
Salesforce_Llama-xLAM-2-8b-fc-r-checkpoint-3675-merged-1batch-2560seq-3epoch-multi4000-nomlp::zh_simple_python::zh_simple_python_224,wrong,correct,b_correct_a_wrong
Salesforce_Llama-xLAM-2-8b-fc-r-checkpoint-3675-merged-1batch-2560seq-3epoch-multi4000-nomlp::zh_simple_python::zh_simple_python_228,correct,correct,both_correct
Salesforce_Llama-xLAM-2-8b-fc-r-checkpoint-3675-merged-1batch-2560seq-3epoch-multi4000-nomlp::zh_simple_python::zh_simple_python_229,wrong,correct,b_correct_a_wrong
Salesforce_Llama-xLAM-2-8b-fc-r-checkpoint-3675-merged-1batch-2560seq-3epoch-multi4000-nomlp::zh_simple_python::zh_simple_python_241,wrong,correct,b_correct_a_wrong
Salesforce_Llama-xLAM-2-8b-fc-r-checkpoint-3675-merged-1batch-2560seq-3epoch-multi4000-nomlp::zh_simple_python::zh_simple_python_242,wrong,correct,b_correct_a_wrong
Salesforce_Llama-xLAM-2-8b-fc-r-checkpoint-3675-merged-1batch-2560seq-3epoch-multi4000-nomlp::zh_simple_python::zh_simple_python_244,wrong,correct,b_correct_a_wrong
Salesforce_Llama-xLAM-2-8b-fc-r-checkpoint-3675-merged-1batch-2560seq-3epoch-multi4000-nomlp::zh_simple_python::zh_simple_python_267,wrong,correct,b_correct_a_wrong
Salesforce_Llama-xLAM-2-8b-fc-r-checkpoint-3675-merged-1batch-2560seq-3epoch-multi4000-nomlp::zh_simple_python::zh_simple_python_273,correct,correct,both_correct
Salesforce_Llama-xLAM-2-8b-fc-r-checkpoint-3675-merged-1batch-2560seq-3epoch-multi4000-nomlp::zh_simple_python::zh_simple_python_277,correct,correct,both_correct
Salesforce_Llama-xLAM-2-8b-fc-r-checkpoint-3675-merged-1batch-2560seq-3epoch-multi4000-nomlp::zh_simple_python::zh_simple_python_281,wrong,correct,b_correct_a_wrong
Salesforce_Llama-xLAM-2-8b-fc-r-checkpoint-3675-merged-1batch-2560seq-3epoch-multi4000-nomlp::zh_simple_python::zh_simple_python_283,correct,correct,both_correct
Salesforce_Llama-xLAM-2-8b-fc-r-checkpoint-3675-merged-1batch-2560seq-3epoch-multi4000-nomlp::zh_simple_python::zh_simple_python_288,correct,correct,both_correct
Salesforce_Llama-xLAM-2-8b-fc-r-checkpoint-3675-merged-1batch-2560seq-3epoch-multi4000-nomlp::zh_simple_python::zh_simple_python_289,correct,correct,both_correct
Salesforce_Llama-xLAM-2-8b-fc-r-checkpoint-3675-merged-1batch-2560seq-3epoch-multi4000-nomlp::zh_simple_python::zh_simple_python_290,correct,correct,both_correct
Salesforce_Llama-xLAM-2-8b-fc-r-checkpoint-3675-merged-1batch-2560seq-3epoch-multi4000-nomlp::zh_simple_python::zh_simple_python_305,correct,correct,both_correct
Salesforce_Llama-xLAM-2-8b-fc-r-checkpoint-3675-merged-1batch-2560seq-3epoch-multi4000-nomlp::zh_simple_python::zh_simple_python_306,wrong,correct,b_correct_a_wrong
Salesforce_Llama-xLAM-2-8b-fc-r-checkpoint-3675-merged-1batch-2560seq-3epoch-multi4000-nomlp::zh_simple_python::zh_simple_python_307,wrong,correct,b_correct_a_wrong
Salesforce_Llama-xLAM-2-8b-fc-r-checkpoint-3675-merged-1batch-2560seq-3epoch-multi4000-nomlp::zh_simple_python::zh_simple_python_308,correct,correct,both_correct
Salesforce_Llama-xLAM-2-8b-fc-r-checkpoint-3675-merged-1batch-2560seq-3epoch-multi4000-nomlp::zh_simple_python::zh_simple_python_319,correct,correct,both_correct
Salesforce_Llama-xLAM-2-8b-fc-r-checkpoint-3675-merged-1batch-2560seq-3epoch-multi4000-nomlp::zh_simple_python::zh_simple_python_324,correct,correct,both_correct
Salesforce_Llama-xLAM-2-8b-fc-r-checkpoint-3675-merged-1batch-2560seq-3epoch-multi4000-nomlp::zh_simple_python::zh_simple_python_326,correct,correct,both_correct
Salesforce_Llama-xLAM-2-8b-fc-r-checkpoint-3675-merged-1batch-2560seq-3epoch-multi4000-nomlp::zh_simple_python::zh_simple_python_327,correct,correct,both_correct
Salesforce_Llama-xLAM-2-8b-fc-r-checkpoint-3675-merged-1batch-2560seq-3epoch-multi4000-nomlp::zh_simple_python::zh_simple_python_337,correct,correct,both_correct
Salesforce_Llama-xLAM-2-8b-fc-r-checkpoint-3675-merged-1batch-2560seq-3epoch-multi4000-nomlp::zh_simple_python::zh_simple_python_344,correct,correct,both_correct
Salesforce_Llama-xLAM-2-8b-fc-r-checkpoint-3675-merged-1batch-2560seq-3epoch-multi4000-nomlp::zh_simple_python::zh_simple_python_360,wrong,correct,b_correct_a_wrong
Salesforce_Llama-xLAM-2-8b-fc-r-checkpoint-3675-merged-1batch-2560seq-3epoch-multi4000-nomlp::zh_simple_python::zh_simple_python_374,wrong,correct,b_correct_a_wrong
Salesforce_Llama-xLAM-2-8b-fc-r-checkpoint-3675-merged-1batch-2560seq-3epoch-multi4000-nomlp::zh_simple_python::zh_simple_python_375,wrong,correct,b_correct_a_wrong
Salesforce_Llama-xLAM-2-8b-fc-r-checkpoint-3675-merged-1batch-2560seq-3epoch-multi4000-nomlp::zh_simple_python::zh_simple_python_386,wrong,correct,b_correct_a_wrong
Salesforce_Llama-xLAM-2-8b-fc-r-checkpoint-3675-merged-1batch-2560seq-3epoch-multi4000-nomlp::zh_simple_python::zh_simple_python_387,correct,correct,both_correct
Salesforce_Llama-xLAM-2-8b-fc-r-checkpoint-3675-merged-1batch-2560seq-3epoch-multi4000-nomlp::zh_simple_python::zh_simple_python_398,correct,correct,both_correct
Salesforce_Llama-xLAM-2-8b-fc-r-checkpoint-3675-merged-1batch-2560seq-3epoch-multi4000-nomlp::zh_simple_python::zh_simple_python_56,correct,correct,both_correct
Salesforce_Llama-xLAM-2-8b-fc-r-checkpoint-3675-merged-1batch-2560seq-3epoch-multi4000-nomlp::zh_simple_python::zh_simple_python_63,correct,correct,both_correct
Salesforce_Llama-xLAM-2-8b-fc-r-checkpoint-3675-merged-1batch-2560seq-3epoch-multi4000-nomlp::zh_simple_python::zh_simple_python_77,correct,correct,both_correct
Salesforce_Llama-xLAM-2-8b-fc-r-checkpoint-3675-merged-1batch-2560seq-3epoch-multi4000-nomlp::zh_simple_python::zh_simple_python_85,correct,correct,both_correct
Salesforce_Llama-xLAM-2-8b-fc-r-checkpoint-3675-merged-1batch-2560seq-3epoch-multi4000-nomlp::zh_simple_python::zh_simple_python_91,correct,correct,both_correct
Salesforce_Llama-xLAM-2-8b-fc-r-checkpoint-3675-merged-1batch-2560seq-3epoch-multi4000-nomlp::zh_simple_python::zh_simple_python_98,wrong,correct,b_correct_a_wrong
Salesforce_Llama-xLAM-2-8b-fc-r-checkpoint-3738-merged-1batch-2560seq-3epoch-IF::zh_multiple::zh_multiple_134,correct,correct,both_correct
Salesforce_Llama-xLAM-2-8b-fc-r-checkpoint-3738-merged-1batch-2560seq-3epoch-IF::zh_multiple::zh_multiple_149,correct,correct,both_correct
Salesforce_Llama-xLAM-2-8b-fc-r-checkpoint-3738-merged-1batch-2560seq-3epoch-IF::zh_multiple::zh_multiple_151,correct,correct,both_correct
Salesforce_Llama-xLAM-2-8b-fc-r-checkpoint-3738-merged-1batch-2560seq-3epoch-IF::zh_multiple::zh_multiple_165,wrong,correct,b_correct_a_wrong
Salesforce_Llama-xLAM-2-8b-fc-r-checkpoint-3738-merged-1batch-2560seq-3epoch-IF::zh_multiple::zh_multiple_176,correct,correct,both_correct
Salesforce_Llama-xLAM-2-8b-fc-r-checkpoint-3738-merged-1batch-2560seq-3epoch-IF::zh_multiple::zh_multiple_184,wrong,correct,b_correct_a_wrong
Salesforce_Llama-xLAM-2-8b-fc-r-checkpoint-3738-merged-1batch-2560seq-3epoch-IF::zh_multiple::zh_multiple_191,wrong,correct,b_correct_a_wrong
Salesforce_Llama-xLAM-2-8b-fc-r-checkpoint-3738-merged-1batch-2560seq-3epoch-IF::zh_multiple::zh_multiple_61,wrong,correct,b_correct_a_wrong
Salesforce_Llama-xLAM-2-8b-fc-r-checkpoint-3738-merged-1batch-2560seq-3epoch-IF::zh_multiple::zh_multiple_78,correct,correct,both_correct
Salesforce_Llama-xLAM-2-8b-fc-r-checkpoint-3738-merged-1batch-2560seq-3epoch-IF::zh_multiple::zh_multiple_80,wrong,correct,b_correct_a_wrong
Salesforce_Llama-xLAM-2-8b-fc-r-checkpoint-3738-merged-1batch-2560seq-3epoch-IF::zh_multiple::zh_multiple_94,wrong,correct,b_correct_a_wrong
Salesforce_Llama-xLAM-2-8b-fc-r-checkpoint-3738-merged-1batch-2560seq-3epoch-IF::zh_parallel::zh_parallel_119,correct,correct,both_correct
Salesforce_Llama-xLAM-2-8b-fc-r-checkpoint-3738-merged-1batch-2560seq-3epoch-IF::zh_parallel::zh_parallel_181,wrong,correct,b_correct_a_wrong
Salesforce_Llama-xLAM-2-8b-fc-r-checkpoint-3738-merged-1batch-2560seq-3epoch-IF::zh_parallel::zh_parallel_194,correct,correct,both_correct
Salesforce_Llama-xLAM-2-8b-fc-r-checkpoint-3738-merged-1batch-2560seq-3epoch-IF::zh_parallel::zh_parallel_3,wrong,correct,b_correct_a_wrong
Salesforce_Llama-xLAM-2-8b-fc-r-checkpoint-3738-merged-1batch-2560seq-3epoch-IF::zh_parallel::zh_parallel_40,correct,correct,both_correct
Salesforce_Llama-xLAM-2-8b-fc-r-checkpoint-3738-merged-1batch-2560seq-3epoch-IF::zh_parallel::zh_parallel_44,wrong,correct,b_correct_a_wrong
Salesforce_Llama-xLAM-2-8b-fc-r-checkpoint-3738-merged-1batch-2560seq-3epoch-IF::zh_parallel::zh_parallel_52,correct,correct,both_correct
Salesforce_Llama-xLAM-2-8b-fc-r-checkpoint-3738-merged-1batch-2560seq-3epoch-IF::zh_parallel::zh_parallel_53,correct,correct,both_correct
Salesforce_Llama-xLAM-2-8b-fc-r-checkpoint-3738-merged-1batch-2560seq-3epoch-IF::zh_parallel::zh_parallel_56,wrong,correct,b_correct_a_wrong
Salesforce_Llama-xLAM-2-8b-fc-r-checkpoint-3738-merged-1batch-2560seq-3epoch-IF::zh_parallel::zh_parallel_8,correct,correct,both_correct
Salesforce_Llama-xLAM-2-8b-fc-r-checkpoint-3738-merged-1batch-2560seq-3epoch-IF::zh_parallel_multiple::zh_parallel_multiple_100,correct,correct,both_correct
Salesforce_Llama-xLAM-2-8b-fc-r-checkpoint-3738-merged-1batch-2560seq-3epoch-IF::zh_parallel_multiple::zh_parallel_multiple_103,correct,correct,both_correct
Salesforce_Llama-xLAM-2-8b-fc-r-checkpoint-3738-merged-1batch-2560seq-3epoch-IF::zh_parallel_multiple::zh_parallel_multiple_106,correct,correct,both_correct
Salesforce_Llama-xLAM-2-8b-fc-r-checkpoint-3738-merged-1batch-2560seq-3epoch-IF::zh_parallel_multiple::zh_parallel_multiple_107,correct,correct,both_correct
Salesforce_Llama-xLAM-2-8b-fc-r-checkpoint-3738-merged-1batch-2560seq-3epoch-IF::zh_parallel_multiple::zh_parallel_multiple_112,correct,correct,both_correct
Salesforce_Llama-xLAM-2-8b-fc-r-checkpoint-3738-merged-1batch-2560seq-3epoch-IF::zh_parallel_multiple::zh_parallel_multiple_113,correct,correct,both_correct
Salesforce_Llama-xLAM-2-8b-fc-r-checkpoint-3738-merged-1batch-2560seq-3epoch-IF::zh_parallel_multiple::zh_parallel_multiple_122,correct,correct,both_correct
Salesforce_Llama-xLAM-2-8b-fc-r-checkpoint-3738-merged-1batch-2560seq-3epoch-IF::zh_parallel_multiple::zh_parallel_multiple_127,correct,correct,both_correct
Salesforce_Llama-xLAM-2-8b-fc-r-checkpoint-3738-merged-1batch-2560seq-3epoch-IF::zh_parallel_multiple::zh_parallel_multiple_128,correct,correct,both_correct
Salesforce_Llama-xLAM-2-8b-fc-r-checkpoint-3738-merged-1batch-2560seq-3epoch-IF::zh_parallel_multiple::zh_parallel_multiple_129,correct,correct,both_correct
Salesforce_Llama-xLAM-2-8b-fc-r-checkpoint-3738-merged-1batch-2560seq-3epoch-IF::zh_parallel_multiple::zh_parallel_multiple_135,correct,correct,both_correct
Salesforce_Llama-xLAM-2-8b-fc-r-checkpoint-3738-merged-1batch-2560seq-3epoch-IF::zh_parallel_multiple::zh_parallel_multiple_137,correct,correct,both_correct
Salesforce_Llama-xLAM-2-8b-fc-r-checkpoint-3738-merged-1batch-2560seq-3epoch-IF::zh_parallel_multiple::zh_parallel_multiple_139,correct,correct,both_correct
Salesforce_Llama-xLAM-2-8b-fc-r-checkpoint-3738-merged-1batch-2560seq-3epoch-IF::zh_parallel_multiple::zh_parallel_multiple_141,correct,correct,both_correct
Salesforce_Llama-xLAM-2-8b-fc-r-checkpoint-3738-merged-1batch-2560seq-3epoch-IF::zh_parallel_multiple::zh_parallel_multiple_143,correct,correct,both_correct
Salesforce_Llama-xLAM-2-8b-fc-r-checkpoint-3738-merged-1batch-2560seq-3epoch-IF::zh_parallel_multiple::zh_parallel_multiple_145,correct,correct,both_correct
Salesforce_Llama-xLAM-2-8b-fc-r-checkpoint-3738-merged-1batch-2560seq-3epoch-IF::zh_parallel_multiple::zh_parallel_multiple_147,correct,correct,both_correct
Salesforce_Llama-xLAM-2-8b-fc-r-checkpoint-3738-merged-1batch-2560seq-3epoch-IF::zh_parallel_multiple::zh_parallel_multiple_148,correct,correct,both_correct
Salesforce_Llama-xLAM-2-8b-fc-r-checkpoint-3738-merged-1batch-2560seq-3epoch-IF::zh_parallel_multiple::zh_parallel_multiple_149,correct,correct,both_correct
Salesforce_Llama-xLAM-2-8b-fc-r-checkpoint-3738-merged-1batch-2560seq-3epoch-IF::zh_parallel_multiple::zh_parallel_multiple_153,correct,correct,both_correct
Salesforce_Llama-xLAM-2-8b-fc-r-checkpoint-3738-merged-1batch-2560seq-3epoch-IF::zh_parallel_multiple::zh_parallel_multiple_156,correct,correct,both_correct
Salesforce_Llama-xLAM-2-8b-fc-r-checkpoint-3738-merged-1batch-2560seq-3epoch-IF::zh_parallel_multiple::zh_parallel_multiple_159,correct,correct,both_correct
Salesforce_Llama-xLAM-2-8b-fc-r-checkpoint-3738-merged-1batch-2560seq-3epoch-IF::zh_parallel_multiple::zh_parallel_multiple_160,correct,correct,both_correct
Salesforce_Llama-xLAM-2-8b-fc-r-checkpoint-3738-merged-1batch-2560seq-3epoch-IF::zh_parallel_multiple::zh_parallel_multiple_165,correct,correct,both_correct
Salesforce_Llama-xLAM-2-8b-fc-r-checkpoint-3738-merged-1batch-2560seq-3epoch-IF::zh_parallel_multiple::zh_parallel_multiple_166,correct,correct,both_correct
Salesforce_Llama-xLAM-2-8b-fc-r-checkpoint-3738-merged-1batch-2560seq-3epoch-IF::zh_parallel_multiple::zh_parallel_multiple_176,correct,correct,both_correct
Salesforce_Llama-xLAM-2-8b-fc-r-checkpoint-3738-merged-1batch-2560seq-3epoch-IF::zh_parallel_multiple::zh_parallel_multiple_177,correct,correct,both_correct
Salesforce_Llama-xLAM-2-8b-fc-r-checkpoint-3738-merged-1batch-2560seq-3epoch-IF::zh_parallel_multiple::zh_parallel_multiple_180,correct,correct,both_correct
Salesforce_Llama-xLAM-2-8b-fc-r-checkpoint-3738-merged-1batch-2560seq-3epoch-IF::zh_parallel_multiple::zh_parallel_multiple_189,correct,correct,both_correct
Salesforce_Llama-xLAM-2-8b-fc-r-checkpoint-3738-merged-1batch-2560seq-3epoch-IF::zh_parallel_multiple::zh_parallel_multiple_19,correct,correct,both_correct
Salesforce_Llama-xLAM-2-8b-fc-r-checkpoint-3738-merged-1batch-2560seq-3epoch-IF::zh_parallel_multiple::zh_parallel_multiple_192,correct,correct,both_correct
Salesforce_Llama-xLAM-2-8b-fc-r-checkpoint-3738-merged-1batch-2560seq-3epoch-IF::zh_parallel_multiple::zh_parallel_multiple_195,correct,correct,both_correct
Salesforce_Llama-xLAM-2-8b-fc-r-checkpoint-3738-merged-1batch-2560seq-3epoch-IF::zh_parallel_multiple::zh_parallel_multiple_37,correct,correct,both_correct
Salesforce_Llama-xLAM-2-8b-fc-r-checkpoint-3738-merged-1batch-2560seq-3epoch-IF::zh_parallel_multiple::zh_parallel_multiple_53,wrong,wrong,both_wrong
Salesforce_Llama-xLAM-2-8b-fc-r-checkpoint-3738-merged-1batch-2560seq-3epoch-IF::zh_parallel_multiple::zh_parallel_multiple_69,wrong,correct,b_correct_a_wrong
Salesforce_Llama-xLAM-2-8b-fc-r-checkpoint-3738-merged-1batch-2560seq-3epoch-IF::zh_parallel_multiple::zh_parallel_multiple_77,correct,correct,both_correct
Salesforce_Llama-xLAM-2-8b-fc-r-checkpoint-3738-merged-1batch-2560seq-3epoch-IF::zh_parallel_multiple::zh_parallel_multiple_94,correct,correct,both_correct
Salesforce_Llama-xLAM-2-8b-fc-r-checkpoint-3738-merged-1batch-2560seq-3epoch-IF::zh_parallel_multiple::zh_parallel_multiple_97,wrong,correct,b_correct_a_wrong
Salesforce_Llama-xLAM-2-8b-fc-r-checkpoint-3738-merged-1batch-2560seq-3epoch-IF::zh_parallel_multiple::zh_parallel_multiple_99,correct,correct,both_correct
Salesforce_Llama-xLAM-2-8b-fc-r-checkpoint-3738-merged-1batch-2560seq-3epoch-IF::zh_simple_python::zh_simple_python_158,correct,correct,both_correct
Salesforce_Llama-xLAM-2-8b-fc-r-checkpoint-3738-merged-1batch-2560seq-3epoch-IF::zh_simple_python::zh_simple_python_163,correct,correct,both_correct
Salesforce_Llama-xLAM-2-8b-fc-r-checkpoint-3738-merged-1batch-2560seq-3epoch-IF::zh_simple_python::zh_simple_python_166,correct,correct,both_correct
Salesforce_Llama-xLAM-2-8b-fc-r-checkpoint-3738-merged-1batch-2560seq-3epoch-IF::zh_simple_python::zh_simple_python_173,correct,correct,both_correct
Salesforce_Llama-xLAM-2-8b-fc-r-checkpoint-3738-merged-1batch-2560seq-3epoch-IF::zh_simple_python::zh_simple_python_183,wrong,correct,b_correct_a_wrong
Salesforce_Llama-xLAM-2-8b-fc-r-checkpoint-3738-merged-1batch-2560seq-3epoch-IF::zh_simple_python::zh_simple_python_209,correct,correct,both_correct
Salesforce_Llama-xLAM-2-8b-fc-r-checkpoint-3738-merged-1batch-2560seq-3epoch-IF::zh_simple_python::zh_simple_python_219,wrong,correct,b_correct_a_wrong
Salesforce_Llama-xLAM-2-8b-fc-r-checkpoint-3738-merged-1batch-2560seq-3epoch-IF::zh_simple_python::zh_simple_python_224,wrong,correct,b_correct_a_wrong
Salesforce_Llama-xLAM-2-8b-fc-r-checkpoint-3738-merged-1batch-2560seq-3epoch-IF::zh_simple_python::zh_simple_python_229,correct,correct,both_correct
Salesforce_Llama-xLAM-2-8b-fc-r-checkpoint-3738-merged-1batch-2560seq-3epoch-IF::zh_simple_python::zh_simple_python_234,wrong,correct,b_correct_a_wrong
Salesforce_Llama-xLAM-2-8b-fc-r-checkpoint-3738-merged-1batch-2560seq-3epoch-IF::zh_simple_python::zh_simple_python_278,correct,correct,both_correct
Salesforce_Llama-xLAM-2-8b-fc-r-checkpoint-3738-merged-1batch-2560seq-3epoch-IF::zh_simple_python::zh_simple_python_283,correct,correct,both_correct
Salesforce_Llama-xLAM-2-8b-fc-r-checkpoint-3738-merged-1batch-2560seq-3epoch-IF::zh_simple_python::zh_simple_python_303,wrong,correct,b_correct_a_wrong
Salesforce_Llama-xLAM-2-8b-fc-r-checkpoint-3738-merged-1batch-2560seq-3epoch-IF::zh_simple_python::zh_simple_python_305,correct,correct,both_correct
Salesforce_Llama-xLAM-2-8b-fc-r-checkpoint-3738-merged-1batch-2560seq-3epoch-IF::zh_simple_python::zh_simple_python_326,correct,correct,both_correct
Salesforce_Llama-xLAM-2-8b-fc-r-checkpoint-3738-merged-1batch-2560seq-3epoch-IF::zh_simple_python::zh_simple_python_327,correct,correct,both_correct
Salesforce_Llama-xLAM-2-8b-fc-r-checkpoint-3738-merged-1batch-2560seq-3epoch-IF::zh_simple_python::zh_simple_python_352,correct,correct,both_correct
Salesforce_Llama-xLAM-2-8b-fc-r-checkpoint-3738-merged-1batch-2560seq-3epoch-IF::zh_simple_python::zh_simple_python_358,correct,correct,both_correct
Salesforce_Llama-xLAM-2-8b-fc-r-checkpoint-3738-merged-1batch-2560seq-3epoch-IF::zh_simple_python::zh_simple_python_369,correct,correct,both_correct
Salesforce_Llama-xLAM-2-8b-fc-r-checkpoint-3738-merged-1batch-2560seq-3epoch-IF::zh_simple_python::zh_simple_python_373,correct,correct,both_correct
Salesforce_Llama-xLAM-2-8b-fc-r-checkpoint-3738-merged-1batch-2560seq-3epoch-IF::zh_simple_python::zh_simple_python_374,correct,correct,both_correct
Salesforce_Llama-xLAM-2-8b-fc-r-checkpoint-3738-merged-1batch-2560seq-3epoch-IF::zh_simple_python::zh_simple_python_375,wrong,correct,b_correct_a_wrong
Salesforce_Llama-xLAM-2-8b-fc-r-checkpoint-3738-merged-1batch-2560seq-3epoch-IF::zh_simple_python::zh_simple_python_380,correct,correct,both_correct
Salesforce_Llama-xLAM-2-8b-fc-r-checkpoint-3738-merged-1batch-2560seq-3epoch-IF::zh_simple_python::zh_simple_python_386,wrong,correct,b_correct_a_wrong
Salesforce_Llama-xLAM-2-8b-fc-r-checkpoint-3738-merged-1batch-2560seq-3epoch-IF::zh_simple_python::zh_simple_python_55,correct,correct,both_correct
Salesforce_Llama-xLAM-2-8b-fc-r-checkpoint-3738-merged-1batch-2560seq-3epoch-IF::zh_simple_python::zh_simple_python_65,wrong,wrong,both_wrong
Salesforce_Llama-xLAM-2-8b-fc-r-checkpoint-3738-merged-1batch-2560seq-3epoch-IF::zh_simple_python::zh_simple_python_77,correct,correct,both_correct
Salesforce_Llama-xLAM-2-8b-fc-r-checkpoint-3738-merged-1batch-2560seq-3epoch-IF::zh_simple_python::zh_simple_python_85,correct,correct,both_correct
Salesforce_Llama-xLAM-2-8b-fc-r-checkpoint-3738-merged-1batch-2560seq-3epoch-IF::zh_simple_python::zh_simple_python_91,correct,correct,both_correct
Salesforce_Llama-xLAM-2-8b-fc-r-checkpoint-3976-merged-1batch-2560seq-3epoch-apigen-nomlp::zh_multiple::zh_multiple_127,wrong,correct,b_correct_a_wrong
Salesforce_Llama-xLAM-2-8b-fc-r-checkpoint-3976-merged-1batch-2560seq-3epoch-apigen-nomlp::zh_multiple::zh_multiple_129,wrong,correct,b_correct_a_wrong
Salesforce_Llama-xLAM-2-8b-fc-r-checkpoint-3976-merged-1batch-2560seq-3epoch-apigen-nomlp::zh_multiple::zh_multiple_134,correct,correct,both_correct
Salesforce_Llama-xLAM-2-8b-fc-r-checkpoint-3976-merged-1batch-2560seq-3epoch-apigen-nomlp::zh_multiple::zh_multiple_136,wrong,correct,b_correct_a_wrong
Salesforce_Llama-xLAM-2-8b-fc-r-checkpoint-3976-merged-1batch-2560seq-3epoch-apigen-nomlp::zh_multiple::zh_multiple_146,correct,correct,both_correct
Salesforce_Llama-xLAM-2-8b-fc-r-checkpoint-3976-merged-1batch-2560seq-3epoch-apigen-nomlp::zh_multiple::zh_multiple_149,correct,correct,both_correct
Salesforce_Llama-xLAM-2-8b-fc-r-checkpoint-3976-merged-1batch-2560seq-3epoch-apigen-nomlp::zh_multiple::zh_multiple_151,wrong,correct,b_correct_a_wrong
Salesforce_Llama-xLAM-2-8b-fc-r-checkpoint-3976-merged-1batch-2560seq-3epoch-apigen-nomlp::zh_multiple::zh_multiple_158,correct,correct,both_correct
Salesforce_Llama-xLAM-2-8b-fc-r-checkpoint-3976-merged-1batch-2560seq-3epoch-apigen-nomlp::zh_multiple::zh_multiple_160,wrong,correct,b_correct_a_wrong
Salesforce_Llama-xLAM-2-8b-fc-r-checkpoint-3976-merged-1batch-2560seq-3epoch-apigen-nomlp::zh_multiple::zh_multiple_165,wrong,correct,b_correct_a_wrong
Salesforce_Llama-xLAM-2-8b-fc-r-checkpoint-3976-merged-1batch-2560seq-3epoch-apigen-nomlp::zh_multiple::zh_multiple_168,correct,correct,both_correct
Salesforce_Llama-xLAM-2-8b-fc-r-checkpoint-3976-merged-1batch-2560seq-3epoch-apigen-nomlp::zh_multiple::zh_multiple_186,wrong,correct,b_correct_a_wrong
Salesforce_Llama-xLAM-2-8b-fc-r-checkpoint-3976-merged-1batch-2560seq-3epoch-apigen-nomlp::zh_multiple::zh_multiple_190,correct,correct,both_correct
Salesforce_Llama-xLAM-2-8b-fc-r-checkpoint-3976-merged-1batch-2560seq-3epoch-apigen-nomlp::zh_multiple::zh_multiple_49,wrong,correct,b_correct_a_wrong
Salesforce_Llama-xLAM-2-8b-fc-r-checkpoint-3976-merged-1batch-2560seq-3epoch-apigen-nomlp::zh_multiple::zh_multiple_58,correct,correct,both_correct
Salesforce_Llama-xLAM-2-8b-fc-r-checkpoint-3976-merged-1batch-2560seq-3epoch-apigen-nomlp::zh_multiple::zh_multiple_61,correct,correct,both_correct
Salesforce_Llama-xLAM-2-8b-fc-r-checkpoint-3976-merged-1batch-2560seq-3epoch-apigen-nomlp::zh_multiple::zh_multiple_65,wrong,correct,b_correct_a_wrong
Salesforce_Llama-xLAM-2-8b-fc-r-checkpoint-3976-merged-1batch-2560seq-3epoch-apigen-nomlp::zh_multiple::zh_multiple_67,wrong,correct,b_correct_a_wrong
Salesforce_Llama-xLAM-2-8b-fc-r-checkpoint-3976-merged-1batch-2560seq-3epoch-apigen-nomlp::zh_multiple::zh_multiple_78,correct,correct,both_correct
Salesforce_Llama-xLAM-2-8b-fc-r-checkpoint-3976-merged-1batch-2560seq-3epoch-apigen-nomlp::zh_multiple::zh_multiple_80,correct,correct,both_correct
Salesforce_Llama-xLAM-2-8b-fc-r-checkpoint-3976-merged-1batch-2560seq-3epoch-apigen-nomlp::zh_multiple::zh_multiple_84,correct,correct,both_correct
Salesforce_Llama-xLAM-2-8b-fc-r-checkpoint-3976-merged-1batch-2560seq-3epoch-apigen-nomlp::zh_multiple::zh_multiple_90,correct,correct,both_correct
Salesforce_Llama-xLAM-2-8b-fc-r-checkpoint-3976-merged-1batch-2560seq-3epoch-apigen-nomlp::zh_multiple::zh_multiple_91,wrong,correct,b_correct_a_wrong
Salesforce_Llama-xLAM-2-8b-fc-r-checkpoint-3976-merged-1batch-2560seq-3epoch-apigen-nomlp::zh_multiple::zh_multiple_94,wrong,correct,b_correct_a_wrong
Salesforce_Llama-xLAM-2-8b-fc-r-checkpoint-3976-merged-1batch-2560seq-3epoch-apigen-nomlp::zh_parallel::zh_parallel_117,wrong,correct,b_correct_a_wrong
Salesforce_Llama-xLAM-2-8b-fc-r-checkpoint-3976-merged-1batch-2560seq-3epoch-apigen-nomlp::zh_parallel::zh_parallel_119,correct,correct,both_correct
Salesforce_Llama-xLAM-2-8b-fc-r-checkpoint-3976-merged-1batch-2560seq-3epoch-apigen-nomlp::zh_parallel::zh_parallel_127,correct,correct,both_correct
Salesforce_Llama-xLAM-2-8b-fc-r-checkpoint-3976-merged-1batch-2560seq-3epoch-apigen-nomlp::zh_parallel::zh_parallel_13,wrong,correct,b_correct_a_wrong
Salesforce_Llama-xLAM-2-8b-fc-r-checkpoint-3976-merged-1batch-2560seq-3epoch-apigen-nomlp::zh_parallel::zh_parallel_130,correct,correct,both_correct
Salesforce_Llama-xLAM-2-8b-fc-r-checkpoint-3976-merged-1batch-2560seq-3epoch-apigen-nomlp::zh_parallel::zh_parallel_151,correct,correct,both_correct
Salesforce_Llama-xLAM-2-8b-fc-r-checkpoint-3976-merged-1batch-2560seq-3epoch-apigen-nomlp::zh_parallel::zh_parallel_159,wrong,correct,b_correct_a_wrong
Salesforce_Llama-xLAM-2-8b-fc-r-checkpoint-3976-merged-1batch-2560seq-3epoch-apigen-nomlp::zh_parallel::zh_parallel_164,wrong,correct,b_correct_a_wrong
Salesforce_Llama-xLAM-2-8b-fc-r-checkpoint-3976-merged-1batch-2560seq-3epoch-apigen-nomlp::zh_parallel::zh_parallel_181,correct,correct,both_correct
Salesforce_Llama-xLAM-2-8b-fc-r-checkpoint-3976-merged-1batch-2560seq-3epoch-apigen-nomlp::zh_parallel::zh_parallel_189,correct,correct,both_correct
Salesforce_Llama-xLAM-2-8b-fc-r-checkpoint-3976-merged-1batch-2560seq-3epoch-apigen-nomlp::zh_parallel::zh_parallel_191,correct,correct,both_correct
Salesforce_Llama-xLAM-2-8b-fc-r-checkpoint-3976-merged-1batch-2560seq-3epoch-apigen-nomlp::zh_parallel::zh_parallel_194,correct,correct,both_correct
Salesforce_Llama-xLAM-2-8b-fc-r-checkpoint-3976-merged-1batch-2560seq-3epoch-apigen-nomlp::zh_parallel::zh_parallel_36,correct,correct,both_correct
Salesforce_Llama-xLAM-2-8b-fc-r-checkpoint-3976-merged-1batch-2560seq-3epoch-apigen-nomlp::zh_parallel::zh_parallel_39,correct,correct,both_correct
Salesforce_Llama-xLAM-2-8b-fc-r-checkpoint-3976-merged-1batch-2560seq-3epoch-apigen-nomlp::zh_parallel::zh_parallel_44,wrong,correct,b_correct_a_wrong
Salesforce_Llama-xLAM-2-8b-fc-r-checkpoint-3976-merged-1batch-2560seq-3epoch-apigen-nomlp::zh_parallel::zh_parallel_45,wrong,correct,b_correct_a_wrong
Salesforce_Llama-xLAM-2-8b-fc-r-checkpoint-3976-merged-1batch-2560seq-3epoch-apigen-nomlp::zh_parallel::zh_parallel_46,correct,correct,both_correct
Salesforce_Llama-xLAM-2-8b-fc-r-checkpoint-3976-merged-1batch-2560seq-3epoch-apigen-nomlp::zh_parallel::zh_parallel_51,wrong,correct,b_correct_a_wrong
Salesforce_Llama-xLAM-2-8b-fc-r-checkpoint-3976-merged-1batch-2560seq-3epoch-apigen-nomlp::zh_parallel::zh_parallel_52,correct,correct,both_correct
Salesforce_Llama-xLAM-2-8b-fc-r-checkpoint-3976-merged-1batch-2560seq-3epoch-apigen-nomlp::zh_parallel::zh_parallel_8,correct,correct,both_correct
Salesforce_Llama-xLAM-2-8b-fc-r-checkpoint-3976-merged-1batch-2560seq-3epoch-apigen-nomlp::zh_parallel::zh_parallel_91,correct,correct,both_correct
Salesforce_Llama-xLAM-2-8b-fc-r-checkpoint-3976-merged-1batch-2560seq-3epoch-apigen-nomlp::zh_parallel::zh_parallel_93,correct,correct,both_correct
Salesforce_Llama-xLAM-2-8b-fc-r-checkpoint-3976-merged-1batch-2560seq-3epoch-apigen-nomlp::zh_parallel_multiple::zh_parallel_multiple_10,wrong,correct,b_correct_a_wrong
Salesforce_Llama-xLAM-2-8b-fc-r-checkpoint-3976-merged-1batch-2560seq-3epoch-apigen-nomlp::zh_parallel_multiple::zh_parallel_multiple_103,correct,correct,both_correct
Salesforce_Llama-xLAM-2-8b-fc-r-checkpoint-3976-merged-1batch-2560seq-3epoch-apigen-nomlp::zh_parallel_multiple::zh_parallel_multiple_106,correct,correct,both_correct
Salesforce_Llama-xLAM-2-8b-fc-r-checkpoint-3976-merged-1batch-2560seq-3epoch-apigen-nomlp::zh_parallel_multiple::zh_parallel_multiple_107,correct,correct,both_correct
Salesforce_Llama-xLAM-2-8b-fc-r-checkpoint-3976-merged-1batch-2560seq-3epoch-apigen-nomlp::zh_parallel_multiple::zh_parallel_multiple_118,wrong,correct,b_correct_a_wrong
Salesforce_Llama-xLAM-2-8b-fc-r-checkpoint-3976-merged-1batch-2560seq-3epoch-apigen-nomlp::zh_parallel_multiple::zh_parallel_multiple_120,correct,correct,both_correct
Salesforce_Llama-xLAM-2-8b-fc-r-checkpoint-3976-merged-1batch-2560seq-3epoch-apigen-nomlp::zh_parallel_multiple::zh_parallel_multiple_125,correct,correct,both_correct
Salesforce_Llama-xLAM-2-8b-fc-r-checkpoint-3976-merged-1batch-2560seq-3epoch-apigen-nomlp::zh_parallel_multiple::zh_parallel_multiple_127,correct,correct,both_correct
Salesforce_Llama-xLAM-2-8b-fc-r-checkpoint-3976-merged-1batch-2560seq-3epoch-apigen-nomlp::zh_parallel_multiple::zh_parallel_multiple_128,correct,correct,both_correct
Salesforce_Llama-xLAM-2-8b-fc-r-checkpoint-3976-merged-1batch-2560seq-3epoch-apigen-nomlp::zh_parallel_multiple::zh_parallel_multiple_137,correct,correct,both_correct
Salesforce_Llama-xLAM-2-8b-fc-r-checkpoint-3976-merged-1batch-2560seq-3epoch-apigen-nomlp::zh_parallel_multiple::zh_parallel_multiple_139,correct,correct,both_correct
Salesforce_Llama-xLAM-2-8b-fc-r-checkpoint-3976-merged-1batch-2560seq-3epoch-apigen-nomlp::zh_parallel_multiple::zh_parallel_multiple_141,correct,correct,both_correct
Salesforce_Llama-xLAM-2-8b-fc-r-checkpoint-3976-merged-1batch-2560seq-3epoch-apigen-nomlp::zh_parallel_multiple::zh_parallel_multiple_147,correct,correct,both_correct
Salesforce_Llama-xLAM-2-8b-fc-r-checkpoint-3976-merged-1batch-2560seq-3epoch-apigen-nomlp::zh_parallel_multiple::zh_parallel_multiple_148,correct,correct,both_correct
Salesforce_Llama-xLAM-2-8b-fc-r-checkpoint-3976-merged-1batch-2560seq-3epoch-apigen-nomlp::zh_parallel_multiple::zh_parallel_multiple_153,correct,correct,both_correct
Salesforce_Llama-xLAM-2-8b-fc-r-checkpoint-3976-merged-1batch-2560seq-3epoch-apigen-nomlp::zh_parallel_multiple::zh_parallel_multiple_157,correct,correct,both_correct
Salesforce_Llama-xLAM-2-8b-fc-r-checkpoint-3976-merged-1batch-2560seq-3epoch-apigen-nomlp::zh_parallel_multiple::zh_parallel_multiple_158,correct,correct,both_correct
Salesforce_Llama-xLAM-2-8b-fc-r-checkpoint-3976-merged-1batch-2560seq-3epoch-apigen-nomlp::zh_parallel_multiple::zh_parallel_multiple_159,correct,correct,both_correct
Salesforce_Llama-xLAM-2-8b-fc-r-checkpoint-3976-merged-1batch-2560seq-3epoch-apigen-nomlp::zh_parallel_multiple::zh_parallel_multiple_163,correct,correct,both_correct
Salesforce_Llama-xLAM-2-8b-fc-r-checkpoint-3976-merged-1batch-2560seq-3epoch-apigen-nomlp::zh_parallel_multiple::zh_parallel_multiple_165,correct,correct,both_correct
Salesforce_Llama-xLAM-2-8b-fc-r-checkpoint-3976-merged-1batch-2560seq-3epoch-apigen-nomlp::zh_parallel_multiple::zh_parallel_multiple_172,correct,correct,both_correct
Salesforce_Llama-xLAM-2-8b-fc-r-checkpoint-3976-merged-1batch-2560seq-3epoch-apigen-nomlp::zh_parallel_multiple::zh_parallel_multiple_173,correct,correct,both_correct
Salesforce_Llama-xLAM-2-8b-fc-r-checkpoint-3976-merged-1batch-2560seq-3epoch-apigen-nomlp::zh_parallel_multiple::zh_parallel_multiple_176,correct,correct,both_correct
Salesforce_Llama-xLAM-2-8b-fc-r-checkpoint-3976-merged-1batch-2560seq-3epoch-apigen-nomlp::zh_parallel_multiple::zh_parallel_multiple_189,correct,correct,both_correct
Salesforce_Llama-xLAM-2-8b-fc-r-checkpoint-3976-merged-1batch-2560seq-3epoch-apigen-nomlp::zh_parallel_multiple::zh_parallel_multiple_19,correct,correct,both_correct
Salesforce_Llama-xLAM-2-8b-fc-r-checkpoint-3976-merged-1batch-2560seq-3epoch-apigen-nomlp::zh_parallel_multiple::zh_parallel_multiple_191,correct,correct,both_correct
Salesforce_Llama-xLAM-2-8b-fc-r-checkpoint-3976-merged-1batch-2560seq-3epoch-apigen-nomlp::zh_parallel_multiple::zh_parallel_multiple_192,correct,correct,both_correct
Salesforce_Llama-xLAM-2-8b-fc-r-checkpoint-3976-merged-1batch-2560seq-3epoch-apigen-nomlp::zh_parallel_multiple::zh_parallel_multiple_195,correct,correct,both_correct
Salesforce_Llama-xLAM-2-8b-fc-r-checkpoint-3976-merged-1batch-2560seq-3epoch-apigen-nomlp::zh_parallel_multiple::zh_parallel_multiple_196,correct,correct,both_correct
Salesforce_Llama-xLAM-2-8b-fc-r-checkpoint-3976-merged-1batch-2560seq-3epoch-apigen-nomlp::zh_parallel_multiple::zh_parallel_multiple_197,correct,correct,both_correct
Salesforce_Llama-xLAM-2-8b-fc-r-checkpoint-3976-merged-1batch-2560seq-3epoch-apigen-nomlp::zh_parallel_multiple::zh_parallel_multiple_21,wrong,correct,b_correct_a_wrong
Salesforce_Llama-xLAM-2-8b-fc-r-checkpoint-3976-merged-1batch-2560seq-3epoch-apigen-nomlp::zh_parallel_multiple::zh_parallel_multiple_27,correct,correct,both_correct
Salesforce_Llama-xLAM-2-8b-fc-r-checkpoint-3976-merged-1batch-2560seq-3epoch-apigen-nomlp::zh_parallel_multiple::zh_parallel_multiple_32,correct,correct,both_correct
Salesforce_Llama-xLAM-2-8b-fc-r-checkpoint-3976-merged-1batch-2560seq-3epoch-apigen-nomlp::zh_parallel_multiple::zh_parallel_multiple_33,correct,correct,both_correct
Salesforce_Llama-xLAM-2-8b-fc-r-checkpoint-3976-merged-1batch-2560seq-3epoch-apigen-nomlp::zh_parallel_multiple::zh_parallel_multiple_37,correct,correct,both_correct
Salesforce_Llama-xLAM-2-8b-fc-r-checkpoint-3976-merged-1batch-2560seq-3epoch-apigen-nomlp::zh_parallel_multiple::zh_parallel_multiple_40,correct,correct,both_correct
Salesforce_Llama-xLAM-2-8b-fc-r-checkpoint-3976-merged-1batch-2560seq-3epoch-apigen-nomlp::zh_parallel_multiple::zh_parallel_multiple_42,correct,correct,both_correct
Salesforce_Llama-xLAM-2-8b-fc-r-checkpoint-3976-merged-1batch-2560seq-3epoch-apigen-nomlp::zh_parallel_multiple::zh_parallel_multiple_50,correct,correct,both_correct
Salesforce_Llama-xLAM-2-8b-fc-r-checkpoint-3976-merged-1batch-2560seq-3epoch-apigen-nomlp::zh_parallel_multiple::zh_parallel_multiple_54,wrong,correct,b_correct_a_wrong
Salesforce_Llama-xLAM-2-8b-fc-r-checkpoint-3976-merged-1batch-2560seq-3epoch-apigen-nomlp::zh_parallel_multiple::zh_parallel_multiple_55,correct,correct,both_correct
Salesforce_Llama-xLAM-2-8b-fc-r-checkpoint-3976-merged-1batch-2560seq-3epoch-apigen-nomlp::zh_parallel_multiple::zh_parallel_multiple_65,correct,correct,both_correct
Salesforce_Llama-xLAM-2-8b-fc-r-checkpoint-3976-merged-1batch-2560seq-3epoch-apigen-nomlp::zh_parallel_multiple::zh_parallel_multiple_69,wrong,wrong,both_wrong
Salesforce_Llama-xLAM-2-8b-fc-r-checkpoint-3976-merged-1batch-2560seq-3epoch-apigen-nomlp::zh_parallel_multiple::zh_parallel_multiple_70,wrong,correct,b_correct_a_wrong
Salesforce_Llama-xLAM-2-8b-fc-r-checkpoint-3976-merged-1batch-2560seq-3epoch-apigen-nomlp::zh_parallel_multiple::zh_parallel_multiple_75,correct,correct,both_correct
Salesforce_Llama-xLAM-2-8b-fc-r-checkpoint-3976-merged-1batch-2560seq-3epoch-apigen-nomlp::zh_parallel_multiple::zh_parallel_multiple_78,correct,correct,both_correct
Salesforce_Llama-xLAM-2-8b-fc-r-checkpoint-3976-merged-1batch-2560seq-3epoch-apigen-nomlp::zh_parallel_multiple::zh_parallel_multiple_81,wrong,correct,b_correct_a_wrong
Salesforce_Llama-xLAM-2-8b-fc-r-checkpoint-3976-merged-1batch-2560seq-3epoch-apigen-nomlp::zh_parallel_multiple::zh_parallel_multiple_91,wrong,correct,b_correct_a_wrong
Salesforce_Llama-xLAM-2-8b-fc-r-checkpoint-3976-merged-1batch-2560seq-3epoch-apigen-nomlp::zh_parallel_multiple::zh_parallel_multiple_93,correct,correct,both_correct
Salesforce_Llama-xLAM-2-8b-fc-r-checkpoint-3976-merged-1batch-2560seq-3epoch-apigen-nomlp::zh_parallel_multiple::zh_parallel_multiple_94,wrong,correct,b_correct_a_wrong
Salesforce_Llama-xLAM-2-8b-fc-r-checkpoint-3976-merged-1batch-2560seq-3epoch-apigen-nomlp::zh_parallel_multiple::zh_parallel_multiple_97,wrong,correct,b_correct_a_wrong
Salesforce_Llama-xLAM-2-8b-fc-r-checkpoint-3976-merged-1batch-2560seq-3epoch-apigen-nomlp::zh_simple_python::zh_simple_python_126,wrong,correct,b_correct_a_wrong
Salesforce_Llama-xLAM-2-8b-fc-r-checkpoint-3976-merged-1batch-2560seq-3epoch-apigen-nomlp::zh_simple_python::zh_simple_python_128,wrong,correct,b_correct_a_wrong
Salesforce_Llama-xLAM-2-8b-fc-r-checkpoint-3976-merged-1batch-2560seq-3epoch-apigen-nomlp::zh_simple_python::zh_simple_python_136,correct,correct,both_correct
Salesforce_Llama-xLAM-2-8b-fc-r-checkpoint-3976-merged-1batch-2560seq-3epoch-apigen-nomlp::zh_simple_python::zh_simple_python_139,wrong,correct,b_correct_a_wrong
Salesforce_Llama-xLAM-2-8b-fc-r-checkpoint-3976-merged-1batch-2560seq-3epoch-apigen-nomlp::zh_simple_python::zh_simple_python_147,correct,correct,both_correct
Salesforce_Llama-xLAM-2-8b-fc-r-checkpoint-3976-merged-1batch-2560seq-3epoch-apigen-nomlp::zh_simple_python::zh_simple_python_156,correct,correct,both_correct
Salesforce_Llama-xLAM-2-8b-fc-r-checkpoint-3976-merged-1batch-2560seq-3epoch-apigen-nomlp::zh_simple_python::zh_simple_python_159,wrong,correct,b_correct_a_wrong
Salesforce_Llama-xLAM-2-8b-fc-r-checkpoint-3976-merged-1batch-2560seq-3epoch-apigen-nomlp::zh_simple_python::zh_simple_python_163,correct,correct,both_correct
Salesforce_Llama-xLAM-2-8b-fc-r-checkpoint-3976-merged-1batch-2560seq-3epoch-apigen-nomlp::zh_simple_python::zh_simple_python_164,correct,correct,both_correct
Salesforce_Llama-xLAM-2-8b-fc-r-checkpoint-3976-merged-1batch-2560seq-3epoch-apigen-nomlp::zh_simple_python::zh_simple_python_166,correct,correct,both_correct
Salesforce_Llama-xLAM-2-8b-fc-r-checkpoint-3976-merged-1batch-2560seq-3epoch-apigen-nomlp::zh_simple_python::zh_simple_python_174,correct,correct,both_correct
Salesforce_Llama-xLAM-2-8b-fc-r-checkpoint-3976-merged-1batch-2560seq-3epoch-apigen-nomlp::zh_simple_python::zh_simple_python_197,correct,correct,both_correct
Salesforce_Llama-xLAM-2-8b-fc-r-checkpoint-3976-merged-1batch-2560seq-3epoch-apigen-nomlp::zh_simple_python::zh_simple_python_200,wrong,correct,b_correct_a_wrong
Salesforce_Llama-xLAM-2-8b-fc-r-checkpoint-3976-merged-1batch-2560seq-3epoch-apigen-nomlp::zh_simple_python::zh_simple_python_202,correct,correct,both_correct
Salesforce_Llama-xLAM-2-8b-fc-r-checkpoint-3976-merged-1batch-2560seq-3epoch-apigen-nomlp::zh_simple_python::zh_simple_python_204,correct,correct,both_correct
Salesforce_Llama-xLAM-2-8b-fc-r-checkpoint-3976-merged-1batch-2560seq-3epoch-apigen-nomlp::zh_simple_python::zh_simple_python_206,correct,correct,both_correct
Salesforce_Llama-xLAM-2-8b-fc-r-checkpoint-3976-merged-1batch-2560seq-3epoch-apigen-nomlp::zh_simple_python::zh_simple_python_207,correct,correct,both_correct
Salesforce_Llama-xLAM-2-8b-fc-r-checkpoint-3976-merged-1batch-2560seq-3epoch-apigen-nomlp::zh_simple_python::zh_simple_python_216,correct,correct,both_correct
Salesforce_Llama-xLAM-2-8b-fc-r-checkpoint-3976-merged-1batch-2560seq-3epoch-apigen-nomlp::zh_simple_python::zh_simple_python_219,wrong,correct,b_correct_a_wrong
Salesforce_Llama-xLAM-2-8b-fc-r-checkpoint-3976-merged-1batch-2560seq-3epoch-apigen-nomlp::zh_simple_python::zh_simple_python_224,wrong,correct,b_correct_a_wrong
Salesforce_Llama-xLAM-2-8b-fc-r-checkpoint-3976-merged-1batch-2560seq-3epoch-apigen-nomlp::zh_simple_python::zh_simple_python_229,wrong,correct,b_correct_a_wrong
Salesforce_Llama-xLAM-2-8b-fc-r-checkpoint-3976-merged-1batch-2560seq-3epoch-apigen-nomlp::zh_simple_python::zh_simple_python_255,correct,correct,both_correct
Salesforce_Llama-xLAM-2-8b-fc-r-checkpoint-3976-merged-1batch-2560seq-3epoch-apigen-nomlp::zh_simple_python::zh_simple_python_257,correct,correct,both_correct
Salesforce_Llama-xLAM-2-8b-fc-r-checkpoint-3976-merged-1batch-2560seq-3epoch-apigen-nomlp::zh_simple_python::zh_simple_python_276,correct,correct,both_correct
Salesforce_Llama-xLAM-2-8b-fc-r-checkpoint-3976-merged-1batch-2560seq-3epoch-apigen-nomlp::zh_simple_python::zh_simple_python_283,correct,correct,both_correct
Salesforce_Llama-xLAM-2-8b-fc-r-checkpoint-3976-merged-1batch-2560seq-3epoch-apigen-nomlp::zh_simple_python::zh_simple_python_289,correct,correct,both_correct
Salesforce_Llama-xLAM-2-8b-fc-r-checkpoint-3976-merged-1batch-2560seq-3epoch-apigen-nomlp::zh_simple_python::zh_simple_python_290,correct,correct,both_correct
Salesforce_Llama-xLAM-2-8b-fc-r-checkpoint-3976-merged-1batch-2560seq-3epoch-apigen-nomlp::zh_simple_python::zh_simple_python_304,wrong,correct,b_correct_a_wrong
Salesforce_Llama-xLAM-2-8b-fc-r-checkpoint-3976-merged-1batch-2560seq-3epoch-apigen-nomlp::zh_simple_python::zh_simple_python_306,wrong,correct,b_correct_a_wrong
Salesforce_Llama-xLAM-2-8b-fc-r-checkpoint-3976-merged-1batch-2560seq-3epoch-apigen-nomlp::zh_simple_python::zh_simple_python_316,wrong,correct,b_correct_a_wrong
Salesforce_Llama-xLAM-2-8b-fc-r-checkpoint-3976-merged-1batch-2560seq-3epoch-apigen-nomlp::zh_simple_python::zh_simple_python_324,correct,correct,both_correct
Salesforce_Llama-xLAM-2-8b-fc-r-checkpoint-3976-merged-1batch-2560seq-3epoch-apigen-nomlp::zh_simple_python::zh_simple_python_325,wrong,correct,b_correct_a_wrong
Salesforce_Llama-xLAM-2-8b-fc-r-checkpoint-3976-merged-1batch-2560seq-3epoch-apigen-nomlp::zh_simple_python::zh_simple_python_326,correct,correct,both_correct
Salesforce_Llama-xLAM-2-8b-fc-r-checkpoint-3976-merged-1batch-2560seq-3epoch-apigen-nomlp::zh_simple_python::zh_simple_python_344,correct,correct,both_correct
Salesforce_Llama-xLAM-2-8b-fc-r-checkpoint-3976-merged-1batch-2560seq-3epoch-apigen-nomlp::zh_simple_python::zh_simple_python_352,correct,correct,both_correct
Salesforce_Llama-xLAM-2-8b-fc-r-checkpoint-3976-merged-1batch-2560seq-3epoch-apigen-nomlp::zh_simple_python::zh_simple_python_369,wrong,correct,b_correct_a_wrong
Salesforce_Llama-xLAM-2-8b-fc-r-checkpoint-3976-merged-1batch-2560seq-3epoch-apigen-nomlp::zh_simple_python::zh_simple_python_373,wrong,correct,b_correct_a_wrong
Salesforce_Llama-xLAM-2-8b-fc-r-checkpoint-3976-merged-1batch-2560seq-3epoch-apigen-nomlp::zh_simple_python::zh_simple_python_375,wrong,correct,b_correct_a_wrong
Salesforce_Llama-xLAM-2-8b-fc-r-checkpoint-3976-merged-1batch-2560seq-3epoch-apigen-nomlp::zh_simple_python::zh_simple_python_386,wrong,correct,b_correct_a_wrong
Salesforce_Llama-xLAM-2-8b-fc-r-checkpoint-3976-merged-1batch-2560seq-3epoch-apigen-nomlp::zh_simple_python::zh_simple_python_387,correct,correct,both_correct
Salesforce_Llama-xLAM-2-8b-fc-r-checkpoint-3976-merged-1batch-2560seq-3epoch-apigen-nomlp::zh_simple_python::zh_simple_python_399,correct,correct,both_correct
Salesforce_Llama-xLAM-2-8b-fc-r-checkpoint-3976-merged-1batch-2560seq-3epoch-apigen-nomlp::zh_simple_python::zh_simple_python_59,wrong,correct,b_correct_a_wrong
Salesforce_Llama-xLAM-2-8b-fc-r-checkpoint-3976-merged-1batch-2560seq-3epoch-apigen-nomlp::zh_simple_python::zh_simple_python_77,correct,correct,both_correct
Salesforce_Llama-xLAM-2-8b-fc-r-checkpoint-3976-merged-1batch-2560seq-3epoch-apigen-nomlp::zh_simple_python::zh_simple_python_80,correct,correct,both_correct
Salesforce_Llama-xLAM-2-8b-fc-r-checkpoint-3976-merged-1batch-2560seq-3epoch-apigen-nomlp::zh_simple_python::zh_simple_python_85,wrong,correct,b_correct_a_wrong
Salesforce_Llama-xLAM-2-8b-fc-r-checkpoint-3976-merged-1batch-2560seq-3epoch-apigen-nomlp::zh_simple_python::zh_simple_python_98,wrong,correct,b_correct_a_wrong
Salesforce_Llama-xLAM-2-8b-fc-r-checkpoint-415-merged-1batch-2560seq-3epoch-IF::zh_multiple::zh_multiple_115,wrong,correct,b_correct_a_wrong
Salesforce_Llama-xLAM-2-8b-fc-r-checkpoint-415-merged-1batch-2560seq-3epoch-IF::zh_multiple::zh_multiple_135,correct,correct,both_correct
Salesforce_Llama-xLAM-2-8b-fc-r-checkpoint-415-merged-1batch-2560seq-3epoch-IF::zh_multiple::zh_multiple_149,correct,correct,both_correct
Salesforce_Llama-xLAM-2-8b-fc-r-checkpoint-415-merged-1batch-2560seq-3epoch-IF::zh_multiple::zh_multiple_151,correct,correct,both_correct
Salesforce_Llama-xLAM-2-8b-fc-r-checkpoint-415-merged-1batch-2560seq-3epoch-IF::zh_multiple::zh_multiple_153,correct,correct,both_correct
Salesforce_Llama-xLAM-2-8b-fc-r-checkpoint-415-merged-1batch-2560seq-3epoch-IF::zh_multiple::zh_multiple_160,wrong,correct,b_correct_a_wrong
Salesforce_Llama-xLAM-2-8b-fc-r-checkpoint-415-merged-1batch-2560seq-3epoch-IF::zh_multiple::zh_multiple_165,wrong,correct,b_correct_a_wrong
Salesforce_Llama-xLAM-2-8b-fc-r-checkpoint-415-merged-1batch-2560seq-3epoch-IF::zh_multiple::zh_multiple_174,correct,correct,both_correct
Salesforce_Llama-xLAM-2-8b-fc-r-checkpoint-415-merged-1batch-2560seq-3epoch-IF::zh_multiple::zh_multiple_176,correct,correct,both_correct
Salesforce_Llama-xLAM-2-8b-fc-r-checkpoint-415-merged-1batch-2560seq-3epoch-IF::zh_multiple::zh_multiple_191,wrong,correct,b_correct_a_wrong
Salesforce_Llama-xLAM-2-8b-fc-r-checkpoint-415-merged-1batch-2560seq-3epoch-IF::zh_multiple::zh_multiple_192,wrong,correct,b_correct_a_wrong
Salesforce_Llama-xLAM-2-8b-fc-r-checkpoint-415-merged-1batch-2560seq-3epoch-IF::zh_multiple::zh_multiple_196,correct,correct,both_correct
Salesforce_Llama-xLAM-2-8b-fc-r-checkpoint-415-merged-1batch-2560seq-3epoch-IF::zh_multiple::zh_multiple_199,correct,correct,both_correct
Salesforce_Llama-xLAM-2-8b-fc-r-checkpoint-415-merged-1batch-2560seq-3epoch-IF::zh_multiple::zh_multiple_25,correct,correct,both_correct
Salesforce_Llama-xLAM-2-8b-fc-r-checkpoint-415-merged-1batch-2560seq-3epoch-IF::zh_multiple::zh_multiple_58,wrong,correct,b_correct_a_wrong
Salesforce_Llama-xLAM-2-8b-fc-r-checkpoint-415-merged-1batch-2560seq-3epoch-IF::zh_multiple::zh_multiple_61,wrong,correct,b_correct_a_wrong
Salesforce_Llama-xLAM-2-8b-fc-r-checkpoint-415-merged-1batch-2560seq-3epoch-IF::zh_multiple::zh_multiple_74,correct,correct,both_correct
Salesforce_Llama-xLAM-2-8b-fc-r-checkpoint-415-merged-1batch-2560seq-3epoch-IF::zh_multiple::zh_multiple_78,correct,correct,both_correct
Salesforce_Llama-xLAM-2-8b-fc-r-checkpoint-415-merged-1batch-2560seq-3epoch-IF::zh_multiple::zh_multiple_91,wrong,correct,b_correct_a_wrong
Salesforce_Llama-xLAM-2-8b-fc-r-checkpoint-415-merged-1batch-2560seq-3epoch-IF::zh_multiple::zh_multiple_93,wrong,correct,b_correct_a_wrong
Salesforce_Llama-xLAM-2-8b-fc-r-checkpoint-415-merged-1batch-2560seq-3epoch-IF::zh_multiple::zh_multiple_94,wrong,correct,b_correct_a_wrong
Salesforce_Llama-xLAM-2-8b-fc-r-checkpoint-415-merged-1batch-2560seq-3epoch-IF::zh_parallel::zh_parallel_117,wrong,correct,b_correct_a_wrong
Salesforce_Llama-xLAM-2-8b-fc-r-checkpoint-415-merged-1batch-2560seq-3epoch-IF::zh_parallel::zh_parallel_119,correct,correct,both_correct
Salesforce_Llama-xLAM-2-8b-fc-r-checkpoint-415-merged-1batch-2560seq-3epoch-IF::zh_parallel::zh_parallel_120,correct,correct,both_correct
Salesforce_Llama-xLAM-2-8b-fc-r-checkpoint-415-merged-1batch-2560seq-3epoch-IF::zh_parallel::zh_parallel_127,correct,correct,both_correct
Salesforce_Llama-xLAM-2-8b-fc-r-checkpoint-415-merged-1batch-2560seq-3epoch-IF::zh_parallel::zh_parallel_155,correct,correct,both_correct
Salesforce_Llama-xLAM-2-8b-fc-r-checkpoint-415-merged-1batch-2560seq-3epoch-IF::zh_parallel::zh_parallel_159,wrong,correct,b_correct_a_wrong
Salesforce_Llama-xLAM-2-8b-fc-r-checkpoint-415-merged-1batch-2560seq-3epoch-IF::zh_parallel::zh_parallel_181,wrong,correct,b_correct_a_wrong
Salesforce_Llama-xLAM-2-8b-fc-r-checkpoint-415-merged-1batch-2560seq-3epoch-IF::zh_parallel::zh_parallel_189,correct,correct,both_correct
Salesforce_Llama-xLAM-2-8b-fc-r-checkpoint-415-merged-1batch-2560seq-3epoch-IF::zh_parallel::zh_parallel_19,wrong,correct,b_correct_a_wrong
Salesforce_Llama-xLAM-2-8b-fc-r-checkpoint-415-merged-1batch-2560seq-3epoch-IF::zh_parallel::zh_parallel_191,correct,correct,both_correct
Salesforce_Llama-xLAM-2-8b-fc-r-checkpoint-415-merged-1batch-2560seq-3epoch-IF::zh_parallel::zh_parallel_194,correct,correct,both_correct
Salesforce_Llama-xLAM-2-8b-fc-r-checkpoint-415-merged-1batch-2560seq-3epoch-IF::zh_parallel::zh_parallel_29,correct,correct,both_correct
Salesforce_Llama-xLAM-2-8b-fc-r-checkpoint-415-merged-1batch-2560seq-3epoch-IF::zh_parallel::zh_parallel_3,wrong,correct,b_correct_a_wrong
Salesforce_Llama-xLAM-2-8b-fc-r-checkpoint-415-merged-1batch-2560seq-3epoch-IF::zh_parallel::zh_parallel_36,wrong,correct,b_correct_a_wrong
Salesforce_Llama-xLAM-2-8b-fc-r-checkpoint-415-merged-1batch-2560seq-3epoch-IF::zh_parallel::zh_parallel_37,correct,correct,both_correct
Salesforce_Llama-xLAM-2-8b-fc-r-checkpoint-415-merged-1batch-2560seq-3epoch-IF::zh_parallel::zh_parallel_40,correct,correct,both_correct
Salesforce_Llama-xLAM-2-8b-fc-r-checkpoint-415-merged-1batch-2560seq-3epoch-IF::zh_parallel::zh_parallel_44,wrong,correct,b_correct_a_wrong
Salesforce_Llama-xLAM-2-8b-fc-r-checkpoint-415-merged-1batch-2560seq-3epoch-IF::zh_parallel::zh_parallel_46,correct,correct,both_correct
Salesforce_Llama-xLAM-2-8b-fc-r-checkpoint-415-merged-1batch-2560seq-3epoch-IF::zh_parallel::zh_parallel_51,wrong,correct,b_correct_a_wrong
Salesforce_Llama-xLAM-2-8b-fc-r-checkpoint-415-merged-1batch-2560seq-3epoch-IF::zh_parallel::zh_parallel_52,correct,correct,both_correct
Salesforce_Llama-xLAM-2-8b-fc-r-checkpoint-415-merged-1batch-2560seq-3epoch-IF::zh_parallel::zh_parallel_53,correct,correct,both_correct
Salesforce_Llama-xLAM-2-8b-fc-r-checkpoint-415-merged-1batch-2560seq-3epoch-IF::zh_parallel::zh_parallel_56,wrong,correct,b_correct_a_wrong
Salesforce_Llama-xLAM-2-8b-fc-r-checkpoint-415-merged-1batch-2560seq-3epoch-IF::zh_parallel::zh_parallel_68,wrong,correct,b_correct_a_wrong
Salesforce_Llama-xLAM-2-8b-fc-r-checkpoint-415-merged-1batch-2560seq-3epoch-IF::zh_parallel::zh_parallel_71,correct,correct,both_correct
Salesforce_Llama-xLAM-2-8b-fc-r-checkpoint-415-merged-1batch-2560seq-3epoch-IF::zh_parallel::zh_parallel_8,correct,correct,both_correct
Salesforce_Llama-xLAM-2-8b-fc-r-checkpoint-415-merged-1batch-2560seq-3epoch-IF::zh_parallel::zh_parallel_92,correct,correct,both_correct
Salesforce_Llama-xLAM-2-8b-fc-r-checkpoint-415-merged-1batch-2560seq-3epoch-IF::zh_parallel_multiple::zh_parallel_multiple_100,correct,correct,both_correct
Salesforce_Llama-xLAM-2-8b-fc-r-checkpoint-415-merged-1batch-2560seq-3epoch-IF::zh_parallel_multiple::zh_parallel_multiple_103,correct,correct,both_correct
Salesforce_Llama-xLAM-2-8b-fc-r-checkpoint-415-merged-1batch-2560seq-3epoch-IF::zh_parallel_multiple::zh_parallel_multiple_106,wrong,correct,b_correct_a_wrong
Salesforce_Llama-xLAM-2-8b-fc-r-checkpoint-415-merged-1batch-2560seq-3epoch-IF::zh_parallel_multiple::zh_parallel_multiple_117,correct,correct,both_correct
Salesforce_Llama-xLAM-2-8b-fc-r-checkpoint-415-merged-1batch-2560seq-3epoch-IF::zh_parallel_multiple::zh_parallel_multiple_118,correct,correct,both_correct
Salesforce_Llama-xLAM-2-8b-fc-r-checkpoint-415-merged-1batch-2560seq-3epoch-IF::zh_parallel_multiple::zh_parallel_multiple_120,correct,correct,both_correct
Salesforce_Llama-xLAM-2-8b-fc-r-checkpoint-415-merged-1batch-2560seq-3epoch-IF::zh_parallel_multiple::zh_parallel_multiple_122,correct,correct,both_correct
Salesforce_Llama-xLAM-2-8b-fc-r-checkpoint-415-merged-1batch-2560seq-3epoch-IF::zh_parallel_multiple::zh_parallel_multiple_128,correct,correct,both_correct
Salesforce_Llama-xLAM-2-8b-fc-r-checkpoint-415-merged-1batch-2560seq-3epoch-IF::zh_parallel_multiple::zh_parallel_multiple_129,correct,correct,both_correct
Salesforce_Llama-xLAM-2-8b-fc-r-checkpoint-415-merged-1batch-2560seq-3epoch-IF::zh_parallel_multiple::zh_parallel_multiple_135,correct,correct,both_correct
Salesforce_Llama-xLAM-2-8b-fc-r-checkpoint-415-merged-1batch-2560seq-3epoch-IF::zh_parallel_multiple::zh_parallel_multiple_137,correct,correct,both_correct
Salesforce_Llama-xLAM-2-8b-fc-r-checkpoint-415-merged-1batch-2560seq-3epoch-IF::zh_parallel_multiple::zh_parallel_multiple_139,correct,correct,both_correct
Salesforce_Llama-xLAM-2-8b-fc-r-checkpoint-415-merged-1batch-2560seq-3epoch-IF::zh_parallel_multiple::zh_parallel_multiple_141,correct,correct,both_correct
Salesforce_Llama-xLAM-2-8b-fc-r-checkpoint-415-merged-1batch-2560seq-3epoch-IF::zh_parallel_multiple::zh_parallel_multiple_144,correct,correct,both_correct
Salesforce_Llama-xLAM-2-8b-fc-r-checkpoint-415-merged-1batch-2560seq-3epoch-IF::zh_parallel_multiple::zh_parallel_multiple_145,correct,correct,both_correct
Salesforce_Llama-xLAM-2-8b-fc-r-checkpoint-415-merged-1batch-2560seq-3epoch-IF::zh_parallel_multiple::zh_parallel_multiple_147,correct,correct,both_correct
Salesforce_Llama-xLAM-2-8b-fc-r-checkpoint-415-merged-1batch-2560seq-3epoch-IF::zh_parallel_multiple::zh_parallel_multiple_148,correct,correct,both_correct
Salesforce_Llama-xLAM-2-8b-fc-r-checkpoint-415-merged-1batch-2560seq-3epoch-IF::zh_parallel_multiple::zh_parallel_multiple_149,correct,correct,both_correct
Salesforce_Llama-xLAM-2-8b-fc-r-checkpoint-415-merged-1batch-2560seq-3epoch-IF::zh_parallel_multiple::zh_parallel_multiple_150,correct,correct,both_correct
Salesforce_Llama-xLAM-2-8b-fc-r-checkpoint-415-merged-1batch-2560seq-3epoch-IF::zh_parallel_multiple::zh_parallel_multiple_153,correct,correct,both_correct
Salesforce_Llama-xLAM-2-8b-fc-r-checkpoint-415-merged-1batch-2560seq-3epoch-IF::zh_parallel_multiple::zh_parallel_multiple_156,correct,correct,both_correct
Salesforce_Llama-xLAM-2-8b-fc-r-checkpoint-415-merged-1batch-2560seq-3epoch-IF::zh_parallel_multiple::zh_parallel_multiple_158,correct,correct,both_correct
Salesforce_Llama-xLAM-2-8b-fc-r-checkpoint-415-merged-1batch-2560seq-3epoch-IF::zh_parallel_multiple::zh_parallel_multiple_159,correct,correct,both_correct
Salesforce_Llama-xLAM-2-8b-fc-r-checkpoint-415-merged-1batch-2560seq-3epoch-IF::zh_parallel_multiple::zh_parallel_multiple_160,correct,correct,both_correct
Salesforce_Llama-xLAM-2-8b-fc-r-checkpoint-415-merged-1batch-2560seq-3epoch-IF::zh_parallel_multiple::zh_parallel_multiple_165,correct,correct,both_correct
Salesforce_Llama-xLAM-2-8b-fc-r-checkpoint-415-merged-1batch-2560seq-3epoch-IF::zh_parallel_multiple::zh_parallel_multiple_167,correct,correct,both_correct
Salesforce_Llama-xLAM-2-8b-fc-r-checkpoint-415-merged-1batch-2560seq-3epoch-IF::zh_parallel_multiple::zh_parallel_multiple_176,correct,correct,both_correct
Salesforce_Llama-xLAM-2-8b-fc-r-checkpoint-415-merged-1batch-2560seq-3epoch-IF::zh_parallel_multiple::zh_parallel_multiple_177,correct,correct,both_correct
Salesforce_Llama-xLAM-2-8b-fc-r-checkpoint-415-merged-1batch-2560seq-3epoch-IF::zh_parallel_multiple::zh_parallel_multiple_180,correct,correct,both_correct
Salesforce_Llama-xLAM-2-8b-fc-r-checkpoint-415-merged-1batch-2560seq-3epoch-IF::zh_parallel_multiple::zh_parallel_multiple_189,correct,correct,both_correct
Salesforce_Llama-xLAM-2-8b-fc-r-checkpoint-415-merged-1batch-2560seq-3epoch-IF::zh_parallel_multiple::zh_parallel_multiple_19,correct,correct,both_correct
Salesforce_Llama-xLAM-2-8b-fc-r-checkpoint-415-merged-1batch-2560seq-3epoch-IF::zh_parallel_multiple::zh_parallel_multiple_192,correct,correct,both_correct
Salesforce_Llama-xLAM-2-8b-fc-r-checkpoint-415-merged-1batch-2560seq-3epoch-IF::zh_parallel_multiple::zh_parallel_multiple_193,correct,correct,both_correct
Salesforce_Llama-xLAM-2-8b-fc-r-checkpoint-415-merged-1batch-2560seq-3epoch-IF::zh_parallel_multiple::zh_parallel_multiple_195,correct,correct,both_correct
Salesforce_Llama-xLAM-2-8b-fc-r-checkpoint-415-merged-1batch-2560seq-3epoch-IF::zh_parallel_multiple::zh_parallel_multiple_199,correct,correct,both_correct
Salesforce_Llama-xLAM-2-8b-fc-r-checkpoint-415-merged-1batch-2560seq-3epoch-IF::zh_parallel_multiple::zh_parallel_multiple_21,wrong,correct,b_correct_a_wrong
Salesforce_Llama-xLAM-2-8b-fc-r-checkpoint-415-merged-1batch-2560seq-3epoch-IF::zh_parallel_multiple::zh_parallel_multiple_27,correct,correct,both_correct
Salesforce_Llama-xLAM-2-8b-fc-r-checkpoint-415-merged-1batch-2560seq-3epoch-IF::zh_parallel_multiple::zh_parallel_multiple_32,correct,correct,both_correct
Salesforce_Llama-xLAM-2-8b-fc-r-checkpoint-415-merged-1batch-2560seq-3epoch-IF::zh_parallel_multiple::zh_parallel_multiple_36,correct,correct,both_correct
Salesforce_Llama-xLAM-2-8b-fc-r-checkpoint-415-merged-1batch-2560seq-3epoch-IF::zh_parallel_multiple::zh_parallel_multiple_37,correct,correct,both_correct
Salesforce_Llama-xLAM-2-8b-fc-r-checkpoint-415-merged-1batch-2560seq-3epoch-IF::zh_parallel_multiple::zh_parallel_multiple_40,correct,correct,both_correct
Salesforce_Llama-xLAM-2-8b-fc-r-checkpoint-415-merged-1batch-2560seq-3epoch-IF::zh_parallel_multiple::zh_parallel_multiple_43,correct,correct,both_correct
Salesforce_Llama-xLAM-2-8b-fc-r-checkpoint-415-merged-1batch-2560seq-3epoch-IF::zh_parallel_multiple::zh_parallel_multiple_53,wrong,wrong,both_wrong
Salesforce_Llama-xLAM-2-8b-fc-r-checkpoint-415-merged-1batch-2560seq-3epoch-IF::zh_parallel_multiple::zh_parallel_multiple_65,correct,correct,both_correct
Salesforce_Llama-xLAM-2-8b-fc-r-checkpoint-415-merged-1batch-2560seq-3epoch-IF::zh_parallel_multiple::zh_parallel_multiple_77,correct,correct,both_correct
Salesforce_Llama-xLAM-2-8b-fc-r-checkpoint-415-merged-1batch-2560seq-3epoch-IF::zh_parallel_multiple::zh_parallel_multiple_78,wrong,correct,b_correct_a_wrong
Salesforce_Llama-xLAM-2-8b-fc-r-checkpoint-415-merged-1batch-2560seq-3epoch-IF::zh_parallel_multiple::zh_parallel_multiple_81,wrong,correct,b_correct_a_wrong
Salesforce_Llama-xLAM-2-8b-fc-r-checkpoint-415-merged-1batch-2560seq-3epoch-IF::zh_parallel_multiple::zh_parallel_multiple_91,correct,correct,both_correct
Salesforce_Llama-xLAM-2-8b-fc-r-checkpoint-415-merged-1batch-2560seq-3epoch-IF::zh_parallel_multiple::zh_parallel_multiple_94,correct,correct,both_correct
Salesforce_Llama-xLAM-2-8b-fc-r-checkpoint-415-merged-1batch-2560seq-3epoch-IF::zh_parallel_multiple::zh_parallel_multiple_96,correct,correct,both_correct
Salesforce_Llama-xLAM-2-8b-fc-r-checkpoint-415-merged-1batch-2560seq-3epoch-IF::zh_parallel_multiple::zh_parallel_multiple_97,wrong,correct,b_correct_a_wrong
Salesforce_Llama-xLAM-2-8b-fc-r-checkpoint-415-merged-1batch-2560seq-3epoch-IF::zh_simple_python::zh_simple_python_158,wrong,correct,b_correct_a_wrong
Salesforce_Llama-xLAM-2-8b-fc-r-checkpoint-415-merged-1batch-2560seq-3epoch-IF::zh_simple_python::zh_simple_python_159,wrong,correct,b_correct_a_wrong
Salesforce_Llama-xLAM-2-8b-fc-r-checkpoint-415-merged-1batch-2560seq-3epoch-IF::zh_simple_python::zh_simple_python_162,correct,correct,both_correct
Salesforce_Llama-xLAM-2-8b-fc-r-checkpoint-415-merged-1batch-2560seq-3epoch-IF::zh_simple_python::zh_simple_python_163,correct,correct,both_correct
Salesforce_Llama-xLAM-2-8b-fc-r-checkpoint-415-merged-1batch-2560seq-3epoch-IF::zh_simple_python::zh_simple_python_166,correct,correct,both_correct
Salesforce_Llama-xLAM-2-8b-fc-r-checkpoint-415-merged-1batch-2560seq-3epoch-IF::zh_simple_python::zh_simple_python_171,correct,correct,both_correct
Salesforce_Llama-xLAM-2-8b-fc-r-checkpoint-415-merged-1batch-2560seq-3epoch-IF::zh_simple_python::zh_simple_python_173,correct,correct,both_correct
Salesforce_Llama-xLAM-2-8b-fc-r-checkpoint-415-merged-1batch-2560seq-3epoch-IF::zh_simple_python::zh_simple_python_183,wrong,correct,b_correct_a_wrong
Salesforce_Llama-xLAM-2-8b-fc-r-checkpoint-415-merged-1batch-2560seq-3epoch-IF::zh_simple_python::zh_simple_python_197,correct,correct,both_correct
Salesforce_Llama-xLAM-2-8b-fc-r-checkpoint-415-merged-1batch-2560seq-3epoch-IF::zh_simple_python::zh_simple_python_200,wrong,correct,b_correct_a_wrong
Salesforce_Llama-xLAM-2-8b-fc-r-checkpoint-415-merged-1batch-2560seq-3epoch-IF::zh_simple_python::zh_simple_python_212,wrong,correct,b_correct_a_wrong
Salesforce_Llama-xLAM-2-8b-fc-r-checkpoint-415-merged-1batch-2560seq-3epoch-IF::zh_simple_python::zh_simple_python_216,correct,correct,both_correct
Salesforce_Llama-xLAM-2-8b-fc-r-checkpoint-415-merged-1batch-2560seq-3epoch-IF::zh_simple_python::zh_simple_python_219,wrong,correct,b_correct_a_wrong
Salesforce_Llama-xLAM-2-8b-fc-r-checkpoint-415-merged-1batch-2560seq-3epoch-IF::zh_simple_python::zh_simple_python_224,wrong,correct,b_correct_a_wrong
Salesforce_Llama-xLAM-2-8b-fc-r-checkpoint-415-merged-1batch-2560seq-3epoch-IF::zh_simple_python::zh_simple_python_228,correct,correct,both_correct
Salesforce_Llama-xLAM-2-8b-fc-r-checkpoint-415-merged-1batch-2560seq-3epoch-IF::zh_simple_python::zh_simple_python_229,wrong,correct,b_correct_a_wrong
Salesforce_Llama-xLAM-2-8b-fc-r-checkpoint-415-merged-1batch-2560seq-3epoch-IF::zh_simple_python::zh_simple_python_234,wrong,correct,b_correct_a_wrong
Salesforce_Llama-xLAM-2-8b-fc-r-checkpoint-415-merged-1batch-2560seq-3epoch-IF::zh_simple_python::zh_simple_python_235,correct,correct,both_correct
Salesforce_Llama-xLAM-2-8b-fc-r-checkpoint-415-merged-1batch-2560seq-3epoch-IF::zh_simple_python::zh_simple_python_241,wrong,correct,b_correct_a_wrong
Salesforce_Llama-xLAM-2-8b-fc-r-checkpoint-415-merged-1batch-2560seq-3epoch-IF::zh_simple_python::zh_simple_python_242,wrong,correct,b_correct_a_wrong
Salesforce_Llama-xLAM-2-8b-fc-r-checkpoint-415-merged-1batch-2560seq-3epoch-IF::zh_simple_python::zh_simple_python_248,wrong,correct,b_correct_a_wrong
Salesforce_Llama-xLAM-2-8b-fc-r-checkpoint-415-merged-1batch-2560seq-3epoch-IF::zh_simple_python::zh_simple_python_266,correct,correct,both_correct
Salesforce_Llama-xLAM-2-8b-fc-r-checkpoint-415-merged-1batch-2560seq-3epoch-IF::zh_simple_python::zh_simple_python_281,wrong,correct,b_correct_a_wrong
Salesforce_Llama-xLAM-2-8b-fc-r-checkpoint-415-merged-1batch-2560seq-3epoch-IF::zh_simple_python::zh_simple_python_283,correct,correct,both_correct
Salesforce_Llama-xLAM-2-8b-fc-r-checkpoint-415-merged-1batch-2560seq-3epoch-IF::zh_simple_python::zh_simple_python_303,wrong,correct,b_correct_a_wrong
Salesforce_Llama-xLAM-2-8b-fc-r-checkpoint-415-merged-1batch-2560seq-3epoch-IF::zh_simple_python::zh_simple_python_306,wrong,correct,b_correct_a_wrong
Salesforce_Llama-xLAM-2-8b-fc-r-checkpoint-415-merged-1batch-2560seq-3epoch-IF::zh_simple_python::zh_simple_python_312,wrong,correct,b_correct_a_wrong
Salesforce_Llama-xLAM-2-8b-fc-r-checkpoint-415-merged-1batch-2560seq-3epoch-IF::zh_simple_python::zh_simple_python_315,wrong,wrong,both_wrong
Salesforce_Llama-xLAM-2-8b-fc-r-checkpoint-415-merged-1batch-2560seq-3epoch-IF::zh_simple_python::zh_simple_python_319,correct,correct,both_correct
Salesforce_Llama-xLAM-2-8b-fc-r-checkpoint-415-merged-1batch-2560seq-3epoch-IF::zh_simple_python::zh_simple_python_322,correct,correct,both_correct
Salesforce_Llama-xLAM-2-8b-fc-r-checkpoint-415-merged-1batch-2560seq-3epoch-IF::zh_simple_python::zh_simple_python_324,correct,correct,both_correct
Salesforce_Llama-xLAM-2-8b-fc-r-checkpoint-415-merged-1batch-2560seq-3epoch-IF::zh_simple_python::zh_simple_python_326,correct,correct,both_correct
Salesforce_Llama-xLAM-2-8b-fc-r-checkpoint-415-merged-1batch-2560seq-3epoch-IF::zh_simple_python::zh_simple_python_327,correct,correct,both_correct
Salesforce_Llama-xLAM-2-8b-fc-r-checkpoint-415-merged-1batch-2560seq-3epoch-IF::zh_simple_python::zh_simple_python_344,correct,correct,both_correct
Salesforce_Llama-xLAM-2-8b-fc-r-checkpoint-415-merged-1batch-2560seq-3epoch-IF::zh_simple_python::zh_simple_python_360,correct,correct,both_correct
Salesforce_Llama-xLAM-2-8b-fc-r-checkpoint-415-merged-1batch-2560seq-3epoch-IF::zh_simple_python::zh_simple_python_372,correct,correct,both_correct
Salesforce_Llama-xLAM-2-8b-fc-r-checkpoint-415-merged-1batch-2560seq-3epoch-IF::zh_simple_python::zh_simple_python_373,correct,correct,both_correct
Salesforce_Llama-xLAM-2-8b-fc-r-checkpoint-415-merged-1batch-2560seq-3epoch-IF::zh_simple_python::zh_simple_python_375,wrong,correct,b_correct_a_wrong
Salesforce_Llama-xLAM-2-8b-fc-r-checkpoint-415-merged-1batch-2560seq-3epoch-IF::zh_simple_python::zh_simple_python_380,correct,correct,both_correct
Salesforce_Llama-xLAM-2-8b-fc-r-checkpoint-415-merged-1batch-2560seq-3epoch-IF::zh_simple_python::zh_simple_python_386,wrong,correct,b_correct_a_wrong
Salesforce_Llama-xLAM-2-8b-fc-r-checkpoint-415-merged-1batch-2560seq-3epoch-IF::zh_simple_python::zh_simple_python_390,wrong,correct,b_correct_a_wrong
Salesforce_Llama-xLAM-2-8b-fc-r-checkpoint-415-merged-1batch-2560seq-3epoch-IF::zh_simple_python::zh_simple_python_65,wrong,wrong,both_wrong
Salesforce_Llama-xLAM-2-8b-fc-r-checkpoint-415-merged-1batch-2560seq-3epoch-IF::zh_simple_python::zh_simple_python_77,correct,correct,both_correct
Salesforce_Llama-xLAM-2-8b-fc-r-checkpoint-415-merged-1batch-2560seq-3epoch-IF::zh_simple_python::zh_simple_python_91,correct,correct,both_correct
Salesforce_Llama-xLAM-2-8b-fc-r-checkpoint-4245-merged-1batch-2560seq-3epoch-multi-all-nomlp::zh_multiple::zh_multiple_134,correct,correct,both_correct
Salesforce_Llama-xLAM-2-8b-fc-r-checkpoint-4245-merged-1batch-2560seq-3epoch-multi-all-nomlp::zh_multiple::zh_multiple_136,correct,correct,both_correct
Salesforce_Llama-xLAM-2-8b-fc-r-checkpoint-4245-merged-1batch-2560seq-3epoch-multi-all-nomlp::zh_multiple::zh_multiple_151,wrong,correct,b_correct_a_wrong
Salesforce_Llama-xLAM-2-8b-fc-r-checkpoint-4245-merged-1batch-2560seq-3epoch-multi-all-nomlp::zh_multiple::zh_multiple_160,wrong,correct,b_correct_a_wrong
Salesforce_Llama-xLAM-2-8b-fc-r-checkpoint-4245-merged-1batch-2560seq-3epoch-multi-all-nomlp::zh_multiple::zh_multiple_165,correct,correct,both_correct
Salesforce_Llama-xLAM-2-8b-fc-r-checkpoint-4245-merged-1batch-2560seq-3epoch-multi-all-nomlp::zh_multiple::zh_multiple_174,correct,correct,both_correct
Salesforce_Llama-xLAM-2-8b-fc-r-checkpoint-4245-merged-1batch-2560seq-3epoch-multi-all-nomlp::zh_multiple::zh_multiple_176,correct,correct,both_correct
Salesforce_Llama-xLAM-2-8b-fc-r-checkpoint-4245-merged-1batch-2560seq-3epoch-multi-all-nomlp::zh_multiple::zh_multiple_191,wrong,correct,b_correct_a_wrong
Salesforce_Llama-xLAM-2-8b-fc-r-checkpoint-4245-merged-1batch-2560seq-3epoch-multi-all-nomlp::zh_multiple::zh_multiple_192,wrong,correct,b_correct_a_wrong
Salesforce_Llama-xLAM-2-8b-fc-r-checkpoint-4245-merged-1batch-2560seq-3epoch-multi-all-nomlp::zh_multiple::zh_multiple_193,correct,correct,both_correct
Salesforce_Llama-xLAM-2-8b-fc-r-checkpoint-4245-merged-1batch-2560seq-3epoch-multi-all-nomlp::zh_multiple::zh_multiple_199,correct,correct,both_correct
Salesforce_Llama-xLAM-2-8b-fc-r-checkpoint-4245-merged-1batch-2560seq-3epoch-multi-all-nomlp::zh_multiple::zh_multiple_25,correct,correct,both_correct
Salesforce_Llama-xLAM-2-8b-fc-r-checkpoint-4245-merged-1batch-2560seq-3epoch-multi-all-nomlp::zh_multiple::zh_multiple_58,wrong,correct,b_correct_a_wrong
Salesforce_Llama-xLAM-2-8b-fc-r-checkpoint-4245-merged-1batch-2560seq-3epoch-multi-all-nomlp::zh_multiple::zh_multiple_60,correct,correct,both_correct
Salesforce_Llama-xLAM-2-8b-fc-r-checkpoint-4245-merged-1batch-2560seq-3epoch-multi-all-nomlp::zh_multiple::zh_multiple_61,wrong,correct,b_correct_a_wrong
Salesforce_Llama-xLAM-2-8b-fc-r-checkpoint-4245-merged-1batch-2560seq-3epoch-multi-all-nomlp::zh_multiple::zh_multiple_65,correct,correct,both_correct
Salesforce_Llama-xLAM-2-8b-fc-r-checkpoint-4245-merged-1batch-2560seq-3epoch-multi-all-nomlp::zh_multiple::zh_multiple_68,wrong,correct,b_correct_a_wrong
Salesforce_Llama-xLAM-2-8b-fc-r-checkpoint-4245-merged-1batch-2560seq-3epoch-multi-all-nomlp::zh_multiple::zh_multiple_74,correct,correct,both_correct
Salesforce_Llama-xLAM-2-8b-fc-r-checkpoint-4245-merged-1batch-2560seq-3epoch-multi-all-nomlp::zh_multiple::zh_multiple_91,wrong,correct,b_correct_a_wrong
Salesforce_Llama-xLAM-2-8b-fc-r-checkpoint-4245-merged-1batch-2560seq-3epoch-multi-all-nomlp::zh_multiple::zh_multiple_93,wrong,correct,b_correct_a_wrong
Salesforce_Llama-xLAM-2-8b-fc-r-checkpoint-4245-merged-1batch-2560seq-3epoch-multi-all-nomlp::zh_multiple::zh_multiple_94,correct,correct,both_correct
Salesforce_Llama-xLAM-2-8b-fc-r-checkpoint-4245-merged-1batch-2560seq-3epoch-multi-all-nomlp::zh_parallel::zh_parallel_117,wrong,correct,b_correct_a_wrong
Salesforce_Llama-xLAM-2-8b-fc-r-checkpoint-4245-merged-1batch-2560seq-3epoch-multi-all-nomlp::zh_parallel::zh_parallel_119,correct,correct,both_correct
Salesforce_Llama-xLAM-2-8b-fc-r-checkpoint-4245-merged-1batch-2560seq-3epoch-multi-all-nomlp::zh_parallel::zh_parallel_122,wrong,correct,b_correct_a_wrong
Salesforce_Llama-xLAM-2-8b-fc-r-checkpoint-4245-merged-1batch-2560seq-3epoch-multi-all-nomlp::zh_parallel::zh_parallel_13,wrong,correct,b_correct_a_wrong
Salesforce_Llama-xLAM-2-8b-fc-r-checkpoint-4245-merged-1batch-2560seq-3epoch-multi-all-nomlp::zh_parallel::zh_parallel_155,correct,correct,both_correct
Salesforce_Llama-xLAM-2-8b-fc-r-checkpoint-4245-merged-1batch-2560seq-3epoch-multi-all-nomlp::zh_parallel::zh_parallel_159,wrong,correct,b_correct_a_wrong
Salesforce_Llama-xLAM-2-8b-fc-r-checkpoint-4245-merged-1batch-2560seq-3epoch-multi-all-nomlp::zh_parallel::zh_parallel_164,wrong,correct,b_correct_a_wrong
Salesforce_Llama-xLAM-2-8b-fc-r-checkpoint-4245-merged-1batch-2560seq-3epoch-multi-all-nomlp::zh_parallel::zh_parallel_181,wrong,correct,b_correct_a_wrong
Salesforce_Llama-xLAM-2-8b-fc-r-checkpoint-4245-merged-1batch-2560seq-3epoch-multi-all-nomlp::zh_parallel::zh_parallel_189,correct,correct,both_correct
Salesforce_Llama-xLAM-2-8b-fc-r-checkpoint-4245-merged-1batch-2560seq-3epoch-multi-all-nomlp::zh_parallel::zh_parallel_19,correct,correct,both_correct
Salesforce_Llama-xLAM-2-8b-fc-r-checkpoint-4245-merged-1batch-2560seq-3epoch-multi-all-nomlp::zh_parallel::zh_parallel_192,correct,correct,both_correct
Salesforce_Llama-xLAM-2-8b-fc-r-checkpoint-4245-merged-1batch-2560seq-3epoch-multi-all-nomlp::zh_parallel::zh_parallel_193,wrong,correct,b_correct_a_wrong
Salesforce_Llama-xLAM-2-8b-fc-r-checkpoint-4245-merged-1batch-2560seq-3epoch-multi-all-nomlp::zh_parallel::zh_parallel_194,correct,correct,both_correct
Salesforce_Llama-xLAM-2-8b-fc-r-checkpoint-4245-merged-1batch-2560seq-3epoch-multi-all-nomlp::zh_parallel::zh_parallel_27,correct,correct,both_correct
Salesforce_Llama-xLAM-2-8b-fc-r-checkpoint-4245-merged-1batch-2560seq-3epoch-multi-all-nomlp::zh_parallel::zh_parallel_3,wrong,correct,b_correct_a_wrong
Salesforce_Llama-xLAM-2-8b-fc-r-checkpoint-4245-merged-1batch-2560seq-3epoch-multi-all-nomlp::zh_parallel::zh_parallel_35,wrong,correct,b_correct_a_wrong
Salesforce_Llama-xLAM-2-8b-fc-r-checkpoint-4245-merged-1batch-2560seq-3epoch-multi-all-nomlp::zh_parallel::zh_parallel_36,correct,correct,both_correct
Salesforce_Llama-xLAM-2-8b-fc-r-checkpoint-4245-merged-1batch-2560seq-3epoch-multi-all-nomlp::zh_parallel::zh_parallel_40,correct,correct,both_correct
Salesforce_Llama-xLAM-2-8b-fc-r-checkpoint-4245-merged-1batch-2560seq-3epoch-multi-all-nomlp::zh_parallel::zh_parallel_44,wrong,correct,b_correct_a_wrong
Salesforce_Llama-xLAM-2-8b-fc-r-checkpoint-4245-merged-1batch-2560seq-3epoch-multi-all-nomlp::zh_parallel::zh_parallel_5,wrong,correct,b_correct_a_wrong
Salesforce_Llama-xLAM-2-8b-fc-r-checkpoint-4245-merged-1batch-2560seq-3epoch-multi-all-nomlp::zh_parallel::zh_parallel_51,wrong,correct,b_correct_a_wrong
Salesforce_Llama-xLAM-2-8b-fc-r-checkpoint-4245-merged-1batch-2560seq-3epoch-multi-all-nomlp::zh_parallel::zh_parallel_52,correct,correct,both_correct
Salesforce_Llama-xLAM-2-8b-fc-r-checkpoint-4245-merged-1batch-2560seq-3epoch-multi-all-nomlp::zh_parallel::zh_parallel_54,correct,correct,both_correct
Salesforce_Llama-xLAM-2-8b-fc-r-checkpoint-4245-merged-1batch-2560seq-3epoch-multi-all-nomlp::zh_parallel::zh_parallel_57,wrong,correct,b_correct_a_wrong
Salesforce_Llama-xLAM-2-8b-fc-r-checkpoint-4245-merged-1batch-2560seq-3epoch-multi-all-nomlp::zh_parallel::zh_parallel_88,correct,correct,both_correct
Salesforce_Llama-xLAM-2-8b-fc-r-checkpoint-4245-merged-1batch-2560seq-3epoch-multi-all-nomlp::zh_parallel::zh_parallel_89,wrong,correct,b_correct_a_wrong
Salesforce_Llama-xLAM-2-8b-fc-r-checkpoint-4245-merged-1batch-2560seq-3epoch-multi-all-nomlp::zh_parallel::zh_parallel_92,correct,correct,both_correct
Salesforce_Llama-xLAM-2-8b-fc-r-checkpoint-4245-merged-1batch-2560seq-3epoch-multi-all-nomlp::zh_parallel::zh_parallel_93,correct,correct,both_correct
Salesforce_Llama-xLAM-2-8b-fc-r-checkpoint-4245-merged-1batch-2560seq-3epoch-multi-all-nomlp::zh_parallel_multiple::zh_parallel_multiple_103,correct,correct,both_correct
Salesforce_Llama-xLAM-2-8b-fc-r-checkpoint-4245-merged-1batch-2560seq-3epoch-multi-all-nomlp::zh_parallel_multiple::zh_parallel_multiple_106,correct,correct,both_correct
Salesforce_Llama-xLAM-2-8b-fc-r-checkpoint-4245-merged-1batch-2560seq-3epoch-multi-all-nomlp::zh_parallel_multiple::zh_parallel_multiple_108,correct,correct,both_correct
Salesforce_Llama-xLAM-2-8b-fc-r-checkpoint-4245-merged-1batch-2560seq-3epoch-multi-all-nomlp::zh_parallel_multiple::zh_parallel_multiple_112,correct,correct,both_correct
Salesforce_Llama-xLAM-2-8b-fc-r-checkpoint-4245-merged-1batch-2560seq-3epoch-multi-all-nomlp::zh_parallel_multiple::zh_parallel_multiple_114,correct,correct,both_correct
Salesforce_Llama-xLAM-2-8b-fc-r-checkpoint-4245-merged-1batch-2560seq-3epoch-multi-all-nomlp::zh_parallel_multiple::zh_parallel_multiple_115,correct,correct,both_correct
Salesforce_Llama-xLAM-2-8b-fc-r-checkpoint-4245-merged-1batch-2560seq-3epoch-multi-all-nomlp::zh_parallel_multiple::zh_parallel_multiple_120,correct,correct,both_correct
Salesforce_Llama-xLAM-2-8b-fc-r-checkpoint-4245-merged-1batch-2560seq-3epoch-multi-all-nomlp::zh_parallel_multiple::zh_parallel_multiple_122,correct,correct,both_correct
Salesforce_Llama-xLAM-2-8b-fc-r-checkpoint-4245-merged-1batch-2560seq-3epoch-multi-all-nomlp::zh_parallel_multiple::zh_parallel_multiple_127,correct,correct,both_correct
Salesforce_Llama-xLAM-2-8b-fc-r-checkpoint-4245-merged-1batch-2560seq-3epoch-multi-all-nomlp::zh_parallel_multiple::zh_parallel_multiple_128,correct,correct,both_correct
Salesforce_Llama-xLAM-2-8b-fc-r-checkpoint-4245-merged-1batch-2560seq-3epoch-multi-all-nomlp::zh_parallel_multiple::zh_parallel_multiple_129,correct,correct,both_correct
Salesforce_Llama-xLAM-2-8b-fc-r-checkpoint-4245-merged-1batch-2560seq-3epoch-multi-all-nomlp::zh_parallel_multiple::zh_parallel_multiple_137,correct,correct,both_correct
Salesforce_Llama-xLAM-2-8b-fc-r-checkpoint-4245-merged-1batch-2560seq-3epoch-multi-all-nomlp::zh_parallel_multiple::zh_parallel_multiple_139,correct,correct,both_correct
Salesforce_Llama-xLAM-2-8b-fc-r-checkpoint-4245-merged-1batch-2560seq-3epoch-multi-all-nomlp::zh_parallel_multiple::zh_parallel_multiple_141,correct,correct,both_correct
Salesforce_Llama-xLAM-2-8b-fc-r-checkpoint-4245-merged-1batch-2560seq-3epoch-multi-all-nomlp::zh_parallel_multiple::zh_parallel_multiple_147,correct,correct,both_correct
Salesforce_Llama-xLAM-2-8b-fc-r-checkpoint-4245-merged-1batch-2560seq-3epoch-multi-all-nomlp::zh_parallel_multiple::zh_parallel_multiple_148,correct,correct,both_correct
Salesforce_Llama-xLAM-2-8b-fc-r-checkpoint-4245-merged-1batch-2560seq-3epoch-multi-all-nomlp::zh_parallel_multiple::zh_parallel_multiple_149,correct,correct,both_correct
Salesforce_Llama-xLAM-2-8b-fc-r-checkpoint-4245-merged-1batch-2560seq-3epoch-multi-all-nomlp::zh_parallel_multiple::zh_parallel_multiple_151,correct,correct,both_correct
Salesforce_Llama-xLAM-2-8b-fc-r-checkpoint-4245-merged-1batch-2560seq-3epoch-multi-all-nomlp::zh_parallel_multiple::zh_parallel_multiple_153,correct,correct,both_correct
Salesforce_Llama-xLAM-2-8b-fc-r-checkpoint-4245-merged-1batch-2560seq-3epoch-multi-all-nomlp::zh_parallel_multiple::zh_parallel_multiple_156,correct,correct,both_correct
Salesforce_Llama-xLAM-2-8b-fc-r-checkpoint-4245-merged-1batch-2560seq-3epoch-multi-all-nomlp::zh_parallel_multiple::zh_parallel_multiple_158,correct,correct,both_correct
Salesforce_Llama-xLAM-2-8b-fc-r-checkpoint-4245-merged-1batch-2560seq-3epoch-multi-all-nomlp::zh_parallel_multiple::zh_parallel_multiple_159,correct,correct,both_correct
Salesforce_Llama-xLAM-2-8b-fc-r-checkpoint-4245-merged-1batch-2560seq-3epoch-multi-all-nomlp::zh_parallel_multiple::zh_parallel_multiple_160,correct,correct,both_correct
Salesforce_Llama-xLAM-2-8b-fc-r-checkpoint-4245-merged-1batch-2560seq-3epoch-multi-all-nomlp::zh_parallel_multiple::zh_parallel_multiple_163,correct,correct,both_correct
Salesforce_Llama-xLAM-2-8b-fc-r-checkpoint-4245-merged-1batch-2560seq-3epoch-multi-all-nomlp::zh_parallel_multiple::zh_parallel_multiple_165,correct,correct,both_correct
Salesforce_Llama-xLAM-2-8b-fc-r-checkpoint-4245-merged-1batch-2560seq-3epoch-multi-all-nomlp::zh_parallel_multiple::zh_parallel_multiple_169,correct,correct,both_correct
Salesforce_Llama-xLAM-2-8b-fc-r-checkpoint-4245-merged-1batch-2560seq-3epoch-multi-all-nomlp::zh_parallel_multiple::zh_parallel_multiple_172,correct,correct,both_correct
Salesforce_Llama-xLAM-2-8b-fc-r-checkpoint-4245-merged-1batch-2560seq-3epoch-multi-all-nomlp::zh_parallel_multiple::zh_parallel_multiple_176,correct,correct,both_correct
Salesforce_Llama-xLAM-2-8b-fc-r-checkpoint-4245-merged-1batch-2560seq-3epoch-multi-all-nomlp::zh_parallel_multiple::zh_parallel_multiple_189,correct,correct,both_correct
Salesforce_Llama-xLAM-2-8b-fc-r-checkpoint-4245-merged-1batch-2560seq-3epoch-multi-all-nomlp::zh_parallel_multiple::zh_parallel_multiple_19,correct,correct,both_correct
Salesforce_Llama-xLAM-2-8b-fc-r-checkpoint-4245-merged-1batch-2560seq-3epoch-multi-all-nomlp::zh_parallel_multiple::zh_parallel_multiple_191,correct,correct,both_correct
Salesforce_Llama-xLAM-2-8b-fc-r-checkpoint-4245-merged-1batch-2560seq-3epoch-multi-all-nomlp::zh_parallel_multiple::zh_parallel_multiple_193,correct,correct,both_correct
Salesforce_Llama-xLAM-2-8b-fc-r-checkpoint-4245-merged-1batch-2560seq-3epoch-multi-all-nomlp::zh_parallel_multiple::zh_parallel_multiple_21,wrong,correct,b_correct_a_wrong
Salesforce_Llama-xLAM-2-8b-fc-r-checkpoint-4245-merged-1batch-2560seq-3epoch-multi-all-nomlp::zh_parallel_multiple::zh_parallel_multiple_27,correct,correct,both_correct
Salesforce_Llama-xLAM-2-8b-fc-r-checkpoint-4245-merged-1batch-2560seq-3epoch-multi-all-nomlp::zh_parallel_multiple::zh_parallel_multiple_32,correct,correct,both_correct
Salesforce_Llama-xLAM-2-8b-fc-r-checkpoint-4245-merged-1batch-2560seq-3epoch-multi-all-nomlp::zh_parallel_multiple::zh_parallel_multiple_33,correct,correct,both_correct
Salesforce_Llama-xLAM-2-8b-fc-r-checkpoint-4245-merged-1batch-2560seq-3epoch-multi-all-nomlp::zh_parallel_multiple::zh_parallel_multiple_34,correct,correct,both_correct
Salesforce_Llama-xLAM-2-8b-fc-r-checkpoint-4245-merged-1batch-2560seq-3epoch-multi-all-nomlp::zh_parallel_multiple::zh_parallel_multiple_40,correct,correct,both_correct
Salesforce_Llama-xLAM-2-8b-fc-r-checkpoint-4245-merged-1batch-2560seq-3epoch-multi-all-nomlp::zh_parallel_multiple::zh_parallel_multiple_42,correct,correct,both_correct
Salesforce_Llama-xLAM-2-8b-fc-r-checkpoint-4245-merged-1batch-2560seq-3epoch-multi-all-nomlp::zh_parallel_multiple::zh_parallel_multiple_46,correct,correct,both_correct
Salesforce_Llama-xLAM-2-8b-fc-r-checkpoint-4245-merged-1batch-2560seq-3epoch-multi-all-nomlp::zh_parallel_multiple::zh_parallel_multiple_50,correct,correct,both_correct
Salesforce_Llama-xLAM-2-8b-fc-r-checkpoint-4245-merged-1batch-2560seq-3epoch-multi-all-nomlp::zh_parallel_multiple::zh_parallel_multiple_53,correct,wrong,a_correct_b_wrong
Salesforce_Llama-xLAM-2-8b-fc-r-checkpoint-4245-merged-1batch-2560seq-3epoch-multi-all-nomlp::zh_parallel_multiple::zh_parallel_multiple_54,wrong,correct,b_correct_a_wrong
Salesforce_Llama-xLAM-2-8b-fc-r-checkpoint-4245-merged-1batch-2560seq-3epoch-multi-all-nomlp::zh_parallel_multiple::zh_parallel_multiple_64,wrong,correct,b_correct_a_wrong
Salesforce_Llama-xLAM-2-8b-fc-r-checkpoint-4245-merged-1batch-2560seq-3epoch-multi-all-nomlp::zh_parallel_multiple::zh_parallel_multiple_65,correct,correct,both_correct
Salesforce_Llama-xLAM-2-8b-fc-r-checkpoint-4245-merged-1batch-2560seq-3epoch-multi-all-nomlp::zh_parallel_multiple::zh_parallel_multiple_69,wrong,wrong,both_wrong
Salesforce_Llama-xLAM-2-8b-fc-r-checkpoint-4245-merged-1batch-2560seq-3epoch-multi-all-nomlp::zh_parallel_multiple::zh_parallel_multiple_75,wrong,correct,b_correct_a_wrong
Salesforce_Llama-xLAM-2-8b-fc-r-checkpoint-4245-merged-1batch-2560seq-3epoch-multi-all-nomlp::zh_parallel_multiple::zh_parallel_multiple_78,correct,correct,both_correct
Salesforce_Llama-xLAM-2-8b-fc-r-checkpoint-4245-merged-1batch-2560seq-3epoch-multi-all-nomlp::zh_parallel_multiple::zh_parallel_multiple_81,correct,correct,both_correct
Salesforce_Llama-xLAM-2-8b-fc-r-checkpoint-4245-merged-1batch-2560seq-3epoch-multi-all-nomlp::zh_parallel_multiple::zh_parallel_multiple_87,correct,correct,both_correct
Salesforce_Llama-xLAM-2-8b-fc-r-checkpoint-4245-merged-1batch-2560seq-3epoch-multi-all-nomlp::zh_parallel_multiple::zh_parallel_multiple_88,correct,correct,both_correct
Salesforce_Llama-xLAM-2-8b-fc-r-checkpoint-4245-merged-1batch-2560seq-3epoch-multi-all-nomlp::zh_parallel_multiple::zh_parallel_multiple_91,correct,correct,both_correct
Salesforce_Llama-xLAM-2-8b-fc-r-checkpoint-4245-merged-1batch-2560seq-3epoch-multi-all-nomlp::zh_parallel_multiple::zh_parallel_multiple_93,correct,correct,both_correct
Salesforce_Llama-xLAM-2-8b-fc-r-checkpoint-4245-merged-1batch-2560seq-3epoch-multi-all-nomlp::zh_parallel_multiple::zh_parallel_multiple_94,correct,correct,both_correct
Salesforce_Llama-xLAM-2-8b-fc-r-checkpoint-4245-merged-1batch-2560seq-3epoch-multi-all-nomlp::zh_parallel_multiple::zh_parallel_multiple_97,wrong,correct,b_correct_a_wrong
Salesforce_Llama-xLAM-2-8b-fc-r-checkpoint-4245-merged-1batch-2560seq-3epoch-multi-all-nomlp::zh_simple_python::zh_simple_python_126,wrong,correct,b_correct_a_wrong
Salesforce_Llama-xLAM-2-8b-fc-r-checkpoint-4245-merged-1batch-2560seq-3epoch-multi-all-nomlp::zh_simple_python::zh_simple_python_147,wrong,correct,b_correct_a_wrong
Salesforce_Llama-xLAM-2-8b-fc-r-checkpoint-4245-merged-1batch-2560seq-3epoch-multi-all-nomlp::zh_simple_python::zh_simple_python_159,wrong,correct,b_correct_a_wrong
Salesforce_Llama-xLAM-2-8b-fc-r-checkpoint-4245-merged-1batch-2560seq-3epoch-multi-all-nomlp::zh_simple_python::zh_simple_python_162,correct,correct,both_correct
Salesforce_Llama-xLAM-2-8b-fc-r-checkpoint-4245-merged-1batch-2560seq-3epoch-multi-all-nomlp::zh_simple_python::zh_simple_python_163,correct,correct,both_correct
Salesforce_Llama-xLAM-2-8b-fc-r-checkpoint-4245-merged-1batch-2560seq-3epoch-multi-all-nomlp::zh_simple_python::zh_simple_python_166,correct,correct,both_correct
Salesforce_Llama-xLAM-2-8b-fc-r-checkpoint-4245-merged-1batch-2560seq-3epoch-multi-all-nomlp::zh_simple_python::zh_simple_python_173,correct,correct,both_correct
Salesforce_Llama-xLAM-2-8b-fc-r-checkpoint-4245-merged-1batch-2560seq-3epoch-multi-all-nomlp::zh_simple_python::zh_simple_python_177,wrong,correct,b_correct_a_wrong
Salesforce_Llama-xLAM-2-8b-fc-r-checkpoint-4245-merged-1batch-2560seq-3epoch-multi-all-nomlp::zh_simple_python::zh_simple_python_183,wrong,correct,b_correct_a_wrong
Salesforce_Llama-xLAM-2-8b-fc-r-checkpoint-4245-merged-1batch-2560seq-3epoch-multi-all-nomlp::zh_simple_python::zh_simple_python_200,wrong,correct,b_correct_a_wrong
Salesforce_Llama-xLAM-2-8b-fc-r-checkpoint-4245-merged-1batch-2560seq-3epoch-multi-all-nomlp::zh_simple_python::zh_simple_python_212,correct,correct,both_correct
Salesforce_Llama-xLAM-2-8b-fc-r-checkpoint-4245-merged-1batch-2560seq-3epoch-multi-all-nomlp::zh_simple_python::zh_simple_python_217,wrong,correct,b_correct_a_wrong
Salesforce_Llama-xLAM-2-8b-fc-r-checkpoint-4245-merged-1batch-2560seq-3epoch-multi-all-nomlp::zh_simple_python::zh_simple_python_219,wrong,correct,b_correct_a_wrong
Salesforce_Llama-xLAM-2-8b-fc-r-checkpoint-4245-merged-1batch-2560seq-3epoch-multi-all-nomlp::zh_simple_python::zh_simple_python_224,wrong,correct,b_correct_a_wrong
Salesforce_Llama-xLAM-2-8b-fc-r-checkpoint-4245-merged-1batch-2560seq-3epoch-multi-all-nomlp::zh_simple_python::zh_simple_python_228,correct,correct,both_correct
Salesforce_Llama-xLAM-2-8b-fc-r-checkpoint-4245-merged-1batch-2560seq-3epoch-multi-all-nomlp::zh_simple_python::zh_simple_python_229,wrong,correct,b_correct_a_wrong
Salesforce_Llama-xLAM-2-8b-fc-r-checkpoint-4245-merged-1batch-2560seq-3epoch-multi-all-nomlp::zh_simple_python::zh_simple_python_241,wrong,correct,b_correct_a_wrong
Salesforce_Llama-xLAM-2-8b-fc-r-checkpoint-4245-merged-1batch-2560seq-3epoch-multi-all-nomlp::zh_simple_python::zh_simple_python_242,wrong,correct,b_correct_a_wrong
Salesforce_Llama-xLAM-2-8b-fc-r-checkpoint-4245-merged-1batch-2560seq-3epoch-multi-all-nomlp::zh_simple_python::zh_simple_python_244,wrong,correct,b_correct_a_wrong
Salesforce_Llama-xLAM-2-8b-fc-r-checkpoint-4245-merged-1batch-2560seq-3epoch-multi-all-nomlp::zh_simple_python::zh_simple_python_248,correct,correct,both_correct
Salesforce_Llama-xLAM-2-8b-fc-r-checkpoint-4245-merged-1batch-2560seq-3epoch-multi-all-nomlp::zh_simple_python::zh_simple_python_273,correct,correct,both_correct
Salesforce_Llama-xLAM-2-8b-fc-r-checkpoint-4245-merged-1batch-2560seq-3epoch-multi-all-nomlp::zh_simple_python::zh_simple_python_277,correct,correct,both_correct
Salesforce_Llama-xLAM-2-8b-fc-r-checkpoint-4245-merged-1batch-2560seq-3epoch-multi-all-nomlp::zh_simple_python::zh_simple_python_281,correct,correct,both_correct
Salesforce_Llama-xLAM-2-8b-fc-r-checkpoint-4245-merged-1batch-2560seq-3epoch-multi-all-nomlp::zh_simple_python::zh_simple_python_283,correct,correct,both_correct
Salesforce_Llama-xLAM-2-8b-fc-r-checkpoint-4245-merged-1batch-2560seq-3epoch-multi-all-nomlp::zh_simple_python::zh_simple_python_288,correct,correct,both_correct
Salesforce_Llama-xLAM-2-8b-fc-r-checkpoint-4245-merged-1batch-2560seq-3epoch-multi-all-nomlp::zh_simple_python::zh_simple_python_305,correct,correct,both_correct
Salesforce_Llama-xLAM-2-8b-fc-r-checkpoint-4245-merged-1batch-2560seq-3epoch-multi-all-nomlp::zh_simple_python::zh_simple_python_306,wrong,correct,b_correct_a_wrong
Salesforce_Llama-xLAM-2-8b-fc-r-checkpoint-4245-merged-1batch-2560seq-3epoch-multi-all-nomlp::zh_simple_python::zh_simple_python_308,correct,correct,both_correct
Salesforce_Llama-xLAM-2-8b-fc-r-checkpoint-4245-merged-1batch-2560seq-3epoch-multi-all-nomlp::zh_simple_python::zh_simple_python_319,correct,correct,both_correct
Salesforce_Llama-xLAM-2-8b-fc-r-checkpoint-4245-merged-1batch-2560seq-3epoch-multi-all-nomlp::zh_simple_python::zh_simple_python_321,correct,correct,both_correct
Salesforce_Llama-xLAM-2-8b-fc-r-checkpoint-4245-merged-1batch-2560seq-3epoch-multi-all-nomlp::zh_simple_python::zh_simple_python_322,correct,correct,both_correct
Salesforce_Llama-xLAM-2-8b-fc-r-checkpoint-4245-merged-1batch-2560seq-3epoch-multi-all-nomlp::zh_simple_python::zh_simple_python_324,correct,correct,both_correct
Salesforce_Llama-xLAM-2-8b-fc-r-checkpoint-4245-merged-1batch-2560seq-3epoch-multi-all-nomlp::zh_simple_python::zh_simple_python_326,correct,correct,both_correct
Salesforce_Llama-xLAM-2-8b-fc-r-checkpoint-4245-merged-1batch-2560seq-3epoch-multi-all-nomlp::zh_simple_python::zh_simple_python_327,correct,correct,both_correct
Salesforce_Llama-xLAM-2-8b-fc-r-checkpoint-4245-merged-1batch-2560seq-3epoch-multi-all-nomlp::zh_simple_python::zh_simple_python_337,correct,correct,both_correct
Salesforce_Llama-xLAM-2-8b-fc-r-checkpoint-4245-merged-1batch-2560seq-3epoch-multi-all-nomlp::zh_simple_python::zh_simple_python_344,wrong,correct,b_correct_a_wrong
Salesforce_Llama-xLAM-2-8b-fc-r-checkpoint-4245-merged-1batch-2560seq-3epoch-multi-all-nomlp::zh_simple_python::zh_simple_python_374,correct,correct,both_correct
Salesforce_Llama-xLAM-2-8b-fc-r-checkpoint-4245-merged-1batch-2560seq-3epoch-multi-all-nomlp::zh_simple_python::zh_simple_python_386,wrong,correct,b_correct_a_wrong
Salesforce_Llama-xLAM-2-8b-fc-r-checkpoint-4245-merged-1batch-2560seq-3epoch-multi-all-nomlp::zh_simple_python::zh_simple_python_387,correct,correct,both_correct
Salesforce_Llama-xLAM-2-8b-fc-r-checkpoint-4245-merged-1batch-2560seq-3epoch-multi-all-nomlp::zh_simple_python::zh_simple_python_390,wrong,correct,b_correct_a_wrong
Salesforce_Llama-xLAM-2-8b-fc-r-checkpoint-4245-merged-1batch-2560seq-3epoch-multi-all-nomlp::zh_simple_python::zh_simple_python_394,correct,correct,both_correct
Salesforce_Llama-xLAM-2-8b-fc-r-checkpoint-4245-merged-1batch-2560seq-3epoch-multi-all-nomlp::zh_simple_python::zh_simple_python_44,wrong,correct,b_correct_a_wrong
Salesforce_Llama-xLAM-2-8b-fc-r-checkpoint-4245-merged-1batch-2560seq-3epoch-multi-all-nomlp::zh_simple_python::zh_simple_python_63,correct,correct,both_correct
Salesforce_Llama-xLAM-2-8b-fc-r-checkpoint-4245-merged-1batch-2560seq-3epoch-multi-all-nomlp::zh_simple_python::zh_simple_python_77,correct,correct,both_correct
Salesforce_Llama-xLAM-2-8b-fc-r-checkpoint-4245-merged-1batch-2560seq-3epoch-multi-all-nomlp::zh_simple_python::zh_simple_python_85,correct,correct,both_correct
Salesforce_Llama-xLAM-2-8b-fc-r-checkpoint-4245-merged-1batch-2560seq-3epoch-multi-all-nomlp::zh_simple_python::zh_simple_python_90,wrong,correct,b_correct_a_wrong
Salesforce_Llama-xLAM-2-8b-fc-r-checkpoint-4245-merged-1batch-2560seq-3epoch-multi-all-nomlp::zh_simple_python::zh_simple_python_91,correct,correct,both_correct
Salesforce_Llama-xLAM-2-8b-fc-r-checkpoint-4245-merged-1batch-2560seq-3epoch-multi-all-nomlp::zh_simple_python::zh_simple_python_98,wrong,correct,b_correct_a_wrong
Salesforce_Llama-xLAM-2-8b-fc-r-checkpoint-4544-merged-1batch-2560seq-3epoch-apigen-nomlp::zh_multiple::zh_multiple_127,wrong,correct,b_correct_a_wrong
Salesforce_Llama-xLAM-2-8b-fc-r-checkpoint-4544-merged-1batch-2560seq-3epoch-apigen-nomlp::zh_multiple::zh_multiple_129,wrong,correct,b_correct_a_wrong
Salesforce_Llama-xLAM-2-8b-fc-r-checkpoint-4544-merged-1batch-2560seq-3epoch-apigen-nomlp::zh_multiple::zh_multiple_134,correct,correct,both_correct
Salesforce_Llama-xLAM-2-8b-fc-r-checkpoint-4544-merged-1batch-2560seq-3epoch-apigen-nomlp::zh_multiple::zh_multiple_136,correct,correct,both_correct
Salesforce_Llama-xLAM-2-8b-fc-r-checkpoint-4544-merged-1batch-2560seq-3epoch-apigen-nomlp::zh_multiple::zh_multiple_146,correct,correct,both_correct
Salesforce_Llama-xLAM-2-8b-fc-r-checkpoint-4544-merged-1batch-2560seq-3epoch-apigen-nomlp::zh_multiple::zh_multiple_149,correct,correct,both_correct
Salesforce_Llama-xLAM-2-8b-fc-r-checkpoint-4544-merged-1batch-2560seq-3epoch-apigen-nomlp::zh_multiple::zh_multiple_151,wrong,correct,b_correct_a_wrong
Salesforce_Llama-xLAM-2-8b-fc-r-checkpoint-4544-merged-1batch-2560seq-3epoch-apigen-nomlp::zh_multiple::zh_multiple_158,correct,correct,both_correct
Salesforce_Llama-xLAM-2-8b-fc-r-checkpoint-4544-merged-1batch-2560seq-3epoch-apigen-nomlp::zh_multiple::zh_multiple_160,wrong,correct,b_correct_a_wrong
Salesforce_Llama-xLAM-2-8b-fc-r-checkpoint-4544-merged-1batch-2560seq-3epoch-apigen-nomlp::zh_multiple::zh_multiple_165,wrong,correct,b_correct_a_wrong
Salesforce_Llama-xLAM-2-8b-fc-r-checkpoint-4544-merged-1batch-2560seq-3epoch-apigen-nomlp::zh_multiple::zh_multiple_168,correct,correct,both_correct
Salesforce_Llama-xLAM-2-8b-fc-r-checkpoint-4544-merged-1batch-2560seq-3epoch-apigen-nomlp::zh_multiple::zh_multiple_186,wrong,correct,b_correct_a_wrong
Salesforce_Llama-xLAM-2-8b-fc-r-checkpoint-4544-merged-1batch-2560seq-3epoch-apigen-nomlp::zh_multiple::zh_multiple_49,wrong,correct,b_correct_a_wrong
Salesforce_Llama-xLAM-2-8b-fc-r-checkpoint-4544-merged-1batch-2560seq-3epoch-apigen-nomlp::zh_multiple::zh_multiple_58,correct,correct,both_correct
Salesforce_Llama-xLAM-2-8b-fc-r-checkpoint-4544-merged-1batch-2560seq-3epoch-apigen-nomlp::zh_multiple::zh_multiple_61,correct,correct,both_correct
Salesforce_Llama-xLAM-2-8b-fc-r-checkpoint-4544-merged-1batch-2560seq-3epoch-apigen-nomlp::zh_multiple::zh_multiple_65,wrong,correct,b_correct_a_wrong
Salesforce_Llama-xLAM-2-8b-fc-r-checkpoint-4544-merged-1batch-2560seq-3epoch-apigen-nomlp::zh_multiple::zh_multiple_67,correct,correct,both_correct
Salesforce_Llama-xLAM-2-8b-fc-r-checkpoint-4544-merged-1batch-2560seq-3epoch-apigen-nomlp::zh_multiple::zh_multiple_78,correct,correct,both_correct
Salesforce_Llama-xLAM-2-8b-fc-r-checkpoint-4544-merged-1batch-2560seq-3epoch-apigen-nomlp::zh_multiple::zh_multiple_8,correct,correct,both_correct
Salesforce_Llama-xLAM-2-8b-fc-r-checkpoint-4544-merged-1batch-2560seq-3epoch-apigen-nomlp::zh_multiple::zh_multiple_80,correct,correct,both_correct
Salesforce_Llama-xLAM-2-8b-fc-r-checkpoint-4544-merged-1batch-2560seq-3epoch-apigen-nomlp::zh_multiple::zh_multiple_84,correct,correct,both_correct
Salesforce_Llama-xLAM-2-8b-fc-r-checkpoint-4544-merged-1batch-2560seq-3epoch-apigen-nomlp::zh_multiple::zh_multiple_90,correct,correct,both_correct
Salesforce_Llama-xLAM-2-8b-fc-r-checkpoint-4544-merged-1batch-2560seq-3epoch-apigen-nomlp::zh_multiple::zh_multiple_91,wrong,correct,b_correct_a_wrong
Salesforce_Llama-xLAM-2-8b-fc-r-checkpoint-4544-merged-1batch-2560seq-3epoch-apigen-nomlp::zh_multiple::zh_multiple_94,wrong,correct,b_correct_a_wrong
Salesforce_Llama-xLAM-2-8b-fc-r-checkpoint-4544-merged-1batch-2560seq-3epoch-apigen-nomlp::zh_parallel::zh_parallel_117,wrong,correct,b_correct_a_wrong
Salesforce_Llama-xLAM-2-8b-fc-r-checkpoint-4544-merged-1batch-2560seq-3epoch-apigen-nomlp::zh_parallel::zh_parallel_127,correct,correct,both_correct
Salesforce_Llama-xLAM-2-8b-fc-r-checkpoint-4544-merged-1batch-2560seq-3epoch-apigen-nomlp::zh_parallel::zh_parallel_13,wrong,correct,b_correct_a_wrong
Salesforce_Llama-xLAM-2-8b-fc-r-checkpoint-4544-merged-1batch-2560seq-3epoch-apigen-nomlp::zh_parallel::zh_parallel_159,wrong,correct,b_correct_a_wrong
Salesforce_Llama-xLAM-2-8b-fc-r-checkpoint-4544-merged-1batch-2560seq-3epoch-apigen-nomlp::zh_parallel::zh_parallel_164,wrong,correct,b_correct_a_wrong
Salesforce_Llama-xLAM-2-8b-fc-r-checkpoint-4544-merged-1batch-2560seq-3epoch-apigen-nomlp::zh_parallel::zh_parallel_181,wrong,correct,b_correct_a_wrong
Salesforce_Llama-xLAM-2-8b-fc-r-checkpoint-4544-merged-1batch-2560seq-3epoch-apigen-nomlp::zh_parallel::zh_parallel_189,correct,correct,both_correct
Salesforce_Llama-xLAM-2-8b-fc-r-checkpoint-4544-merged-1batch-2560seq-3epoch-apigen-nomlp::zh_parallel::zh_parallel_191,correct,correct,both_correct
Salesforce_Llama-xLAM-2-8b-fc-r-checkpoint-4544-merged-1batch-2560seq-3epoch-apigen-nomlp::zh_parallel::zh_parallel_194,correct,correct,both_correct
Salesforce_Llama-xLAM-2-8b-fc-r-checkpoint-4544-merged-1batch-2560seq-3epoch-apigen-nomlp::zh_parallel::zh_parallel_36,correct,correct,both_correct
Salesforce_Llama-xLAM-2-8b-fc-r-checkpoint-4544-merged-1batch-2560seq-3epoch-apigen-nomlp::zh_parallel::zh_parallel_39,correct,correct,both_correct
Salesforce_Llama-xLAM-2-8b-fc-r-checkpoint-4544-merged-1batch-2560seq-3epoch-apigen-nomlp::zh_parallel::zh_parallel_44,wrong,correct,b_correct_a_wrong
Salesforce_Llama-xLAM-2-8b-fc-r-checkpoint-4544-merged-1batch-2560seq-3epoch-apigen-nomlp::zh_parallel::zh_parallel_45,wrong,correct,b_correct_a_wrong
Salesforce_Llama-xLAM-2-8b-fc-r-checkpoint-4544-merged-1batch-2560seq-3epoch-apigen-nomlp::zh_parallel::zh_parallel_46,correct,correct,both_correct
Salesforce_Llama-xLAM-2-8b-fc-r-checkpoint-4544-merged-1batch-2560seq-3epoch-apigen-nomlp::zh_parallel::zh_parallel_51,wrong,correct,b_correct_a_wrong
Salesforce_Llama-xLAM-2-8b-fc-r-checkpoint-4544-merged-1batch-2560seq-3epoch-apigen-nomlp::zh_parallel::zh_parallel_52,correct,correct,both_correct
Salesforce_Llama-xLAM-2-8b-fc-r-checkpoint-4544-merged-1batch-2560seq-3epoch-apigen-nomlp::zh_parallel::zh_parallel_8,correct,correct,both_correct
Salesforce_Llama-xLAM-2-8b-fc-r-checkpoint-4544-merged-1batch-2560seq-3epoch-apigen-nomlp::zh_parallel::zh_parallel_91,correct,correct,both_correct
Salesforce_Llama-xLAM-2-8b-fc-r-checkpoint-4544-merged-1batch-2560seq-3epoch-apigen-nomlp::zh_parallel::zh_parallel_93,correct,correct,both_correct
Salesforce_Llama-xLAM-2-8b-fc-r-checkpoint-4544-merged-1batch-2560seq-3epoch-apigen-nomlp::zh_parallel_multiple::zh_parallel_multiple_10,wrong,correct,b_correct_a_wrong
Salesforce_Llama-xLAM-2-8b-fc-r-checkpoint-4544-merged-1batch-2560seq-3epoch-apigen-nomlp::zh_parallel_multiple::zh_parallel_multiple_103,correct,correct,both_correct
Salesforce_Llama-xLAM-2-8b-fc-r-checkpoint-4544-merged-1batch-2560seq-3epoch-apigen-nomlp::zh_parallel_multiple::zh_parallel_multiple_106,correct,correct,both_correct
Salesforce_Llama-xLAM-2-8b-fc-r-checkpoint-4544-merged-1batch-2560seq-3epoch-apigen-nomlp::zh_parallel_multiple::zh_parallel_multiple_107,correct,correct,both_correct
Salesforce_Llama-xLAM-2-8b-fc-r-checkpoint-4544-merged-1batch-2560seq-3epoch-apigen-nomlp::zh_parallel_multiple::zh_parallel_multiple_120,correct,correct,both_correct
Salesforce_Llama-xLAM-2-8b-fc-r-checkpoint-4544-merged-1batch-2560seq-3epoch-apigen-nomlp::zh_parallel_multiple::zh_parallel_multiple_125,correct,correct,both_correct
Salesforce_Llama-xLAM-2-8b-fc-r-checkpoint-4544-merged-1batch-2560seq-3epoch-apigen-nomlp::zh_parallel_multiple::zh_parallel_multiple_127,correct,correct,both_correct
Salesforce_Llama-xLAM-2-8b-fc-r-checkpoint-4544-merged-1batch-2560seq-3epoch-apigen-nomlp::zh_parallel_multiple::zh_parallel_multiple_128,correct,correct,both_correct
Salesforce_Llama-xLAM-2-8b-fc-r-checkpoint-4544-merged-1batch-2560seq-3epoch-apigen-nomlp::zh_parallel_multiple::zh_parallel_multiple_137,correct,correct,both_correct
Salesforce_Llama-xLAM-2-8b-fc-r-checkpoint-4544-merged-1batch-2560seq-3epoch-apigen-nomlp::zh_parallel_multiple::zh_parallel_multiple_139,correct,correct,both_correct
Salesforce_Llama-xLAM-2-8b-fc-r-checkpoint-4544-merged-1batch-2560seq-3epoch-apigen-nomlp::zh_parallel_multiple::zh_parallel_multiple_141,correct,correct,both_correct
Salesforce_Llama-xLAM-2-8b-fc-r-checkpoint-4544-merged-1batch-2560seq-3epoch-apigen-nomlp::zh_parallel_multiple::zh_parallel_multiple_147,correct,correct,both_correct
Salesforce_Llama-xLAM-2-8b-fc-r-checkpoint-4544-merged-1batch-2560seq-3epoch-apigen-nomlp::zh_parallel_multiple::zh_parallel_multiple_148,correct,correct,both_correct
Salesforce_Llama-xLAM-2-8b-fc-r-checkpoint-4544-merged-1batch-2560seq-3epoch-apigen-nomlp::zh_parallel_multiple::zh_parallel_multiple_153,correct,correct,both_correct
Salesforce_Llama-xLAM-2-8b-fc-r-checkpoint-4544-merged-1batch-2560seq-3epoch-apigen-nomlp::zh_parallel_multiple::zh_parallel_multiple_157,correct,correct,both_correct
Salesforce_Llama-xLAM-2-8b-fc-r-checkpoint-4544-merged-1batch-2560seq-3epoch-apigen-nomlp::zh_parallel_multiple::zh_parallel_multiple_158,correct,correct,both_correct
Salesforce_Llama-xLAM-2-8b-fc-r-checkpoint-4544-merged-1batch-2560seq-3epoch-apigen-nomlp::zh_parallel_multiple::zh_parallel_multiple_159,correct,correct,both_correct
Salesforce_Llama-xLAM-2-8b-fc-r-checkpoint-4544-merged-1batch-2560seq-3epoch-apigen-nomlp::zh_parallel_multiple::zh_parallel_multiple_163,correct,correct,both_correct
Salesforce_Llama-xLAM-2-8b-fc-r-checkpoint-4544-merged-1batch-2560seq-3epoch-apigen-nomlp::zh_parallel_multiple::zh_parallel_multiple_165,correct,correct,both_correct
Salesforce_Llama-xLAM-2-8b-fc-r-checkpoint-4544-merged-1batch-2560seq-3epoch-apigen-nomlp::zh_parallel_multiple::zh_parallel_multiple_173,correct,correct,both_correct
Salesforce_Llama-xLAM-2-8b-fc-r-checkpoint-4544-merged-1batch-2560seq-3epoch-apigen-nomlp::zh_parallel_multiple::zh_parallel_multiple_176,correct,correct,both_correct
Salesforce_Llama-xLAM-2-8b-fc-r-checkpoint-4544-merged-1batch-2560seq-3epoch-apigen-nomlp::zh_parallel_multiple::zh_parallel_multiple_189,correct,correct,both_correct
Salesforce_Llama-xLAM-2-8b-fc-r-checkpoint-4544-merged-1batch-2560seq-3epoch-apigen-nomlp::zh_parallel_multiple::zh_parallel_multiple_19,correct,correct,both_correct
Salesforce_Llama-xLAM-2-8b-fc-r-checkpoint-4544-merged-1batch-2560seq-3epoch-apigen-nomlp::zh_parallel_multiple::zh_parallel_multiple_191,correct,correct,both_correct
Salesforce_Llama-xLAM-2-8b-fc-r-checkpoint-4544-merged-1batch-2560seq-3epoch-apigen-nomlp::zh_parallel_multiple::zh_parallel_multiple_192,correct,correct,both_correct
Salesforce_Llama-xLAM-2-8b-fc-r-checkpoint-4544-merged-1batch-2560seq-3epoch-apigen-nomlp::zh_parallel_multiple::zh_parallel_multiple_195,correct,correct,both_correct
Salesforce_Llama-xLAM-2-8b-fc-r-checkpoint-4544-merged-1batch-2560seq-3epoch-apigen-nomlp::zh_parallel_multiple::zh_parallel_multiple_196,correct,correct,both_correct
Salesforce_Llama-xLAM-2-8b-fc-r-checkpoint-4544-merged-1batch-2560seq-3epoch-apigen-nomlp::zh_parallel_multiple::zh_parallel_multiple_21,wrong,correct,b_correct_a_wrong
Salesforce_Llama-xLAM-2-8b-fc-r-checkpoint-4544-merged-1batch-2560seq-3epoch-apigen-nomlp::zh_parallel_multiple::zh_parallel_multiple_27,correct,correct,both_correct
Salesforce_Llama-xLAM-2-8b-fc-r-checkpoint-4544-merged-1batch-2560seq-3epoch-apigen-nomlp::zh_parallel_multiple::zh_parallel_multiple_32,correct,correct,both_correct
Salesforce_Llama-xLAM-2-8b-fc-r-checkpoint-4544-merged-1batch-2560seq-3epoch-apigen-nomlp::zh_parallel_multiple::zh_parallel_multiple_33,correct,correct,both_correct
Salesforce_Llama-xLAM-2-8b-fc-r-checkpoint-4544-merged-1batch-2560seq-3epoch-apigen-nomlp::zh_parallel_multiple::zh_parallel_multiple_37,correct,correct,both_correct
Salesforce_Llama-xLAM-2-8b-fc-r-checkpoint-4544-merged-1batch-2560seq-3epoch-apigen-nomlp::zh_parallel_multiple::zh_parallel_multiple_40,correct,correct,both_correct
Salesforce_Llama-xLAM-2-8b-fc-r-checkpoint-4544-merged-1batch-2560seq-3epoch-apigen-nomlp::zh_parallel_multiple::zh_parallel_multiple_42,correct,correct,both_correct
Salesforce_Llama-xLAM-2-8b-fc-r-checkpoint-4544-merged-1batch-2560seq-3epoch-apigen-nomlp::zh_parallel_multiple::zh_parallel_multiple_50,correct,correct,both_correct
Salesforce_Llama-xLAM-2-8b-fc-r-checkpoint-4544-merged-1batch-2560seq-3epoch-apigen-nomlp::zh_parallel_multiple::zh_parallel_multiple_54,wrong,correct,b_correct_a_wrong
Salesforce_Llama-xLAM-2-8b-fc-r-checkpoint-4544-merged-1batch-2560seq-3epoch-apigen-nomlp::zh_parallel_multiple::zh_parallel_multiple_55,correct,correct,both_correct
Salesforce_Llama-xLAM-2-8b-fc-r-checkpoint-4544-merged-1batch-2560seq-3epoch-apigen-nomlp::zh_parallel_multiple::zh_parallel_multiple_65,correct,correct,both_correct
Salesforce_Llama-xLAM-2-8b-fc-r-checkpoint-4544-merged-1batch-2560seq-3epoch-apigen-nomlp::zh_parallel_multiple::zh_parallel_multiple_69,wrong,wrong,both_wrong
Salesforce_Llama-xLAM-2-8b-fc-r-checkpoint-4544-merged-1batch-2560seq-3epoch-apigen-nomlp::zh_parallel_multiple::zh_parallel_multiple_75,correct,correct,both_correct
Salesforce_Llama-xLAM-2-8b-fc-r-checkpoint-4544-merged-1batch-2560seq-3epoch-apigen-nomlp::zh_parallel_multiple::zh_parallel_multiple_78,correct,correct,both_correct
Salesforce_Llama-xLAM-2-8b-fc-r-checkpoint-4544-merged-1batch-2560seq-3epoch-apigen-nomlp::zh_parallel_multiple::zh_parallel_multiple_81,wrong,correct,b_correct_a_wrong
Salesforce_Llama-xLAM-2-8b-fc-r-checkpoint-4544-merged-1batch-2560seq-3epoch-apigen-nomlp::zh_parallel_multiple::zh_parallel_multiple_91,correct,correct,both_correct
Salesforce_Llama-xLAM-2-8b-fc-r-checkpoint-4544-merged-1batch-2560seq-3epoch-apigen-nomlp::zh_parallel_multiple::zh_parallel_multiple_93,correct,correct,both_correct
Salesforce_Llama-xLAM-2-8b-fc-r-checkpoint-4544-merged-1batch-2560seq-3epoch-apigen-nomlp::zh_parallel_multiple::zh_parallel_multiple_94,wrong,correct,b_correct_a_wrong
Salesforce_Llama-xLAM-2-8b-fc-r-checkpoint-4544-merged-1batch-2560seq-3epoch-apigen-nomlp::zh_parallel_multiple::zh_parallel_multiple_97,wrong,correct,b_correct_a_wrong
Salesforce_Llama-xLAM-2-8b-fc-r-checkpoint-4544-merged-1batch-2560seq-3epoch-apigen-nomlp::zh_simple_python::zh_simple_python_126,wrong,correct,b_correct_a_wrong
Salesforce_Llama-xLAM-2-8b-fc-r-checkpoint-4544-merged-1batch-2560seq-3epoch-apigen-nomlp::zh_simple_python::zh_simple_python_128,wrong,correct,b_correct_a_wrong
Salesforce_Llama-xLAM-2-8b-fc-r-checkpoint-4544-merged-1batch-2560seq-3epoch-apigen-nomlp::zh_simple_python::zh_simple_python_136,wrong,correct,b_correct_a_wrong
Salesforce_Llama-xLAM-2-8b-fc-r-checkpoint-4544-merged-1batch-2560seq-3epoch-apigen-nomlp::zh_simple_python::zh_simple_python_139,wrong,correct,b_correct_a_wrong
Salesforce_Llama-xLAM-2-8b-fc-r-checkpoint-4544-merged-1batch-2560seq-3epoch-apigen-nomlp::zh_simple_python::zh_simple_python_156,correct,correct,both_correct
Salesforce_Llama-xLAM-2-8b-fc-r-checkpoint-4544-merged-1batch-2560seq-3epoch-apigen-nomlp::zh_simple_python::zh_simple_python_159,wrong,correct,b_correct_a_wrong
Salesforce_Llama-xLAM-2-8b-fc-r-checkpoint-4544-merged-1batch-2560seq-3epoch-apigen-nomlp::zh_simple_python::zh_simple_python_163,correct,correct,both_correct
Salesforce_Llama-xLAM-2-8b-fc-r-checkpoint-4544-merged-1batch-2560seq-3epoch-apigen-nomlp::zh_simple_python::zh_simple_python_164,correct,correct,both_correct
Salesforce_Llama-xLAM-2-8b-fc-r-checkpoint-4544-merged-1batch-2560seq-3epoch-apigen-nomlp::zh_simple_python::zh_simple_python_166,correct,correct,both_correct
Salesforce_Llama-xLAM-2-8b-fc-r-checkpoint-4544-merged-1batch-2560seq-3epoch-apigen-nomlp::zh_simple_python::zh_simple_python_174,correct,correct,both_correct
Salesforce_Llama-xLAM-2-8b-fc-r-checkpoint-4544-merged-1batch-2560seq-3epoch-apigen-nomlp::zh_simple_python::zh_simple_python_197,correct,correct,both_correct
Salesforce_Llama-xLAM-2-8b-fc-r-checkpoint-4544-merged-1batch-2560seq-3epoch-apigen-nomlp::zh_simple_python::zh_simple_python_200,wrong,correct,b_correct_a_wrong
Salesforce_Llama-xLAM-2-8b-fc-r-checkpoint-4544-merged-1batch-2560seq-3epoch-apigen-nomlp::zh_simple_python::zh_simple_python_202,correct,correct,both_correct
Salesforce_Llama-xLAM-2-8b-fc-r-checkpoint-4544-merged-1batch-2560seq-3epoch-apigen-nomlp::zh_simple_python::zh_simple_python_204,correct,correct,both_correct
Salesforce_Llama-xLAM-2-8b-fc-r-checkpoint-4544-merged-1batch-2560seq-3epoch-apigen-nomlp::zh_simple_python::zh_simple_python_206,correct,correct,both_correct
Salesforce_Llama-xLAM-2-8b-fc-r-checkpoint-4544-merged-1batch-2560seq-3epoch-apigen-nomlp::zh_simple_python::zh_simple_python_207,correct,correct,both_correct
Salesforce_Llama-xLAM-2-8b-fc-r-checkpoint-4544-merged-1batch-2560seq-3epoch-apigen-nomlp::zh_simple_python::zh_simple_python_216,correct,correct,both_correct
Salesforce_Llama-xLAM-2-8b-fc-r-checkpoint-4544-merged-1batch-2560seq-3epoch-apigen-nomlp::zh_simple_python::zh_simple_python_219,wrong,correct,b_correct_a_wrong
Salesforce_Llama-xLAM-2-8b-fc-r-checkpoint-4544-merged-1batch-2560seq-3epoch-apigen-nomlp::zh_simple_python::zh_simple_python_224,wrong,correct,b_correct_a_wrong
Salesforce_Llama-xLAM-2-8b-fc-r-checkpoint-4544-merged-1batch-2560seq-3epoch-apigen-nomlp::zh_simple_python::zh_simple_python_229,wrong,correct,b_correct_a_wrong
Salesforce_Llama-xLAM-2-8b-fc-r-checkpoint-4544-merged-1batch-2560seq-3epoch-apigen-nomlp::zh_simple_python::zh_simple_python_255,correct,correct,both_correct
Salesforce_Llama-xLAM-2-8b-fc-r-checkpoint-4544-merged-1batch-2560seq-3epoch-apigen-nomlp::zh_simple_python::zh_simple_python_257,correct,correct,both_correct
Salesforce_Llama-xLAM-2-8b-fc-r-checkpoint-4544-merged-1batch-2560seq-3epoch-apigen-nomlp::zh_simple_python::zh_simple_python_276,correct,correct,both_correct
Salesforce_Llama-xLAM-2-8b-fc-r-checkpoint-4544-merged-1batch-2560seq-3epoch-apigen-nomlp::zh_simple_python::zh_simple_python_283,wrong,correct,b_correct_a_wrong
Salesforce_Llama-xLAM-2-8b-fc-r-checkpoint-4544-merged-1batch-2560seq-3epoch-apigen-nomlp::zh_simple_python::zh_simple_python_289,correct,correct,both_correct
Salesforce_Llama-xLAM-2-8b-fc-r-checkpoint-4544-merged-1batch-2560seq-3epoch-apigen-nomlp::zh_simple_python::zh_simple_python_290,correct,correct,both_correct
Salesforce_Llama-xLAM-2-8b-fc-r-checkpoint-4544-merged-1batch-2560seq-3epoch-apigen-nomlp::zh_simple_python::zh_simple_python_304,wrong,correct,b_correct_a_wrong
Salesforce_Llama-xLAM-2-8b-fc-r-checkpoint-4544-merged-1batch-2560seq-3epoch-apigen-nomlp::zh_simple_python::zh_simple_python_315,wrong,wrong,both_wrong
Salesforce_Llama-xLAM-2-8b-fc-r-checkpoint-4544-merged-1batch-2560seq-3epoch-apigen-nomlp::zh_simple_python::zh_simple_python_316,correct,correct,both_correct
Salesforce_Llama-xLAM-2-8b-fc-r-checkpoint-4544-merged-1batch-2560seq-3epoch-apigen-nomlp::zh_simple_python::zh_simple_python_324,correct,correct,both_correct
Salesforce_Llama-xLAM-2-8b-fc-r-checkpoint-4544-merged-1batch-2560seq-3epoch-apigen-nomlp::zh_simple_python::zh_simple_python_325,wrong,correct,b_correct_a_wrong
Salesforce_Llama-xLAM-2-8b-fc-r-checkpoint-4544-merged-1batch-2560seq-3epoch-apigen-nomlp::zh_simple_python::zh_simple_python_326,correct,correct,both_correct
Salesforce_Llama-xLAM-2-8b-fc-r-checkpoint-4544-merged-1batch-2560seq-3epoch-apigen-nomlp::zh_simple_python::zh_simple_python_344,correct,correct,both_correct
Salesforce_Llama-xLAM-2-8b-fc-r-checkpoint-4544-merged-1batch-2560seq-3epoch-apigen-nomlp::zh_simple_python::zh_simple_python_352,correct,correct,both_correct
Salesforce_Llama-xLAM-2-8b-fc-r-checkpoint-4544-merged-1batch-2560seq-3epoch-apigen-nomlp::zh_simple_python::zh_simple_python_369,wrong,correct,b_correct_a_wrong
Salesforce_Llama-xLAM-2-8b-fc-r-checkpoint-4544-merged-1batch-2560seq-3epoch-apigen-nomlp::zh_simple_python::zh_simple_python_373,wrong,correct,b_correct_a_wrong
Salesforce_Llama-xLAM-2-8b-fc-r-checkpoint-4544-merged-1batch-2560seq-3epoch-apigen-nomlp::zh_simple_python::zh_simple_python_375,wrong,correct,b_correct_a_wrong
Salesforce_Llama-xLAM-2-8b-fc-r-checkpoint-4544-merged-1batch-2560seq-3epoch-apigen-nomlp::zh_simple_python::zh_simple_python_386,wrong,correct,b_correct_a_wrong
Salesforce_Llama-xLAM-2-8b-fc-r-checkpoint-4544-merged-1batch-2560seq-3epoch-apigen-nomlp::zh_simple_python::zh_simple_python_387,correct,correct,both_correct
Salesforce_Llama-xLAM-2-8b-fc-r-checkpoint-4544-merged-1batch-2560seq-3epoch-apigen-nomlp::zh_simple_python::zh_simple_python_399,correct,correct,both_correct
Salesforce_Llama-xLAM-2-8b-fc-r-checkpoint-4544-merged-1batch-2560seq-3epoch-apigen-nomlp::zh_simple_python::zh_simple_python_59,wrong,correct,b_correct_a_wrong
Salesforce_Llama-xLAM-2-8b-fc-r-checkpoint-4544-merged-1batch-2560seq-3epoch-apigen-nomlp::zh_simple_python::zh_simple_python_77,correct,correct,both_correct
Salesforce_Llama-xLAM-2-8b-fc-r-checkpoint-4544-merged-1batch-2560seq-3epoch-apigen-nomlp::zh_simple_python::zh_simple_python_80,correct,correct,both_correct
Salesforce_Llama-xLAM-2-8b-fc-r-checkpoint-4544-merged-1batch-2560seq-3epoch-apigen-nomlp::zh_simple_python::zh_simple_python_85,wrong,correct,b_correct_a_wrong
Salesforce_Llama-xLAM-2-8b-fc-r-checkpoint-4544-merged-1batch-2560seq-3epoch-apigen-nomlp::zh_simple_python::zh_simple_python_98,wrong,correct,b_correct_a_wrong
Salesforce_Llama-xLAM-2-8b-fc-r-checkpoint-4785-merged-1batch-2560seq-3epoch-FC::zh_multiple::zh_multiple_127,wrong,correct,b_correct_a_wrong
Salesforce_Llama-xLAM-2-8b-fc-r-checkpoint-4785-merged-1batch-2560seq-3epoch-FC::zh_multiple::zh_multiple_134,correct,correct,both_correct
Salesforce_Llama-xLAM-2-8b-fc-r-checkpoint-4785-merged-1batch-2560seq-3epoch-FC::zh_multiple::zh_multiple_136,correct,correct,both_correct
Salesforce_Llama-xLAM-2-8b-fc-r-checkpoint-4785-merged-1batch-2560seq-3epoch-FC::zh_multiple::zh_multiple_155,wrong,correct,b_correct_a_wrong
Salesforce_Llama-xLAM-2-8b-fc-r-checkpoint-4785-merged-1batch-2560seq-3epoch-FC::zh_multiple::zh_multiple_158,correct,correct,both_correct
Salesforce_Llama-xLAM-2-8b-fc-r-checkpoint-4785-merged-1batch-2560seq-3epoch-FC::zh_multiple::zh_multiple_160,wrong,correct,b_correct_a_wrong
Salesforce_Llama-xLAM-2-8b-fc-r-checkpoint-4785-merged-1batch-2560seq-3epoch-FC::zh_multiple::zh_multiple_165,correct,correct,both_correct
Salesforce_Llama-xLAM-2-8b-fc-r-checkpoint-4785-merged-1batch-2560seq-3epoch-FC::zh_multiple::zh_multiple_171,wrong,correct,b_correct_a_wrong
Salesforce_Llama-xLAM-2-8b-fc-r-checkpoint-4785-merged-1batch-2560seq-3epoch-FC::zh_multiple::zh_multiple_191,wrong,correct,b_correct_a_wrong
Salesforce_Llama-xLAM-2-8b-fc-r-checkpoint-4785-merged-1batch-2560seq-3epoch-FC::zh_multiple::zh_multiple_192,wrong,correct,b_correct_a_wrong
Salesforce_Llama-xLAM-2-8b-fc-r-checkpoint-4785-merged-1batch-2560seq-3epoch-FC::zh_multiple::zh_multiple_58,wrong,correct,b_correct_a_wrong
Salesforce_Llama-xLAM-2-8b-fc-r-checkpoint-4785-merged-1batch-2560seq-3epoch-FC::zh_multiple::zh_multiple_61,correct,correct,both_correct
Salesforce_Llama-xLAM-2-8b-fc-r-checkpoint-4785-merged-1batch-2560seq-3epoch-FC::zh_multiple::zh_multiple_67,wrong,correct,b_correct_a_wrong
Salesforce_Llama-xLAM-2-8b-fc-r-checkpoint-4785-merged-1batch-2560seq-3epoch-FC::zh_multiple::zh_multiple_68,wrong,correct,b_correct_a_wrong
Salesforce_Llama-xLAM-2-8b-fc-r-checkpoint-4785-merged-1batch-2560seq-3epoch-FC::zh_multiple::zh_multiple_78,correct,correct,both_correct
Salesforce_Llama-xLAM-2-8b-fc-r-checkpoint-4785-merged-1batch-2560seq-3epoch-FC::zh_multiple::zh_multiple_8,wrong,correct,b_correct_a_wrong
Salesforce_Llama-xLAM-2-8b-fc-r-checkpoint-4785-merged-1batch-2560seq-3epoch-FC::zh_multiple::zh_multiple_84,correct,correct,both_correct
Salesforce_Llama-xLAM-2-8b-fc-r-checkpoint-4785-merged-1batch-2560seq-3epoch-FC::zh_multiple::zh_multiple_91,wrong,correct,b_correct_a_wrong
Salesforce_Llama-xLAM-2-8b-fc-r-checkpoint-4785-merged-1batch-2560seq-3epoch-FC::zh_multiple::zh_multiple_94,wrong,correct,b_correct_a_wrong
Salesforce_Llama-xLAM-2-8b-fc-r-checkpoint-4785-merged-1batch-2560seq-3epoch-FC::zh_parallel::zh_parallel_117,wrong,correct,b_correct_a_wrong
Salesforce_Llama-xLAM-2-8b-fc-r-checkpoint-4785-merged-1batch-2560seq-3epoch-FC::zh_parallel::zh_parallel_119,correct,correct,both_correct
Salesforce_Llama-xLAM-2-8b-fc-r-checkpoint-4785-merged-1batch-2560seq-3epoch-FC::zh_parallel::zh_parallel_127,correct,correct,both_correct
Salesforce_Llama-xLAM-2-8b-fc-r-checkpoint-4785-merged-1batch-2560seq-3epoch-FC::zh_parallel::zh_parallel_13,wrong,correct,b_correct_a_wrong
Salesforce_Llama-xLAM-2-8b-fc-r-checkpoint-4785-merged-1batch-2560seq-3epoch-FC::zh_parallel::zh_parallel_151,wrong,correct,b_correct_a_wrong
Salesforce_Llama-xLAM-2-8b-fc-r-checkpoint-4785-merged-1batch-2560seq-3epoch-FC::zh_parallel::zh_parallel_155,correct,correct,both_correct
Salesforce_Llama-xLAM-2-8b-fc-r-checkpoint-4785-merged-1batch-2560seq-3epoch-FC::zh_parallel::zh_parallel_159,wrong,correct,b_correct_a_wrong
Salesforce_Llama-xLAM-2-8b-fc-r-checkpoint-4785-merged-1batch-2560seq-3epoch-FC::zh_parallel::zh_parallel_181,wrong,correct,b_correct_a_wrong
Salesforce_Llama-xLAM-2-8b-fc-r-checkpoint-4785-merged-1batch-2560seq-3epoch-FC::zh_parallel::zh_parallel_19,correct,correct,both_correct
Salesforce_Llama-xLAM-2-8b-fc-r-checkpoint-4785-merged-1batch-2560seq-3epoch-FC::zh_parallel::zh_parallel_29,correct,correct,both_correct
Salesforce_Llama-xLAM-2-8b-fc-r-checkpoint-4785-merged-1batch-2560seq-3epoch-FC::zh_parallel::zh_parallel_36,wrong,correct,b_correct_a_wrong
Salesforce_Llama-xLAM-2-8b-fc-r-checkpoint-4785-merged-1batch-2560seq-3epoch-FC::zh_parallel::zh_parallel_44,wrong,correct,b_correct_a_wrong
Salesforce_Llama-xLAM-2-8b-fc-r-checkpoint-4785-merged-1batch-2560seq-3epoch-FC::zh_parallel::zh_parallel_45,wrong,correct,b_correct_a_wrong
Salesforce_Llama-xLAM-2-8b-fc-r-checkpoint-4785-merged-1batch-2560seq-3epoch-FC::zh_parallel::zh_parallel_46,correct,correct,both_correct
Salesforce_Llama-xLAM-2-8b-fc-r-checkpoint-4785-merged-1batch-2560seq-3epoch-FC::zh_parallel::zh_parallel_5,wrong,correct,b_correct_a_wrong
Salesforce_Llama-xLAM-2-8b-fc-r-checkpoint-4785-merged-1batch-2560seq-3epoch-FC::zh_parallel::zh_parallel_51,wrong,correct,b_correct_a_wrong
Salesforce_Llama-xLAM-2-8b-fc-r-checkpoint-4785-merged-1batch-2560seq-3epoch-FC::zh_parallel::zh_parallel_53,wrong,correct,b_correct_a_wrong
Salesforce_Llama-xLAM-2-8b-fc-r-checkpoint-4785-merged-1batch-2560seq-3epoch-FC::zh_parallel::zh_parallel_54,wrong,correct,b_correct_a_wrong
Salesforce_Llama-xLAM-2-8b-fc-r-checkpoint-4785-merged-1batch-2560seq-3epoch-FC::zh_parallel::zh_parallel_56,correct,correct,both_correct
Salesforce_Llama-xLAM-2-8b-fc-r-checkpoint-4785-merged-1batch-2560seq-3epoch-FC::zh_parallel::zh_parallel_68,wrong,correct,b_correct_a_wrong
Salesforce_Llama-xLAM-2-8b-fc-r-checkpoint-4785-merged-1batch-2560seq-3epoch-FC::zh_parallel::zh_parallel_8,correct,correct,both_correct
Salesforce_Llama-xLAM-2-8b-fc-r-checkpoint-4785-merged-1batch-2560seq-3epoch-FC::zh_parallel::zh_parallel_89,correct,correct,both_correct
Salesforce_Llama-xLAM-2-8b-fc-r-checkpoint-4785-merged-1batch-2560seq-3epoch-FC::zh_parallel::zh_parallel_91,correct,correct,both_correct
Salesforce_Llama-xLAM-2-8b-fc-r-checkpoint-4785-merged-1batch-2560seq-3epoch-FC::zh_parallel::zh_parallel_92,correct,correct,both_correct
Salesforce_Llama-xLAM-2-8b-fc-r-checkpoint-4785-merged-1batch-2560seq-3epoch-FC::zh_parallel::zh_parallel_93,correct,correct,both_correct
Salesforce_Llama-xLAM-2-8b-fc-r-checkpoint-4785-merged-1batch-2560seq-3epoch-FC::zh_parallel_multiple::zh_parallel_multiple_10,wrong,correct,b_correct_a_wrong
Salesforce_Llama-xLAM-2-8b-fc-r-checkpoint-4785-merged-1batch-2560seq-3epoch-FC::zh_parallel_multiple::zh_parallel_multiple_100,correct,correct,both_correct
Salesforce_Llama-xLAM-2-8b-fc-r-checkpoint-4785-merged-1batch-2560seq-3epoch-FC::zh_parallel_multiple::zh_parallel_multiple_103,correct,correct,both_correct
Salesforce_Llama-xLAM-2-8b-fc-r-checkpoint-4785-merged-1batch-2560seq-3epoch-FC::zh_parallel_multiple::zh_parallel_multiple_106,correct,correct,both_correct
Salesforce_Llama-xLAM-2-8b-fc-r-checkpoint-4785-merged-1batch-2560seq-3epoch-FC::zh_parallel_multiple::zh_parallel_multiple_115,correct,correct,both_correct
Salesforce_Llama-xLAM-2-8b-fc-r-checkpoint-4785-merged-1batch-2560seq-3epoch-FC::zh_parallel_multiple::zh_parallel_multiple_118,wrong,correct,b_correct_a_wrong
Salesforce_Llama-xLAM-2-8b-fc-r-checkpoint-4785-merged-1batch-2560seq-3epoch-FC::zh_parallel_multiple::zh_parallel_multiple_127,correct,correct,both_correct
Salesforce_Llama-xLAM-2-8b-fc-r-checkpoint-4785-merged-1batch-2560seq-3epoch-FC::zh_parallel_multiple::zh_parallel_multiple_128,correct,correct,both_correct
Salesforce_Llama-xLAM-2-8b-fc-r-checkpoint-4785-merged-1batch-2560seq-3epoch-FC::zh_parallel_multiple::zh_parallel_multiple_135,wrong,correct,b_correct_a_wrong
Salesforce_Llama-xLAM-2-8b-fc-r-checkpoint-4785-merged-1batch-2560seq-3epoch-FC::zh_parallel_multiple::zh_parallel_multiple_137,correct,correct,both_correct
Salesforce_Llama-xLAM-2-8b-fc-r-checkpoint-4785-merged-1batch-2560seq-3epoch-FC::zh_parallel_multiple::zh_parallel_multiple_141,correct,correct,both_correct
Salesforce_Llama-xLAM-2-8b-fc-r-checkpoint-4785-merged-1batch-2560seq-3epoch-FC::zh_parallel_multiple::zh_parallel_multiple_143,correct,correct,both_correct
Salesforce_Llama-xLAM-2-8b-fc-r-checkpoint-4785-merged-1batch-2560seq-3epoch-FC::zh_parallel_multiple::zh_parallel_multiple_147,correct,correct,both_correct
Salesforce_Llama-xLAM-2-8b-fc-r-checkpoint-4785-merged-1batch-2560seq-3epoch-FC::zh_parallel_multiple::zh_parallel_multiple_148,correct,correct,both_correct
Salesforce_Llama-xLAM-2-8b-fc-r-checkpoint-4785-merged-1batch-2560seq-3epoch-FC::zh_parallel_multiple::zh_parallel_multiple_151,correct,correct,both_correct
Salesforce_Llama-xLAM-2-8b-fc-r-checkpoint-4785-merged-1batch-2560seq-3epoch-FC::zh_parallel_multiple::zh_parallel_multiple_153,correct,correct,both_correct
Salesforce_Llama-xLAM-2-8b-fc-r-checkpoint-4785-merged-1batch-2560seq-3epoch-FC::zh_parallel_multiple::zh_parallel_multiple_158,correct,correct,both_correct
Salesforce_Llama-xLAM-2-8b-fc-r-checkpoint-4785-merged-1batch-2560seq-3epoch-FC::zh_parallel_multiple::zh_parallel_multiple_159,correct,correct,both_correct
Salesforce_Llama-xLAM-2-8b-fc-r-checkpoint-4785-merged-1batch-2560seq-3epoch-FC::zh_parallel_multiple::zh_parallel_multiple_160,correct,correct,both_correct
Salesforce_Llama-xLAM-2-8b-fc-r-checkpoint-4785-merged-1batch-2560seq-3epoch-FC::zh_parallel_multiple::zh_parallel_multiple_165,correct,correct,both_correct
Salesforce_Llama-xLAM-2-8b-fc-r-checkpoint-4785-merged-1batch-2560seq-3epoch-FC::zh_parallel_multiple::zh_parallel_multiple_169,wrong,correct,b_correct_a_wrong
Salesforce_Llama-xLAM-2-8b-fc-r-checkpoint-4785-merged-1batch-2560seq-3epoch-FC::zh_parallel_multiple::zh_parallel_multiple_172,correct,correct,both_correct
Salesforce_Llama-xLAM-2-8b-fc-r-checkpoint-4785-merged-1batch-2560seq-3epoch-FC::zh_parallel_multiple::zh_parallel_multiple_176,correct,correct,both_correct
Salesforce_Llama-xLAM-2-8b-fc-r-checkpoint-4785-merged-1batch-2560seq-3epoch-FC::zh_parallel_multiple::zh_parallel_multiple_189,correct,correct,both_correct
Salesforce_Llama-xLAM-2-8b-fc-r-checkpoint-4785-merged-1batch-2560seq-3epoch-FC::zh_parallel_multiple::zh_parallel_multiple_19,correct,correct,both_correct
Salesforce_Llama-xLAM-2-8b-fc-r-checkpoint-4785-merged-1batch-2560seq-3epoch-FC::zh_parallel_multiple::zh_parallel_multiple_191,correct,correct,both_correct
Salesforce_Llama-xLAM-2-8b-fc-r-checkpoint-4785-merged-1batch-2560seq-3epoch-FC::zh_parallel_multiple::zh_parallel_multiple_195,correct,correct,both_correct
Salesforce_Llama-xLAM-2-8b-fc-r-checkpoint-4785-merged-1batch-2560seq-3epoch-FC::zh_parallel_multiple::zh_parallel_multiple_21,wrong,correct,b_correct_a_wrong
Salesforce_Llama-xLAM-2-8b-fc-r-checkpoint-4785-merged-1batch-2560seq-3epoch-FC::zh_parallel_multiple::zh_parallel_multiple_27,correct,correct,both_correct
Salesforce_Llama-xLAM-2-8b-fc-r-checkpoint-4785-merged-1batch-2560seq-3epoch-FC::zh_parallel_multiple::zh_parallel_multiple_32,correct,correct,both_correct
Salesforce_Llama-xLAM-2-8b-fc-r-checkpoint-4785-merged-1batch-2560seq-3epoch-FC::zh_parallel_multiple::zh_parallel_multiple_33,correct,correct,both_correct
Salesforce_Llama-xLAM-2-8b-fc-r-checkpoint-4785-merged-1batch-2560seq-3epoch-FC::zh_parallel_multiple::zh_parallel_multiple_37,correct,correct,both_correct
Salesforce_Llama-xLAM-2-8b-fc-r-checkpoint-4785-merged-1batch-2560seq-3epoch-FC::zh_parallel_multiple::zh_parallel_multiple_50,correct,correct,both_correct
Salesforce_Llama-xLAM-2-8b-fc-r-checkpoint-4785-merged-1batch-2560seq-3epoch-FC::zh_parallel_multiple::zh_parallel_multiple_55,wrong,correct,b_correct_a_wrong
Salesforce_Llama-xLAM-2-8b-fc-r-checkpoint-4785-merged-1batch-2560seq-3epoch-FC::zh_parallel_multiple::zh_parallel_multiple_65,correct,correct,both_correct
Salesforce_Llama-xLAM-2-8b-fc-r-checkpoint-4785-merged-1batch-2560seq-3epoch-FC::zh_parallel_multiple::zh_parallel_multiple_69,wrong,wrong,both_wrong
Salesforce_Llama-xLAM-2-8b-fc-r-checkpoint-4785-merged-1batch-2560seq-3epoch-FC::zh_parallel_multiple::zh_parallel_multiple_78,wrong,correct,b_correct_a_wrong
Salesforce_Llama-xLAM-2-8b-fc-r-checkpoint-4785-merged-1batch-2560seq-3epoch-FC::zh_parallel_multiple::zh_parallel_multiple_88,correct,correct,both_correct
Salesforce_Llama-xLAM-2-8b-fc-r-checkpoint-4785-merged-1batch-2560seq-3epoch-FC::zh_parallel_multiple::zh_parallel_multiple_91,correct,correct,both_correct
Salesforce_Llama-xLAM-2-8b-fc-r-checkpoint-4785-merged-1batch-2560seq-3epoch-FC::zh_parallel_multiple::zh_parallel_multiple_93,correct,correct,both_correct
Salesforce_Llama-xLAM-2-8b-fc-r-checkpoint-4785-merged-1batch-2560seq-3epoch-FC::zh_parallel_multiple::zh_parallel_multiple_97,wrong,correct,b_correct_a_wrong
Salesforce_Llama-xLAM-2-8b-fc-r-checkpoint-4785-merged-1batch-2560seq-3epoch-FC::zh_simple_python::zh_simple_python_126,wrong,correct,b_correct_a_wrong
Salesforce_Llama-xLAM-2-8b-fc-r-checkpoint-4785-merged-1batch-2560seq-3epoch-FC::zh_simple_python::zh_simple_python_128,wrong,correct,b_correct_a_wrong
Salesforce_Llama-xLAM-2-8b-fc-r-checkpoint-4785-merged-1batch-2560seq-3epoch-FC::zh_simple_python::zh_simple_python_132,wrong,wrong,both_wrong
Salesforce_Llama-xLAM-2-8b-fc-r-checkpoint-4785-merged-1batch-2560seq-3epoch-FC::zh_simple_python::zh_simple_python_147,correct,correct,both_correct
Salesforce_Llama-xLAM-2-8b-fc-r-checkpoint-4785-merged-1batch-2560seq-3epoch-FC::zh_simple_python::zh_simple_python_156,correct,correct,both_correct
Salesforce_Llama-xLAM-2-8b-fc-r-checkpoint-4785-merged-1batch-2560seq-3epoch-FC::zh_simple_python::zh_simple_python_158,correct,correct,both_correct
Salesforce_Llama-xLAM-2-8b-fc-r-checkpoint-4785-merged-1batch-2560seq-3epoch-FC::zh_simple_python::zh_simple_python_159,wrong,correct,b_correct_a_wrong
Salesforce_Llama-xLAM-2-8b-fc-r-checkpoint-4785-merged-1batch-2560seq-3epoch-FC::zh_simple_python::zh_simple_python_162,correct,correct,both_correct
Salesforce_Llama-xLAM-2-8b-fc-r-checkpoint-4785-merged-1batch-2560seq-3epoch-FC::zh_simple_python::zh_simple_python_163,correct,correct,both_correct
Salesforce_Llama-xLAM-2-8b-fc-r-checkpoint-4785-merged-1batch-2560seq-3epoch-FC::zh_simple_python::zh_simple_python_164,correct,correct,both_correct
Salesforce_Llama-xLAM-2-8b-fc-r-checkpoint-4785-merged-1batch-2560seq-3epoch-FC::zh_simple_python::zh_simple_python_166,correct,correct,both_correct
Salesforce_Llama-xLAM-2-8b-fc-r-checkpoint-4785-merged-1batch-2560seq-3epoch-FC::zh_simple_python::zh_simple_python_174,correct,correct,both_correct
Salesforce_Llama-xLAM-2-8b-fc-r-checkpoint-4785-merged-1batch-2560seq-3epoch-FC::zh_simple_python::zh_simple_python_183,wrong,correct,b_correct_a_wrong
Salesforce_Llama-xLAM-2-8b-fc-r-checkpoint-4785-merged-1batch-2560seq-3epoch-FC::zh_simple_python::zh_simple_python_197,correct,correct,both_correct
Salesforce_Llama-xLAM-2-8b-fc-r-checkpoint-4785-merged-1batch-2560seq-3epoch-FC::zh_simple_python::zh_simple_python_200,wrong,correct,b_correct_a_wrong
Salesforce_Llama-xLAM-2-8b-fc-r-checkpoint-4785-merged-1batch-2560seq-3epoch-FC::zh_simple_python::zh_simple_python_202,wrong,correct,b_correct_a_wrong
Salesforce_Llama-xLAM-2-8b-fc-r-checkpoint-4785-merged-1batch-2560seq-3epoch-FC::zh_simple_python::zh_simple_python_209,wrong,correct,b_correct_a_wrong
Salesforce_Llama-xLAM-2-8b-fc-r-checkpoint-4785-merged-1batch-2560seq-3epoch-FC::zh_simple_python::zh_simple_python_212,correct,correct,both_correct
Salesforce_Llama-xLAM-2-8b-fc-r-checkpoint-4785-merged-1batch-2560seq-3epoch-FC::zh_simple_python::zh_simple_python_219,wrong,correct,b_correct_a_wrong
Salesforce_Llama-xLAM-2-8b-fc-r-checkpoint-4785-merged-1batch-2560seq-3epoch-FC::zh_simple_python::zh_simple_python_224,wrong,correct,b_correct_a_wrong
Salesforce_Llama-xLAM-2-8b-fc-r-checkpoint-4785-merged-1batch-2560seq-3epoch-FC::zh_simple_python::zh_simple_python_229,wrong,correct,b_correct_a_wrong
Salesforce_Llama-xLAM-2-8b-fc-r-checkpoint-4785-merged-1batch-2560seq-3epoch-FC::zh_simple_python::zh_simple_python_241,wrong,correct,b_correct_a_wrong
Salesforce_Llama-xLAM-2-8b-fc-r-checkpoint-4785-merged-1batch-2560seq-3epoch-FC::zh_simple_python::zh_simple_python_242,wrong,correct,b_correct_a_wrong
Salesforce_Llama-xLAM-2-8b-fc-r-checkpoint-4785-merged-1batch-2560seq-3epoch-FC::zh_simple_python::zh_simple_python_244,wrong,correct,b_correct_a_wrong
Salesforce_Llama-xLAM-2-8b-fc-r-checkpoint-4785-merged-1batch-2560seq-3epoch-FC::zh_simple_python::zh_simple_python_248,wrong,correct,b_correct_a_wrong
Salesforce_Llama-xLAM-2-8b-fc-r-checkpoint-4785-merged-1batch-2560seq-3epoch-FC::zh_simple_python::zh_simple_python_257,correct,correct,both_correct
Salesforce_Llama-xLAM-2-8b-fc-r-checkpoint-4785-merged-1batch-2560seq-3epoch-FC::zh_simple_python::zh_simple_python_267,wrong,correct,b_correct_a_wrong
Salesforce_Llama-xLAM-2-8b-fc-r-checkpoint-4785-merged-1batch-2560seq-3epoch-FC::zh_simple_python::zh_simple_python_273,correct,correct,both_correct
Salesforce_Llama-xLAM-2-8b-fc-r-checkpoint-4785-merged-1batch-2560seq-3epoch-FC::zh_simple_python::zh_simple_python_283,correct,correct,both_correct
Salesforce_Llama-xLAM-2-8b-fc-r-checkpoint-4785-merged-1batch-2560seq-3epoch-FC::zh_simple_python::zh_simple_python_288,correct,correct,both_correct
Salesforce_Llama-xLAM-2-8b-fc-r-checkpoint-4785-merged-1batch-2560seq-3epoch-FC::zh_simple_python::zh_simple_python_303,wrong,correct,b_correct_a_wrong
Salesforce_Llama-xLAM-2-8b-fc-r-checkpoint-4785-merged-1batch-2560seq-3epoch-FC::zh_simple_python::zh_simple_python_304,wrong,correct,b_correct_a_wrong
Salesforce_Llama-xLAM-2-8b-fc-r-checkpoint-4785-merged-1batch-2560seq-3epoch-FC::zh_simple_python::zh_simple_python_306,wrong,correct,b_correct_a_wrong
Salesforce_Llama-xLAM-2-8b-fc-r-checkpoint-4785-merged-1batch-2560seq-3epoch-FC::zh_simple_python::zh_simple_python_307,wrong,correct,b_correct_a_wrong
Salesforce_Llama-xLAM-2-8b-fc-r-checkpoint-4785-merged-1batch-2560seq-3epoch-FC::zh_simple_python::zh_simple_python_322,correct,correct,both_correct
Salesforce_Llama-xLAM-2-8b-fc-r-checkpoint-4785-merged-1batch-2560seq-3epoch-FC::zh_simple_python::zh_simple_python_324,correct,correct,both_correct
Salesforce_Llama-xLAM-2-8b-fc-r-checkpoint-4785-merged-1batch-2560seq-3epoch-FC::zh_simple_python::zh_simple_python_326,correct,correct,both_correct
Salesforce_Llama-xLAM-2-8b-fc-r-checkpoint-4785-merged-1batch-2560seq-3epoch-FC::zh_simple_python::zh_simple_python_327,correct,correct,both_correct
Salesforce_Llama-xLAM-2-8b-fc-r-checkpoint-4785-merged-1batch-2560seq-3epoch-FC::zh_simple_python::zh_simple_python_337,wrong,correct,b_correct_a_wrong
Salesforce_Llama-xLAM-2-8b-fc-r-checkpoint-4785-merged-1batch-2560seq-3epoch-FC::zh_simple_python::zh_simple_python_344,correct,correct,both_correct
Salesforce_Llama-xLAM-2-8b-fc-r-checkpoint-4785-merged-1batch-2560seq-3epoch-FC::zh_simple_python::zh_simple_python_352,correct,correct,both_correct
Salesforce_Llama-xLAM-2-8b-fc-r-checkpoint-4785-merged-1batch-2560seq-3epoch-FC::zh_simple_python::zh_simple_python_358,correct,correct,both_correct
Salesforce_Llama-xLAM-2-8b-fc-r-checkpoint-4785-merged-1batch-2560seq-3epoch-FC::zh_simple_python::zh_simple_python_360,correct,correct,both_correct
Salesforce_Llama-xLAM-2-8b-fc-r-checkpoint-4785-merged-1batch-2560seq-3epoch-FC::zh_simple_python::zh_simple_python_370,wrong,correct,b_correct_a_wrong
Salesforce_Llama-xLAM-2-8b-fc-r-checkpoint-4785-merged-1batch-2560seq-3epoch-FC::zh_simple_python::zh_simple_python_374,correct,correct,both_correct
Salesforce_Llama-xLAM-2-8b-fc-r-checkpoint-4785-merged-1batch-2560seq-3epoch-FC::zh_simple_python::zh_simple_python_375,wrong,correct,b_correct_a_wrong
Salesforce_Llama-xLAM-2-8b-fc-r-checkpoint-4785-merged-1batch-2560seq-3epoch-FC::zh_simple_python::zh_simple_python_380,correct,correct,both_correct
Salesforce_Llama-xLAM-2-8b-fc-r-checkpoint-4785-merged-1batch-2560seq-3epoch-FC::zh_simple_python::zh_simple_python_384,correct,correct,both_correct
Salesforce_Llama-xLAM-2-8b-fc-r-checkpoint-4785-merged-1batch-2560seq-3epoch-FC::zh_simple_python::zh_simple_python_386,wrong,correct,b_correct_a_wrong
Salesforce_Llama-xLAM-2-8b-fc-r-checkpoint-4785-merged-1batch-2560seq-3epoch-FC::zh_simple_python::zh_simple_python_387,correct,correct,both_correct
Salesforce_Llama-xLAM-2-8b-fc-r-checkpoint-4785-merged-1batch-2560seq-3epoch-FC::zh_simple_python::zh_simple_python_55,correct,correct,both_correct
Salesforce_Llama-xLAM-2-8b-fc-r-checkpoint-4785-merged-1batch-2560seq-3epoch-FC::zh_simple_python::zh_simple_python_77,correct,correct,both_correct
Salesforce_Llama-xLAM-2-8b-fc-r-checkpoint-4785-merged-1batch-2560seq-3epoch-FC::zh_simple_python::zh_simple_python_85,correct,correct,both_correct
Salesforce_Llama-xLAM-2-8b-fc-r-checkpoint-4785-merged-1batch-2560seq-3epoch-FC::zh_simple_python::zh_simple_python_91,correct,correct,both_correct
Salesforce_Llama-xLAM-2-8b-fc-r-checkpoint-4785-merged-1batch-2560seq-3epoch-FC::zh_simple_python::zh_simple_python_98,wrong,correct,b_correct_a_wrong
Salesforce_Llama-xLAM-2-8b-fc-r-checkpoint-4920-merged-1batch-2560seq-3epoch-ALL::zh_multiple::zh_multiple_129,wrong,correct,b_correct_a_wrong
Salesforce_Llama-xLAM-2-8b-fc-r-checkpoint-4920-merged-1batch-2560seq-3epoch-ALL::zh_multiple::zh_multiple_134,correct,correct,both_correct
Salesforce_Llama-xLAM-2-8b-fc-r-checkpoint-4920-merged-1batch-2560seq-3epoch-ALL::zh_multiple::zh_multiple_146,correct,correct,both_correct
Salesforce_Llama-xLAM-2-8b-fc-r-checkpoint-4920-merged-1batch-2560seq-3epoch-ALL::zh_multiple::zh_multiple_158,correct,correct,both_correct
Salesforce_Llama-xLAM-2-8b-fc-r-checkpoint-4920-merged-1batch-2560seq-3epoch-ALL::zh_multiple::zh_multiple_160,wrong,correct,b_correct_a_wrong
Salesforce_Llama-xLAM-2-8b-fc-r-checkpoint-4920-merged-1batch-2560seq-3epoch-ALL::zh_multiple::zh_multiple_165,wrong,correct,b_correct_a_wrong
Salesforce_Llama-xLAM-2-8b-fc-r-checkpoint-4920-merged-1batch-2560seq-3epoch-ALL::zh_multiple::zh_multiple_168,correct,correct,both_correct
Salesforce_Llama-xLAM-2-8b-fc-r-checkpoint-4920-merged-1batch-2560seq-3epoch-ALL::zh_multiple::zh_multiple_174,correct,correct,both_correct
Salesforce_Llama-xLAM-2-8b-fc-r-checkpoint-4920-merged-1batch-2560seq-3epoch-ALL::zh_multiple::zh_multiple_176,correct,correct,both_correct
Salesforce_Llama-xLAM-2-8b-fc-r-checkpoint-4920-merged-1batch-2560seq-3epoch-ALL::zh_multiple::zh_multiple_184,wrong,correct,b_correct_a_wrong
Salesforce_Llama-xLAM-2-8b-fc-r-checkpoint-4920-merged-1batch-2560seq-3epoch-ALL::zh_multiple::zh_multiple_48,correct,correct,both_correct
Salesforce_Llama-xLAM-2-8b-fc-r-checkpoint-4920-merged-1batch-2560seq-3epoch-ALL::zh_multiple::zh_multiple_58,correct,correct,both_correct
Salesforce_Llama-xLAM-2-8b-fc-r-checkpoint-4920-merged-1batch-2560seq-3epoch-ALL::zh_multiple::zh_multiple_78,correct,correct,both_correct
Salesforce_Llama-xLAM-2-8b-fc-r-checkpoint-4920-merged-1batch-2560seq-3epoch-ALL::zh_multiple::zh_multiple_80,wrong,correct,b_correct_a_wrong
Salesforce_Llama-xLAM-2-8b-fc-r-checkpoint-4920-merged-1batch-2560seq-3epoch-ALL::zh_multiple::zh_multiple_84,correct,correct,both_correct
Salesforce_Llama-xLAM-2-8b-fc-r-checkpoint-4920-merged-1batch-2560seq-3epoch-ALL::zh_multiple::zh_multiple_89,correct,correct,both_correct
Salesforce_Llama-xLAM-2-8b-fc-r-checkpoint-4920-merged-1batch-2560seq-3epoch-ALL::zh_multiple::zh_multiple_90,correct,correct,both_correct
Salesforce_Llama-xLAM-2-8b-fc-r-checkpoint-4920-merged-1batch-2560seq-3epoch-ALL::zh_multiple::zh_multiple_93,wrong,correct,b_correct_a_wrong
Salesforce_Llama-xLAM-2-8b-fc-r-checkpoint-4920-merged-1batch-2560seq-3epoch-ALL::zh_multiple::zh_multiple_94,correct,correct,both_correct
Salesforce_Llama-xLAM-2-8b-fc-r-checkpoint-4920-merged-1batch-2560seq-3epoch-ALL::zh_parallel::zh_parallel_117,wrong,correct,b_correct_a_wrong
Salesforce_Llama-xLAM-2-8b-fc-r-checkpoint-4920-merged-1batch-2560seq-3epoch-ALL::zh_parallel::zh_parallel_13,wrong,correct,b_correct_a_wrong
Salesforce_Llama-xLAM-2-8b-fc-r-checkpoint-4920-merged-1batch-2560seq-3epoch-ALL::zh_parallel::zh_parallel_159,wrong,correct,b_correct_a_wrong
Salesforce_Llama-xLAM-2-8b-fc-r-checkpoint-4920-merged-1batch-2560seq-3epoch-ALL::zh_parallel::zh_parallel_181,wrong,correct,b_correct_a_wrong
Salesforce_Llama-xLAM-2-8b-fc-r-checkpoint-4920-merged-1batch-2560seq-3epoch-ALL::zh_parallel::zh_parallel_189,correct,correct,both_correct
Salesforce_Llama-xLAM-2-8b-fc-r-checkpoint-4920-merged-1batch-2560seq-3epoch-ALL::zh_parallel::zh_parallel_19,correct,correct,both_correct
Salesforce_Llama-xLAM-2-8b-fc-r-checkpoint-4920-merged-1batch-2560seq-3epoch-ALL::zh_parallel::zh_parallel_192,correct,correct,both_correct
Salesforce_Llama-xLAM-2-8b-fc-r-checkpoint-4920-merged-1batch-2560seq-3epoch-ALL::zh_parallel::zh_parallel_194,correct,correct,both_correct
Salesforce_Llama-xLAM-2-8b-fc-r-checkpoint-4920-merged-1batch-2560seq-3epoch-ALL::zh_parallel::zh_parallel_195,wrong,correct,b_correct_a_wrong
Salesforce_Llama-xLAM-2-8b-fc-r-checkpoint-4920-merged-1batch-2560seq-3epoch-ALL::zh_parallel::zh_parallel_35,wrong,correct,b_correct_a_wrong
Salesforce_Llama-xLAM-2-8b-fc-r-checkpoint-4920-merged-1batch-2560seq-3epoch-ALL::zh_parallel::zh_parallel_36,correct,correct,both_correct
Salesforce_Llama-xLAM-2-8b-fc-r-checkpoint-4920-merged-1batch-2560seq-3epoch-ALL::zh_parallel::zh_parallel_39,correct,correct,both_correct
Salesforce_Llama-xLAM-2-8b-fc-r-checkpoint-4920-merged-1batch-2560seq-3epoch-ALL::zh_parallel::zh_parallel_40,correct,correct,both_correct
Salesforce_Llama-xLAM-2-8b-fc-r-checkpoint-4920-merged-1batch-2560seq-3epoch-ALL::zh_parallel::zh_parallel_44,wrong,correct,b_correct_a_wrong
Salesforce_Llama-xLAM-2-8b-fc-r-checkpoint-4920-merged-1batch-2560seq-3epoch-ALL::zh_parallel::zh_parallel_46,correct,correct,both_correct
Salesforce_Llama-xLAM-2-8b-fc-r-checkpoint-4920-merged-1batch-2560seq-3epoch-ALL::zh_parallel::zh_parallel_52,correct,correct,both_correct
Salesforce_Llama-xLAM-2-8b-fc-r-checkpoint-4920-merged-1batch-2560seq-3epoch-ALL::zh_parallel::zh_parallel_55,correct,correct,both_correct
Salesforce_Llama-xLAM-2-8b-fc-r-checkpoint-4920-merged-1batch-2560seq-3epoch-ALL::zh_parallel::zh_parallel_91,correct,correct,both_correct
Salesforce_Llama-xLAM-2-8b-fc-r-checkpoint-4920-merged-1batch-2560seq-3epoch-ALL::zh_parallel::zh_parallel_93,correct,correct,both_correct
Salesforce_Llama-xLAM-2-8b-fc-r-checkpoint-4920-merged-1batch-2560seq-3epoch-ALL::zh_parallel_multiple::zh_parallel_multiple_103,correct,correct,both_correct
Salesforce_Llama-xLAM-2-8b-fc-r-checkpoint-4920-merged-1batch-2560seq-3epoch-ALL::zh_parallel_multiple::zh_parallel_multiple_106,correct,correct,both_correct
Salesforce_Llama-xLAM-2-8b-fc-r-checkpoint-4920-merged-1batch-2560seq-3epoch-ALL::zh_parallel_multiple::zh_parallel_multiple_107,correct,correct,both_correct
Salesforce_Llama-xLAM-2-8b-fc-r-checkpoint-4920-merged-1batch-2560seq-3epoch-ALL::zh_parallel_multiple::zh_parallel_multiple_118,correct,correct,both_correct
Salesforce_Llama-xLAM-2-8b-fc-r-checkpoint-4920-merged-1batch-2560seq-3epoch-ALL::zh_parallel_multiple::zh_parallel_multiple_121,correct,correct,both_correct
Salesforce_Llama-xLAM-2-8b-fc-r-checkpoint-4920-merged-1batch-2560seq-3epoch-ALL::zh_parallel_multiple::zh_parallel_multiple_125,correct,correct,both_correct
Salesforce_Llama-xLAM-2-8b-fc-r-checkpoint-4920-merged-1batch-2560seq-3epoch-ALL::zh_parallel_multiple::zh_parallel_multiple_128,correct,correct,both_correct
Salesforce_Llama-xLAM-2-8b-fc-r-checkpoint-4920-merged-1batch-2560seq-3epoch-ALL::zh_parallel_multiple::zh_parallel_multiple_139,correct,correct,both_correct
Salesforce_Llama-xLAM-2-8b-fc-r-checkpoint-4920-merged-1batch-2560seq-3epoch-ALL::zh_parallel_multiple::zh_parallel_multiple_141,correct,correct,both_correct
Salesforce_Llama-xLAM-2-8b-fc-r-checkpoint-4920-merged-1batch-2560seq-3epoch-ALL::zh_parallel_multiple::zh_parallel_multiple_146,correct,correct,both_correct
Salesforce_Llama-xLAM-2-8b-fc-r-checkpoint-4920-merged-1batch-2560seq-3epoch-ALL::zh_parallel_multiple::zh_parallel_multiple_147,correct,correct,both_correct
Salesforce_Llama-xLAM-2-8b-fc-r-checkpoint-4920-merged-1batch-2560seq-3epoch-ALL::zh_parallel_multiple::zh_parallel_multiple_149,correct,correct,both_correct
Salesforce_Llama-xLAM-2-8b-fc-r-checkpoint-4920-merged-1batch-2560seq-3epoch-ALL::zh_parallel_multiple::zh_parallel_multiple_15,correct,correct,both_correct
Salesforce_Llama-xLAM-2-8b-fc-r-checkpoint-4920-merged-1batch-2560seq-3epoch-ALL::zh_parallel_multiple::zh_parallel_multiple_153,correct,correct,both_correct
Salesforce_Llama-xLAM-2-8b-fc-r-checkpoint-4920-merged-1batch-2560seq-3epoch-ALL::zh_parallel_multiple::zh_parallel_multiple_156,correct,correct,both_correct
Salesforce_Llama-xLAM-2-8b-fc-r-checkpoint-4920-merged-1batch-2560seq-3epoch-ALL::zh_parallel_multiple::zh_parallel_multiple_159,correct,correct,both_correct
Salesforce_Llama-xLAM-2-8b-fc-r-checkpoint-4920-merged-1batch-2560seq-3epoch-ALL::zh_parallel_multiple::zh_parallel_multiple_165,correct,correct,both_correct
Salesforce_Llama-xLAM-2-8b-fc-r-checkpoint-4920-merged-1batch-2560seq-3epoch-ALL::zh_parallel_multiple::zh_parallel_multiple_169,wrong,correct,b_correct_a_wrong
Salesforce_Llama-xLAM-2-8b-fc-r-checkpoint-4920-merged-1batch-2560seq-3epoch-ALL::zh_parallel_multiple::zh_parallel_multiple_173,correct,correct,both_correct
Salesforce_Llama-xLAM-2-8b-fc-r-checkpoint-4920-merged-1batch-2560seq-3epoch-ALL::zh_parallel_multiple::zh_parallel_multiple_176,correct,correct,both_correct
Salesforce_Llama-xLAM-2-8b-fc-r-checkpoint-4920-merged-1batch-2560seq-3epoch-ALL::zh_parallel_multiple::zh_parallel_multiple_177,correct,correct,both_correct
Salesforce_Llama-xLAM-2-8b-fc-r-checkpoint-4920-merged-1batch-2560seq-3epoch-ALL::zh_parallel_multiple::zh_parallel_multiple_189,correct,correct,both_correct
Salesforce_Llama-xLAM-2-8b-fc-r-checkpoint-4920-merged-1batch-2560seq-3epoch-ALL::zh_parallel_multiple::zh_parallel_multiple_19,correct,correct,both_correct
Salesforce_Llama-xLAM-2-8b-fc-r-checkpoint-4920-merged-1batch-2560seq-3epoch-ALL::zh_parallel_multiple::zh_parallel_multiple_191,correct,correct,both_correct
Salesforce_Llama-xLAM-2-8b-fc-r-checkpoint-4920-merged-1batch-2560seq-3epoch-ALL::zh_parallel_multiple::zh_parallel_multiple_192,correct,correct,both_correct
Salesforce_Llama-xLAM-2-8b-fc-r-checkpoint-4920-merged-1batch-2560seq-3epoch-ALL::zh_parallel_multiple::zh_parallel_multiple_21,correct,correct,both_correct
Salesforce_Llama-xLAM-2-8b-fc-r-checkpoint-4920-merged-1batch-2560seq-3epoch-ALL::zh_parallel_multiple::zh_parallel_multiple_32,correct,correct,both_correct
Salesforce_Llama-xLAM-2-8b-fc-r-checkpoint-4920-merged-1batch-2560seq-3epoch-ALL::zh_parallel_multiple::zh_parallel_multiple_33,correct,correct,both_correct
Salesforce_Llama-xLAM-2-8b-fc-r-checkpoint-4920-merged-1batch-2560seq-3epoch-ALL::zh_parallel_multiple::zh_parallel_multiple_47,wrong,correct,b_correct_a_wrong
Salesforce_Llama-xLAM-2-8b-fc-r-checkpoint-4920-merged-1batch-2560seq-3epoch-ALL::zh_parallel_multiple::zh_parallel_multiple_50,correct,correct,both_correct
Salesforce_Llama-xLAM-2-8b-fc-r-checkpoint-4920-merged-1batch-2560seq-3epoch-ALL::zh_parallel_multiple::zh_parallel_multiple_54,wrong,correct,b_correct_a_wrong
Salesforce_Llama-xLAM-2-8b-fc-r-checkpoint-4920-merged-1batch-2560seq-3epoch-ALL::zh_parallel_multiple::zh_parallel_multiple_55,correct,correct,both_correct
Salesforce_Llama-xLAM-2-8b-fc-r-checkpoint-4920-merged-1batch-2560seq-3epoch-ALL::zh_parallel_multiple::zh_parallel_multiple_64,wrong,correct,b_correct_a_wrong
Salesforce_Llama-xLAM-2-8b-fc-r-checkpoint-4920-merged-1batch-2560seq-3epoch-ALL::zh_parallel_multiple::zh_parallel_multiple_65,correct,correct,both_correct
Salesforce_Llama-xLAM-2-8b-fc-r-checkpoint-4920-merged-1batch-2560seq-3epoch-ALL::zh_parallel_multiple::zh_parallel_multiple_69,wrong,wrong,both_wrong
Salesforce_Llama-xLAM-2-8b-fc-r-checkpoint-4920-merged-1batch-2560seq-3epoch-ALL::zh_parallel_multiple::zh_parallel_multiple_70,wrong,correct,b_correct_a_wrong
Salesforce_Llama-xLAM-2-8b-fc-r-checkpoint-4920-merged-1batch-2560seq-3epoch-ALL::zh_parallel_multiple::zh_parallel_multiple_78,wrong,correct,b_correct_a_wrong
Salesforce_Llama-xLAM-2-8b-fc-r-checkpoint-4920-merged-1batch-2560seq-3epoch-ALL::zh_parallel_multiple::zh_parallel_multiple_81,correct,correct,both_correct
Salesforce_Llama-xLAM-2-8b-fc-r-checkpoint-4920-merged-1batch-2560seq-3epoch-ALL::zh_parallel_multiple::zh_parallel_multiple_87,correct,correct,both_correct
Salesforce_Llama-xLAM-2-8b-fc-r-checkpoint-4920-merged-1batch-2560seq-3epoch-ALL::zh_parallel_multiple::zh_parallel_multiple_9,correct,correct,both_correct
Salesforce_Llama-xLAM-2-8b-fc-r-checkpoint-4920-merged-1batch-2560seq-3epoch-ALL::zh_parallel_multiple::zh_parallel_multiple_91,wrong,correct,b_correct_a_wrong
Salesforce_Llama-xLAM-2-8b-fc-r-checkpoint-4920-merged-1batch-2560seq-3epoch-ALL::zh_parallel_multiple::zh_parallel_multiple_93,correct,correct,both_correct
Salesforce_Llama-xLAM-2-8b-fc-r-checkpoint-4920-merged-1batch-2560seq-3epoch-ALL::zh_parallel_multiple::zh_parallel_multiple_94,correct,correct,both_correct
Salesforce_Llama-xLAM-2-8b-fc-r-checkpoint-4920-merged-1batch-2560seq-3epoch-ALL::zh_parallel_multiple::zh_parallel_multiple_97,wrong,correct,b_correct_a_wrong
Salesforce_Llama-xLAM-2-8b-fc-r-checkpoint-4920-merged-1batch-2560seq-3epoch-ALL::zh_parallel_multiple::zh_parallel_multiple_99,correct,correct,both_correct
Salesforce_Llama-xLAM-2-8b-fc-r-checkpoint-4920-merged-1batch-2560seq-3epoch-ALL::zh_simple_python::zh_simple_python_139,wrong,correct,b_correct_a_wrong
Salesforce_Llama-xLAM-2-8b-fc-r-checkpoint-4920-merged-1batch-2560seq-3epoch-ALL::zh_simple_python::zh_simple_python_159,wrong,correct,b_correct_a_wrong
Salesforce_Llama-xLAM-2-8b-fc-r-checkpoint-4920-merged-1batch-2560seq-3epoch-ALL::zh_simple_python::zh_simple_python_162,correct,correct,both_correct
Salesforce_Llama-xLAM-2-8b-fc-r-checkpoint-4920-merged-1batch-2560seq-3epoch-ALL::zh_simple_python::zh_simple_python_163,correct,correct,both_correct
Salesforce_Llama-xLAM-2-8b-fc-r-checkpoint-4920-merged-1batch-2560seq-3epoch-ALL::zh_simple_python::zh_simple_python_165,correct,correct,both_correct
Salesforce_Llama-xLAM-2-8b-fc-r-checkpoint-4920-merged-1batch-2560seq-3epoch-ALL::zh_simple_python::zh_simple_python_166,correct,correct,both_correct
Salesforce_Llama-xLAM-2-8b-fc-r-checkpoint-4920-merged-1batch-2560seq-3epoch-ALL::zh_simple_python::zh_simple_python_174,correct,correct,both_correct
Salesforce_Llama-xLAM-2-8b-fc-r-checkpoint-4920-merged-1batch-2560seq-3epoch-ALL::zh_simple_python::zh_simple_python_188,correct,correct,both_correct
Salesforce_Llama-xLAM-2-8b-fc-r-checkpoint-4920-merged-1batch-2560seq-3epoch-ALL::zh_simple_python::zh_simple_python_197,correct,correct,both_correct
Salesforce_Llama-xLAM-2-8b-fc-r-checkpoint-4920-merged-1batch-2560seq-3epoch-ALL::zh_simple_python::zh_simple_python_202,correct,correct,both_correct
Salesforce_Llama-xLAM-2-8b-fc-r-checkpoint-4920-merged-1batch-2560seq-3epoch-ALL::zh_simple_python::zh_simple_python_204,correct,correct,both_correct
Salesforce_Llama-xLAM-2-8b-fc-r-checkpoint-4920-merged-1batch-2560seq-3epoch-ALL::zh_simple_python::zh_simple_python_206,correct,correct,both_correct
Salesforce_Llama-xLAM-2-8b-fc-r-checkpoint-4920-merged-1batch-2560seq-3epoch-ALL::zh_simple_python::zh_simple_python_207,correct,correct,both_correct
Salesforce_Llama-xLAM-2-8b-fc-r-checkpoint-4920-merged-1batch-2560seq-3epoch-ALL::zh_simple_python::zh_simple_python_209,correct,correct,both_correct
Salesforce_Llama-xLAM-2-8b-fc-r-checkpoint-4920-merged-1batch-2560seq-3epoch-ALL::zh_simple_python::zh_simple_python_224,wrong,correct,b_correct_a_wrong
Salesforce_Llama-xLAM-2-8b-fc-r-checkpoint-4920-merged-1batch-2560seq-3epoch-ALL::zh_simple_python::zh_simple_python_229,correct,correct,both_correct
Salesforce_Llama-xLAM-2-8b-fc-r-checkpoint-4920-merged-1batch-2560seq-3epoch-ALL::zh_simple_python::zh_simple_python_234,wrong,correct,b_correct_a_wrong
Salesforce_Llama-xLAM-2-8b-fc-r-checkpoint-4920-merged-1batch-2560seq-3epoch-ALL::zh_simple_python::zh_simple_python_255,correct,correct,both_correct
Salesforce_Llama-xLAM-2-8b-fc-r-checkpoint-4920-merged-1batch-2560seq-3epoch-ALL::zh_simple_python::zh_simple_python_276,correct,correct,both_correct
Salesforce_Llama-xLAM-2-8b-fc-r-checkpoint-4920-merged-1batch-2560seq-3epoch-ALL::zh_simple_python::zh_simple_python_281,correct,correct,both_correct
Salesforce_Llama-xLAM-2-8b-fc-r-checkpoint-4920-merged-1batch-2560seq-3epoch-ALL::zh_simple_python::zh_simple_python_283,correct,correct,both_correct
Salesforce_Llama-xLAM-2-8b-fc-r-checkpoint-4920-merged-1batch-2560seq-3epoch-ALL::zh_simple_python::zh_simple_python_285,correct,correct,both_correct
Salesforce_Llama-xLAM-2-8b-fc-r-checkpoint-4920-merged-1batch-2560seq-3epoch-ALL::zh_simple_python::zh_simple_python_289,correct,correct,both_correct
Salesforce_Llama-xLAM-2-8b-fc-r-checkpoint-4920-merged-1batch-2560seq-3epoch-ALL::zh_simple_python::zh_simple_python_295,correct,correct,both_correct
Salesforce_Llama-xLAM-2-8b-fc-r-checkpoint-4920-merged-1batch-2560seq-3epoch-ALL::zh_simple_python::zh_simple_python_304,wrong,correct,b_correct_a_wrong
Salesforce_Llama-xLAM-2-8b-fc-r-checkpoint-4920-merged-1batch-2560seq-3epoch-ALL::zh_simple_python::zh_simple_python_305,correct,correct,both_correct
Salesforce_Llama-xLAM-2-8b-fc-r-checkpoint-4920-merged-1batch-2560seq-3epoch-ALL::zh_simple_python::zh_simple_python_315,wrong,wrong,both_wrong
Salesforce_Llama-xLAM-2-8b-fc-r-checkpoint-4920-merged-1batch-2560seq-3epoch-ALL::zh_simple_python::zh_simple_python_316,correct,correct,both_correct
Salesforce_Llama-xLAM-2-8b-fc-r-checkpoint-4920-merged-1batch-2560seq-3epoch-ALL::zh_simple_python::zh_simple_python_319,correct,correct,both_correct
Salesforce_Llama-xLAM-2-8b-fc-r-checkpoint-4920-merged-1batch-2560seq-3epoch-ALL::zh_simple_python::zh_simple_python_324,correct,correct,both_correct
Salesforce_Llama-xLAM-2-8b-fc-r-checkpoint-4920-merged-1batch-2560seq-3epoch-ALL::zh_simple_python::zh_simple_python_326,correct,correct,both_correct
Salesforce_Llama-xLAM-2-8b-fc-r-checkpoint-4920-merged-1batch-2560seq-3epoch-ALL::zh_simple_python::zh_simple_python_327,correct,correct,both_correct
Salesforce_Llama-xLAM-2-8b-fc-r-checkpoint-4920-merged-1batch-2560seq-3epoch-ALL::zh_simple_python::zh_simple_python_344,correct,correct,both_correct
Salesforce_Llama-xLAM-2-8b-fc-r-checkpoint-4920-merged-1batch-2560seq-3epoch-ALL::zh_simple_python::zh_simple_python_352,correct,correct,both_correct
Salesforce_Llama-xLAM-2-8b-fc-r-checkpoint-4920-merged-1batch-2560seq-3epoch-ALL::zh_simple_python::zh_simple_python_369,wrong,correct,b_correct_a_wrong
Salesforce_Llama-xLAM-2-8b-fc-r-checkpoint-4920-merged-1batch-2560seq-3epoch-ALL::zh_simple_python::zh_simple_python_373,correct,correct,both_correct
Salesforce_Llama-xLAM-2-8b-fc-r-checkpoint-4920-merged-1batch-2560seq-3epoch-ALL::zh_simple_python::zh_simple_python_375,wrong,correct,b_correct_a_wrong
Salesforce_Llama-xLAM-2-8b-fc-r-checkpoint-4920-merged-1batch-2560seq-3epoch-ALL::zh_simple_python::zh_simple_python_378,correct,correct,both_correct
Salesforce_Llama-xLAM-2-8b-fc-r-checkpoint-4920-merged-1batch-2560seq-3epoch-ALL::zh_simple_python::zh_simple_python_385,correct,correct,both_correct
Salesforce_Llama-xLAM-2-8b-fc-r-checkpoint-4920-merged-1batch-2560seq-3epoch-ALL::zh_simple_python::zh_simple_python_386,wrong,correct,b_correct_a_wrong
Salesforce_Llama-xLAM-2-8b-fc-r-checkpoint-4920-merged-1batch-2560seq-3epoch-ALL::zh_simple_python::zh_simple_python_387,correct,correct,both_correct
Salesforce_Llama-xLAM-2-8b-fc-r-checkpoint-4920-merged-1batch-2560seq-3epoch-ALL::zh_simple_python::zh_simple_python_390,wrong,correct,b_correct_a_wrong
Salesforce_Llama-xLAM-2-8b-fc-r-checkpoint-4920-merged-1batch-2560seq-3epoch-ALL::zh_simple_python::zh_simple_python_396,correct,correct,both_correct
Salesforce_Llama-xLAM-2-8b-fc-r-checkpoint-4920-merged-1batch-2560seq-3epoch-ALL::zh_simple_python::zh_simple_python_399,correct,correct,both_correct
Salesforce_Llama-xLAM-2-8b-fc-r-checkpoint-4920-merged-1batch-2560seq-3epoch-ALL::zh_simple_python::zh_simple_python_77,correct,correct,both_correct
Salesforce_Llama-xLAM-2-8b-fc-r-checkpoint-4920-merged-1batch-2560seq-3epoch-ALL::zh_simple_python::zh_simple_python_85,wrong,correct,b_correct_a_wrong
Salesforce_Llama-xLAM-2-8b-fc-r-checkpoint-5112-merged-1batch-2560seq-3epoch-apigen-nomlp::zh_multiple::zh_multiple_127,wrong,correct,b_correct_a_wrong
Salesforce_Llama-xLAM-2-8b-fc-r-checkpoint-5112-merged-1batch-2560seq-3epoch-apigen-nomlp::zh_multiple::zh_multiple_129,wrong,correct,b_correct_a_wrong
Salesforce_Llama-xLAM-2-8b-fc-r-checkpoint-5112-merged-1batch-2560seq-3epoch-apigen-nomlp::zh_multiple::zh_multiple_134,correct,correct,both_correct
Salesforce_Llama-xLAM-2-8b-fc-r-checkpoint-5112-merged-1batch-2560seq-3epoch-apigen-nomlp::zh_multiple::zh_multiple_136,correct,correct,both_correct
Salesforce_Llama-xLAM-2-8b-fc-r-checkpoint-5112-merged-1batch-2560seq-3epoch-apigen-nomlp::zh_multiple::zh_multiple_146,correct,correct,both_correct
Salesforce_Llama-xLAM-2-8b-fc-r-checkpoint-5112-merged-1batch-2560seq-3epoch-apigen-nomlp::zh_multiple::zh_multiple_149,correct,correct,both_correct
Salesforce_Llama-xLAM-2-8b-fc-r-checkpoint-5112-merged-1batch-2560seq-3epoch-apigen-nomlp::zh_multiple::zh_multiple_151,wrong,correct,b_correct_a_wrong
Salesforce_Llama-xLAM-2-8b-fc-r-checkpoint-5112-merged-1batch-2560seq-3epoch-apigen-nomlp::zh_multiple::zh_multiple_158,correct,correct,both_correct
Salesforce_Llama-xLAM-2-8b-fc-r-checkpoint-5112-merged-1batch-2560seq-3epoch-apigen-nomlp::zh_multiple::zh_multiple_160,wrong,correct,b_correct_a_wrong
Salesforce_Llama-xLAM-2-8b-fc-r-checkpoint-5112-merged-1batch-2560seq-3epoch-apigen-nomlp::zh_multiple::zh_multiple_165,correct,correct,both_correct
Salesforce_Llama-xLAM-2-8b-fc-r-checkpoint-5112-merged-1batch-2560seq-3epoch-apigen-nomlp::zh_multiple::zh_multiple_168,correct,correct,both_correct
Salesforce_Llama-xLAM-2-8b-fc-r-checkpoint-5112-merged-1batch-2560seq-3epoch-apigen-nomlp::zh_multiple::zh_multiple_186,wrong,correct,b_correct_a_wrong
Salesforce_Llama-xLAM-2-8b-fc-r-checkpoint-5112-merged-1batch-2560seq-3epoch-apigen-nomlp::zh_multiple::zh_multiple_190,correct,correct,both_correct
Salesforce_Llama-xLAM-2-8b-fc-r-checkpoint-5112-merged-1batch-2560seq-3epoch-apigen-nomlp::zh_multiple::zh_multiple_49,wrong,correct,b_correct_a_wrong
Salesforce_Llama-xLAM-2-8b-fc-r-checkpoint-5112-merged-1batch-2560seq-3epoch-apigen-nomlp::zh_multiple::zh_multiple_58,correct,correct,both_correct
Salesforce_Llama-xLAM-2-8b-fc-r-checkpoint-5112-merged-1batch-2560seq-3epoch-apigen-nomlp::zh_multiple::zh_multiple_61,correct,correct,both_correct
Salesforce_Llama-xLAM-2-8b-fc-r-checkpoint-5112-merged-1batch-2560seq-3epoch-apigen-nomlp::zh_multiple::zh_multiple_65,wrong,correct,b_correct_a_wrong
Salesforce_Llama-xLAM-2-8b-fc-r-checkpoint-5112-merged-1batch-2560seq-3epoch-apigen-nomlp::zh_multiple::zh_multiple_67,wrong,correct,b_correct_a_wrong
Salesforce_Llama-xLAM-2-8b-fc-r-checkpoint-5112-merged-1batch-2560seq-3epoch-apigen-nomlp::zh_multiple::zh_multiple_78,correct,correct,both_correct
Salesforce_Llama-xLAM-2-8b-fc-r-checkpoint-5112-merged-1batch-2560seq-3epoch-apigen-nomlp::zh_multiple::zh_multiple_8,correct,correct,both_correct
Salesforce_Llama-xLAM-2-8b-fc-r-checkpoint-5112-merged-1batch-2560seq-3epoch-apigen-nomlp::zh_multiple::zh_multiple_84,correct,correct,both_correct
Salesforce_Llama-xLAM-2-8b-fc-r-checkpoint-5112-merged-1batch-2560seq-3epoch-apigen-nomlp::zh_multiple::zh_multiple_90,correct,correct,both_correct
Salesforce_Llama-xLAM-2-8b-fc-r-checkpoint-5112-merged-1batch-2560seq-3epoch-apigen-nomlp::zh_multiple::zh_multiple_91,wrong,correct,b_correct_a_wrong
Salesforce_Llama-xLAM-2-8b-fc-r-checkpoint-5112-merged-1batch-2560seq-3epoch-apigen-nomlp::zh_multiple::zh_multiple_94,wrong,correct,b_correct_a_wrong
Salesforce_Llama-xLAM-2-8b-fc-r-checkpoint-5112-merged-1batch-2560seq-3epoch-apigen-nomlp::zh_parallel::zh_parallel_117,wrong,correct,b_correct_a_wrong
Salesforce_Llama-xLAM-2-8b-fc-r-checkpoint-5112-merged-1batch-2560seq-3epoch-apigen-nomlp::zh_parallel::zh_parallel_13,wrong,correct,b_correct_a_wrong
Salesforce_Llama-xLAM-2-8b-fc-r-checkpoint-5112-merged-1batch-2560seq-3epoch-apigen-nomlp::zh_parallel::zh_parallel_159,wrong,correct,b_correct_a_wrong
Salesforce_Llama-xLAM-2-8b-fc-r-checkpoint-5112-merged-1batch-2560seq-3epoch-apigen-nomlp::zh_parallel::zh_parallel_164,wrong,correct,b_correct_a_wrong
Salesforce_Llama-xLAM-2-8b-fc-r-checkpoint-5112-merged-1batch-2560seq-3epoch-apigen-nomlp::zh_parallel::zh_parallel_181,wrong,correct,b_correct_a_wrong
Salesforce_Llama-xLAM-2-8b-fc-r-checkpoint-5112-merged-1batch-2560seq-3epoch-apigen-nomlp::zh_parallel::zh_parallel_189,correct,correct,both_correct
Salesforce_Llama-xLAM-2-8b-fc-r-checkpoint-5112-merged-1batch-2560seq-3epoch-apigen-nomlp::zh_parallel::zh_parallel_19,correct,correct,both_correct
Salesforce_Llama-xLAM-2-8b-fc-r-checkpoint-5112-merged-1batch-2560seq-3epoch-apigen-nomlp::zh_parallel::zh_parallel_191,correct,correct,both_correct
Salesforce_Llama-xLAM-2-8b-fc-r-checkpoint-5112-merged-1batch-2560seq-3epoch-apigen-nomlp::zh_parallel::zh_parallel_194,correct,correct,both_correct
Salesforce_Llama-xLAM-2-8b-fc-r-checkpoint-5112-merged-1batch-2560seq-3epoch-apigen-nomlp::zh_parallel::zh_parallel_36,correct,correct,both_correct
Salesforce_Llama-xLAM-2-8b-fc-r-checkpoint-5112-merged-1batch-2560seq-3epoch-apigen-nomlp::zh_parallel::zh_parallel_39,correct,correct,both_correct
Salesforce_Llama-xLAM-2-8b-fc-r-checkpoint-5112-merged-1batch-2560seq-3epoch-apigen-nomlp::zh_parallel::zh_parallel_44,wrong,correct,b_correct_a_wrong
Salesforce_Llama-xLAM-2-8b-fc-r-checkpoint-5112-merged-1batch-2560seq-3epoch-apigen-nomlp::zh_parallel::zh_parallel_45,wrong,correct,b_correct_a_wrong
Salesforce_Llama-xLAM-2-8b-fc-r-checkpoint-5112-merged-1batch-2560seq-3epoch-apigen-nomlp::zh_parallel::zh_parallel_46,correct,correct,both_correct
Salesforce_Llama-xLAM-2-8b-fc-r-checkpoint-5112-merged-1batch-2560seq-3epoch-apigen-nomlp::zh_parallel::zh_parallel_51,wrong,correct,b_correct_a_wrong
Salesforce_Llama-xLAM-2-8b-fc-r-checkpoint-5112-merged-1batch-2560seq-3epoch-apigen-nomlp::zh_parallel::zh_parallel_52,correct,correct,both_correct
Salesforce_Llama-xLAM-2-8b-fc-r-checkpoint-5112-merged-1batch-2560seq-3epoch-apigen-nomlp::zh_parallel::zh_parallel_8,correct,correct,both_correct
Salesforce_Llama-xLAM-2-8b-fc-r-checkpoint-5112-merged-1batch-2560seq-3epoch-apigen-nomlp::zh_parallel::zh_parallel_91,correct,correct,both_correct
Salesforce_Llama-xLAM-2-8b-fc-r-checkpoint-5112-merged-1batch-2560seq-3epoch-apigen-nomlp::zh_parallel::zh_parallel_93,correct,correct,both_correct
Salesforce_Llama-xLAM-2-8b-fc-r-checkpoint-5112-merged-1batch-2560seq-3epoch-apigen-nomlp::zh_parallel_multiple::zh_parallel_multiple_10,wrong,correct,b_correct_a_wrong
Salesforce_Llama-xLAM-2-8b-fc-r-checkpoint-5112-merged-1batch-2560seq-3epoch-apigen-nomlp::zh_parallel_multiple::zh_parallel_multiple_103,correct,correct,both_correct
Salesforce_Llama-xLAM-2-8b-fc-r-checkpoint-5112-merged-1batch-2560seq-3epoch-apigen-nomlp::zh_parallel_multiple::zh_parallel_multiple_106,wrong,correct,b_correct_a_wrong
Salesforce_Llama-xLAM-2-8b-fc-r-checkpoint-5112-merged-1batch-2560seq-3epoch-apigen-nomlp::zh_parallel_multiple::zh_parallel_multiple_107,correct,correct,both_correct
Salesforce_Llama-xLAM-2-8b-fc-r-checkpoint-5112-merged-1batch-2560seq-3epoch-apigen-nomlp::zh_parallel_multiple::zh_parallel_multiple_120,correct,correct,both_correct
Salesforce_Llama-xLAM-2-8b-fc-r-checkpoint-5112-merged-1batch-2560seq-3epoch-apigen-nomlp::zh_parallel_multiple::zh_parallel_multiple_125,correct,correct,both_correct
Salesforce_Llama-xLAM-2-8b-fc-r-checkpoint-5112-merged-1batch-2560seq-3epoch-apigen-nomlp::zh_parallel_multiple::zh_parallel_multiple_127,correct,correct,both_correct
Salesforce_Llama-xLAM-2-8b-fc-r-checkpoint-5112-merged-1batch-2560seq-3epoch-apigen-nomlp::zh_parallel_multiple::zh_parallel_multiple_128,correct,correct,both_correct
Salesforce_Llama-xLAM-2-8b-fc-r-checkpoint-5112-merged-1batch-2560seq-3epoch-apigen-nomlp::zh_parallel_multiple::zh_parallel_multiple_136,correct,correct,both_correct
Salesforce_Llama-xLAM-2-8b-fc-r-checkpoint-5112-merged-1batch-2560seq-3epoch-apigen-nomlp::zh_parallel_multiple::zh_parallel_multiple_137,correct,correct,both_correct
Salesforce_Llama-xLAM-2-8b-fc-r-checkpoint-5112-merged-1batch-2560seq-3epoch-apigen-nomlp::zh_parallel_multiple::zh_parallel_multiple_139,correct,correct,both_correct
Salesforce_Llama-xLAM-2-8b-fc-r-checkpoint-5112-merged-1batch-2560seq-3epoch-apigen-nomlp::zh_parallel_multiple::zh_parallel_multiple_141,correct,correct,both_correct
Salesforce_Llama-xLAM-2-8b-fc-r-checkpoint-5112-merged-1batch-2560seq-3epoch-apigen-nomlp::zh_parallel_multiple::zh_parallel_multiple_147,correct,correct,both_correct
Salesforce_Llama-xLAM-2-8b-fc-r-checkpoint-5112-merged-1batch-2560seq-3epoch-apigen-nomlp::zh_parallel_multiple::zh_parallel_multiple_148,correct,correct,both_correct
Salesforce_Llama-xLAM-2-8b-fc-r-checkpoint-5112-merged-1batch-2560seq-3epoch-apigen-nomlp::zh_parallel_multiple::zh_parallel_multiple_153,correct,correct,both_correct
Salesforce_Llama-xLAM-2-8b-fc-r-checkpoint-5112-merged-1batch-2560seq-3epoch-apigen-nomlp::zh_parallel_multiple::zh_parallel_multiple_157,correct,correct,both_correct
Salesforce_Llama-xLAM-2-8b-fc-r-checkpoint-5112-merged-1batch-2560seq-3epoch-apigen-nomlp::zh_parallel_multiple::zh_parallel_multiple_158,wrong,correct,b_correct_a_wrong
Salesforce_Llama-xLAM-2-8b-fc-r-checkpoint-5112-merged-1batch-2560seq-3epoch-apigen-nomlp::zh_parallel_multiple::zh_parallel_multiple_159,correct,correct,both_correct
Salesforce_Llama-xLAM-2-8b-fc-r-checkpoint-5112-merged-1batch-2560seq-3epoch-apigen-nomlp::zh_parallel_multiple::zh_parallel_multiple_163,correct,correct,both_correct
Salesforce_Llama-xLAM-2-8b-fc-r-checkpoint-5112-merged-1batch-2560seq-3epoch-apigen-nomlp::zh_parallel_multiple::zh_parallel_multiple_165,correct,correct,both_correct
Salesforce_Llama-xLAM-2-8b-fc-r-checkpoint-5112-merged-1batch-2560seq-3epoch-apigen-nomlp::zh_parallel_multiple::zh_parallel_multiple_172,correct,correct,both_correct
Salesforce_Llama-xLAM-2-8b-fc-r-checkpoint-5112-merged-1batch-2560seq-3epoch-apigen-nomlp::zh_parallel_multiple::zh_parallel_multiple_173,correct,correct,both_correct
Salesforce_Llama-xLAM-2-8b-fc-r-checkpoint-5112-merged-1batch-2560seq-3epoch-apigen-nomlp::zh_parallel_multiple::zh_parallel_multiple_176,correct,correct,both_correct
Salesforce_Llama-xLAM-2-8b-fc-r-checkpoint-5112-merged-1batch-2560seq-3epoch-apigen-nomlp::zh_parallel_multiple::zh_parallel_multiple_189,correct,correct,both_correct
Salesforce_Llama-xLAM-2-8b-fc-r-checkpoint-5112-merged-1batch-2560seq-3epoch-apigen-nomlp::zh_parallel_multiple::zh_parallel_multiple_19,correct,correct,both_correct
Salesforce_Llama-xLAM-2-8b-fc-r-checkpoint-5112-merged-1batch-2560seq-3epoch-apigen-nomlp::zh_parallel_multiple::zh_parallel_multiple_191,correct,correct,both_correct
Salesforce_Llama-xLAM-2-8b-fc-r-checkpoint-5112-merged-1batch-2560seq-3epoch-apigen-nomlp::zh_parallel_multiple::zh_parallel_multiple_192,correct,correct,both_correct
Salesforce_Llama-xLAM-2-8b-fc-r-checkpoint-5112-merged-1batch-2560seq-3epoch-apigen-nomlp::zh_parallel_multiple::zh_parallel_multiple_195,correct,correct,both_correct
Salesforce_Llama-xLAM-2-8b-fc-r-checkpoint-5112-merged-1batch-2560seq-3epoch-apigen-nomlp::zh_parallel_multiple::zh_parallel_multiple_196,correct,correct,both_correct
Salesforce_Llama-xLAM-2-8b-fc-r-checkpoint-5112-merged-1batch-2560seq-3epoch-apigen-nomlp::zh_parallel_multiple::zh_parallel_multiple_197,correct,correct,both_correct
Salesforce_Llama-xLAM-2-8b-fc-r-checkpoint-5112-merged-1batch-2560seq-3epoch-apigen-nomlp::zh_parallel_multiple::zh_parallel_multiple_21,wrong,correct,b_correct_a_wrong
Salesforce_Llama-xLAM-2-8b-fc-r-checkpoint-5112-merged-1batch-2560seq-3epoch-apigen-nomlp::zh_parallel_multiple::zh_parallel_multiple_27,correct,correct,both_correct
Salesforce_Llama-xLAM-2-8b-fc-r-checkpoint-5112-merged-1batch-2560seq-3epoch-apigen-nomlp::zh_parallel_multiple::zh_parallel_multiple_32,correct,correct,both_correct
Salesforce_Llama-xLAM-2-8b-fc-r-checkpoint-5112-merged-1batch-2560seq-3epoch-apigen-nomlp::zh_parallel_multiple::zh_parallel_multiple_33,correct,correct,both_correct
Salesforce_Llama-xLAM-2-8b-fc-r-checkpoint-5112-merged-1batch-2560seq-3epoch-apigen-nomlp::zh_parallel_multiple::zh_parallel_multiple_37,correct,correct,both_correct
Salesforce_Llama-xLAM-2-8b-fc-r-checkpoint-5112-merged-1batch-2560seq-3epoch-apigen-nomlp::zh_parallel_multiple::zh_parallel_multiple_40,correct,correct,both_correct
Salesforce_Llama-xLAM-2-8b-fc-r-checkpoint-5112-merged-1batch-2560seq-3epoch-apigen-nomlp::zh_parallel_multiple::zh_parallel_multiple_42,correct,correct,both_correct
Salesforce_Llama-xLAM-2-8b-fc-r-checkpoint-5112-merged-1batch-2560seq-3epoch-apigen-nomlp::zh_parallel_multiple::zh_parallel_multiple_50,correct,correct,both_correct
Salesforce_Llama-xLAM-2-8b-fc-r-checkpoint-5112-merged-1batch-2560seq-3epoch-apigen-nomlp::zh_parallel_multiple::zh_parallel_multiple_54,wrong,correct,b_correct_a_wrong
Salesforce_Llama-xLAM-2-8b-fc-r-checkpoint-5112-merged-1batch-2560seq-3epoch-apigen-nomlp::zh_parallel_multiple::zh_parallel_multiple_55,correct,correct,both_correct
Salesforce_Llama-xLAM-2-8b-fc-r-checkpoint-5112-merged-1batch-2560seq-3epoch-apigen-nomlp::zh_parallel_multiple::zh_parallel_multiple_65,correct,correct,both_correct
Salesforce_Llama-xLAM-2-8b-fc-r-checkpoint-5112-merged-1batch-2560seq-3epoch-apigen-nomlp::zh_parallel_multiple::zh_parallel_multiple_69,wrong,wrong,both_wrong
Salesforce_Llama-xLAM-2-8b-fc-r-checkpoint-5112-merged-1batch-2560seq-3epoch-apigen-nomlp::zh_parallel_multiple::zh_parallel_multiple_75,correct,correct,both_correct
Salesforce_Llama-xLAM-2-8b-fc-r-checkpoint-5112-merged-1batch-2560seq-3epoch-apigen-nomlp::zh_parallel_multiple::zh_parallel_multiple_78,correct,correct,both_correct
Salesforce_Llama-xLAM-2-8b-fc-r-checkpoint-5112-merged-1batch-2560seq-3epoch-apigen-nomlp::zh_parallel_multiple::zh_parallel_multiple_81,correct,correct,both_correct
Salesforce_Llama-xLAM-2-8b-fc-r-checkpoint-5112-merged-1batch-2560seq-3epoch-apigen-nomlp::zh_parallel_multiple::zh_parallel_multiple_91,correct,correct,both_correct
Salesforce_Llama-xLAM-2-8b-fc-r-checkpoint-5112-merged-1batch-2560seq-3epoch-apigen-nomlp::zh_parallel_multiple::zh_parallel_multiple_93,correct,correct,both_correct
Salesforce_Llama-xLAM-2-8b-fc-r-checkpoint-5112-merged-1batch-2560seq-3epoch-apigen-nomlp::zh_parallel_multiple::zh_parallel_multiple_94,correct,correct,both_correct
Salesforce_Llama-xLAM-2-8b-fc-r-checkpoint-5112-merged-1batch-2560seq-3epoch-apigen-nomlp::zh_parallel_multiple::zh_parallel_multiple_97,wrong,correct,b_correct_a_wrong
Salesforce_Llama-xLAM-2-8b-fc-r-checkpoint-5112-merged-1batch-2560seq-3epoch-apigen-nomlp::zh_simple_python::zh_simple_python_126,wrong,correct,b_correct_a_wrong
Salesforce_Llama-xLAM-2-8b-fc-r-checkpoint-5112-merged-1batch-2560seq-3epoch-apigen-nomlp::zh_simple_python::zh_simple_python_128,wrong,correct,b_correct_a_wrong
Salesforce_Llama-xLAM-2-8b-fc-r-checkpoint-5112-merged-1batch-2560seq-3epoch-apigen-nomlp::zh_simple_python::zh_simple_python_139,wrong,correct,b_correct_a_wrong
Salesforce_Llama-xLAM-2-8b-fc-r-checkpoint-5112-merged-1batch-2560seq-3epoch-apigen-nomlp::zh_simple_python::zh_simple_python_156,correct,correct,both_correct
Salesforce_Llama-xLAM-2-8b-fc-r-checkpoint-5112-merged-1batch-2560seq-3epoch-apigen-nomlp::zh_simple_python::zh_simple_python_159,wrong,correct,b_correct_a_wrong
Salesforce_Llama-xLAM-2-8b-fc-r-checkpoint-5112-merged-1batch-2560seq-3epoch-apigen-nomlp::zh_simple_python::zh_simple_python_163,correct,correct,both_correct
Salesforce_Llama-xLAM-2-8b-fc-r-checkpoint-5112-merged-1batch-2560seq-3epoch-apigen-nomlp::zh_simple_python::zh_simple_python_164,correct,correct,both_correct
Salesforce_Llama-xLAM-2-8b-fc-r-checkpoint-5112-merged-1batch-2560seq-3epoch-apigen-nomlp::zh_simple_python::zh_simple_python_166,correct,correct,both_correct
Salesforce_Llama-xLAM-2-8b-fc-r-checkpoint-5112-merged-1batch-2560seq-3epoch-apigen-nomlp::zh_simple_python::zh_simple_python_174,correct,correct,both_correct
Salesforce_Llama-xLAM-2-8b-fc-r-checkpoint-5112-merged-1batch-2560seq-3epoch-apigen-nomlp::zh_simple_python::zh_simple_python_197,correct,correct,both_correct
Salesforce_Llama-xLAM-2-8b-fc-r-checkpoint-5112-merged-1batch-2560seq-3epoch-apigen-nomlp::zh_simple_python::zh_simple_python_200,correct,correct,both_correct
Salesforce_Llama-xLAM-2-8b-fc-r-checkpoint-5112-merged-1batch-2560seq-3epoch-apigen-nomlp::zh_simple_python::zh_simple_python_202,correct,correct,both_correct
Salesforce_Llama-xLAM-2-8b-fc-r-checkpoint-5112-merged-1batch-2560seq-3epoch-apigen-nomlp::zh_simple_python::zh_simple_python_204,correct,correct,both_correct
Salesforce_Llama-xLAM-2-8b-fc-r-checkpoint-5112-merged-1batch-2560seq-3epoch-apigen-nomlp::zh_simple_python::zh_simple_python_206,correct,correct,both_correct
Salesforce_Llama-xLAM-2-8b-fc-r-checkpoint-5112-merged-1batch-2560seq-3epoch-apigen-nomlp::zh_simple_python::zh_simple_python_207,correct,correct,both_correct
Salesforce_Llama-xLAM-2-8b-fc-r-checkpoint-5112-merged-1batch-2560seq-3epoch-apigen-nomlp::zh_simple_python::zh_simple_python_216,correct,correct,both_correct
Salesforce_Llama-xLAM-2-8b-fc-r-checkpoint-5112-merged-1batch-2560seq-3epoch-apigen-nomlp::zh_simple_python::zh_simple_python_219,wrong,correct,b_correct_a_wrong
Salesforce_Llama-xLAM-2-8b-fc-r-checkpoint-5112-merged-1batch-2560seq-3epoch-apigen-nomlp::zh_simple_python::zh_simple_python_224,wrong,correct,b_correct_a_wrong
Salesforce_Llama-xLAM-2-8b-fc-r-checkpoint-5112-merged-1batch-2560seq-3epoch-apigen-nomlp::zh_simple_python::zh_simple_python_229,wrong,correct,b_correct_a_wrong
Salesforce_Llama-xLAM-2-8b-fc-r-checkpoint-5112-merged-1batch-2560seq-3epoch-apigen-nomlp::zh_simple_python::zh_simple_python_238,correct,correct,both_correct
Salesforce_Llama-xLAM-2-8b-fc-r-checkpoint-5112-merged-1batch-2560seq-3epoch-apigen-nomlp::zh_simple_python::zh_simple_python_255,correct,correct,both_correct
Salesforce_Llama-xLAM-2-8b-fc-r-checkpoint-5112-merged-1batch-2560seq-3epoch-apigen-nomlp::zh_simple_python::zh_simple_python_257,correct,correct,both_correct
Salesforce_Llama-xLAM-2-8b-fc-r-checkpoint-5112-merged-1batch-2560seq-3epoch-apigen-nomlp::zh_simple_python::zh_simple_python_276,correct,correct,both_correct
Salesforce_Llama-xLAM-2-8b-fc-r-checkpoint-5112-merged-1batch-2560seq-3epoch-apigen-nomlp::zh_simple_python::zh_simple_python_283,correct,correct,both_correct
Salesforce_Llama-xLAM-2-8b-fc-r-checkpoint-5112-merged-1batch-2560seq-3epoch-apigen-nomlp::zh_simple_python::zh_simple_python_289,correct,correct,both_correct
Salesforce_Llama-xLAM-2-8b-fc-r-checkpoint-5112-merged-1batch-2560seq-3epoch-apigen-nomlp::zh_simple_python::zh_simple_python_290,correct,correct,both_correct
Salesforce_Llama-xLAM-2-8b-fc-r-checkpoint-5112-merged-1batch-2560seq-3epoch-apigen-nomlp::zh_simple_python::zh_simple_python_304,wrong,correct,b_correct_a_wrong
Salesforce_Llama-xLAM-2-8b-fc-r-checkpoint-5112-merged-1batch-2560seq-3epoch-apigen-nomlp::zh_simple_python::zh_simple_python_315,wrong,wrong,both_wrong
Salesforce_Llama-xLAM-2-8b-fc-r-checkpoint-5112-merged-1batch-2560seq-3epoch-apigen-nomlp::zh_simple_python::zh_simple_python_316,correct,correct,both_correct
Salesforce_Llama-xLAM-2-8b-fc-r-checkpoint-5112-merged-1batch-2560seq-3epoch-apigen-nomlp::zh_simple_python::zh_simple_python_324,correct,correct,both_correct
Salesforce_Llama-xLAM-2-8b-fc-r-checkpoint-5112-merged-1batch-2560seq-3epoch-apigen-nomlp::zh_simple_python::zh_simple_python_325,wrong,correct,b_correct_a_wrong
Salesforce_Llama-xLAM-2-8b-fc-r-checkpoint-5112-merged-1batch-2560seq-3epoch-apigen-nomlp::zh_simple_python::zh_simple_python_326,correct,correct,both_correct
Salesforce_Llama-xLAM-2-8b-fc-r-checkpoint-5112-merged-1batch-2560seq-3epoch-apigen-nomlp::zh_simple_python::zh_simple_python_344,correct,correct,both_correct
Salesforce_Llama-xLAM-2-8b-fc-r-checkpoint-5112-merged-1batch-2560seq-3epoch-apigen-nomlp::zh_simple_python::zh_simple_python_352,correct,correct,both_correct
Salesforce_Llama-xLAM-2-8b-fc-r-checkpoint-5112-merged-1batch-2560seq-3epoch-apigen-nomlp::zh_simple_python::zh_simple_python_369,wrong,correct,b_correct_a_wrong
Salesforce_Llama-xLAM-2-8b-fc-r-checkpoint-5112-merged-1batch-2560seq-3epoch-apigen-nomlp::zh_simple_python::zh_simple_python_373,wrong,correct,b_correct_a_wrong
Salesforce_Llama-xLAM-2-8b-fc-r-checkpoint-5112-merged-1batch-2560seq-3epoch-apigen-nomlp::zh_simple_python::zh_simple_python_375,wrong,correct,b_correct_a_wrong
Salesforce_Llama-xLAM-2-8b-fc-r-checkpoint-5112-merged-1batch-2560seq-3epoch-apigen-nomlp::zh_simple_python::zh_simple_python_386,wrong,correct,b_correct_a_wrong
Salesforce_Llama-xLAM-2-8b-fc-r-checkpoint-5112-merged-1batch-2560seq-3epoch-apigen-nomlp::zh_simple_python::zh_simple_python_387,correct,correct,both_correct
Salesforce_Llama-xLAM-2-8b-fc-r-checkpoint-5112-merged-1batch-2560seq-3epoch-apigen-nomlp::zh_simple_python::zh_simple_python_399,correct,correct,both_correct
Salesforce_Llama-xLAM-2-8b-fc-r-checkpoint-5112-merged-1batch-2560seq-3epoch-apigen-nomlp::zh_simple_python::zh_simple_python_59,wrong,correct,b_correct_a_wrong
Salesforce_Llama-xLAM-2-8b-fc-r-checkpoint-5112-merged-1batch-2560seq-3epoch-apigen-nomlp::zh_simple_python::zh_simple_python_77,correct,correct,both_correct
Salesforce_Llama-xLAM-2-8b-fc-r-checkpoint-5112-merged-1batch-2560seq-3epoch-apigen-nomlp::zh_simple_python::zh_simple_python_80,correct,correct,both_correct
Salesforce_Llama-xLAM-2-8b-fc-r-checkpoint-5112-merged-1batch-2560seq-3epoch-apigen-nomlp::zh_simple_python::zh_simple_python_85,wrong,correct,b_correct_a_wrong
Salesforce_Llama-xLAM-2-8b-fc-r-checkpoint-5112-merged-1batch-2560seq-3epoch-apigen-nomlp::zh_simple_python::zh_simple_python_98,wrong,correct,b_correct_a_wrong
Salesforce_Llama-xLAM-2-8b-fc-r-checkpoint-5115-merged-1batch-2560seq-3epoch-apigen-nomlp::zh_multiple::zh_multiple_127,wrong,correct,b_correct_a_wrong
Salesforce_Llama-xLAM-2-8b-fc-r-checkpoint-5115-merged-1batch-2560seq-3epoch-apigen-nomlp::zh_multiple::zh_multiple_129,wrong,correct,b_correct_a_wrong
Salesforce_Llama-xLAM-2-8b-fc-r-checkpoint-5115-merged-1batch-2560seq-3epoch-apigen-nomlp::zh_multiple::zh_multiple_134,correct,correct,both_correct
Salesforce_Llama-xLAM-2-8b-fc-r-checkpoint-5115-merged-1batch-2560seq-3epoch-apigen-nomlp::zh_multiple::zh_multiple_136,wrong,correct,b_correct_a_wrong
Salesforce_Llama-xLAM-2-8b-fc-r-checkpoint-5115-merged-1batch-2560seq-3epoch-apigen-nomlp::zh_multiple::zh_multiple_146,correct,correct,both_correct
Salesforce_Llama-xLAM-2-8b-fc-r-checkpoint-5115-merged-1batch-2560seq-3epoch-apigen-nomlp::zh_multiple::zh_multiple_149,correct,correct,both_correct
Salesforce_Llama-xLAM-2-8b-fc-r-checkpoint-5115-merged-1batch-2560seq-3epoch-apigen-nomlp::zh_multiple::zh_multiple_151,wrong,correct,b_correct_a_wrong
Salesforce_Llama-xLAM-2-8b-fc-r-checkpoint-5115-merged-1batch-2560seq-3epoch-apigen-nomlp::zh_multiple::zh_multiple_158,correct,correct,both_correct
Salesforce_Llama-xLAM-2-8b-fc-r-checkpoint-5115-merged-1batch-2560seq-3epoch-apigen-nomlp::zh_multiple::zh_multiple_160,wrong,correct,b_correct_a_wrong
Salesforce_Llama-xLAM-2-8b-fc-r-checkpoint-5115-merged-1batch-2560seq-3epoch-apigen-nomlp::zh_multiple::zh_multiple_165,wrong,correct,b_correct_a_wrong
Salesforce_Llama-xLAM-2-8b-fc-r-checkpoint-5115-merged-1batch-2560seq-3epoch-apigen-nomlp::zh_multiple::zh_multiple_168,wrong,correct,b_correct_a_wrong
Salesforce_Llama-xLAM-2-8b-fc-r-checkpoint-5115-merged-1batch-2560seq-3epoch-apigen-nomlp::zh_multiple::zh_multiple_186,wrong,correct,b_correct_a_wrong
Salesforce_Llama-xLAM-2-8b-fc-r-checkpoint-5115-merged-1batch-2560seq-3epoch-apigen-nomlp::zh_multiple::zh_multiple_49,wrong,correct,b_correct_a_wrong
Salesforce_Llama-xLAM-2-8b-fc-r-checkpoint-5115-merged-1batch-2560seq-3epoch-apigen-nomlp::zh_multiple::zh_multiple_58,correct,correct,both_correct
Salesforce_Llama-xLAM-2-8b-fc-r-checkpoint-5115-merged-1batch-2560seq-3epoch-apigen-nomlp::zh_multiple::zh_multiple_61,correct,correct,both_correct
Salesforce_Llama-xLAM-2-8b-fc-r-checkpoint-5115-merged-1batch-2560seq-3epoch-apigen-nomlp::zh_multiple::zh_multiple_65,wrong,correct,b_correct_a_wrong
Salesforce_Llama-xLAM-2-8b-fc-r-checkpoint-5115-merged-1batch-2560seq-3epoch-apigen-nomlp::zh_multiple::zh_multiple_67,correct,correct,both_correct
Salesforce_Llama-xLAM-2-8b-fc-r-checkpoint-5115-merged-1batch-2560seq-3epoch-apigen-nomlp::zh_multiple::zh_multiple_78,correct,correct,both_correct
Salesforce_Llama-xLAM-2-8b-fc-r-checkpoint-5115-merged-1batch-2560seq-3epoch-apigen-nomlp::zh_multiple::zh_multiple_8,correct,correct,both_correct
Salesforce_Llama-xLAM-2-8b-fc-r-checkpoint-5115-merged-1batch-2560seq-3epoch-apigen-nomlp::zh_multiple::zh_multiple_84,correct,correct,both_correct
Salesforce_Llama-xLAM-2-8b-fc-r-checkpoint-5115-merged-1batch-2560seq-3epoch-apigen-nomlp::zh_multiple::zh_multiple_90,correct,correct,both_correct
Salesforce_Llama-xLAM-2-8b-fc-r-checkpoint-5115-merged-1batch-2560seq-3epoch-apigen-nomlp::zh_multiple::zh_multiple_91,wrong,correct,b_correct_a_wrong
Salesforce_Llama-xLAM-2-8b-fc-r-checkpoint-5115-merged-1batch-2560seq-3epoch-apigen-nomlp::zh_multiple::zh_multiple_94,wrong,correct,b_correct_a_wrong
Salesforce_Llama-xLAM-2-8b-fc-r-checkpoint-5115-merged-1batch-2560seq-3epoch-apigen-nomlp::zh_parallel::zh_parallel_117,wrong,correct,b_correct_a_wrong
Salesforce_Llama-xLAM-2-8b-fc-r-checkpoint-5115-merged-1batch-2560seq-3epoch-apigen-nomlp::zh_parallel::zh_parallel_127,correct,correct,both_correct
Salesforce_Llama-xLAM-2-8b-fc-r-checkpoint-5115-merged-1batch-2560seq-3epoch-apigen-nomlp::zh_parallel::zh_parallel_13,wrong,correct,b_correct_a_wrong
Salesforce_Llama-xLAM-2-8b-fc-r-checkpoint-5115-merged-1batch-2560seq-3epoch-apigen-nomlp::zh_parallel::zh_parallel_130,correct,correct,both_correct
Salesforce_Llama-xLAM-2-8b-fc-r-checkpoint-5115-merged-1batch-2560seq-3epoch-apigen-nomlp::zh_parallel::zh_parallel_159,wrong,correct,b_correct_a_wrong
Salesforce_Llama-xLAM-2-8b-fc-r-checkpoint-5115-merged-1batch-2560seq-3epoch-apigen-nomlp::zh_parallel::zh_parallel_164,wrong,correct,b_correct_a_wrong
Salesforce_Llama-xLAM-2-8b-fc-r-checkpoint-5115-merged-1batch-2560seq-3epoch-apigen-nomlp::zh_parallel::zh_parallel_181,wrong,correct,b_correct_a_wrong
Salesforce_Llama-xLAM-2-8b-fc-r-checkpoint-5115-merged-1batch-2560seq-3epoch-apigen-nomlp::zh_parallel::zh_parallel_189,correct,correct,both_correct
Salesforce_Llama-xLAM-2-8b-fc-r-checkpoint-5115-merged-1batch-2560seq-3epoch-apigen-nomlp::zh_parallel::zh_parallel_191,correct,correct,both_correct
Salesforce_Llama-xLAM-2-8b-fc-r-checkpoint-5115-merged-1batch-2560seq-3epoch-apigen-nomlp::zh_parallel::zh_parallel_194,correct,correct,both_correct
Salesforce_Llama-xLAM-2-8b-fc-r-checkpoint-5115-merged-1batch-2560seq-3epoch-apigen-nomlp::zh_parallel::zh_parallel_36,correct,correct,both_correct
Salesforce_Llama-xLAM-2-8b-fc-r-checkpoint-5115-merged-1batch-2560seq-3epoch-apigen-nomlp::zh_parallel::zh_parallel_39,correct,correct,both_correct
Salesforce_Llama-xLAM-2-8b-fc-r-checkpoint-5115-merged-1batch-2560seq-3epoch-apigen-nomlp::zh_parallel::zh_parallel_44,wrong,correct,b_correct_a_wrong
Salesforce_Llama-xLAM-2-8b-fc-r-checkpoint-5115-merged-1batch-2560seq-3epoch-apigen-nomlp::zh_parallel::zh_parallel_45,wrong,correct,b_correct_a_wrong
Salesforce_Llama-xLAM-2-8b-fc-r-checkpoint-5115-merged-1batch-2560seq-3epoch-apigen-nomlp::zh_parallel::zh_parallel_46,correct,correct,both_correct
Salesforce_Llama-xLAM-2-8b-fc-r-checkpoint-5115-merged-1batch-2560seq-3epoch-apigen-nomlp::zh_parallel::zh_parallel_51,wrong,correct,b_correct_a_wrong
Salesforce_Llama-xLAM-2-8b-fc-r-checkpoint-5115-merged-1batch-2560seq-3epoch-apigen-nomlp::zh_parallel::zh_parallel_52,correct,correct,both_correct
Salesforce_Llama-xLAM-2-8b-fc-r-checkpoint-5115-merged-1batch-2560seq-3epoch-apigen-nomlp::zh_parallel::zh_parallel_8,correct,correct,both_correct
Salesforce_Llama-xLAM-2-8b-fc-r-checkpoint-5115-merged-1batch-2560seq-3epoch-apigen-nomlp::zh_parallel::zh_parallel_91,correct,correct,both_correct
Salesforce_Llama-xLAM-2-8b-fc-r-checkpoint-5115-merged-1batch-2560seq-3epoch-apigen-nomlp::zh_parallel::zh_parallel_93,correct,correct,both_correct
Salesforce_Llama-xLAM-2-8b-fc-r-checkpoint-5115-merged-1batch-2560seq-3epoch-apigen-nomlp::zh_parallel_multiple::zh_parallel_multiple_10,wrong,correct,b_correct_a_wrong
Salesforce_Llama-xLAM-2-8b-fc-r-checkpoint-5115-merged-1batch-2560seq-3epoch-apigen-nomlp::zh_parallel_multiple::zh_parallel_multiple_103,correct,correct,both_correct
Salesforce_Llama-xLAM-2-8b-fc-r-checkpoint-5115-merged-1batch-2560seq-3epoch-apigen-nomlp::zh_parallel_multiple::zh_parallel_multiple_106,wrong,correct,b_correct_a_wrong
Salesforce_Llama-xLAM-2-8b-fc-r-checkpoint-5115-merged-1batch-2560seq-3epoch-apigen-nomlp::zh_parallel_multiple::zh_parallel_multiple_107,correct,correct,both_correct
Salesforce_Llama-xLAM-2-8b-fc-r-checkpoint-5115-merged-1batch-2560seq-3epoch-apigen-nomlp::zh_parallel_multiple::zh_parallel_multiple_120,correct,correct,both_correct
Salesforce_Llama-xLAM-2-8b-fc-r-checkpoint-5115-merged-1batch-2560seq-3epoch-apigen-nomlp::zh_parallel_multiple::zh_parallel_multiple_125,correct,correct,both_correct
Salesforce_Llama-xLAM-2-8b-fc-r-checkpoint-5115-merged-1batch-2560seq-3epoch-apigen-nomlp::zh_parallel_multiple::zh_parallel_multiple_127,correct,correct,both_correct
Salesforce_Llama-xLAM-2-8b-fc-r-checkpoint-5115-merged-1batch-2560seq-3epoch-apigen-nomlp::zh_parallel_multiple::zh_parallel_multiple_128,correct,correct,both_correct
Salesforce_Llama-xLAM-2-8b-fc-r-checkpoint-5115-merged-1batch-2560seq-3epoch-apigen-nomlp::zh_parallel_multiple::zh_parallel_multiple_136,correct,correct,both_correct
Salesforce_Llama-xLAM-2-8b-fc-r-checkpoint-5115-merged-1batch-2560seq-3epoch-apigen-nomlp::zh_parallel_multiple::zh_parallel_multiple_137,correct,correct,both_correct
Salesforce_Llama-xLAM-2-8b-fc-r-checkpoint-5115-merged-1batch-2560seq-3epoch-apigen-nomlp::zh_parallel_multiple::zh_parallel_multiple_139,correct,correct,both_correct
Salesforce_Llama-xLAM-2-8b-fc-r-checkpoint-5115-merged-1batch-2560seq-3epoch-apigen-nomlp::zh_parallel_multiple::zh_parallel_multiple_141,correct,correct,both_correct
Salesforce_Llama-xLAM-2-8b-fc-r-checkpoint-5115-merged-1batch-2560seq-3epoch-apigen-nomlp::zh_parallel_multiple::zh_parallel_multiple_147,correct,correct,both_correct
Salesforce_Llama-xLAM-2-8b-fc-r-checkpoint-5115-merged-1batch-2560seq-3epoch-apigen-nomlp::zh_parallel_multiple::zh_parallel_multiple_148,correct,correct,both_correct
Salesforce_Llama-xLAM-2-8b-fc-r-checkpoint-5115-merged-1batch-2560seq-3epoch-apigen-nomlp::zh_parallel_multiple::zh_parallel_multiple_153,correct,correct,both_correct
Salesforce_Llama-xLAM-2-8b-fc-r-checkpoint-5115-merged-1batch-2560seq-3epoch-apigen-nomlp::zh_parallel_multiple::zh_parallel_multiple_157,correct,correct,both_correct
Salesforce_Llama-xLAM-2-8b-fc-r-checkpoint-5115-merged-1batch-2560seq-3epoch-apigen-nomlp::zh_parallel_multiple::zh_parallel_multiple_158,correct,correct,both_correct
Salesforce_Llama-xLAM-2-8b-fc-r-checkpoint-5115-merged-1batch-2560seq-3epoch-apigen-nomlp::zh_parallel_multiple::zh_parallel_multiple_159,correct,correct,both_correct
Salesforce_Llama-xLAM-2-8b-fc-r-checkpoint-5115-merged-1batch-2560seq-3epoch-apigen-nomlp::zh_parallel_multiple::zh_parallel_multiple_163,correct,correct,both_correct
Salesforce_Llama-xLAM-2-8b-fc-r-checkpoint-5115-merged-1batch-2560seq-3epoch-apigen-nomlp::zh_parallel_multiple::zh_parallel_multiple_165,correct,correct,both_correct
Salesforce_Llama-xLAM-2-8b-fc-r-checkpoint-5115-merged-1batch-2560seq-3epoch-apigen-nomlp::zh_parallel_multiple::zh_parallel_multiple_172,correct,correct,both_correct
Salesforce_Llama-xLAM-2-8b-fc-r-checkpoint-5115-merged-1batch-2560seq-3epoch-apigen-nomlp::zh_parallel_multiple::zh_parallel_multiple_173,correct,correct,both_correct
Salesforce_Llama-xLAM-2-8b-fc-r-checkpoint-5115-merged-1batch-2560seq-3epoch-apigen-nomlp::zh_parallel_multiple::zh_parallel_multiple_176,correct,correct,both_correct
Salesforce_Llama-xLAM-2-8b-fc-r-checkpoint-5115-merged-1batch-2560seq-3epoch-apigen-nomlp::zh_parallel_multiple::zh_parallel_multiple_189,correct,correct,both_correct
Salesforce_Llama-xLAM-2-8b-fc-r-checkpoint-5115-merged-1batch-2560seq-3epoch-apigen-nomlp::zh_parallel_multiple::zh_parallel_multiple_19,correct,correct,both_correct
Salesforce_Llama-xLAM-2-8b-fc-r-checkpoint-5115-merged-1batch-2560seq-3epoch-apigen-nomlp::zh_parallel_multiple::zh_parallel_multiple_191,correct,correct,both_correct
Salesforce_Llama-xLAM-2-8b-fc-r-checkpoint-5115-merged-1batch-2560seq-3epoch-apigen-nomlp::zh_parallel_multiple::zh_parallel_multiple_192,correct,correct,both_correct
Salesforce_Llama-xLAM-2-8b-fc-r-checkpoint-5115-merged-1batch-2560seq-3epoch-apigen-nomlp::zh_parallel_multiple::zh_parallel_multiple_195,correct,correct,both_correct
Salesforce_Llama-xLAM-2-8b-fc-r-checkpoint-5115-merged-1batch-2560seq-3epoch-apigen-nomlp::zh_parallel_multiple::zh_parallel_multiple_196,correct,correct,both_correct
Salesforce_Llama-xLAM-2-8b-fc-r-checkpoint-5115-merged-1batch-2560seq-3epoch-apigen-nomlp::zh_parallel_multiple::zh_parallel_multiple_197,correct,correct,both_correct
Salesforce_Llama-xLAM-2-8b-fc-r-checkpoint-5115-merged-1batch-2560seq-3epoch-apigen-nomlp::zh_parallel_multiple::zh_parallel_multiple_21,wrong,correct,b_correct_a_wrong
Salesforce_Llama-xLAM-2-8b-fc-r-checkpoint-5115-merged-1batch-2560seq-3epoch-apigen-nomlp::zh_parallel_multiple::zh_parallel_multiple_27,correct,correct,both_correct
Salesforce_Llama-xLAM-2-8b-fc-r-checkpoint-5115-merged-1batch-2560seq-3epoch-apigen-nomlp::zh_parallel_multiple::zh_parallel_multiple_32,correct,correct,both_correct
Salesforce_Llama-xLAM-2-8b-fc-r-checkpoint-5115-merged-1batch-2560seq-3epoch-apigen-nomlp::zh_parallel_multiple::zh_parallel_multiple_33,correct,correct,both_correct
Salesforce_Llama-xLAM-2-8b-fc-r-checkpoint-5115-merged-1batch-2560seq-3epoch-apigen-nomlp::zh_parallel_multiple::zh_parallel_multiple_37,correct,correct,both_correct
Salesforce_Llama-xLAM-2-8b-fc-r-checkpoint-5115-merged-1batch-2560seq-3epoch-apigen-nomlp::zh_parallel_multiple::zh_parallel_multiple_40,correct,correct,both_correct
Salesforce_Llama-xLAM-2-8b-fc-r-checkpoint-5115-merged-1batch-2560seq-3epoch-apigen-nomlp::zh_parallel_multiple::zh_parallel_multiple_42,correct,correct,both_correct
Salesforce_Llama-xLAM-2-8b-fc-r-checkpoint-5115-merged-1batch-2560seq-3epoch-apigen-nomlp::zh_parallel_multiple::zh_parallel_multiple_50,correct,correct,both_correct
Salesforce_Llama-xLAM-2-8b-fc-r-checkpoint-5115-merged-1batch-2560seq-3epoch-apigen-nomlp::zh_parallel_multiple::zh_parallel_multiple_54,wrong,correct,b_correct_a_wrong
Salesforce_Llama-xLAM-2-8b-fc-r-checkpoint-5115-merged-1batch-2560seq-3epoch-apigen-nomlp::zh_parallel_multiple::zh_parallel_multiple_55,correct,correct,both_correct
Salesforce_Llama-xLAM-2-8b-fc-r-checkpoint-5115-merged-1batch-2560seq-3epoch-apigen-nomlp::zh_parallel_multiple::zh_parallel_multiple_65,correct,correct,both_correct
Salesforce_Llama-xLAM-2-8b-fc-r-checkpoint-5115-merged-1batch-2560seq-3epoch-apigen-nomlp::zh_parallel_multiple::zh_parallel_multiple_69,wrong,wrong,both_wrong
Salesforce_Llama-xLAM-2-8b-fc-r-checkpoint-5115-merged-1batch-2560seq-3epoch-apigen-nomlp::zh_parallel_multiple::zh_parallel_multiple_75,correct,correct,both_correct
Salesforce_Llama-xLAM-2-8b-fc-r-checkpoint-5115-merged-1batch-2560seq-3epoch-apigen-nomlp::zh_parallel_multiple::zh_parallel_multiple_78,correct,correct,both_correct
Salesforce_Llama-xLAM-2-8b-fc-r-checkpoint-5115-merged-1batch-2560seq-3epoch-apigen-nomlp::zh_parallel_multiple::zh_parallel_multiple_81,correct,correct,both_correct
Salesforce_Llama-xLAM-2-8b-fc-r-checkpoint-5115-merged-1batch-2560seq-3epoch-apigen-nomlp::zh_parallel_multiple::zh_parallel_multiple_91,correct,correct,both_correct
Salesforce_Llama-xLAM-2-8b-fc-r-checkpoint-5115-merged-1batch-2560seq-3epoch-apigen-nomlp::zh_parallel_multiple::zh_parallel_multiple_93,correct,correct,both_correct
Salesforce_Llama-xLAM-2-8b-fc-r-checkpoint-5115-merged-1batch-2560seq-3epoch-apigen-nomlp::zh_parallel_multiple::zh_parallel_multiple_94,wrong,correct,b_correct_a_wrong
Salesforce_Llama-xLAM-2-8b-fc-r-checkpoint-5115-merged-1batch-2560seq-3epoch-apigen-nomlp::zh_parallel_multiple::zh_parallel_multiple_97,wrong,correct,b_correct_a_wrong
Salesforce_Llama-xLAM-2-8b-fc-r-checkpoint-5115-merged-1batch-2560seq-3epoch-apigen-nomlp::zh_simple_python::zh_simple_python_126,wrong,correct,b_correct_a_wrong
Salesforce_Llama-xLAM-2-8b-fc-r-checkpoint-5115-merged-1batch-2560seq-3epoch-apigen-nomlp::zh_simple_python::zh_simple_python_128,wrong,correct,b_correct_a_wrong
Salesforce_Llama-xLAM-2-8b-fc-r-checkpoint-5115-merged-1batch-2560seq-3epoch-apigen-nomlp::zh_simple_python::zh_simple_python_139,wrong,correct,b_correct_a_wrong
Salesforce_Llama-xLAM-2-8b-fc-r-checkpoint-5115-merged-1batch-2560seq-3epoch-apigen-nomlp::zh_simple_python::zh_simple_python_159,wrong,correct,b_correct_a_wrong
Salesforce_Llama-xLAM-2-8b-fc-r-checkpoint-5115-merged-1batch-2560seq-3epoch-apigen-nomlp::zh_simple_python::zh_simple_python_163,correct,correct,both_correct
Salesforce_Llama-xLAM-2-8b-fc-r-checkpoint-5115-merged-1batch-2560seq-3epoch-apigen-nomlp::zh_simple_python::zh_simple_python_164,wrong,correct,b_correct_a_wrong
Salesforce_Llama-xLAM-2-8b-fc-r-checkpoint-5115-merged-1batch-2560seq-3epoch-apigen-nomlp::zh_simple_python::zh_simple_python_166,correct,correct,both_correct
Salesforce_Llama-xLAM-2-8b-fc-r-checkpoint-5115-merged-1batch-2560seq-3epoch-apigen-nomlp::zh_simple_python::zh_simple_python_174,correct,correct,both_correct
Salesforce_Llama-xLAM-2-8b-fc-r-checkpoint-5115-merged-1batch-2560seq-3epoch-apigen-nomlp::zh_simple_python::zh_simple_python_197,correct,correct,both_correct
Salesforce_Llama-xLAM-2-8b-fc-r-checkpoint-5115-merged-1batch-2560seq-3epoch-apigen-nomlp::zh_simple_python::zh_simple_python_200,correct,correct,both_correct
Salesforce_Llama-xLAM-2-8b-fc-r-checkpoint-5115-merged-1batch-2560seq-3epoch-apigen-nomlp::zh_simple_python::zh_simple_python_202,correct,correct,both_correct
Salesforce_Llama-xLAM-2-8b-fc-r-checkpoint-5115-merged-1batch-2560seq-3epoch-apigen-nomlp::zh_simple_python::zh_simple_python_204,correct,correct,both_correct
Salesforce_Llama-xLAM-2-8b-fc-r-checkpoint-5115-merged-1batch-2560seq-3epoch-apigen-nomlp::zh_simple_python::zh_simple_python_206,correct,correct,both_correct
Salesforce_Llama-xLAM-2-8b-fc-r-checkpoint-5115-merged-1batch-2560seq-3epoch-apigen-nomlp::zh_simple_python::zh_simple_python_207,correct,correct,both_correct
Salesforce_Llama-xLAM-2-8b-fc-r-checkpoint-5115-merged-1batch-2560seq-3epoch-apigen-nomlp::zh_simple_python::zh_simple_python_216,correct,correct,both_correct
Salesforce_Llama-xLAM-2-8b-fc-r-checkpoint-5115-merged-1batch-2560seq-3epoch-apigen-nomlp::zh_simple_python::zh_simple_python_219,wrong,correct,b_correct_a_wrong
Salesforce_Llama-xLAM-2-8b-fc-r-checkpoint-5115-merged-1batch-2560seq-3epoch-apigen-nomlp::zh_simple_python::zh_simple_python_224,wrong,correct,b_correct_a_wrong
Salesforce_Llama-xLAM-2-8b-fc-r-checkpoint-5115-merged-1batch-2560seq-3epoch-apigen-nomlp::zh_simple_python::zh_simple_python_229,wrong,correct,b_correct_a_wrong
Salesforce_Llama-xLAM-2-8b-fc-r-checkpoint-5115-merged-1batch-2560seq-3epoch-apigen-nomlp::zh_simple_python::zh_simple_python_255,correct,correct,both_correct
Salesforce_Llama-xLAM-2-8b-fc-r-checkpoint-5115-merged-1batch-2560seq-3epoch-apigen-nomlp::zh_simple_python::zh_simple_python_257,correct,correct,both_correct
Salesforce_Llama-xLAM-2-8b-fc-r-checkpoint-5115-merged-1batch-2560seq-3epoch-apigen-nomlp::zh_simple_python::zh_simple_python_276,correct,correct,both_correct
Salesforce_Llama-xLAM-2-8b-fc-r-checkpoint-5115-merged-1batch-2560seq-3epoch-apigen-nomlp::zh_simple_python::zh_simple_python_283,correct,correct,both_correct
Salesforce_Llama-xLAM-2-8b-fc-r-checkpoint-5115-merged-1batch-2560seq-3epoch-apigen-nomlp::zh_simple_python::zh_simple_python_289,correct,correct,both_correct
Salesforce_Llama-xLAM-2-8b-fc-r-checkpoint-5115-merged-1batch-2560seq-3epoch-apigen-nomlp::zh_simple_python::zh_simple_python_290,correct,correct,both_correct
Salesforce_Llama-xLAM-2-8b-fc-r-checkpoint-5115-merged-1batch-2560seq-3epoch-apigen-nomlp::zh_simple_python::zh_simple_python_304,wrong,correct,b_correct_a_wrong
Salesforce_Llama-xLAM-2-8b-fc-r-checkpoint-5115-merged-1batch-2560seq-3epoch-apigen-nomlp::zh_simple_python::zh_simple_python_315,wrong,wrong,both_wrong
Salesforce_Llama-xLAM-2-8b-fc-r-checkpoint-5115-merged-1batch-2560seq-3epoch-apigen-nomlp::zh_simple_python::zh_simple_python_316,correct,correct,both_correct
Salesforce_Llama-xLAM-2-8b-fc-r-checkpoint-5115-merged-1batch-2560seq-3epoch-apigen-nomlp::zh_simple_python::zh_simple_python_324,correct,correct,both_correct
Salesforce_Llama-xLAM-2-8b-fc-r-checkpoint-5115-merged-1batch-2560seq-3epoch-apigen-nomlp::zh_simple_python::zh_simple_python_325,wrong,correct,b_correct_a_wrong
Salesforce_Llama-xLAM-2-8b-fc-r-checkpoint-5115-merged-1batch-2560seq-3epoch-apigen-nomlp::zh_simple_python::zh_simple_python_326,correct,correct,both_correct
Salesforce_Llama-xLAM-2-8b-fc-r-checkpoint-5115-merged-1batch-2560seq-3epoch-apigen-nomlp::zh_simple_python::zh_simple_python_344,correct,correct,both_correct
Salesforce_Llama-xLAM-2-8b-fc-r-checkpoint-5115-merged-1batch-2560seq-3epoch-apigen-nomlp::zh_simple_python::zh_simple_python_352,correct,correct,both_correct
Salesforce_Llama-xLAM-2-8b-fc-r-checkpoint-5115-merged-1batch-2560seq-3epoch-apigen-nomlp::zh_simple_python::zh_simple_python_369,wrong,correct,b_correct_a_wrong
Salesforce_Llama-xLAM-2-8b-fc-r-checkpoint-5115-merged-1batch-2560seq-3epoch-apigen-nomlp::zh_simple_python::zh_simple_python_373,wrong,correct,b_correct_a_wrong
Salesforce_Llama-xLAM-2-8b-fc-r-checkpoint-5115-merged-1batch-2560seq-3epoch-apigen-nomlp::zh_simple_python::zh_simple_python_375,wrong,correct,b_correct_a_wrong
Salesforce_Llama-xLAM-2-8b-fc-r-checkpoint-5115-merged-1batch-2560seq-3epoch-apigen-nomlp::zh_simple_python::zh_simple_python_386,wrong,correct,b_correct_a_wrong
Salesforce_Llama-xLAM-2-8b-fc-r-checkpoint-5115-merged-1batch-2560seq-3epoch-apigen-nomlp::zh_simple_python::zh_simple_python_387,correct,correct,both_correct
Salesforce_Llama-xLAM-2-8b-fc-r-checkpoint-5115-merged-1batch-2560seq-3epoch-apigen-nomlp::zh_simple_python::zh_simple_python_399,correct,correct,both_correct
Salesforce_Llama-xLAM-2-8b-fc-r-checkpoint-5115-merged-1batch-2560seq-3epoch-apigen-nomlp::zh_simple_python::zh_simple_python_59,wrong,correct,b_correct_a_wrong
Salesforce_Llama-xLAM-2-8b-fc-r-checkpoint-5115-merged-1batch-2560seq-3epoch-apigen-nomlp::zh_simple_python::zh_simple_python_77,correct,correct,both_correct
Salesforce_Llama-xLAM-2-8b-fc-r-checkpoint-5115-merged-1batch-2560seq-3epoch-apigen-nomlp::zh_simple_python::zh_simple_python_80,correct,correct,both_correct
Salesforce_Llama-xLAM-2-8b-fc-r-checkpoint-5115-merged-1batch-2560seq-3epoch-apigen-nomlp::zh_simple_python::zh_simple_python_85,wrong,correct,b_correct_a_wrong
Salesforce_Llama-xLAM-2-8b-fc-r-checkpoint-5115-merged-1batch-2560seq-3epoch-apigen-nomlp::zh_simple_python::zh_simple_python_98,wrong,correct,b_correct_a_wrong
Salesforce_Llama-xLAM-2-8b-fc-r-checkpoint-568-merged-1batch-2560seq-3epoch-apigen-nomlp::zh_multiple::zh_multiple_134,correct,correct,both_correct
Salesforce_Llama-xLAM-2-8b-fc-r-checkpoint-568-merged-1batch-2560seq-3epoch-apigen-nomlp::zh_multiple::zh_multiple_149,correct,correct,both_correct
Salesforce_Llama-xLAM-2-8b-fc-r-checkpoint-568-merged-1batch-2560seq-3epoch-apigen-nomlp::zh_multiple::zh_multiple_158,correct,correct,both_correct
Salesforce_Llama-xLAM-2-8b-fc-r-checkpoint-568-merged-1batch-2560seq-3epoch-apigen-nomlp::zh_multiple::zh_multiple_160,wrong,correct,b_correct_a_wrong
Salesforce_Llama-xLAM-2-8b-fc-r-checkpoint-568-merged-1batch-2560seq-3epoch-apigen-nomlp::zh_multiple::zh_multiple_165,correct,correct,both_correct
Salesforce_Llama-xLAM-2-8b-fc-r-checkpoint-568-merged-1batch-2560seq-3epoch-apigen-nomlp::zh_multiple::zh_multiple_168,correct,correct,both_correct
Salesforce_Llama-xLAM-2-8b-fc-r-checkpoint-568-merged-1batch-2560seq-3epoch-apigen-nomlp::zh_multiple::zh_multiple_192,wrong,correct,b_correct_a_wrong
Salesforce_Llama-xLAM-2-8b-fc-r-checkpoint-568-merged-1batch-2560seq-3epoch-apigen-nomlp::zh_multiple::zh_multiple_193,correct,correct,both_correct
Salesforce_Llama-xLAM-2-8b-fc-r-checkpoint-568-merged-1batch-2560seq-3epoch-apigen-nomlp::zh_multiple::zh_multiple_56,correct,correct,both_correct
Salesforce_Llama-xLAM-2-8b-fc-r-checkpoint-568-merged-1batch-2560seq-3epoch-apigen-nomlp::zh_multiple::zh_multiple_58,wrong,correct,b_correct_a_wrong
Salesforce_Llama-xLAM-2-8b-fc-r-checkpoint-568-merged-1batch-2560seq-3epoch-apigen-nomlp::zh_multiple::zh_multiple_61,wrong,correct,b_correct_a_wrong
Salesforce_Llama-xLAM-2-8b-fc-r-checkpoint-568-merged-1batch-2560seq-3epoch-apigen-nomlp::zh_multiple::zh_multiple_67,correct,correct,both_correct
Salesforce_Llama-xLAM-2-8b-fc-r-checkpoint-568-merged-1batch-2560seq-3epoch-apigen-nomlp::zh_multiple::zh_multiple_78,correct,correct,both_correct
Salesforce_Llama-xLAM-2-8b-fc-r-checkpoint-568-merged-1batch-2560seq-3epoch-apigen-nomlp::zh_multiple::zh_multiple_91,wrong,correct,b_correct_a_wrong
Salesforce_Llama-xLAM-2-8b-fc-r-checkpoint-568-merged-1batch-2560seq-3epoch-apigen-nomlp::zh_multiple::zh_multiple_94,correct,correct,both_correct
Salesforce_Llama-xLAM-2-8b-fc-r-checkpoint-568-merged-1batch-2560seq-3epoch-apigen-nomlp::zh_parallel::zh_parallel_117,wrong,correct,b_correct_a_wrong
Salesforce_Llama-xLAM-2-8b-fc-r-checkpoint-568-merged-1batch-2560seq-3epoch-apigen-nomlp::zh_parallel::zh_parallel_119,correct,correct,both_correct
Salesforce_Llama-xLAM-2-8b-fc-r-checkpoint-568-merged-1batch-2560seq-3epoch-apigen-nomlp::zh_parallel::zh_parallel_13,wrong,correct,b_correct_a_wrong
Salesforce_Llama-xLAM-2-8b-fc-r-checkpoint-568-merged-1batch-2560seq-3epoch-apigen-nomlp::zh_parallel::zh_parallel_130,correct,correct,both_correct
Salesforce_Llama-xLAM-2-8b-fc-r-checkpoint-568-merged-1batch-2560seq-3epoch-apigen-nomlp::zh_parallel::zh_parallel_151,correct,correct,both_correct
Salesforce_Llama-xLAM-2-8b-fc-r-checkpoint-568-merged-1batch-2560seq-3epoch-apigen-nomlp::zh_parallel::zh_parallel_159,wrong,correct,b_correct_a_wrong
Salesforce_Llama-xLAM-2-8b-fc-r-checkpoint-568-merged-1batch-2560seq-3epoch-apigen-nomlp::zh_parallel::zh_parallel_164,wrong,correct,b_correct_a_wrong
Salesforce_Llama-xLAM-2-8b-fc-r-checkpoint-568-merged-1batch-2560seq-3epoch-apigen-nomlp::zh_parallel::zh_parallel_181,wrong,correct,b_correct_a_wrong
Salesforce_Llama-xLAM-2-8b-fc-r-checkpoint-568-merged-1batch-2560seq-3epoch-apigen-nomlp::zh_parallel::zh_parallel_19,correct,correct,both_correct
Salesforce_Llama-xLAM-2-8b-fc-r-checkpoint-568-merged-1batch-2560seq-3epoch-apigen-nomlp::zh_parallel::zh_parallel_191,correct,correct,both_correct
Salesforce_Llama-xLAM-2-8b-fc-r-checkpoint-568-merged-1batch-2560seq-3epoch-apigen-nomlp::zh_parallel::zh_parallel_194,correct,correct,both_correct
Salesforce_Llama-xLAM-2-8b-fc-r-checkpoint-568-merged-1batch-2560seq-3epoch-apigen-nomlp::zh_parallel::zh_parallel_21,correct,correct,both_correct
Salesforce_Llama-xLAM-2-8b-fc-r-checkpoint-568-merged-1batch-2560seq-3epoch-apigen-nomlp::zh_parallel::zh_parallel_3,wrong,correct,b_correct_a_wrong
Salesforce_Llama-xLAM-2-8b-fc-r-checkpoint-568-merged-1batch-2560seq-3epoch-apigen-nomlp::zh_parallel::zh_parallel_40,correct,correct,both_correct
Salesforce_Llama-xLAM-2-8b-fc-r-checkpoint-568-merged-1batch-2560seq-3epoch-apigen-nomlp::zh_parallel::zh_parallel_44,wrong,correct,b_correct_a_wrong
Salesforce_Llama-xLAM-2-8b-fc-r-checkpoint-568-merged-1batch-2560seq-3epoch-apigen-nomlp::zh_parallel::zh_parallel_45,wrong,correct,b_correct_a_wrong
Salesforce_Llama-xLAM-2-8b-fc-r-checkpoint-568-merged-1batch-2560seq-3epoch-apigen-nomlp::zh_parallel::zh_parallel_46,correct,correct,both_correct
Salesforce_Llama-xLAM-2-8b-fc-r-checkpoint-568-merged-1batch-2560seq-3epoch-apigen-nomlp::zh_parallel::zh_parallel_5,wrong,correct,b_correct_a_wrong
Salesforce_Llama-xLAM-2-8b-fc-r-checkpoint-568-merged-1batch-2560seq-3epoch-apigen-nomlp::zh_parallel::zh_parallel_55,correct,correct,both_correct
Salesforce_Llama-xLAM-2-8b-fc-r-checkpoint-568-merged-1batch-2560seq-3epoch-apigen-nomlp::zh_parallel::zh_parallel_68,wrong,correct,b_correct_a_wrong
Salesforce_Llama-xLAM-2-8b-fc-r-checkpoint-568-merged-1batch-2560seq-3epoch-apigen-nomlp::zh_parallel::zh_parallel_89,correct,correct,both_correct
Salesforce_Llama-xLAM-2-8b-fc-r-checkpoint-568-merged-1batch-2560seq-3epoch-apigen-nomlp::zh_parallel::zh_parallel_93,correct,correct,both_correct
Salesforce_Llama-xLAM-2-8b-fc-r-checkpoint-568-merged-1batch-2560seq-3epoch-apigen-nomlp::zh_parallel_multiple::zh_parallel_multiple_10,wrong,correct,b_correct_a_wrong
Salesforce_Llama-xLAM-2-8b-fc-r-checkpoint-568-merged-1batch-2560seq-3epoch-apigen-nomlp::zh_parallel_multiple::zh_parallel_multiple_103,correct,correct,both_correct
Salesforce_Llama-xLAM-2-8b-fc-r-checkpoint-568-merged-1batch-2560seq-3epoch-apigen-nomlp::zh_parallel_multiple::zh_parallel_multiple_106,correct,correct,both_correct
Salesforce_Llama-xLAM-2-8b-fc-r-checkpoint-568-merged-1batch-2560seq-3epoch-apigen-nomlp::zh_parallel_multiple::zh_parallel_multiple_107,correct,correct,both_correct
Salesforce_Llama-xLAM-2-8b-fc-r-checkpoint-568-merged-1batch-2560seq-3epoch-apigen-nomlp::zh_parallel_multiple::zh_parallel_multiple_126,correct,correct,both_correct
Salesforce_Llama-xLAM-2-8b-fc-r-checkpoint-568-merged-1batch-2560seq-3epoch-apigen-nomlp::zh_parallel_multiple::zh_parallel_multiple_128,correct,correct,both_correct
Salesforce_Llama-xLAM-2-8b-fc-r-checkpoint-568-merged-1batch-2560seq-3epoch-apigen-nomlp::zh_parallel_multiple::zh_parallel_multiple_136,wrong,correct,b_correct_a_wrong
Salesforce_Llama-xLAM-2-8b-fc-r-checkpoint-568-merged-1batch-2560seq-3epoch-apigen-nomlp::zh_parallel_multiple::zh_parallel_multiple_139,correct,correct,both_correct
Salesforce_Llama-xLAM-2-8b-fc-r-checkpoint-568-merged-1batch-2560seq-3epoch-apigen-nomlp::zh_parallel_multiple::zh_parallel_multiple_141,correct,correct,both_correct
Salesforce_Llama-xLAM-2-8b-fc-r-checkpoint-568-merged-1batch-2560seq-3epoch-apigen-nomlp::zh_parallel_multiple::zh_parallel_multiple_147,correct,correct,both_correct
Salesforce_Llama-xLAM-2-8b-fc-r-checkpoint-568-merged-1batch-2560seq-3epoch-apigen-nomlp::zh_parallel_multiple::zh_parallel_multiple_148,correct,correct,both_correct
Salesforce_Llama-xLAM-2-8b-fc-r-checkpoint-568-merged-1batch-2560seq-3epoch-apigen-nomlp::zh_parallel_multiple::zh_parallel_multiple_149,correct,correct,both_correct
Salesforce_Llama-xLAM-2-8b-fc-r-checkpoint-568-merged-1batch-2560seq-3epoch-apigen-nomlp::zh_parallel_multiple::zh_parallel_multiple_158,correct,correct,both_correct
Salesforce_Llama-xLAM-2-8b-fc-r-checkpoint-568-merged-1batch-2560seq-3epoch-apigen-nomlp::zh_parallel_multiple::zh_parallel_multiple_159,correct,correct,both_correct
Salesforce_Llama-xLAM-2-8b-fc-r-checkpoint-568-merged-1batch-2560seq-3epoch-apigen-nomlp::zh_parallel_multiple::zh_parallel_multiple_165,correct,correct,both_correct
Salesforce_Llama-xLAM-2-8b-fc-r-checkpoint-568-merged-1batch-2560seq-3epoch-apigen-nomlp::zh_parallel_multiple::zh_parallel_multiple_169,wrong,correct,b_correct_a_wrong
Salesforce_Llama-xLAM-2-8b-fc-r-checkpoint-568-merged-1batch-2560seq-3epoch-apigen-nomlp::zh_parallel_multiple::zh_parallel_multiple_173,correct,correct,both_correct
Salesforce_Llama-xLAM-2-8b-fc-r-checkpoint-568-merged-1batch-2560seq-3epoch-apigen-nomlp::zh_parallel_multiple::zh_parallel_multiple_176,correct,correct,both_correct
Salesforce_Llama-xLAM-2-8b-fc-r-checkpoint-568-merged-1batch-2560seq-3epoch-apigen-nomlp::zh_parallel_multiple::zh_parallel_multiple_180,correct,correct,both_correct
Salesforce_Llama-xLAM-2-8b-fc-r-checkpoint-568-merged-1batch-2560seq-3epoch-apigen-nomlp::zh_parallel_multiple::zh_parallel_multiple_189,correct,correct,both_correct
Salesforce_Llama-xLAM-2-8b-fc-r-checkpoint-568-merged-1batch-2560seq-3epoch-apigen-nomlp::zh_parallel_multiple::zh_parallel_multiple_19,correct,correct,both_correct
Salesforce_Llama-xLAM-2-8b-fc-r-checkpoint-568-merged-1batch-2560seq-3epoch-apigen-nomlp::zh_parallel_multiple::zh_parallel_multiple_191,correct,correct,both_correct
Salesforce_Llama-xLAM-2-8b-fc-r-checkpoint-568-merged-1batch-2560seq-3epoch-apigen-nomlp::zh_parallel_multiple::zh_parallel_multiple_192,correct,correct,both_correct
Salesforce_Llama-xLAM-2-8b-fc-r-checkpoint-568-merged-1batch-2560seq-3epoch-apigen-nomlp::zh_parallel_multiple::zh_parallel_multiple_196,correct,correct,both_correct
Salesforce_Llama-xLAM-2-8b-fc-r-checkpoint-568-merged-1batch-2560seq-3epoch-apigen-nomlp::zh_parallel_multiple::zh_parallel_multiple_21,correct,correct,both_correct
Salesforce_Llama-xLAM-2-8b-fc-r-checkpoint-568-merged-1batch-2560seq-3epoch-apigen-nomlp::zh_parallel_multiple::zh_parallel_multiple_32,correct,correct,both_correct
Salesforce_Llama-xLAM-2-8b-fc-r-checkpoint-568-merged-1batch-2560seq-3epoch-apigen-nomlp::zh_parallel_multiple::zh_parallel_multiple_33,correct,correct,both_correct
Salesforce_Llama-xLAM-2-8b-fc-r-checkpoint-568-merged-1batch-2560seq-3epoch-apigen-nomlp::zh_parallel_multiple::zh_parallel_multiple_50,correct,correct,both_correct
Salesforce_Llama-xLAM-2-8b-fc-r-checkpoint-568-merged-1batch-2560seq-3epoch-apigen-nomlp::zh_parallel_multiple::zh_parallel_multiple_54,wrong,correct,b_correct_a_wrong
Salesforce_Llama-xLAM-2-8b-fc-r-checkpoint-568-merged-1batch-2560seq-3epoch-apigen-nomlp::zh_parallel_multiple::zh_parallel_multiple_55,correct,correct,both_correct
Salesforce_Llama-xLAM-2-8b-fc-r-checkpoint-568-merged-1batch-2560seq-3epoch-apigen-nomlp::zh_parallel_multiple::zh_parallel_multiple_65,wrong,correct,b_correct_a_wrong
Salesforce_Llama-xLAM-2-8b-fc-r-checkpoint-568-merged-1batch-2560seq-3epoch-apigen-nomlp::zh_parallel_multiple::zh_parallel_multiple_69,wrong,wrong,both_wrong
Salesforce_Llama-xLAM-2-8b-fc-r-checkpoint-568-merged-1batch-2560seq-3epoch-apigen-nomlp::zh_parallel_multiple::zh_parallel_multiple_78,wrong,correct,b_correct_a_wrong
Salesforce_Llama-xLAM-2-8b-fc-r-checkpoint-568-merged-1batch-2560seq-3epoch-apigen-nomlp::zh_parallel_multiple::zh_parallel_multiple_91,correct,correct,both_correct
Salesforce_Llama-xLAM-2-8b-fc-r-checkpoint-568-merged-1batch-2560seq-3epoch-apigen-nomlp::zh_parallel_multiple::zh_parallel_multiple_93,correct,correct,both_correct
Salesforce_Llama-xLAM-2-8b-fc-r-checkpoint-568-merged-1batch-2560seq-3epoch-apigen-nomlp::zh_parallel_multiple::zh_parallel_multiple_94,correct,correct,both_correct
Salesforce_Llama-xLAM-2-8b-fc-r-checkpoint-568-merged-1batch-2560seq-3epoch-apigen-nomlp::zh_parallel_multiple::zh_parallel_multiple_96,correct,correct,both_correct
Salesforce_Llama-xLAM-2-8b-fc-r-checkpoint-568-merged-1batch-2560seq-3epoch-apigen-nomlp::zh_parallel_multiple::zh_parallel_multiple_97,wrong,correct,b_correct_a_wrong
Salesforce_Llama-xLAM-2-8b-fc-r-checkpoint-568-merged-1batch-2560seq-3epoch-apigen-nomlp::zh_simple_python::zh_simple_python_139,wrong,correct,b_correct_a_wrong
Salesforce_Llama-xLAM-2-8b-fc-r-checkpoint-568-merged-1batch-2560seq-3epoch-apigen-nomlp::zh_simple_python::zh_simple_python_156,correct,correct,both_correct
Salesforce_Llama-xLAM-2-8b-fc-r-checkpoint-568-merged-1batch-2560seq-3epoch-apigen-nomlp::zh_simple_python::zh_simple_python_159,wrong,correct,b_correct_a_wrong
Salesforce_Llama-xLAM-2-8b-fc-r-checkpoint-568-merged-1batch-2560seq-3epoch-apigen-nomlp::zh_simple_python::zh_simple_python_162,correct,correct,both_correct
Salesforce_Llama-xLAM-2-8b-fc-r-checkpoint-568-merged-1batch-2560seq-3epoch-apigen-nomlp::zh_simple_python::zh_simple_python_163,correct,correct,both_correct
Salesforce_Llama-xLAM-2-8b-fc-r-checkpoint-568-merged-1batch-2560seq-3epoch-apigen-nomlp::zh_simple_python::zh_simple_python_164,correct,correct,both_correct
Salesforce_Llama-xLAM-2-8b-fc-r-checkpoint-568-merged-1batch-2560seq-3epoch-apigen-nomlp::zh_simple_python::zh_simple_python_166,correct,correct,both_correct
Salesforce_Llama-xLAM-2-8b-fc-r-checkpoint-568-merged-1batch-2560seq-3epoch-apigen-nomlp::zh_simple_python::zh_simple_python_191,correct,correct,both_correct
Salesforce_Llama-xLAM-2-8b-fc-r-checkpoint-568-merged-1batch-2560seq-3epoch-apigen-nomlp::zh_simple_python::zh_simple_python_197,correct,correct,both_correct
Salesforce_Llama-xLAM-2-8b-fc-r-checkpoint-568-merged-1batch-2560seq-3epoch-apigen-nomlp::zh_simple_python::zh_simple_python_200,wrong,correct,b_correct_a_wrong
Salesforce_Llama-xLAM-2-8b-fc-r-checkpoint-568-merged-1batch-2560seq-3epoch-apigen-nomlp::zh_simple_python::zh_simple_python_202,correct,correct,both_correct
Salesforce_Llama-xLAM-2-8b-fc-r-checkpoint-568-merged-1batch-2560seq-3epoch-apigen-nomlp::zh_simple_python::zh_simple_python_203,wrong,correct,b_correct_a_wrong
Salesforce_Llama-xLAM-2-8b-fc-r-checkpoint-568-merged-1batch-2560seq-3epoch-apigen-nomlp::zh_simple_python::zh_simple_python_207,correct,correct,both_correct
Salesforce_Llama-xLAM-2-8b-fc-r-checkpoint-568-merged-1batch-2560seq-3epoch-apigen-nomlp::zh_simple_python::zh_simple_python_216,correct,correct,both_correct
Salesforce_Llama-xLAM-2-8b-fc-r-checkpoint-568-merged-1batch-2560seq-3epoch-apigen-nomlp::zh_simple_python::zh_simple_python_219,wrong,correct,b_correct_a_wrong
Salesforce_Llama-xLAM-2-8b-fc-r-checkpoint-568-merged-1batch-2560seq-3epoch-apigen-nomlp::zh_simple_python::zh_simple_python_224,wrong,correct,b_correct_a_wrong
Salesforce_Llama-xLAM-2-8b-fc-r-checkpoint-568-merged-1batch-2560seq-3epoch-apigen-nomlp::zh_simple_python::zh_simple_python_229,wrong,correct,b_correct_a_wrong
Salesforce_Llama-xLAM-2-8b-fc-r-checkpoint-568-merged-1batch-2560seq-3epoch-apigen-nomlp::zh_simple_python::zh_simple_python_234,wrong,correct,b_correct_a_wrong
Salesforce_Llama-xLAM-2-8b-fc-r-checkpoint-568-merged-1batch-2560seq-3epoch-apigen-nomlp::zh_simple_python::zh_simple_python_255,correct,correct,both_correct
Salesforce_Llama-xLAM-2-8b-fc-r-checkpoint-568-merged-1batch-2560seq-3epoch-apigen-nomlp::zh_simple_python::zh_simple_python_283,correct,correct,both_correct
Salesforce_Llama-xLAM-2-8b-fc-r-checkpoint-568-merged-1batch-2560seq-3epoch-apigen-nomlp::zh_simple_python::zh_simple_python_295,wrong,correct,b_correct_a_wrong
Salesforce_Llama-xLAM-2-8b-fc-r-checkpoint-568-merged-1batch-2560seq-3epoch-apigen-nomlp::zh_simple_python::zh_simple_python_303,wrong,correct,b_correct_a_wrong
Salesforce_Llama-xLAM-2-8b-fc-r-checkpoint-568-merged-1batch-2560seq-3epoch-apigen-nomlp::zh_simple_python::zh_simple_python_304,wrong,correct,b_correct_a_wrong
Salesforce_Llama-xLAM-2-8b-fc-r-checkpoint-568-merged-1batch-2560seq-3epoch-apigen-nomlp::zh_simple_python::zh_simple_python_306,wrong,correct,b_correct_a_wrong
Salesforce_Llama-xLAM-2-8b-fc-r-checkpoint-568-merged-1batch-2560seq-3epoch-apigen-nomlp::zh_simple_python::zh_simple_python_324,correct,correct,both_correct
Salesforce_Llama-xLAM-2-8b-fc-r-checkpoint-568-merged-1batch-2560seq-3epoch-apigen-nomlp::zh_simple_python::zh_simple_python_326,correct,correct,both_correct
Salesforce_Llama-xLAM-2-8b-fc-r-checkpoint-568-merged-1batch-2560seq-3epoch-apigen-nomlp::zh_simple_python::zh_simple_python_327,correct,correct,both_correct
Salesforce_Llama-xLAM-2-8b-fc-r-checkpoint-568-merged-1batch-2560seq-3epoch-apigen-nomlp::zh_simple_python::zh_simple_python_344,correct,correct,both_correct
Salesforce_Llama-xLAM-2-8b-fc-r-checkpoint-568-merged-1batch-2560seq-3epoch-apigen-nomlp::zh_simple_python::zh_simple_python_352,correct,correct,both_correct
Salesforce_Llama-xLAM-2-8b-fc-r-checkpoint-568-merged-1batch-2560seq-3epoch-apigen-nomlp::zh_simple_python::zh_simple_python_386,wrong,correct,b_correct_a_wrong
Salesforce_Llama-xLAM-2-8b-fc-r-checkpoint-568-merged-1batch-2560seq-3epoch-apigen-nomlp::zh_simple_python::zh_simple_python_387,correct,correct,both_correct
Salesforce_Llama-xLAM-2-8b-fc-r-checkpoint-568-merged-1batch-2560seq-3epoch-apigen-nomlp::zh_simple_python::zh_simple_python_59,wrong,correct,b_correct_a_wrong
Salesforce_Llama-xLAM-2-8b-fc-r-checkpoint-568-merged-1batch-2560seq-3epoch-apigen-nomlp::zh_simple_python::zh_simple_python_63,correct,correct,both_correct
Salesforce_Llama-xLAM-2-8b-fc-r-checkpoint-568-merged-1batch-2560seq-3epoch-apigen-nomlp::zh_simple_python::zh_simple_python_77,correct,correct,both_correct
Salesforce_Llama-xLAM-2-8b-fc-r-checkpoint-568-merged-1batch-2560seq-3epoch-apigen-nomlp::zh_simple_python::zh_simple_python_85,correct,correct,both_correct
Salesforce_Llama-xLAM-2-8b-fc-r-checkpoint-568-merged-1batch-2560seq-3epoch-apigen-nomlp::zh_simple_python::zh_simple_python_89,wrong,correct,b_correct_a_wrong
Salesforce_Llama-xLAM-2-8b-fc-r-checkpoint-568-merged-1batch-2560seq-3epoch-apigen-nomlp::zh_simple_python::zh_simple_python_98,wrong,correct,b_correct_a_wrong
Salesforce_Llama-xLAM-2-8b-fc-r-checkpoint-5865-merged-1batch-2560seq-3epoch-multi2000-nomlp::zh_multiple::zh_multiple_134,correct,correct,both_correct
Salesforce_Llama-xLAM-2-8b-fc-r-checkpoint-5865-merged-1batch-2560seq-3epoch-multi2000-nomlp::zh_multiple::zh_multiple_136,wrong,correct,b_correct_a_wrong
Salesforce_Llama-xLAM-2-8b-fc-r-checkpoint-5865-merged-1batch-2560seq-3epoch-multi2000-nomlp::zh_multiple::zh_multiple_149,correct,correct,both_correct
Salesforce_Llama-xLAM-2-8b-fc-r-checkpoint-5865-merged-1batch-2560seq-3epoch-multi2000-nomlp::zh_multiple::zh_multiple_151,wrong,correct,b_correct_a_wrong
Salesforce_Llama-xLAM-2-8b-fc-r-checkpoint-5865-merged-1batch-2560seq-3epoch-multi2000-nomlp::zh_multiple::zh_multiple_155,wrong,correct,b_correct_a_wrong
Salesforce_Llama-xLAM-2-8b-fc-r-checkpoint-5865-merged-1batch-2560seq-3epoch-multi2000-nomlp::zh_multiple::zh_multiple_160,wrong,correct,b_correct_a_wrong
Salesforce_Llama-xLAM-2-8b-fc-r-checkpoint-5865-merged-1batch-2560seq-3epoch-multi2000-nomlp::zh_multiple::zh_multiple_164,wrong,correct,b_correct_a_wrong
Salesforce_Llama-xLAM-2-8b-fc-r-checkpoint-5865-merged-1batch-2560seq-3epoch-multi2000-nomlp::zh_multiple::zh_multiple_165,wrong,correct,b_correct_a_wrong
Salesforce_Llama-xLAM-2-8b-fc-r-checkpoint-5865-merged-1batch-2560seq-3epoch-multi2000-nomlp::zh_multiple::zh_multiple_174,correct,correct,both_correct
Salesforce_Llama-xLAM-2-8b-fc-r-checkpoint-5865-merged-1batch-2560seq-3epoch-multi2000-nomlp::zh_multiple::zh_multiple_176,correct,correct,both_correct
Salesforce_Llama-xLAM-2-8b-fc-r-checkpoint-5865-merged-1batch-2560seq-3epoch-multi2000-nomlp::zh_multiple::zh_multiple_191,wrong,correct,b_correct_a_wrong
Salesforce_Llama-xLAM-2-8b-fc-r-checkpoint-5865-merged-1batch-2560seq-3epoch-multi2000-nomlp::zh_multiple::zh_multiple_192,wrong,correct,b_correct_a_wrong
Salesforce_Llama-xLAM-2-8b-fc-r-checkpoint-5865-merged-1batch-2560seq-3epoch-multi2000-nomlp::zh_multiple::zh_multiple_193,correct,correct,both_correct
Salesforce_Llama-xLAM-2-8b-fc-r-checkpoint-5865-merged-1batch-2560seq-3epoch-multi2000-nomlp::zh_multiple::zh_multiple_25,correct,correct,both_correct
Salesforce_Llama-xLAM-2-8b-fc-r-checkpoint-5865-merged-1batch-2560seq-3epoch-multi2000-nomlp::zh_multiple::zh_multiple_58,wrong,correct,b_correct_a_wrong
Salesforce_Llama-xLAM-2-8b-fc-r-checkpoint-5865-merged-1batch-2560seq-3epoch-multi2000-nomlp::zh_multiple::zh_multiple_61,wrong,correct,b_correct_a_wrong
Salesforce_Llama-xLAM-2-8b-fc-r-checkpoint-5865-merged-1batch-2560seq-3epoch-multi2000-nomlp::zh_multiple::zh_multiple_65,correct,correct,both_correct
Salesforce_Llama-xLAM-2-8b-fc-r-checkpoint-5865-merged-1batch-2560seq-3epoch-multi2000-nomlp::zh_multiple::zh_multiple_68,wrong,correct,b_correct_a_wrong
Salesforce_Llama-xLAM-2-8b-fc-r-checkpoint-5865-merged-1batch-2560seq-3epoch-multi2000-nomlp::zh_multiple::zh_multiple_78,correct,correct,both_correct
Salesforce_Llama-xLAM-2-8b-fc-r-checkpoint-5865-merged-1batch-2560seq-3epoch-multi2000-nomlp::zh_multiple::zh_multiple_84,correct,correct,both_correct
Salesforce_Llama-xLAM-2-8b-fc-r-checkpoint-5865-merged-1batch-2560seq-3epoch-multi2000-nomlp::zh_multiple::zh_multiple_91,wrong,correct,b_correct_a_wrong
Salesforce_Llama-xLAM-2-8b-fc-r-checkpoint-5865-merged-1batch-2560seq-3epoch-multi2000-nomlp::zh_multiple::zh_multiple_94,wrong,correct,b_correct_a_wrong
Salesforce_Llama-xLAM-2-8b-fc-r-checkpoint-5865-merged-1batch-2560seq-3epoch-multi2000-nomlp::zh_parallel::zh_parallel_117,wrong,correct,b_correct_a_wrong
Salesforce_Llama-xLAM-2-8b-fc-r-checkpoint-5865-merged-1batch-2560seq-3epoch-multi2000-nomlp::zh_parallel::zh_parallel_119,correct,correct,both_correct
Salesforce_Llama-xLAM-2-8b-fc-r-checkpoint-5865-merged-1batch-2560seq-3epoch-multi2000-nomlp::zh_parallel::zh_parallel_13,wrong,correct,b_correct_a_wrong
Salesforce_Llama-xLAM-2-8b-fc-r-checkpoint-5865-merged-1batch-2560seq-3epoch-multi2000-nomlp::zh_parallel::zh_parallel_155,correct,correct,both_correct
Salesforce_Llama-xLAM-2-8b-fc-r-checkpoint-5865-merged-1batch-2560seq-3epoch-multi2000-nomlp::zh_parallel::zh_parallel_159,wrong,correct,b_correct_a_wrong
Salesforce_Llama-xLAM-2-8b-fc-r-checkpoint-5865-merged-1batch-2560seq-3epoch-multi2000-nomlp::zh_parallel::zh_parallel_164,wrong,correct,b_correct_a_wrong
Salesforce_Llama-xLAM-2-8b-fc-r-checkpoint-5865-merged-1batch-2560seq-3epoch-multi2000-nomlp::zh_parallel::zh_parallel_181,wrong,correct,b_correct_a_wrong
Salesforce_Llama-xLAM-2-8b-fc-r-checkpoint-5865-merged-1batch-2560seq-3epoch-multi2000-nomlp::zh_parallel::zh_parallel_189,correct,correct,both_correct
Salesforce_Llama-xLAM-2-8b-fc-r-checkpoint-5865-merged-1batch-2560seq-3epoch-multi2000-nomlp::zh_parallel::zh_parallel_19,wrong,correct,b_correct_a_wrong
Salesforce_Llama-xLAM-2-8b-fc-r-checkpoint-5865-merged-1batch-2560seq-3epoch-multi2000-nomlp::zh_parallel::zh_parallel_192,correct,correct,both_correct
Salesforce_Llama-xLAM-2-8b-fc-r-checkpoint-5865-merged-1batch-2560seq-3epoch-multi2000-nomlp::zh_parallel::zh_parallel_36,correct,correct,both_correct
Salesforce_Llama-xLAM-2-8b-fc-r-checkpoint-5865-merged-1batch-2560seq-3epoch-multi2000-nomlp::zh_parallel::zh_parallel_39,wrong,correct,b_correct_a_wrong
Salesforce_Llama-xLAM-2-8b-fc-r-checkpoint-5865-merged-1batch-2560seq-3epoch-multi2000-nomlp::zh_parallel::zh_parallel_4,correct,correct,both_correct
Salesforce_Llama-xLAM-2-8b-fc-r-checkpoint-5865-merged-1batch-2560seq-3epoch-multi2000-nomlp::zh_parallel::zh_parallel_40,correct,correct,both_correct
Salesforce_Llama-xLAM-2-8b-fc-r-checkpoint-5865-merged-1batch-2560seq-3epoch-multi2000-nomlp::zh_parallel::zh_parallel_44,wrong,correct,b_correct_a_wrong
Salesforce_Llama-xLAM-2-8b-fc-r-checkpoint-5865-merged-1batch-2560seq-3epoch-multi2000-nomlp::zh_parallel::zh_parallel_46,correct,correct,both_correct
Salesforce_Llama-xLAM-2-8b-fc-r-checkpoint-5865-merged-1batch-2560seq-3epoch-multi2000-nomlp::zh_parallel::zh_parallel_5,wrong,correct,b_correct_a_wrong
Salesforce_Llama-xLAM-2-8b-fc-r-checkpoint-5865-merged-1batch-2560seq-3epoch-multi2000-nomlp::zh_parallel::zh_parallel_51,wrong,correct,b_correct_a_wrong
Salesforce_Llama-xLAM-2-8b-fc-r-checkpoint-5865-merged-1batch-2560seq-3epoch-multi2000-nomlp::zh_parallel::zh_parallel_52,correct,correct,both_correct
Salesforce_Llama-xLAM-2-8b-fc-r-checkpoint-5865-merged-1batch-2560seq-3epoch-multi2000-nomlp::zh_parallel::zh_parallel_55,correct,correct,both_correct
Salesforce_Llama-xLAM-2-8b-fc-r-checkpoint-5865-merged-1batch-2560seq-3epoch-multi2000-nomlp::zh_parallel::zh_parallel_57,wrong,correct,b_correct_a_wrong
Salesforce_Llama-xLAM-2-8b-fc-r-checkpoint-5865-merged-1batch-2560seq-3epoch-multi2000-nomlp::zh_parallel::zh_parallel_91,correct,correct,both_correct
Salesforce_Llama-xLAM-2-8b-fc-r-checkpoint-5865-merged-1batch-2560seq-3epoch-multi2000-nomlp::zh_parallel::zh_parallel_92,correct,correct,both_correct
Salesforce_Llama-xLAM-2-8b-fc-r-checkpoint-5865-merged-1batch-2560seq-3epoch-multi2000-nomlp::zh_parallel::zh_parallel_93,correct,correct,both_correct
Salesforce_Llama-xLAM-2-8b-fc-r-checkpoint-5865-merged-1batch-2560seq-3epoch-multi2000-nomlp::zh_parallel_multiple::zh_parallel_multiple_10,wrong,correct,b_correct_a_wrong
Salesforce_Llama-xLAM-2-8b-fc-r-checkpoint-5865-merged-1batch-2560seq-3epoch-multi2000-nomlp::zh_parallel_multiple::zh_parallel_multiple_103,correct,correct,both_correct
Salesforce_Llama-xLAM-2-8b-fc-r-checkpoint-5865-merged-1batch-2560seq-3epoch-multi2000-nomlp::zh_parallel_multiple::zh_parallel_multiple_106,correct,correct,both_correct
Salesforce_Llama-xLAM-2-8b-fc-r-checkpoint-5865-merged-1batch-2560seq-3epoch-multi2000-nomlp::zh_parallel_multiple::zh_parallel_multiple_112,correct,correct,both_correct
Salesforce_Llama-xLAM-2-8b-fc-r-checkpoint-5865-merged-1batch-2560seq-3epoch-multi2000-nomlp::zh_parallel_multiple::zh_parallel_multiple_115,correct,correct,both_correct
Salesforce_Llama-xLAM-2-8b-fc-r-checkpoint-5865-merged-1batch-2560seq-3epoch-multi2000-nomlp::zh_parallel_multiple::zh_parallel_multiple_118,wrong,correct,b_correct_a_wrong
Salesforce_Llama-xLAM-2-8b-fc-r-checkpoint-5865-merged-1batch-2560seq-3epoch-multi2000-nomlp::zh_parallel_multiple::zh_parallel_multiple_120,correct,correct,both_correct
Salesforce_Llama-xLAM-2-8b-fc-r-checkpoint-5865-merged-1batch-2560seq-3epoch-multi2000-nomlp::zh_parallel_multiple::zh_parallel_multiple_122,correct,correct,both_correct
Salesforce_Llama-xLAM-2-8b-fc-r-checkpoint-5865-merged-1batch-2560seq-3epoch-multi2000-nomlp::zh_parallel_multiple::zh_parallel_multiple_127,wrong,correct,b_correct_a_wrong
Salesforce_Llama-xLAM-2-8b-fc-r-checkpoint-5865-merged-1batch-2560seq-3epoch-multi2000-nomlp::zh_parallel_multiple::zh_parallel_multiple_128,correct,correct,both_correct
Salesforce_Llama-xLAM-2-8b-fc-r-checkpoint-5865-merged-1batch-2560seq-3epoch-multi2000-nomlp::zh_parallel_multiple::zh_parallel_multiple_129,correct,correct,both_correct
Salesforce_Llama-xLAM-2-8b-fc-r-checkpoint-5865-merged-1batch-2560seq-3epoch-multi2000-nomlp::zh_parallel_multiple::zh_parallel_multiple_137,correct,correct,both_correct
Salesforce_Llama-xLAM-2-8b-fc-r-checkpoint-5865-merged-1batch-2560seq-3epoch-multi2000-nomlp::zh_parallel_multiple::zh_parallel_multiple_139,correct,correct,both_correct
Salesforce_Llama-xLAM-2-8b-fc-r-checkpoint-5865-merged-1batch-2560seq-3epoch-multi2000-nomlp::zh_parallel_multiple::zh_parallel_multiple_141,correct,correct,both_correct
Salesforce_Llama-xLAM-2-8b-fc-r-checkpoint-5865-merged-1batch-2560seq-3epoch-multi2000-nomlp::zh_parallel_multiple::zh_parallel_multiple_147,correct,correct,both_correct
Salesforce_Llama-xLAM-2-8b-fc-r-checkpoint-5865-merged-1batch-2560seq-3epoch-multi2000-nomlp::zh_parallel_multiple::zh_parallel_multiple_148,correct,correct,both_correct
Salesforce_Llama-xLAM-2-8b-fc-r-checkpoint-5865-merged-1batch-2560seq-3epoch-multi2000-nomlp::zh_parallel_multiple::zh_parallel_multiple_149,correct,correct,both_correct
Salesforce_Llama-xLAM-2-8b-fc-r-checkpoint-5865-merged-1batch-2560seq-3epoch-multi2000-nomlp::zh_parallel_multiple::zh_parallel_multiple_15,correct,correct,both_correct
Salesforce_Llama-xLAM-2-8b-fc-r-checkpoint-5865-merged-1batch-2560seq-3epoch-multi2000-nomlp::zh_parallel_multiple::zh_parallel_multiple_150,correct,correct,both_correct
Salesforce_Llama-xLAM-2-8b-fc-r-checkpoint-5865-merged-1batch-2560seq-3epoch-multi2000-nomlp::zh_parallel_multiple::zh_parallel_multiple_151,correct,correct,both_correct
Salesforce_Llama-xLAM-2-8b-fc-r-checkpoint-5865-merged-1batch-2560seq-3epoch-multi2000-nomlp::zh_parallel_multiple::zh_parallel_multiple_153,correct,correct,both_correct
Salesforce_Llama-xLAM-2-8b-fc-r-checkpoint-5865-merged-1batch-2560seq-3epoch-multi2000-nomlp::zh_parallel_multiple::zh_parallel_multiple_156,correct,correct,both_correct
Salesforce_Llama-xLAM-2-8b-fc-r-checkpoint-5865-merged-1batch-2560seq-3epoch-multi2000-nomlp::zh_parallel_multiple::zh_parallel_multiple_158,wrong,correct,b_correct_a_wrong
Salesforce_Llama-xLAM-2-8b-fc-r-checkpoint-5865-merged-1batch-2560seq-3epoch-multi2000-nomlp::zh_parallel_multiple::zh_parallel_multiple_159,correct,correct,both_correct
Salesforce_Llama-xLAM-2-8b-fc-r-checkpoint-5865-merged-1batch-2560seq-3epoch-multi2000-nomlp::zh_parallel_multiple::zh_parallel_multiple_160,correct,correct,both_correct
Salesforce_Llama-xLAM-2-8b-fc-r-checkpoint-5865-merged-1batch-2560seq-3epoch-multi2000-nomlp::zh_parallel_multiple::zh_parallel_multiple_163,correct,correct,both_correct
Salesforce_Llama-xLAM-2-8b-fc-r-checkpoint-5865-merged-1batch-2560seq-3epoch-multi2000-nomlp::zh_parallel_multiple::zh_parallel_multiple_165,correct,correct,both_correct
Salesforce_Llama-xLAM-2-8b-fc-r-checkpoint-5865-merged-1batch-2560seq-3epoch-multi2000-nomlp::zh_parallel_multiple::zh_parallel_multiple_172,correct,correct,both_correct
Salesforce_Llama-xLAM-2-8b-fc-r-checkpoint-5865-merged-1batch-2560seq-3epoch-multi2000-nomlp::zh_parallel_multiple::zh_parallel_multiple_176,correct,correct,both_correct
Salesforce_Llama-xLAM-2-8b-fc-r-checkpoint-5865-merged-1batch-2560seq-3epoch-multi2000-nomlp::zh_parallel_multiple::zh_parallel_multiple_189,correct,correct,both_correct
Salesforce_Llama-xLAM-2-8b-fc-r-checkpoint-5865-merged-1batch-2560seq-3epoch-multi2000-nomlp::zh_parallel_multiple::zh_parallel_multiple_19,correct,correct,both_correct
Salesforce_Llama-xLAM-2-8b-fc-r-checkpoint-5865-merged-1batch-2560seq-3epoch-multi2000-nomlp::zh_parallel_multiple::zh_parallel_multiple_191,correct,correct,both_correct
Salesforce_Llama-xLAM-2-8b-fc-r-checkpoint-5865-merged-1batch-2560seq-3epoch-multi2000-nomlp::zh_parallel_multiple::zh_parallel_multiple_199,correct,correct,both_correct
Salesforce_Llama-xLAM-2-8b-fc-r-checkpoint-5865-merged-1batch-2560seq-3epoch-multi2000-nomlp::zh_parallel_multiple::zh_parallel_multiple_21,correct,correct,both_correct
Salesforce_Llama-xLAM-2-8b-fc-r-checkpoint-5865-merged-1batch-2560seq-3epoch-multi2000-nomlp::zh_parallel_multiple::zh_parallel_multiple_27,correct,correct,both_correct
Salesforce_Llama-xLAM-2-8b-fc-r-checkpoint-5865-merged-1batch-2560seq-3epoch-multi2000-nomlp::zh_parallel_multiple::zh_parallel_multiple_32,correct,correct,both_correct
Salesforce_Llama-xLAM-2-8b-fc-r-checkpoint-5865-merged-1batch-2560seq-3epoch-multi2000-nomlp::zh_parallel_multiple::zh_parallel_multiple_33,correct,correct,both_correct
Salesforce_Llama-xLAM-2-8b-fc-r-checkpoint-5865-merged-1batch-2560seq-3epoch-multi2000-nomlp::zh_parallel_multiple::zh_parallel_multiple_37,correct,correct,both_correct
Salesforce_Llama-xLAM-2-8b-fc-r-checkpoint-5865-merged-1batch-2560seq-3epoch-multi2000-nomlp::zh_parallel_multiple::zh_parallel_multiple_42,correct,correct,both_correct
Salesforce_Llama-xLAM-2-8b-fc-r-checkpoint-5865-merged-1batch-2560seq-3epoch-multi2000-nomlp::zh_parallel_multiple::zh_parallel_multiple_50,correct,correct,both_correct
Salesforce_Llama-xLAM-2-8b-fc-r-checkpoint-5865-merged-1batch-2560seq-3epoch-multi2000-nomlp::zh_parallel_multiple::zh_parallel_multiple_54,wrong,correct,b_correct_a_wrong
Salesforce_Llama-xLAM-2-8b-fc-r-checkpoint-5865-merged-1batch-2560seq-3epoch-multi2000-nomlp::zh_parallel_multiple::zh_parallel_multiple_65,correct,correct,both_correct
Salesforce_Llama-xLAM-2-8b-fc-r-checkpoint-5865-merged-1batch-2560seq-3epoch-multi2000-nomlp::zh_parallel_multiple::zh_parallel_multiple_69,wrong,wrong,both_wrong
Salesforce_Llama-xLAM-2-8b-fc-r-checkpoint-5865-merged-1batch-2560seq-3epoch-multi2000-nomlp::zh_parallel_multiple::zh_parallel_multiple_70,wrong,correct,b_correct_a_wrong
Salesforce_Llama-xLAM-2-8b-fc-r-checkpoint-5865-merged-1batch-2560seq-3epoch-multi2000-nomlp::zh_parallel_multiple::zh_parallel_multiple_78,correct,correct,both_correct
Salesforce_Llama-xLAM-2-8b-fc-r-checkpoint-5865-merged-1batch-2560seq-3epoch-multi2000-nomlp::zh_parallel_multiple::zh_parallel_multiple_81,correct,correct,both_correct
Salesforce_Llama-xLAM-2-8b-fc-r-checkpoint-5865-merged-1batch-2560seq-3epoch-multi2000-nomlp::zh_parallel_multiple::zh_parallel_multiple_88,correct,correct,both_correct
Salesforce_Llama-xLAM-2-8b-fc-r-checkpoint-5865-merged-1batch-2560seq-3epoch-multi2000-nomlp::zh_parallel_multiple::zh_parallel_multiple_91,correct,correct,both_correct
Salesforce_Llama-xLAM-2-8b-fc-r-checkpoint-5865-merged-1batch-2560seq-3epoch-multi2000-nomlp::zh_parallel_multiple::zh_parallel_multiple_94,correct,correct,both_correct
Salesforce_Llama-xLAM-2-8b-fc-r-checkpoint-5865-merged-1batch-2560seq-3epoch-multi2000-nomlp::zh_parallel_multiple::zh_parallel_multiple_97,wrong,correct,b_correct_a_wrong
Salesforce_Llama-xLAM-2-8b-fc-r-checkpoint-5865-merged-1batch-2560seq-3epoch-multi2000-nomlp::zh_simple_python::zh_simple_python_126,wrong,correct,b_correct_a_wrong
Salesforce_Llama-xLAM-2-8b-fc-r-checkpoint-5865-merged-1batch-2560seq-3epoch-multi2000-nomlp::zh_simple_python::zh_simple_python_139,wrong,correct,b_correct_a_wrong
Salesforce_Llama-xLAM-2-8b-fc-r-checkpoint-5865-merged-1batch-2560seq-3epoch-multi2000-nomlp::zh_simple_python::zh_simple_python_147,wrong,correct,b_correct_a_wrong
Salesforce_Llama-xLAM-2-8b-fc-r-checkpoint-5865-merged-1batch-2560seq-3epoch-multi2000-nomlp::zh_simple_python::zh_simple_python_159,wrong,correct,b_correct_a_wrong
Salesforce_Llama-xLAM-2-8b-fc-r-checkpoint-5865-merged-1batch-2560seq-3epoch-multi2000-nomlp::zh_simple_python::zh_simple_python_162,correct,correct,both_correct
Salesforce_Llama-xLAM-2-8b-fc-r-checkpoint-5865-merged-1batch-2560seq-3epoch-multi2000-nomlp::zh_simple_python::zh_simple_python_163,correct,correct,both_correct
Salesforce_Llama-xLAM-2-8b-fc-r-checkpoint-5865-merged-1batch-2560seq-3epoch-multi2000-nomlp::zh_simple_python::zh_simple_python_166,correct,correct,both_correct
Salesforce_Llama-xLAM-2-8b-fc-r-checkpoint-5865-merged-1batch-2560seq-3epoch-multi2000-nomlp::zh_simple_python::zh_simple_python_183,wrong,correct,b_correct_a_wrong
Salesforce_Llama-xLAM-2-8b-fc-r-checkpoint-5865-merged-1batch-2560seq-3epoch-multi2000-nomlp::zh_simple_python::zh_simple_python_200,correct,correct,both_correct
Salesforce_Llama-xLAM-2-8b-fc-r-checkpoint-5865-merged-1batch-2560seq-3epoch-multi2000-nomlp::zh_simple_python::zh_simple_python_212,correct,correct,both_correct
Salesforce_Llama-xLAM-2-8b-fc-r-checkpoint-5865-merged-1batch-2560seq-3epoch-multi2000-nomlp::zh_simple_python::zh_simple_python_215,wrong,wrong,both_wrong
Salesforce_Llama-xLAM-2-8b-fc-r-checkpoint-5865-merged-1batch-2560seq-3epoch-multi2000-nomlp::zh_simple_python::zh_simple_python_219,wrong,correct,b_correct_a_wrong
Salesforce_Llama-xLAM-2-8b-fc-r-checkpoint-5865-merged-1batch-2560seq-3epoch-multi2000-nomlp::zh_simple_python::zh_simple_python_224,wrong,correct,b_correct_a_wrong
Salesforce_Llama-xLAM-2-8b-fc-r-checkpoint-5865-merged-1batch-2560seq-3epoch-multi2000-nomlp::zh_simple_python::zh_simple_python_228,correct,correct,both_correct
Salesforce_Llama-xLAM-2-8b-fc-r-checkpoint-5865-merged-1batch-2560seq-3epoch-multi2000-nomlp::zh_simple_python::zh_simple_python_229,wrong,wrong,both_wrong
Salesforce_Llama-xLAM-2-8b-fc-r-checkpoint-5865-merged-1batch-2560seq-3epoch-multi2000-nomlp::zh_simple_python::zh_simple_python_241,wrong,correct,b_correct_a_wrong
Salesforce_Llama-xLAM-2-8b-fc-r-checkpoint-5865-merged-1batch-2560seq-3epoch-multi2000-nomlp::zh_simple_python::zh_simple_python_242,wrong,correct,b_correct_a_wrong
Salesforce_Llama-xLAM-2-8b-fc-r-checkpoint-5865-merged-1batch-2560seq-3epoch-multi2000-nomlp::zh_simple_python::zh_simple_python_244,wrong,correct,b_correct_a_wrong
Salesforce_Llama-xLAM-2-8b-fc-r-checkpoint-5865-merged-1batch-2560seq-3epoch-multi2000-nomlp::zh_simple_python::zh_simple_python_248,correct,correct,both_correct
Salesforce_Llama-xLAM-2-8b-fc-r-checkpoint-5865-merged-1batch-2560seq-3epoch-multi2000-nomlp::zh_simple_python::zh_simple_python_255,correct,correct,both_correct
Salesforce_Llama-xLAM-2-8b-fc-r-checkpoint-5865-merged-1batch-2560seq-3epoch-multi2000-nomlp::zh_simple_python::zh_simple_python_267,wrong,correct,b_correct_a_wrong
Salesforce_Llama-xLAM-2-8b-fc-r-checkpoint-5865-merged-1batch-2560seq-3epoch-multi2000-nomlp::zh_simple_python::zh_simple_python_273,correct,correct,both_correct
Salesforce_Llama-xLAM-2-8b-fc-r-checkpoint-5865-merged-1batch-2560seq-3epoch-multi2000-nomlp::zh_simple_python::zh_simple_python_278,correct,correct,both_correct
Salesforce_Llama-xLAM-2-8b-fc-r-checkpoint-5865-merged-1batch-2560seq-3epoch-multi2000-nomlp::zh_simple_python::zh_simple_python_281,correct,correct,both_correct
Salesforce_Llama-xLAM-2-8b-fc-r-checkpoint-5865-merged-1batch-2560seq-3epoch-multi2000-nomlp::zh_simple_python::zh_simple_python_283,correct,correct,both_correct
Salesforce_Llama-xLAM-2-8b-fc-r-checkpoint-5865-merged-1batch-2560seq-3epoch-multi2000-nomlp::zh_simple_python::zh_simple_python_288,correct,correct,both_correct
Salesforce_Llama-xLAM-2-8b-fc-r-checkpoint-5865-merged-1batch-2560seq-3epoch-multi2000-nomlp::zh_simple_python::zh_simple_python_290,correct,correct,both_correct
Salesforce_Llama-xLAM-2-8b-fc-r-checkpoint-5865-merged-1batch-2560seq-3epoch-multi2000-nomlp::zh_simple_python::zh_simple_python_304,wrong,correct,b_correct_a_wrong
Salesforce_Llama-xLAM-2-8b-fc-r-checkpoint-5865-merged-1batch-2560seq-3epoch-multi2000-nomlp::zh_simple_python::zh_simple_python_305,correct,correct,both_correct
Salesforce_Llama-xLAM-2-8b-fc-r-checkpoint-5865-merged-1batch-2560seq-3epoch-multi2000-nomlp::zh_simple_python::zh_simple_python_306,wrong,correct,b_correct_a_wrong
Salesforce_Llama-xLAM-2-8b-fc-r-checkpoint-5865-merged-1batch-2560seq-3epoch-multi2000-nomlp::zh_simple_python::zh_simple_python_307,wrong,correct,b_correct_a_wrong
Salesforce_Llama-xLAM-2-8b-fc-r-checkpoint-5865-merged-1batch-2560seq-3epoch-multi2000-nomlp::zh_simple_python::zh_simple_python_308,correct,correct,both_correct
Salesforce_Llama-xLAM-2-8b-fc-r-checkpoint-5865-merged-1batch-2560seq-3epoch-multi2000-nomlp::zh_simple_python::zh_simple_python_319,correct,correct,both_correct
Salesforce_Llama-xLAM-2-8b-fc-r-checkpoint-5865-merged-1batch-2560seq-3epoch-multi2000-nomlp::zh_simple_python::zh_simple_python_322,correct,correct,both_correct
Salesforce_Llama-xLAM-2-8b-fc-r-checkpoint-5865-merged-1batch-2560seq-3epoch-multi2000-nomlp::zh_simple_python::zh_simple_python_324,correct,correct,both_correct
Salesforce_Llama-xLAM-2-8b-fc-r-checkpoint-5865-merged-1batch-2560seq-3epoch-multi2000-nomlp::zh_simple_python::zh_simple_python_325,wrong,correct,b_correct_a_wrong
Salesforce_Llama-xLAM-2-8b-fc-r-checkpoint-5865-merged-1batch-2560seq-3epoch-multi2000-nomlp::zh_simple_python::zh_simple_python_326,correct,correct,both_correct
Salesforce_Llama-xLAM-2-8b-fc-r-checkpoint-5865-merged-1batch-2560seq-3epoch-multi2000-nomlp::zh_simple_python::zh_simple_python_327,correct,correct,both_correct
Salesforce_Llama-xLAM-2-8b-fc-r-checkpoint-5865-merged-1batch-2560seq-3epoch-multi2000-nomlp::zh_simple_python::zh_simple_python_344,correct,correct,both_correct
Salesforce_Llama-xLAM-2-8b-fc-r-checkpoint-5865-merged-1batch-2560seq-3epoch-multi2000-nomlp::zh_simple_python::zh_simple_python_369,wrong,correct,b_correct_a_wrong
Salesforce_Llama-xLAM-2-8b-fc-r-checkpoint-5865-merged-1batch-2560seq-3epoch-multi2000-nomlp::zh_simple_python::zh_simple_python_373,correct,correct,both_correct
Salesforce_Llama-xLAM-2-8b-fc-r-checkpoint-5865-merged-1batch-2560seq-3epoch-multi2000-nomlp::zh_simple_python::zh_simple_python_374,correct,correct,both_correct
Salesforce_Llama-xLAM-2-8b-fc-r-checkpoint-5865-merged-1batch-2560seq-3epoch-multi2000-nomlp::zh_simple_python::zh_simple_python_386,wrong,correct,b_correct_a_wrong
Salesforce_Llama-xLAM-2-8b-fc-r-checkpoint-5865-merged-1batch-2560seq-3epoch-multi2000-nomlp::zh_simple_python::zh_simple_python_387,correct,correct,both_correct
Salesforce_Llama-xLAM-2-8b-fc-r-checkpoint-5865-merged-1batch-2560seq-3epoch-multi2000-nomlp::zh_simple_python::zh_simple_python_390,wrong,correct,b_correct_a_wrong
Salesforce_Llama-xLAM-2-8b-fc-r-checkpoint-5865-merged-1batch-2560seq-3epoch-multi2000-nomlp::zh_simple_python::zh_simple_python_394,correct,correct,both_correct
Salesforce_Llama-xLAM-2-8b-fc-r-checkpoint-5865-merged-1batch-2560seq-3epoch-multi2000-nomlp::zh_simple_python::zh_simple_python_63,correct,correct,both_correct
Salesforce_Llama-xLAM-2-8b-fc-r-checkpoint-5865-merged-1batch-2560seq-3epoch-multi2000-nomlp::zh_simple_python::zh_simple_python_77,correct,correct,both_correct
Salesforce_Llama-xLAM-2-8b-fc-r-checkpoint-5865-merged-1batch-2560seq-3epoch-multi2000-nomlp::zh_simple_python::zh_simple_python_83,wrong,correct,b_correct_a_wrong
Salesforce_Llama-xLAM-2-8b-fc-r-checkpoint-5865-merged-1batch-2560seq-3epoch-multi2000-nomlp::zh_simple_python::zh_simple_python_85,correct,correct,both_correct
Salesforce_Llama-xLAM-2-8b-fc-r-checkpoint-5865-merged-1batch-2560seq-3epoch-multi2000-nomlp::zh_simple_python::zh_simple_python_91,correct,correct,both_correct
Salesforce_Llama-xLAM-2-8b-fc-r-checkpoint-5865-merged-1batch-2560seq-3epoch-multi2000-nomlp::zh_simple_python::zh_simple_python_98,wrong,correct,b_correct_a_wrong
Salesforce_Llama-xLAM-2-8b-fc-r-checkpoint-6240-merged-1batch-2560seq-3epoch-multi3000-nomlp::zh_multiple::zh_multiple_134,correct,correct,both_correct
Salesforce_Llama-xLAM-2-8b-fc-r-checkpoint-6240-merged-1batch-2560seq-3epoch-multi3000-nomlp::zh_multiple::zh_multiple_136,wrong,correct,b_correct_a_wrong
Salesforce_Llama-xLAM-2-8b-fc-r-checkpoint-6240-merged-1batch-2560seq-3epoch-multi3000-nomlp::zh_multiple::zh_multiple_149,correct,correct,both_correct
Salesforce_Llama-xLAM-2-8b-fc-r-checkpoint-6240-merged-1batch-2560seq-3epoch-multi3000-nomlp::zh_multiple::zh_multiple_151,wrong,correct,b_correct_a_wrong
Salesforce_Llama-xLAM-2-8b-fc-r-checkpoint-6240-merged-1batch-2560seq-3epoch-multi3000-nomlp::zh_multiple::zh_multiple_155,wrong,correct,b_correct_a_wrong
Salesforce_Llama-xLAM-2-8b-fc-r-checkpoint-6240-merged-1batch-2560seq-3epoch-multi3000-nomlp::zh_multiple::zh_multiple_160,wrong,correct,b_correct_a_wrong
Salesforce_Llama-xLAM-2-8b-fc-r-checkpoint-6240-merged-1batch-2560seq-3epoch-multi3000-nomlp::zh_multiple::zh_multiple_164,wrong,correct,b_correct_a_wrong
Salesforce_Llama-xLAM-2-8b-fc-r-checkpoint-6240-merged-1batch-2560seq-3epoch-multi3000-nomlp::zh_multiple::zh_multiple_165,correct,correct,both_correct
Salesforce_Llama-xLAM-2-8b-fc-r-checkpoint-6240-merged-1batch-2560seq-3epoch-multi3000-nomlp::zh_multiple::zh_multiple_174,correct,correct,both_correct
Salesforce_Llama-xLAM-2-8b-fc-r-checkpoint-6240-merged-1batch-2560seq-3epoch-multi3000-nomlp::zh_multiple::zh_multiple_176,correct,correct,both_correct
Salesforce_Llama-xLAM-2-8b-fc-r-checkpoint-6240-merged-1batch-2560seq-3epoch-multi3000-nomlp::zh_multiple::zh_multiple_191,wrong,correct,b_correct_a_wrong
Salesforce_Llama-xLAM-2-8b-fc-r-checkpoint-6240-merged-1batch-2560seq-3epoch-multi3000-nomlp::zh_multiple::zh_multiple_192,wrong,correct,b_correct_a_wrong
Salesforce_Llama-xLAM-2-8b-fc-r-checkpoint-6240-merged-1batch-2560seq-3epoch-multi3000-nomlp::zh_multiple::zh_multiple_193,correct,correct,both_correct
Salesforce_Llama-xLAM-2-8b-fc-r-checkpoint-6240-merged-1batch-2560seq-3epoch-multi3000-nomlp::zh_multiple::zh_multiple_25,correct,correct,both_correct
Salesforce_Llama-xLAM-2-8b-fc-r-checkpoint-6240-merged-1batch-2560seq-3epoch-multi3000-nomlp::zh_multiple::zh_multiple_58,wrong,correct,b_correct_a_wrong
Salesforce_Llama-xLAM-2-8b-fc-r-checkpoint-6240-merged-1batch-2560seq-3epoch-multi3000-nomlp::zh_multiple::zh_multiple_61,wrong,correct,b_correct_a_wrong
Salesforce_Llama-xLAM-2-8b-fc-r-checkpoint-6240-merged-1batch-2560seq-3epoch-multi3000-nomlp::zh_multiple::zh_multiple_65,correct,correct,both_correct
Salesforce_Llama-xLAM-2-8b-fc-r-checkpoint-6240-merged-1batch-2560seq-3epoch-multi3000-nomlp::zh_multiple::zh_multiple_68,wrong,correct,b_correct_a_wrong
Salesforce_Llama-xLAM-2-8b-fc-r-checkpoint-6240-merged-1batch-2560seq-3epoch-multi3000-nomlp::zh_multiple::zh_multiple_84,wrong,correct,b_correct_a_wrong
Salesforce_Llama-xLAM-2-8b-fc-r-checkpoint-6240-merged-1batch-2560seq-3epoch-multi3000-nomlp::zh_multiple::zh_multiple_91,wrong,correct,b_correct_a_wrong
Salesforce_Llama-xLAM-2-8b-fc-r-checkpoint-6240-merged-1batch-2560seq-3epoch-multi3000-nomlp::zh_multiple::zh_multiple_93,wrong,correct,b_correct_a_wrong
Salesforce_Llama-xLAM-2-8b-fc-r-checkpoint-6240-merged-1batch-2560seq-3epoch-multi3000-nomlp::zh_multiple::zh_multiple_94,wrong,correct,b_correct_a_wrong
Salesforce_Llama-xLAM-2-8b-fc-r-checkpoint-6240-merged-1batch-2560seq-3epoch-multi3000-nomlp::zh_parallel::zh_parallel_117,wrong,correct,b_correct_a_wrong
Salesforce_Llama-xLAM-2-8b-fc-r-checkpoint-6240-merged-1batch-2560seq-3epoch-multi3000-nomlp::zh_parallel::zh_parallel_119,correct,correct,both_correct
Salesforce_Llama-xLAM-2-8b-fc-r-checkpoint-6240-merged-1batch-2560seq-3epoch-multi3000-nomlp::zh_parallel::zh_parallel_13,wrong,correct,b_correct_a_wrong
Salesforce_Llama-xLAM-2-8b-fc-r-checkpoint-6240-merged-1batch-2560seq-3epoch-multi3000-nomlp::zh_parallel::zh_parallel_155,correct,correct,both_correct
Salesforce_Llama-xLAM-2-8b-fc-r-checkpoint-6240-merged-1batch-2560seq-3epoch-multi3000-nomlp::zh_parallel::zh_parallel_159,wrong,correct,b_correct_a_wrong
Salesforce_Llama-xLAM-2-8b-fc-r-checkpoint-6240-merged-1batch-2560seq-3epoch-multi3000-nomlp::zh_parallel::zh_parallel_164,wrong,correct,b_correct_a_wrong
Salesforce_Llama-xLAM-2-8b-fc-r-checkpoint-6240-merged-1batch-2560seq-3epoch-multi3000-nomlp::zh_parallel::zh_parallel_181,wrong,correct,b_correct_a_wrong
Salesforce_Llama-xLAM-2-8b-fc-r-checkpoint-6240-merged-1batch-2560seq-3epoch-multi3000-nomlp::zh_parallel::zh_parallel_185,wrong,correct,b_correct_a_wrong
Salesforce_Llama-xLAM-2-8b-fc-r-checkpoint-6240-merged-1batch-2560seq-3epoch-multi3000-nomlp::zh_parallel::zh_parallel_189,correct,correct,both_correct
Salesforce_Llama-xLAM-2-8b-fc-r-checkpoint-6240-merged-1batch-2560seq-3epoch-multi3000-nomlp::zh_parallel::zh_parallel_19,wrong,correct,b_correct_a_wrong
Salesforce_Llama-xLAM-2-8b-fc-r-checkpoint-6240-merged-1batch-2560seq-3epoch-multi3000-nomlp::zh_parallel::zh_parallel_192,correct,correct,both_correct
Salesforce_Llama-xLAM-2-8b-fc-r-checkpoint-6240-merged-1batch-2560seq-3epoch-multi3000-nomlp::zh_parallel::zh_parallel_194,correct,correct,both_correct
Salesforce_Llama-xLAM-2-8b-fc-r-checkpoint-6240-merged-1batch-2560seq-3epoch-multi3000-nomlp::zh_parallel::zh_parallel_27,correct,correct,both_correct
Salesforce_Llama-xLAM-2-8b-fc-r-checkpoint-6240-merged-1batch-2560seq-3epoch-multi3000-nomlp::zh_parallel::zh_parallel_36,correct,correct,both_correct
Salesforce_Llama-xLAM-2-8b-fc-r-checkpoint-6240-merged-1batch-2560seq-3epoch-multi3000-nomlp::zh_parallel::zh_parallel_39,wrong,correct,b_correct_a_wrong
Salesforce_Llama-xLAM-2-8b-fc-r-checkpoint-6240-merged-1batch-2560seq-3epoch-multi3000-nomlp::zh_parallel::zh_parallel_40,correct,correct,both_correct
Salesforce_Llama-xLAM-2-8b-fc-r-checkpoint-6240-merged-1batch-2560seq-3epoch-multi3000-nomlp::zh_parallel::zh_parallel_44,wrong,correct,b_correct_a_wrong
Salesforce_Llama-xLAM-2-8b-fc-r-checkpoint-6240-merged-1batch-2560seq-3epoch-multi3000-nomlp::zh_parallel::zh_parallel_46,correct,correct,both_correct
Salesforce_Llama-xLAM-2-8b-fc-r-checkpoint-6240-merged-1batch-2560seq-3epoch-multi3000-nomlp::zh_parallel::zh_parallel_5,wrong,correct,b_correct_a_wrong
Salesforce_Llama-xLAM-2-8b-fc-r-checkpoint-6240-merged-1batch-2560seq-3epoch-multi3000-nomlp::zh_parallel::zh_parallel_51,wrong,correct,b_correct_a_wrong
Salesforce_Llama-xLAM-2-8b-fc-r-checkpoint-6240-merged-1batch-2560seq-3epoch-multi3000-nomlp::zh_parallel::zh_parallel_52,correct,correct,both_correct
Salesforce_Llama-xLAM-2-8b-fc-r-checkpoint-6240-merged-1batch-2560seq-3epoch-multi3000-nomlp::zh_parallel::zh_parallel_57,wrong,correct,b_correct_a_wrong
Salesforce_Llama-xLAM-2-8b-fc-r-checkpoint-6240-merged-1batch-2560seq-3epoch-multi3000-nomlp::zh_parallel::zh_parallel_64,wrong,correct,b_correct_a_wrong
Salesforce_Llama-xLAM-2-8b-fc-r-checkpoint-6240-merged-1batch-2560seq-3epoch-multi3000-nomlp::zh_parallel::zh_parallel_88,wrong,wrong,both_wrong
Salesforce_Llama-xLAM-2-8b-fc-r-checkpoint-6240-merged-1batch-2560seq-3epoch-multi3000-nomlp::zh_parallel::zh_parallel_91,correct,correct,both_correct
Salesforce_Llama-xLAM-2-8b-fc-r-checkpoint-6240-merged-1batch-2560seq-3epoch-multi3000-nomlp::zh_parallel::zh_parallel_92,correct,correct,both_correct
Salesforce_Llama-xLAM-2-8b-fc-r-checkpoint-6240-merged-1batch-2560seq-3epoch-multi3000-nomlp::zh_parallel::zh_parallel_93,correct,correct,both_correct
Salesforce_Llama-xLAM-2-8b-fc-r-checkpoint-6240-merged-1batch-2560seq-3epoch-multi3000-nomlp::zh_parallel_multiple::zh_parallel_multiple_103,correct,correct,both_correct
Salesforce_Llama-xLAM-2-8b-fc-r-checkpoint-6240-merged-1batch-2560seq-3epoch-multi3000-nomlp::zh_parallel_multiple::zh_parallel_multiple_106,correct,correct,both_correct
Salesforce_Llama-xLAM-2-8b-fc-r-checkpoint-6240-merged-1batch-2560seq-3epoch-multi3000-nomlp::zh_parallel_multiple::zh_parallel_multiple_112,correct,correct,both_correct
Salesforce_Llama-xLAM-2-8b-fc-r-checkpoint-6240-merged-1batch-2560seq-3epoch-multi3000-nomlp::zh_parallel_multiple::zh_parallel_multiple_114,correct,correct,both_correct
Salesforce_Llama-xLAM-2-8b-fc-r-checkpoint-6240-merged-1batch-2560seq-3epoch-multi3000-nomlp::zh_parallel_multiple::zh_parallel_multiple_115,correct,correct,both_correct
Salesforce_Llama-xLAM-2-8b-fc-r-checkpoint-6240-merged-1batch-2560seq-3epoch-multi3000-nomlp::zh_parallel_multiple::zh_parallel_multiple_118,wrong,correct,b_correct_a_wrong
Salesforce_Llama-xLAM-2-8b-fc-r-checkpoint-6240-merged-1batch-2560seq-3epoch-multi3000-nomlp::zh_parallel_multiple::zh_parallel_multiple_120,correct,correct,both_correct
Salesforce_Llama-xLAM-2-8b-fc-r-checkpoint-6240-merged-1batch-2560seq-3epoch-multi3000-nomlp::zh_parallel_multiple::zh_parallel_multiple_127,wrong,correct,b_correct_a_wrong
Salesforce_Llama-xLAM-2-8b-fc-r-checkpoint-6240-merged-1batch-2560seq-3epoch-multi3000-nomlp::zh_parallel_multiple::zh_parallel_multiple_128,correct,correct,both_correct
Salesforce_Llama-xLAM-2-8b-fc-r-checkpoint-6240-merged-1batch-2560seq-3epoch-multi3000-nomlp::zh_parallel_multiple::zh_parallel_multiple_129,correct,correct,both_correct
Salesforce_Llama-xLAM-2-8b-fc-r-checkpoint-6240-merged-1batch-2560seq-3epoch-multi3000-nomlp::zh_parallel_multiple::zh_parallel_multiple_137,correct,correct,both_correct
Salesforce_Llama-xLAM-2-8b-fc-r-checkpoint-6240-merged-1batch-2560seq-3epoch-multi3000-nomlp::zh_parallel_multiple::zh_parallel_multiple_139,correct,correct,both_correct
Salesforce_Llama-xLAM-2-8b-fc-r-checkpoint-6240-merged-1batch-2560seq-3epoch-multi3000-nomlp::zh_parallel_multiple::zh_parallel_multiple_141,correct,correct,both_correct
Salesforce_Llama-xLAM-2-8b-fc-r-checkpoint-6240-merged-1batch-2560seq-3epoch-multi3000-nomlp::zh_parallel_multiple::zh_parallel_multiple_147,correct,correct,both_correct
Salesforce_Llama-xLAM-2-8b-fc-r-checkpoint-6240-merged-1batch-2560seq-3epoch-multi3000-nomlp::zh_parallel_multiple::zh_parallel_multiple_148,correct,correct,both_correct
Salesforce_Llama-xLAM-2-8b-fc-r-checkpoint-6240-merged-1batch-2560seq-3epoch-multi3000-nomlp::zh_parallel_multiple::zh_parallel_multiple_149,correct,correct,both_correct
Salesforce_Llama-xLAM-2-8b-fc-r-checkpoint-6240-merged-1batch-2560seq-3epoch-multi3000-nomlp::zh_parallel_multiple::zh_parallel_multiple_150,correct,correct,both_correct
Salesforce_Llama-xLAM-2-8b-fc-r-checkpoint-6240-merged-1batch-2560seq-3epoch-multi3000-nomlp::zh_parallel_multiple::zh_parallel_multiple_151,correct,correct,both_correct
Salesforce_Llama-xLAM-2-8b-fc-r-checkpoint-6240-merged-1batch-2560seq-3epoch-multi3000-nomlp::zh_parallel_multiple::zh_parallel_multiple_153,correct,correct,both_correct
Salesforce_Llama-xLAM-2-8b-fc-r-checkpoint-6240-merged-1batch-2560seq-3epoch-multi3000-nomlp::zh_parallel_multiple::zh_parallel_multiple_156,correct,correct,both_correct
Salesforce_Llama-xLAM-2-8b-fc-r-checkpoint-6240-merged-1batch-2560seq-3epoch-multi3000-nomlp::zh_parallel_multiple::zh_parallel_multiple_158,correct,correct,both_correct
Salesforce_Llama-xLAM-2-8b-fc-r-checkpoint-6240-merged-1batch-2560seq-3epoch-multi3000-nomlp::zh_parallel_multiple::zh_parallel_multiple_159,correct,correct,both_correct
Salesforce_Llama-xLAM-2-8b-fc-r-checkpoint-6240-merged-1batch-2560seq-3epoch-multi3000-nomlp::zh_parallel_multiple::zh_parallel_multiple_160,correct,correct,both_correct
Salesforce_Llama-xLAM-2-8b-fc-r-checkpoint-6240-merged-1batch-2560seq-3epoch-multi3000-nomlp::zh_parallel_multiple::zh_parallel_multiple_163,correct,correct,both_correct
Salesforce_Llama-xLAM-2-8b-fc-r-checkpoint-6240-merged-1batch-2560seq-3epoch-multi3000-nomlp::zh_parallel_multiple::zh_parallel_multiple_165,correct,correct,both_correct
Salesforce_Llama-xLAM-2-8b-fc-r-checkpoint-6240-merged-1batch-2560seq-3epoch-multi3000-nomlp::zh_parallel_multiple::zh_parallel_multiple_169,correct,correct,both_correct
Salesforce_Llama-xLAM-2-8b-fc-r-checkpoint-6240-merged-1batch-2560seq-3epoch-multi3000-nomlp::zh_parallel_multiple::zh_parallel_multiple_176,correct,correct,both_correct
Salesforce_Llama-xLAM-2-8b-fc-r-checkpoint-6240-merged-1batch-2560seq-3epoch-multi3000-nomlp::zh_parallel_multiple::zh_parallel_multiple_189,correct,correct,both_correct
Salesforce_Llama-xLAM-2-8b-fc-r-checkpoint-6240-merged-1batch-2560seq-3epoch-multi3000-nomlp::zh_parallel_multiple::zh_parallel_multiple_19,correct,correct,both_correct
Salesforce_Llama-xLAM-2-8b-fc-r-checkpoint-6240-merged-1batch-2560seq-3epoch-multi3000-nomlp::zh_parallel_multiple::zh_parallel_multiple_191,correct,correct,both_correct
Salesforce_Llama-xLAM-2-8b-fc-r-checkpoint-6240-merged-1batch-2560seq-3epoch-multi3000-nomlp::zh_parallel_multiple::zh_parallel_multiple_195,correct,correct,both_correct
Salesforce_Llama-xLAM-2-8b-fc-r-checkpoint-6240-merged-1batch-2560seq-3epoch-multi3000-nomlp::zh_parallel_multiple::zh_parallel_multiple_199,correct,correct,both_correct
Salesforce_Llama-xLAM-2-8b-fc-r-checkpoint-6240-merged-1batch-2560seq-3epoch-multi3000-nomlp::zh_parallel_multiple::zh_parallel_multiple_21,correct,correct,both_correct
Salesforce_Llama-xLAM-2-8b-fc-r-checkpoint-6240-merged-1batch-2560seq-3epoch-multi3000-nomlp::zh_parallel_multiple::zh_parallel_multiple_27,correct,correct,both_correct
Salesforce_Llama-xLAM-2-8b-fc-r-checkpoint-6240-merged-1batch-2560seq-3epoch-multi3000-nomlp::zh_parallel_multiple::zh_parallel_multiple_32,correct,correct,both_correct
Salesforce_Llama-xLAM-2-8b-fc-r-checkpoint-6240-merged-1batch-2560seq-3epoch-multi3000-nomlp::zh_parallel_multiple::zh_parallel_multiple_33,correct,correct,both_correct
Salesforce_Llama-xLAM-2-8b-fc-r-checkpoint-6240-merged-1batch-2560seq-3epoch-multi3000-nomlp::zh_parallel_multiple::zh_parallel_multiple_34,correct,correct,both_correct
Salesforce_Llama-xLAM-2-8b-fc-r-checkpoint-6240-merged-1batch-2560seq-3epoch-multi3000-nomlp::zh_parallel_multiple::zh_parallel_multiple_37,correct,correct,both_correct
Salesforce_Llama-xLAM-2-8b-fc-r-checkpoint-6240-merged-1batch-2560seq-3epoch-multi3000-nomlp::zh_parallel_multiple::zh_parallel_multiple_42,correct,correct,both_correct
Salesforce_Llama-xLAM-2-8b-fc-r-checkpoint-6240-merged-1batch-2560seq-3epoch-multi3000-nomlp::zh_parallel_multiple::zh_parallel_multiple_50,correct,correct,both_correct
Salesforce_Llama-xLAM-2-8b-fc-r-checkpoint-6240-merged-1batch-2560seq-3epoch-multi3000-nomlp::zh_parallel_multiple::zh_parallel_multiple_53,correct,wrong,a_correct_b_wrong
Salesforce_Llama-xLAM-2-8b-fc-r-checkpoint-6240-merged-1batch-2560seq-3epoch-multi3000-nomlp::zh_parallel_multiple::zh_parallel_multiple_54,wrong,correct,b_correct_a_wrong
Salesforce_Llama-xLAM-2-8b-fc-r-checkpoint-6240-merged-1batch-2560seq-3epoch-multi3000-nomlp::zh_parallel_multiple::zh_parallel_multiple_64,wrong,correct,b_correct_a_wrong
Salesforce_Llama-xLAM-2-8b-fc-r-checkpoint-6240-merged-1batch-2560seq-3epoch-multi3000-nomlp::zh_parallel_multiple::zh_parallel_multiple_65,correct,correct,both_correct
Salesforce_Llama-xLAM-2-8b-fc-r-checkpoint-6240-merged-1batch-2560seq-3epoch-multi3000-nomlp::zh_parallel_multiple::zh_parallel_multiple_69,wrong,wrong,both_wrong
Salesforce_Llama-xLAM-2-8b-fc-r-checkpoint-6240-merged-1batch-2560seq-3epoch-multi3000-nomlp::zh_parallel_multiple::zh_parallel_multiple_70,wrong,correct,b_correct_a_wrong
Salesforce_Llama-xLAM-2-8b-fc-r-checkpoint-6240-merged-1batch-2560seq-3epoch-multi3000-nomlp::zh_parallel_multiple::zh_parallel_multiple_78,correct,correct,both_correct
Salesforce_Llama-xLAM-2-8b-fc-r-checkpoint-6240-merged-1batch-2560seq-3epoch-multi3000-nomlp::zh_parallel_multiple::zh_parallel_multiple_81,correct,correct,both_correct
Salesforce_Llama-xLAM-2-8b-fc-r-checkpoint-6240-merged-1batch-2560seq-3epoch-multi3000-nomlp::zh_parallel_multiple::zh_parallel_multiple_87,correct,correct,both_correct
Salesforce_Llama-xLAM-2-8b-fc-r-checkpoint-6240-merged-1batch-2560seq-3epoch-multi3000-nomlp::zh_parallel_multiple::zh_parallel_multiple_88,correct,correct,both_correct
Salesforce_Llama-xLAM-2-8b-fc-r-checkpoint-6240-merged-1batch-2560seq-3epoch-multi3000-nomlp::zh_parallel_multiple::zh_parallel_multiple_89,correct,correct,both_correct
Salesforce_Llama-xLAM-2-8b-fc-r-checkpoint-6240-merged-1batch-2560seq-3epoch-multi3000-nomlp::zh_parallel_multiple::zh_parallel_multiple_91,correct,correct,both_correct
Salesforce_Llama-xLAM-2-8b-fc-r-checkpoint-6240-merged-1batch-2560seq-3epoch-multi3000-nomlp::zh_parallel_multiple::zh_parallel_multiple_93,correct,correct,both_correct
Salesforce_Llama-xLAM-2-8b-fc-r-checkpoint-6240-merged-1batch-2560seq-3epoch-multi3000-nomlp::zh_parallel_multiple::zh_parallel_multiple_94,correct,correct,both_correct
Salesforce_Llama-xLAM-2-8b-fc-r-checkpoint-6240-merged-1batch-2560seq-3epoch-multi3000-nomlp::zh_parallel_multiple::zh_parallel_multiple_97,wrong,correct,b_correct_a_wrong
Salesforce_Llama-xLAM-2-8b-fc-r-checkpoint-6240-merged-1batch-2560seq-3epoch-multi3000-nomlp::zh_simple_python::zh_simple_python_126,wrong,correct,b_correct_a_wrong
Salesforce_Llama-xLAM-2-8b-fc-r-checkpoint-6240-merged-1batch-2560seq-3epoch-multi3000-nomlp::zh_simple_python::zh_simple_python_147,correct,correct,both_correct
Salesforce_Llama-xLAM-2-8b-fc-r-checkpoint-6240-merged-1batch-2560seq-3epoch-multi3000-nomlp::zh_simple_python::zh_simple_python_159,wrong,correct,b_correct_a_wrong
Salesforce_Llama-xLAM-2-8b-fc-r-checkpoint-6240-merged-1batch-2560seq-3epoch-multi3000-nomlp::zh_simple_python::zh_simple_python_162,correct,correct,both_correct
Salesforce_Llama-xLAM-2-8b-fc-r-checkpoint-6240-merged-1batch-2560seq-3epoch-multi3000-nomlp::zh_simple_python::zh_simple_python_163,correct,correct,both_correct
Salesforce_Llama-xLAM-2-8b-fc-r-checkpoint-6240-merged-1batch-2560seq-3epoch-multi3000-nomlp::zh_simple_python::zh_simple_python_164,wrong,correct,b_correct_a_wrong
Salesforce_Llama-xLAM-2-8b-fc-r-checkpoint-6240-merged-1batch-2560seq-3epoch-multi3000-nomlp::zh_simple_python::zh_simple_python_166,correct,correct,both_correct
Salesforce_Llama-xLAM-2-8b-fc-r-checkpoint-6240-merged-1batch-2560seq-3epoch-multi3000-nomlp::zh_simple_python::zh_simple_python_174,wrong,correct,b_correct_a_wrong
Salesforce_Llama-xLAM-2-8b-fc-r-checkpoint-6240-merged-1batch-2560seq-3epoch-multi3000-nomlp::zh_simple_python::zh_simple_python_183,wrong,correct,b_correct_a_wrong
Salesforce_Llama-xLAM-2-8b-fc-r-checkpoint-6240-merged-1batch-2560seq-3epoch-multi3000-nomlp::zh_simple_python::zh_simple_python_200,correct,correct,both_correct
Salesforce_Llama-xLAM-2-8b-fc-r-checkpoint-6240-merged-1batch-2560seq-3epoch-multi3000-nomlp::zh_simple_python::zh_simple_python_202,wrong,correct,b_correct_a_wrong
Salesforce_Llama-xLAM-2-8b-fc-r-checkpoint-6240-merged-1batch-2560seq-3epoch-multi3000-nomlp::zh_simple_python::zh_simple_python_212,correct,correct,both_correct
Salesforce_Llama-xLAM-2-8b-fc-r-checkpoint-6240-merged-1batch-2560seq-3epoch-multi3000-nomlp::zh_simple_python::zh_simple_python_215,wrong,wrong,both_wrong
Salesforce_Llama-xLAM-2-8b-fc-r-checkpoint-6240-merged-1batch-2560seq-3epoch-multi3000-nomlp::zh_simple_python::zh_simple_python_219,wrong,correct,b_correct_a_wrong
Salesforce_Llama-xLAM-2-8b-fc-r-checkpoint-6240-merged-1batch-2560seq-3epoch-multi3000-nomlp::zh_simple_python::zh_simple_python_224,wrong,correct,b_correct_a_wrong
Salesforce_Llama-xLAM-2-8b-fc-r-checkpoint-6240-merged-1batch-2560seq-3epoch-multi3000-nomlp::zh_simple_python::zh_simple_python_229,wrong,wrong,both_wrong
Salesforce_Llama-xLAM-2-8b-fc-r-checkpoint-6240-merged-1batch-2560seq-3epoch-multi3000-nomlp::zh_simple_python::zh_simple_python_241,wrong,correct,b_correct_a_wrong
Salesforce_Llama-xLAM-2-8b-fc-r-checkpoint-6240-merged-1batch-2560seq-3epoch-multi3000-nomlp::zh_simple_python::zh_simple_python_242,wrong,correct,b_correct_a_wrong
Salesforce_Llama-xLAM-2-8b-fc-r-checkpoint-6240-merged-1batch-2560seq-3epoch-multi3000-nomlp::zh_simple_python::zh_simple_python_244,wrong,correct,b_correct_a_wrong
Salesforce_Llama-xLAM-2-8b-fc-r-checkpoint-6240-merged-1batch-2560seq-3epoch-multi3000-nomlp::zh_simple_python::zh_simple_python_273,correct,correct,both_correct
Salesforce_Llama-xLAM-2-8b-fc-r-checkpoint-6240-merged-1batch-2560seq-3epoch-multi3000-nomlp::zh_simple_python::zh_simple_python_277,correct,correct,both_correct
Salesforce_Llama-xLAM-2-8b-fc-r-checkpoint-6240-merged-1batch-2560seq-3epoch-multi3000-nomlp::zh_simple_python::zh_simple_python_281,correct,correct,both_correct
Salesforce_Llama-xLAM-2-8b-fc-r-checkpoint-6240-merged-1batch-2560seq-3epoch-multi3000-nomlp::zh_simple_python::zh_simple_python_283,correct,correct,both_correct
Salesforce_Llama-xLAM-2-8b-fc-r-checkpoint-6240-merged-1batch-2560seq-3epoch-multi3000-nomlp::zh_simple_python::zh_simple_python_288,correct,correct,both_correct
Salesforce_Llama-xLAM-2-8b-fc-r-checkpoint-6240-merged-1batch-2560seq-3epoch-multi3000-nomlp::zh_simple_python::zh_simple_python_305,correct,correct,both_correct
Salesforce_Llama-xLAM-2-8b-fc-r-checkpoint-6240-merged-1batch-2560seq-3epoch-multi3000-nomlp::zh_simple_python::zh_simple_python_307,wrong,correct,b_correct_a_wrong
Salesforce_Llama-xLAM-2-8b-fc-r-checkpoint-6240-merged-1batch-2560seq-3epoch-multi3000-nomlp::zh_simple_python::zh_simple_python_308,correct,correct,both_correct
Salesforce_Llama-xLAM-2-8b-fc-r-checkpoint-6240-merged-1batch-2560seq-3epoch-multi3000-nomlp::zh_simple_python::zh_simple_python_319,correct,correct,both_correct
Salesforce_Llama-xLAM-2-8b-fc-r-checkpoint-6240-merged-1batch-2560seq-3epoch-multi3000-nomlp::zh_simple_python::zh_simple_python_322,correct,correct,both_correct
Salesforce_Llama-xLAM-2-8b-fc-r-checkpoint-6240-merged-1batch-2560seq-3epoch-multi3000-nomlp::zh_simple_python::zh_simple_python_324,correct,correct,both_correct
Salesforce_Llama-xLAM-2-8b-fc-r-checkpoint-6240-merged-1batch-2560seq-3epoch-multi3000-nomlp::zh_simple_python::zh_simple_python_326,correct,correct,both_correct
Salesforce_Llama-xLAM-2-8b-fc-r-checkpoint-6240-merged-1batch-2560seq-3epoch-multi3000-nomlp::zh_simple_python::zh_simple_python_327,correct,correct,both_correct
Salesforce_Llama-xLAM-2-8b-fc-r-checkpoint-6240-merged-1batch-2560seq-3epoch-multi3000-nomlp::zh_simple_python::zh_simple_python_337,correct,correct,both_correct
Salesforce_Llama-xLAM-2-8b-fc-r-checkpoint-6240-merged-1batch-2560seq-3epoch-multi3000-nomlp::zh_simple_python::zh_simple_python_344,correct,correct,both_correct
Salesforce_Llama-xLAM-2-8b-fc-r-checkpoint-6240-merged-1batch-2560seq-3epoch-multi3000-nomlp::zh_simple_python::zh_simple_python_369,correct,correct,both_correct
Salesforce_Llama-xLAM-2-8b-fc-r-checkpoint-6240-merged-1batch-2560seq-3epoch-multi3000-nomlp::zh_simple_python::zh_simple_python_373,wrong,correct,b_correct_a_wrong
Salesforce_Llama-xLAM-2-8b-fc-r-checkpoint-6240-merged-1batch-2560seq-3epoch-multi3000-nomlp::zh_simple_python::zh_simple_python_374,correct,correct,both_correct
Salesforce_Llama-xLAM-2-8b-fc-r-checkpoint-6240-merged-1batch-2560seq-3epoch-multi3000-nomlp::zh_simple_python::zh_simple_python_386,wrong,correct,b_correct_a_wrong
Salesforce_Llama-xLAM-2-8b-fc-r-checkpoint-6240-merged-1batch-2560seq-3epoch-multi3000-nomlp::zh_simple_python::zh_simple_python_387,correct,correct,both_correct
Salesforce_Llama-xLAM-2-8b-fc-r-checkpoint-6240-merged-1batch-2560seq-3epoch-multi3000-nomlp::zh_simple_python::zh_simple_python_394,correct,correct,both_correct
Salesforce_Llama-xLAM-2-8b-fc-r-checkpoint-6240-merged-1batch-2560seq-3epoch-multi3000-nomlp::zh_simple_python::zh_simple_python_63,correct,correct,both_correct
Salesforce_Llama-xLAM-2-8b-fc-r-checkpoint-6240-merged-1batch-2560seq-3epoch-multi3000-nomlp::zh_simple_python::zh_simple_python_77,correct,correct,both_correct
Salesforce_Llama-xLAM-2-8b-fc-r-checkpoint-6240-merged-1batch-2560seq-3epoch-multi3000-nomlp::zh_simple_python::zh_simple_python_83,wrong,correct,b_correct_a_wrong
Salesforce_Llama-xLAM-2-8b-fc-r-checkpoint-6240-merged-1batch-2560seq-3epoch-multi3000-nomlp::zh_simple_python::zh_simple_python_85,correct,correct,both_correct
Salesforce_Llama-xLAM-2-8b-fc-r-checkpoint-6240-merged-1batch-2560seq-3epoch-multi3000-nomlp::zh_simple_python::zh_simple_python_91,correct,correct,both_correct
Salesforce_Llama-xLAM-2-8b-fc-r-checkpoint-6240-merged-1batch-2560seq-3epoch-multi3000-nomlp::zh_simple_python::zh_simple_python_98,wrong,correct,b_correct_a_wrong
Salesforce_Llama-xLAM-2-8b-fc-r-checkpoint-652-merged-1batch-2560seq-3epoch-multi2000-nomlp::zh_multiple::zh_multiple_119,wrong,correct,b_correct_a_wrong
Salesforce_Llama-xLAM-2-8b-fc-r-checkpoint-652-merged-1batch-2560seq-3epoch-multi2000-nomlp::zh_multiple::zh_multiple_134,correct,correct,both_correct
Salesforce_Llama-xLAM-2-8b-fc-r-checkpoint-652-merged-1batch-2560seq-3epoch-multi2000-nomlp::zh_multiple::zh_multiple_149,correct,correct,both_correct
Salesforce_Llama-xLAM-2-8b-fc-r-checkpoint-652-merged-1batch-2560seq-3epoch-multi2000-nomlp::zh_multiple::zh_multiple_160,wrong,correct,b_correct_a_wrong
Salesforce_Llama-xLAM-2-8b-fc-r-checkpoint-652-merged-1batch-2560seq-3epoch-multi2000-nomlp::zh_multiple::zh_multiple_165,correct,correct,both_correct
Salesforce_Llama-xLAM-2-8b-fc-r-checkpoint-652-merged-1batch-2560seq-3epoch-multi2000-nomlp::zh_multiple::zh_multiple_176,correct,correct,both_correct
Salesforce_Llama-xLAM-2-8b-fc-r-checkpoint-652-merged-1batch-2560seq-3epoch-multi2000-nomlp::zh_multiple::zh_multiple_188,correct,correct,both_correct
Salesforce_Llama-xLAM-2-8b-fc-r-checkpoint-652-merged-1batch-2560seq-3epoch-multi2000-nomlp::zh_multiple::zh_multiple_190,wrong,correct,b_correct_a_wrong
Salesforce_Llama-xLAM-2-8b-fc-r-checkpoint-652-merged-1batch-2560seq-3epoch-multi2000-nomlp::zh_multiple::zh_multiple_191,wrong,correct,b_correct_a_wrong
Salesforce_Llama-xLAM-2-8b-fc-r-checkpoint-652-merged-1batch-2560seq-3epoch-multi2000-nomlp::zh_multiple::zh_multiple_192,wrong,correct,b_correct_a_wrong
Salesforce_Llama-xLAM-2-8b-fc-r-checkpoint-652-merged-1batch-2560seq-3epoch-multi2000-nomlp::zh_multiple::zh_multiple_193,correct,correct,both_correct
Salesforce_Llama-xLAM-2-8b-fc-r-checkpoint-652-merged-1batch-2560seq-3epoch-multi2000-nomlp::zh_multiple::zh_multiple_25,correct,correct,both_correct
Salesforce_Llama-xLAM-2-8b-fc-r-checkpoint-652-merged-1batch-2560seq-3epoch-multi2000-nomlp::zh_multiple::zh_multiple_35,wrong,wrong,both_wrong
Salesforce_Llama-xLAM-2-8b-fc-r-checkpoint-652-merged-1batch-2560seq-3epoch-multi2000-nomlp::zh_multiple::zh_multiple_56,correct,correct,both_correct
Salesforce_Llama-xLAM-2-8b-fc-r-checkpoint-652-merged-1batch-2560seq-3epoch-multi2000-nomlp::zh_multiple::zh_multiple_58,wrong,correct,b_correct_a_wrong
Salesforce_Llama-xLAM-2-8b-fc-r-checkpoint-652-merged-1batch-2560seq-3epoch-multi2000-nomlp::zh_multiple::zh_multiple_61,wrong,correct,b_correct_a_wrong
Salesforce_Llama-xLAM-2-8b-fc-r-checkpoint-652-merged-1batch-2560seq-3epoch-multi2000-nomlp::zh_multiple::zh_multiple_67,correct,correct,both_correct
Salesforce_Llama-xLAM-2-8b-fc-r-checkpoint-652-merged-1batch-2560seq-3epoch-multi2000-nomlp::zh_multiple::zh_multiple_68,wrong,correct,b_correct_a_wrong
Salesforce_Llama-xLAM-2-8b-fc-r-checkpoint-652-merged-1batch-2560seq-3epoch-multi2000-nomlp::zh_multiple::zh_multiple_78,correct,correct,both_correct
Salesforce_Llama-xLAM-2-8b-fc-r-checkpoint-652-merged-1batch-2560seq-3epoch-multi2000-nomlp::zh_multiple::zh_multiple_91,wrong,correct,b_correct_a_wrong
Salesforce_Llama-xLAM-2-8b-fc-r-checkpoint-652-merged-1batch-2560seq-3epoch-multi2000-nomlp::zh_multiple::zh_multiple_93,wrong,correct,b_correct_a_wrong
Salesforce_Llama-xLAM-2-8b-fc-r-checkpoint-652-merged-1batch-2560seq-3epoch-multi2000-nomlp::zh_multiple::zh_multiple_94,wrong,correct,b_correct_a_wrong
Salesforce_Llama-xLAM-2-8b-fc-r-checkpoint-652-merged-1batch-2560seq-3epoch-multi2000-nomlp::zh_parallel::zh_parallel_117,wrong,correct,b_correct_a_wrong
Salesforce_Llama-xLAM-2-8b-fc-r-checkpoint-652-merged-1batch-2560seq-3epoch-multi2000-nomlp::zh_parallel::zh_parallel_119,correct,correct,both_correct
Salesforce_Llama-xLAM-2-8b-fc-r-checkpoint-652-merged-1batch-2560seq-3epoch-multi2000-nomlp::zh_parallel::zh_parallel_13,wrong,correct,b_correct_a_wrong
Salesforce_Llama-xLAM-2-8b-fc-r-checkpoint-652-merged-1batch-2560seq-3epoch-multi2000-nomlp::zh_parallel::zh_parallel_130,correct,correct,both_correct
Salesforce_Llama-xLAM-2-8b-fc-r-checkpoint-652-merged-1batch-2560seq-3epoch-multi2000-nomlp::zh_parallel::zh_parallel_155,correct,correct,both_correct
Salesforce_Llama-xLAM-2-8b-fc-r-checkpoint-652-merged-1batch-2560seq-3epoch-multi2000-nomlp::zh_parallel::zh_parallel_159,wrong,correct,b_correct_a_wrong
Salesforce_Llama-xLAM-2-8b-fc-r-checkpoint-652-merged-1batch-2560seq-3epoch-multi2000-nomlp::zh_parallel::zh_parallel_177,correct,correct,both_correct
Salesforce_Llama-xLAM-2-8b-fc-r-checkpoint-652-merged-1batch-2560seq-3epoch-multi2000-nomlp::zh_parallel::zh_parallel_181,wrong,correct,b_correct_a_wrong
Salesforce_Llama-xLAM-2-8b-fc-r-checkpoint-652-merged-1batch-2560seq-3epoch-multi2000-nomlp::zh_parallel::zh_parallel_185,wrong,correct,b_correct_a_wrong
Salesforce_Llama-xLAM-2-8b-fc-r-checkpoint-652-merged-1batch-2560seq-3epoch-multi2000-nomlp::zh_parallel::zh_parallel_187,wrong,correct,b_correct_a_wrong
Salesforce_Llama-xLAM-2-8b-fc-r-checkpoint-652-merged-1batch-2560seq-3epoch-multi2000-nomlp::zh_parallel::zh_parallel_189,correct,correct,both_correct
Salesforce_Llama-xLAM-2-8b-fc-r-checkpoint-652-merged-1batch-2560seq-3epoch-multi2000-nomlp::zh_parallel::zh_parallel_19,correct,correct,both_correct
Salesforce_Llama-xLAM-2-8b-fc-r-checkpoint-652-merged-1batch-2560seq-3epoch-multi2000-nomlp::zh_parallel::zh_parallel_191,correct,correct,both_correct
Salesforce_Llama-xLAM-2-8b-fc-r-checkpoint-652-merged-1batch-2560seq-3epoch-multi2000-nomlp::zh_parallel::zh_parallel_192,correct,correct,both_correct
Salesforce_Llama-xLAM-2-8b-fc-r-checkpoint-652-merged-1batch-2560seq-3epoch-multi2000-nomlp::zh_parallel::zh_parallel_35,wrong,correct,b_correct_a_wrong
Salesforce_Llama-xLAM-2-8b-fc-r-checkpoint-652-merged-1batch-2560seq-3epoch-multi2000-nomlp::zh_parallel::zh_parallel_36,correct,correct,both_correct
Salesforce_Llama-xLAM-2-8b-fc-r-checkpoint-652-merged-1batch-2560seq-3epoch-multi2000-nomlp::zh_parallel::zh_parallel_4,correct,correct,both_correct
Salesforce_Llama-xLAM-2-8b-fc-r-checkpoint-652-merged-1batch-2560seq-3epoch-multi2000-nomlp::zh_parallel::zh_parallel_40,correct,correct,both_correct
Salesforce_Llama-xLAM-2-8b-fc-r-checkpoint-652-merged-1batch-2560seq-3epoch-multi2000-nomlp::zh_parallel::zh_parallel_44,wrong,correct,b_correct_a_wrong
Salesforce_Llama-xLAM-2-8b-fc-r-checkpoint-652-merged-1batch-2560seq-3epoch-multi2000-nomlp::zh_parallel::zh_parallel_45,wrong,correct,b_correct_a_wrong
Salesforce_Llama-xLAM-2-8b-fc-r-checkpoint-652-merged-1batch-2560seq-3epoch-multi2000-nomlp::zh_parallel::zh_parallel_46,correct,correct,both_correct
Salesforce_Llama-xLAM-2-8b-fc-r-checkpoint-652-merged-1batch-2560seq-3epoch-multi2000-nomlp::zh_parallel::zh_parallel_51,wrong,correct,b_correct_a_wrong
Salesforce_Llama-xLAM-2-8b-fc-r-checkpoint-652-merged-1batch-2560seq-3epoch-multi2000-nomlp::zh_parallel::zh_parallel_52,correct,correct,both_correct
Salesforce_Llama-xLAM-2-8b-fc-r-checkpoint-652-merged-1batch-2560seq-3epoch-multi2000-nomlp::zh_parallel::zh_parallel_54,correct,correct,both_correct
Salesforce_Llama-xLAM-2-8b-fc-r-checkpoint-652-merged-1batch-2560seq-3epoch-multi2000-nomlp::zh_parallel::zh_parallel_88,correct,correct,both_correct
Salesforce_Llama-xLAM-2-8b-fc-r-checkpoint-652-merged-1batch-2560seq-3epoch-multi2000-nomlp::zh_parallel::zh_parallel_89,wrong,correct,b_correct_a_wrong
Salesforce_Llama-xLAM-2-8b-fc-r-checkpoint-652-merged-1batch-2560seq-3epoch-multi2000-nomlp::zh_parallel::zh_parallel_90,correct,correct,both_correct
Salesforce_Llama-xLAM-2-8b-fc-r-checkpoint-652-merged-1batch-2560seq-3epoch-multi2000-nomlp::zh_parallel::zh_parallel_93,correct,correct,both_correct
Salesforce_Llama-xLAM-2-8b-fc-r-checkpoint-652-merged-1batch-2560seq-3epoch-multi2000-nomlp::zh_parallel_multiple::zh_parallel_multiple_10,wrong,correct,b_correct_a_wrong
Salesforce_Llama-xLAM-2-8b-fc-r-checkpoint-652-merged-1batch-2560seq-3epoch-multi2000-nomlp::zh_parallel_multiple::zh_parallel_multiple_103,correct,correct,both_correct
Salesforce_Llama-xLAM-2-8b-fc-r-checkpoint-652-merged-1batch-2560seq-3epoch-multi2000-nomlp::zh_parallel_multiple::zh_parallel_multiple_105,correct,correct,both_correct
Salesforce_Llama-xLAM-2-8b-fc-r-checkpoint-652-merged-1batch-2560seq-3epoch-multi2000-nomlp::zh_parallel_multiple::zh_parallel_multiple_106,correct,correct,both_correct
Salesforce_Llama-xLAM-2-8b-fc-r-checkpoint-652-merged-1batch-2560seq-3epoch-multi2000-nomlp::zh_parallel_multiple::zh_parallel_multiple_107,correct,correct,both_correct
Salesforce_Llama-xLAM-2-8b-fc-r-checkpoint-652-merged-1batch-2560seq-3epoch-multi2000-nomlp::zh_parallel_multiple::zh_parallel_multiple_112,correct,correct,both_correct
Salesforce_Llama-xLAM-2-8b-fc-r-checkpoint-652-merged-1batch-2560seq-3epoch-multi2000-nomlp::zh_parallel_multiple::zh_parallel_multiple_118,correct,correct,both_correct
Salesforce_Llama-xLAM-2-8b-fc-r-checkpoint-652-merged-1batch-2560seq-3epoch-multi2000-nomlp::zh_parallel_multiple::zh_parallel_multiple_120,correct,correct,both_correct
Salesforce_Llama-xLAM-2-8b-fc-r-checkpoint-652-merged-1batch-2560seq-3epoch-multi2000-nomlp::zh_parallel_multiple::zh_parallel_multiple_128,correct,correct,both_correct
Salesforce_Llama-xLAM-2-8b-fc-r-checkpoint-652-merged-1batch-2560seq-3epoch-multi2000-nomlp::zh_parallel_multiple::zh_parallel_multiple_129,correct,correct,both_correct
Salesforce_Llama-xLAM-2-8b-fc-r-checkpoint-652-merged-1batch-2560seq-3epoch-multi2000-nomlp::zh_parallel_multiple::zh_parallel_multiple_139,correct,correct,both_correct
Salesforce_Llama-xLAM-2-8b-fc-r-checkpoint-652-merged-1batch-2560seq-3epoch-multi2000-nomlp::zh_parallel_multiple::zh_parallel_multiple_141,correct,correct,both_correct
Salesforce_Llama-xLAM-2-8b-fc-r-checkpoint-652-merged-1batch-2560seq-3epoch-multi2000-nomlp::zh_parallel_multiple::zh_parallel_multiple_147,correct,correct,both_correct
Salesforce_Llama-xLAM-2-8b-fc-r-checkpoint-652-merged-1batch-2560seq-3epoch-multi2000-nomlp::zh_parallel_multiple::zh_parallel_multiple_148,correct,correct,both_correct
Salesforce_Llama-xLAM-2-8b-fc-r-checkpoint-652-merged-1batch-2560seq-3epoch-multi2000-nomlp::zh_parallel_multiple::zh_parallel_multiple_149,correct,correct,both_correct
Salesforce_Llama-xLAM-2-8b-fc-r-checkpoint-652-merged-1batch-2560seq-3epoch-multi2000-nomlp::zh_parallel_multiple::zh_parallel_multiple_151,correct,correct,both_correct
Salesforce_Llama-xLAM-2-8b-fc-r-checkpoint-652-merged-1batch-2560seq-3epoch-multi2000-nomlp::zh_parallel_multiple::zh_parallel_multiple_153,correct,correct,both_correct
Salesforce_Llama-xLAM-2-8b-fc-r-checkpoint-652-merged-1batch-2560seq-3epoch-multi2000-nomlp::zh_parallel_multiple::zh_parallel_multiple_156,correct,correct,both_correct
Salesforce_Llama-xLAM-2-8b-fc-r-checkpoint-652-merged-1batch-2560seq-3epoch-multi2000-nomlp::zh_parallel_multiple::zh_parallel_multiple_158,correct,correct,both_correct
Salesforce_Llama-xLAM-2-8b-fc-r-checkpoint-652-merged-1batch-2560seq-3epoch-multi2000-nomlp::zh_parallel_multiple::zh_parallel_multiple_159,correct,correct,both_correct
Salesforce_Llama-xLAM-2-8b-fc-r-checkpoint-652-merged-1batch-2560seq-3epoch-multi2000-nomlp::zh_parallel_multiple::zh_parallel_multiple_165,correct,correct,both_correct
Salesforce_Llama-xLAM-2-8b-fc-r-checkpoint-652-merged-1batch-2560seq-3epoch-multi2000-nomlp::zh_parallel_multiple::zh_parallel_multiple_169,wrong,correct,b_correct_a_wrong
Salesforce_Llama-xLAM-2-8b-fc-r-checkpoint-652-merged-1batch-2560seq-3epoch-multi2000-nomlp::zh_parallel_multiple::zh_parallel_multiple_173,correct,correct,both_correct
Salesforce_Llama-xLAM-2-8b-fc-r-checkpoint-652-merged-1batch-2560seq-3epoch-multi2000-nomlp::zh_parallel_multiple::zh_parallel_multiple_176,correct,correct,both_correct
Salesforce_Llama-xLAM-2-8b-fc-r-checkpoint-652-merged-1batch-2560seq-3epoch-multi2000-nomlp::zh_parallel_multiple::zh_parallel_multiple_180,correct,correct,both_correct
Salesforce_Llama-xLAM-2-8b-fc-r-checkpoint-652-merged-1batch-2560seq-3epoch-multi2000-nomlp::zh_parallel_multiple::zh_parallel_multiple_183,wrong,wrong,both_wrong
Salesforce_Llama-xLAM-2-8b-fc-r-checkpoint-652-merged-1batch-2560seq-3epoch-multi2000-nomlp::zh_parallel_multiple::zh_parallel_multiple_189,correct,correct,both_correct
Salesforce_Llama-xLAM-2-8b-fc-r-checkpoint-652-merged-1batch-2560seq-3epoch-multi2000-nomlp::zh_parallel_multiple::zh_parallel_multiple_19,correct,correct,both_correct
Salesforce_Llama-xLAM-2-8b-fc-r-checkpoint-652-merged-1batch-2560seq-3epoch-multi2000-nomlp::zh_parallel_multiple::zh_parallel_multiple_191,correct,correct,both_correct
Salesforce_Llama-xLAM-2-8b-fc-r-checkpoint-652-merged-1batch-2560seq-3epoch-multi2000-nomlp::zh_parallel_multiple::zh_parallel_multiple_195,correct,correct,both_correct
Salesforce_Llama-xLAM-2-8b-fc-r-checkpoint-652-merged-1batch-2560seq-3epoch-multi2000-nomlp::zh_parallel_multiple::zh_parallel_multiple_199,correct,correct,both_correct
Salesforce_Llama-xLAM-2-8b-fc-r-checkpoint-652-merged-1batch-2560seq-3epoch-multi2000-nomlp::zh_parallel_multiple::zh_parallel_multiple_21,wrong,correct,b_correct_a_wrong
Salesforce_Llama-xLAM-2-8b-fc-r-checkpoint-652-merged-1batch-2560seq-3epoch-multi2000-nomlp::zh_parallel_multiple::zh_parallel_multiple_27,correct,correct,both_correct
Salesforce_Llama-xLAM-2-8b-fc-r-checkpoint-652-merged-1batch-2560seq-3epoch-multi2000-nomlp::zh_parallel_multiple::zh_parallel_multiple_32,correct,correct,both_correct
Salesforce_Llama-xLAM-2-8b-fc-r-checkpoint-652-merged-1batch-2560seq-3epoch-multi2000-nomlp::zh_parallel_multiple::zh_parallel_multiple_33,correct,correct,both_correct
Salesforce_Llama-xLAM-2-8b-fc-r-checkpoint-652-merged-1batch-2560seq-3epoch-multi2000-nomlp::zh_parallel_multiple::zh_parallel_multiple_40,correct,correct,both_correct
Salesforce_Llama-xLAM-2-8b-fc-r-checkpoint-652-merged-1batch-2560seq-3epoch-multi2000-nomlp::zh_parallel_multiple::zh_parallel_multiple_50,correct,correct,both_correct
Salesforce_Llama-xLAM-2-8b-fc-r-checkpoint-652-merged-1batch-2560seq-3epoch-multi2000-nomlp::zh_parallel_multiple::zh_parallel_multiple_53,correct,wrong,a_correct_b_wrong
Salesforce_Llama-xLAM-2-8b-fc-r-checkpoint-652-merged-1batch-2560seq-3epoch-multi2000-nomlp::zh_parallel_multiple::zh_parallel_multiple_55,wrong,correct,b_correct_a_wrong
Salesforce_Llama-xLAM-2-8b-fc-r-checkpoint-652-merged-1batch-2560seq-3epoch-multi2000-nomlp::zh_parallel_multiple::zh_parallel_multiple_64,wrong,correct,b_correct_a_wrong
Salesforce_Llama-xLAM-2-8b-fc-r-checkpoint-652-merged-1batch-2560seq-3epoch-multi2000-nomlp::zh_parallel_multiple::zh_parallel_multiple_65,correct,correct,both_correct
Salesforce_Llama-xLAM-2-8b-fc-r-checkpoint-652-merged-1batch-2560seq-3epoch-multi2000-nomlp::zh_parallel_multiple::zh_parallel_multiple_69,wrong,wrong,both_wrong
Salesforce_Llama-xLAM-2-8b-fc-r-checkpoint-652-merged-1batch-2560seq-3epoch-multi2000-nomlp::zh_parallel_multiple::zh_parallel_multiple_78,correct,correct,both_correct
Salesforce_Llama-xLAM-2-8b-fc-r-checkpoint-652-merged-1batch-2560seq-3epoch-multi2000-nomlp::zh_parallel_multiple::zh_parallel_multiple_81,wrong,correct,b_correct_a_wrong
Salesforce_Llama-xLAM-2-8b-fc-r-checkpoint-652-merged-1batch-2560seq-3epoch-multi2000-nomlp::zh_parallel_multiple::zh_parallel_multiple_87,correct,correct,both_correct
Salesforce_Llama-xLAM-2-8b-fc-r-checkpoint-652-merged-1batch-2560seq-3epoch-multi2000-nomlp::zh_parallel_multiple::zh_parallel_multiple_88,correct,correct,both_correct
Salesforce_Llama-xLAM-2-8b-fc-r-checkpoint-652-merged-1batch-2560seq-3epoch-multi2000-nomlp::zh_parallel_multiple::zh_parallel_multiple_9,correct,correct,both_correct
Salesforce_Llama-xLAM-2-8b-fc-r-checkpoint-652-merged-1batch-2560seq-3epoch-multi2000-nomlp::zh_parallel_multiple::zh_parallel_multiple_91,correct,correct,both_correct
Salesforce_Llama-xLAM-2-8b-fc-r-checkpoint-652-merged-1batch-2560seq-3epoch-multi2000-nomlp::zh_parallel_multiple::zh_parallel_multiple_94,correct,correct,both_correct
Salesforce_Llama-xLAM-2-8b-fc-r-checkpoint-652-merged-1batch-2560seq-3epoch-multi2000-nomlp::zh_parallel_multiple::zh_parallel_multiple_97,wrong,correct,b_correct_a_wrong
Salesforce_Llama-xLAM-2-8b-fc-r-checkpoint-652-merged-1batch-2560seq-3epoch-multi2000-nomlp::zh_simple_python::zh_simple_python_139,wrong,correct,b_correct_a_wrong
Salesforce_Llama-xLAM-2-8b-fc-r-checkpoint-652-merged-1batch-2560seq-3epoch-multi2000-nomlp::zh_simple_python::zh_simple_python_158,correct,correct,both_correct
Salesforce_Llama-xLAM-2-8b-fc-r-checkpoint-652-merged-1batch-2560seq-3epoch-multi2000-nomlp::zh_simple_python::zh_simple_python_159,wrong,correct,b_correct_a_wrong
Salesforce_Llama-xLAM-2-8b-fc-r-checkpoint-652-merged-1batch-2560seq-3epoch-multi2000-nomlp::zh_simple_python::zh_simple_python_162,correct,correct,both_correct
Salesforce_Llama-xLAM-2-8b-fc-r-checkpoint-652-merged-1batch-2560seq-3epoch-multi2000-nomlp::zh_simple_python::zh_simple_python_166,correct,correct,both_correct
Salesforce_Llama-xLAM-2-8b-fc-r-checkpoint-652-merged-1batch-2560seq-3epoch-multi2000-nomlp::zh_simple_python::zh_simple_python_173,correct,correct,both_correct
Salesforce_Llama-xLAM-2-8b-fc-r-checkpoint-652-merged-1batch-2560seq-3epoch-multi2000-nomlp::zh_simple_python::zh_simple_python_183,wrong,correct,b_correct_a_wrong
Salesforce_Llama-xLAM-2-8b-fc-r-checkpoint-652-merged-1batch-2560seq-3epoch-multi2000-nomlp::zh_simple_python::zh_simple_python_191,correct,correct,both_correct
Salesforce_Llama-xLAM-2-8b-fc-r-checkpoint-652-merged-1batch-2560seq-3epoch-multi2000-nomlp::zh_simple_python::zh_simple_python_197,correct,correct,both_correct
Salesforce_Llama-xLAM-2-8b-fc-r-checkpoint-652-merged-1batch-2560seq-3epoch-multi2000-nomlp::zh_simple_python::zh_simple_python_200,correct,correct,both_correct
Salesforce_Llama-xLAM-2-8b-fc-r-checkpoint-652-merged-1batch-2560seq-3epoch-multi2000-nomlp::zh_simple_python::zh_simple_python_219,wrong,correct,b_correct_a_wrong
Salesforce_Llama-xLAM-2-8b-fc-r-checkpoint-652-merged-1batch-2560seq-3epoch-multi2000-nomlp::zh_simple_python::zh_simple_python_224,wrong,correct,b_correct_a_wrong
Salesforce_Llama-xLAM-2-8b-fc-r-checkpoint-652-merged-1batch-2560seq-3epoch-multi2000-nomlp::zh_simple_python::zh_simple_python_229,correct,correct,both_correct
Salesforce_Llama-xLAM-2-8b-fc-r-checkpoint-652-merged-1batch-2560seq-3epoch-multi2000-nomlp::zh_simple_python::zh_simple_python_234,wrong,correct,b_correct_a_wrong
Salesforce_Llama-xLAM-2-8b-fc-r-checkpoint-652-merged-1batch-2560seq-3epoch-multi2000-nomlp::zh_simple_python::zh_simple_python_241,wrong,correct,b_correct_a_wrong
Salesforce_Llama-xLAM-2-8b-fc-r-checkpoint-652-merged-1batch-2560seq-3epoch-multi2000-nomlp::zh_simple_python::zh_simple_python_242,wrong,correct,b_correct_a_wrong
Salesforce_Llama-xLAM-2-8b-fc-r-checkpoint-652-merged-1batch-2560seq-3epoch-multi2000-nomlp::zh_simple_python::zh_simple_python_244,wrong,correct,b_correct_a_wrong
Salesforce_Llama-xLAM-2-8b-fc-r-checkpoint-652-merged-1batch-2560seq-3epoch-multi2000-nomlp::zh_simple_python::zh_simple_python_248,correct,correct,both_correct
Salesforce_Llama-xLAM-2-8b-fc-r-checkpoint-652-merged-1batch-2560seq-3epoch-multi2000-nomlp::zh_simple_python::zh_simple_python_266,correct,correct,both_correct
Salesforce_Llama-xLAM-2-8b-fc-r-checkpoint-652-merged-1batch-2560seq-3epoch-multi2000-nomlp::zh_simple_python::zh_simple_python_281,correct,correct,both_correct
Salesforce_Llama-xLAM-2-8b-fc-r-checkpoint-652-merged-1batch-2560seq-3epoch-multi2000-nomlp::zh_simple_python::zh_simple_python_283,correct,correct,both_correct
Salesforce_Llama-xLAM-2-8b-fc-r-checkpoint-652-merged-1batch-2560seq-3epoch-multi2000-nomlp::zh_simple_python::zh_simple_python_305,correct,correct,both_correct
Salesforce_Llama-xLAM-2-8b-fc-r-checkpoint-652-merged-1batch-2560seq-3epoch-multi2000-nomlp::zh_simple_python::zh_simple_python_306,wrong,correct,b_correct_a_wrong
Salesforce_Llama-xLAM-2-8b-fc-r-checkpoint-652-merged-1batch-2560seq-3epoch-multi2000-nomlp::zh_simple_python::zh_simple_python_308,correct,correct,both_correct
Salesforce_Llama-xLAM-2-8b-fc-r-checkpoint-652-merged-1batch-2560seq-3epoch-multi2000-nomlp::zh_simple_python::zh_simple_python_316,wrong,correct,b_correct_a_wrong
Salesforce_Llama-xLAM-2-8b-fc-r-checkpoint-652-merged-1batch-2560seq-3epoch-multi2000-nomlp::zh_simple_python::zh_simple_python_322,correct,correct,both_correct
Salesforce_Llama-xLAM-2-8b-fc-r-checkpoint-652-merged-1batch-2560seq-3epoch-multi2000-nomlp::zh_simple_python::zh_simple_python_324,correct,correct,both_correct
Salesforce_Llama-xLAM-2-8b-fc-r-checkpoint-652-merged-1batch-2560seq-3epoch-multi2000-nomlp::zh_simple_python::zh_simple_python_326,correct,correct,both_correct
Salesforce_Llama-xLAM-2-8b-fc-r-checkpoint-652-merged-1batch-2560seq-3epoch-multi2000-nomlp::zh_simple_python::zh_simple_python_327,correct,correct,both_correct
Salesforce_Llama-xLAM-2-8b-fc-r-checkpoint-652-merged-1batch-2560seq-3epoch-multi2000-nomlp::zh_simple_python::zh_simple_python_344,correct,correct,both_correct
Salesforce_Llama-xLAM-2-8b-fc-r-checkpoint-652-merged-1batch-2560seq-3epoch-multi2000-nomlp::zh_simple_python::zh_simple_python_373,correct,correct,both_correct
Salesforce_Llama-xLAM-2-8b-fc-r-checkpoint-652-merged-1batch-2560seq-3epoch-multi2000-nomlp::zh_simple_python::zh_simple_python_375,wrong,correct,b_correct_a_wrong
Salesforce_Llama-xLAM-2-8b-fc-r-checkpoint-652-merged-1batch-2560seq-3epoch-multi2000-nomlp::zh_simple_python::zh_simple_python_386,wrong,correct,b_correct_a_wrong
Salesforce_Llama-xLAM-2-8b-fc-r-checkpoint-652-merged-1batch-2560seq-3epoch-multi2000-nomlp::zh_simple_python::zh_simple_python_387,correct,correct,both_correct
Salesforce_Llama-xLAM-2-8b-fc-r-checkpoint-652-merged-1batch-2560seq-3epoch-multi2000-nomlp::zh_simple_python::zh_simple_python_390,wrong,correct,b_correct_a_wrong
Salesforce_Llama-xLAM-2-8b-fc-r-checkpoint-652-merged-1batch-2560seq-3epoch-multi2000-nomlp::zh_simple_python::zh_simple_python_59,wrong,correct,b_correct_a_wrong
Salesforce_Llama-xLAM-2-8b-fc-r-checkpoint-652-merged-1batch-2560seq-3epoch-multi2000-nomlp::zh_simple_python::zh_simple_python_63,correct,correct,both_correct
Salesforce_Llama-xLAM-2-8b-fc-r-checkpoint-652-merged-1batch-2560seq-3epoch-multi2000-nomlp::zh_simple_python::zh_simple_python_77,correct,correct,both_correct
Salesforce_Llama-xLAM-2-8b-fc-r-checkpoint-652-merged-1batch-2560seq-3epoch-multi2000-nomlp::zh_simple_python::zh_simple_python_89,wrong,correct,b_correct_a_wrong
Salesforce_Llama-xLAM-2-8b-fc-r-checkpoint-652-merged-1batch-2560seq-3epoch-multi2000-nomlp::zh_simple_python::zh_simple_python_91,correct,correct,both_correct
Salesforce_Llama-xLAM-2-8b-fc-r-checkpoint-652-merged-1batch-2560seq-3epoch-multi2000-nomlp::zh_simple_python::zh_simple_python_98,wrong,correct,b_correct_a_wrong
Salesforce_Llama-xLAM-2-8b-fc-r-checkpoint-6615-merged-1batch-2560seq-3epoch-multi4000-nomlp::zh_multiple::zh_multiple_119,wrong,correct,b_correct_a_wrong
Salesforce_Llama-xLAM-2-8b-fc-r-checkpoint-6615-merged-1batch-2560seq-3epoch-multi4000-nomlp::zh_multiple::zh_multiple_134,correct,correct,both_correct
Salesforce_Llama-xLAM-2-8b-fc-r-checkpoint-6615-merged-1batch-2560seq-3epoch-multi4000-nomlp::zh_multiple::zh_multiple_151,wrong,correct,b_correct_a_wrong
Salesforce_Llama-xLAM-2-8b-fc-r-checkpoint-6615-merged-1batch-2560seq-3epoch-multi4000-nomlp::zh_multiple::zh_multiple_155,wrong,correct,b_correct_a_wrong
Salesforce_Llama-xLAM-2-8b-fc-r-checkpoint-6615-merged-1batch-2560seq-3epoch-multi4000-nomlp::zh_multiple::zh_multiple_160,wrong,correct,b_correct_a_wrong
Salesforce_Llama-xLAM-2-8b-fc-r-checkpoint-6615-merged-1batch-2560seq-3epoch-multi4000-nomlp::zh_multiple::zh_multiple_165,wrong,correct,b_correct_a_wrong
Salesforce_Llama-xLAM-2-8b-fc-r-checkpoint-6615-merged-1batch-2560seq-3epoch-multi4000-nomlp::zh_multiple::zh_multiple_174,correct,correct,both_correct
Salesforce_Llama-xLAM-2-8b-fc-r-checkpoint-6615-merged-1batch-2560seq-3epoch-multi4000-nomlp::zh_multiple::zh_multiple_176,correct,correct,both_correct
Salesforce_Llama-xLAM-2-8b-fc-r-checkpoint-6615-merged-1batch-2560seq-3epoch-multi4000-nomlp::zh_multiple::zh_multiple_191,wrong,correct,b_correct_a_wrong
Salesforce_Llama-xLAM-2-8b-fc-r-checkpoint-6615-merged-1batch-2560seq-3epoch-multi4000-nomlp::zh_multiple::zh_multiple_192,wrong,correct,b_correct_a_wrong
Salesforce_Llama-xLAM-2-8b-fc-r-checkpoint-6615-merged-1batch-2560seq-3epoch-multi4000-nomlp::zh_multiple::zh_multiple_193,correct,correct,both_correct
Salesforce_Llama-xLAM-2-8b-fc-r-checkpoint-6615-merged-1batch-2560seq-3epoch-multi4000-nomlp::zh_multiple::zh_multiple_199,correct,correct,both_correct
Salesforce_Llama-xLAM-2-8b-fc-r-checkpoint-6615-merged-1batch-2560seq-3epoch-multi4000-nomlp::zh_multiple::zh_multiple_25,correct,correct,both_correct
Salesforce_Llama-xLAM-2-8b-fc-r-checkpoint-6615-merged-1batch-2560seq-3epoch-multi4000-nomlp::zh_multiple::zh_multiple_60,correct,correct,both_correct
Salesforce_Llama-xLAM-2-8b-fc-r-checkpoint-6615-merged-1batch-2560seq-3epoch-multi4000-nomlp::zh_multiple::zh_multiple_61,wrong,correct,b_correct_a_wrong
Salesforce_Llama-xLAM-2-8b-fc-r-checkpoint-6615-merged-1batch-2560seq-3epoch-multi4000-nomlp::zh_multiple::zh_multiple_68,wrong,correct,b_correct_a_wrong
Salesforce_Llama-xLAM-2-8b-fc-r-checkpoint-6615-merged-1batch-2560seq-3epoch-multi4000-nomlp::zh_multiple::zh_multiple_84,correct,correct,both_correct
Salesforce_Llama-xLAM-2-8b-fc-r-checkpoint-6615-merged-1batch-2560seq-3epoch-multi4000-nomlp::zh_multiple::zh_multiple_91,wrong,correct,b_correct_a_wrong
Salesforce_Llama-xLAM-2-8b-fc-r-checkpoint-6615-merged-1batch-2560seq-3epoch-multi4000-nomlp::zh_multiple::zh_multiple_94,wrong,correct,b_correct_a_wrong
Salesforce_Llama-xLAM-2-8b-fc-r-checkpoint-6615-merged-1batch-2560seq-3epoch-multi4000-nomlp::zh_parallel::zh_parallel_117,wrong,correct,b_correct_a_wrong
Salesforce_Llama-xLAM-2-8b-fc-r-checkpoint-6615-merged-1batch-2560seq-3epoch-multi4000-nomlp::zh_parallel::zh_parallel_119,correct,correct,both_correct
Salesforce_Llama-xLAM-2-8b-fc-r-checkpoint-6615-merged-1batch-2560seq-3epoch-multi4000-nomlp::zh_parallel::zh_parallel_122,wrong,correct,b_correct_a_wrong
Salesforce_Llama-xLAM-2-8b-fc-r-checkpoint-6615-merged-1batch-2560seq-3epoch-multi4000-nomlp::zh_parallel::zh_parallel_13,wrong,correct,b_correct_a_wrong
Salesforce_Llama-xLAM-2-8b-fc-r-checkpoint-6615-merged-1batch-2560seq-3epoch-multi4000-nomlp::zh_parallel::zh_parallel_151,wrong,correct,b_correct_a_wrong
Salesforce_Llama-xLAM-2-8b-fc-r-checkpoint-6615-merged-1batch-2560seq-3epoch-multi4000-nomlp::zh_parallel::zh_parallel_155,correct,correct,both_correct
Salesforce_Llama-xLAM-2-8b-fc-r-checkpoint-6615-merged-1batch-2560seq-3epoch-multi4000-nomlp::zh_parallel::zh_parallel_159,wrong,correct,b_correct_a_wrong
Salesforce_Llama-xLAM-2-8b-fc-r-checkpoint-6615-merged-1batch-2560seq-3epoch-multi4000-nomlp::zh_parallel::zh_parallel_164,wrong,correct,b_correct_a_wrong
Salesforce_Llama-xLAM-2-8b-fc-r-checkpoint-6615-merged-1batch-2560seq-3epoch-multi4000-nomlp::zh_parallel::zh_parallel_181,wrong,correct,b_correct_a_wrong
Salesforce_Llama-xLAM-2-8b-fc-r-checkpoint-6615-merged-1batch-2560seq-3epoch-multi4000-nomlp::zh_parallel::zh_parallel_187,wrong,correct,b_correct_a_wrong
Salesforce_Llama-xLAM-2-8b-fc-r-checkpoint-6615-merged-1batch-2560seq-3epoch-multi4000-nomlp::zh_parallel::zh_parallel_19,correct,correct,both_correct
Salesforce_Llama-xLAM-2-8b-fc-r-checkpoint-6615-merged-1batch-2560seq-3epoch-multi4000-nomlp::zh_parallel::zh_parallel_194,correct,correct,both_correct
Salesforce_Llama-xLAM-2-8b-fc-r-checkpoint-6615-merged-1batch-2560seq-3epoch-multi4000-nomlp::zh_parallel::zh_parallel_27,correct,correct,both_correct
Salesforce_Llama-xLAM-2-8b-fc-r-checkpoint-6615-merged-1batch-2560seq-3epoch-multi4000-nomlp::zh_parallel::zh_parallel_3,wrong,correct,b_correct_a_wrong
Salesforce_Llama-xLAM-2-8b-fc-r-checkpoint-6615-merged-1batch-2560seq-3epoch-multi4000-nomlp::zh_parallel::zh_parallel_36,correct,correct,both_correct
Salesforce_Llama-xLAM-2-8b-fc-r-checkpoint-6615-merged-1batch-2560seq-3epoch-multi4000-nomlp::zh_parallel::zh_parallel_37,correct,correct,both_correct
Salesforce_Llama-xLAM-2-8b-fc-r-checkpoint-6615-merged-1batch-2560seq-3epoch-multi4000-nomlp::zh_parallel::zh_parallel_40,correct,correct,both_correct
Salesforce_Llama-xLAM-2-8b-fc-r-checkpoint-6615-merged-1batch-2560seq-3epoch-multi4000-nomlp::zh_parallel::zh_parallel_44,wrong,correct,b_correct_a_wrong
Salesforce_Llama-xLAM-2-8b-fc-r-checkpoint-6615-merged-1batch-2560seq-3epoch-multi4000-nomlp::zh_parallel::zh_parallel_51,wrong,correct,b_correct_a_wrong
Salesforce_Llama-xLAM-2-8b-fc-r-checkpoint-6615-merged-1batch-2560seq-3epoch-multi4000-nomlp::zh_parallel::zh_parallel_52,correct,correct,both_correct
Salesforce_Llama-xLAM-2-8b-fc-r-checkpoint-6615-merged-1batch-2560seq-3epoch-multi4000-nomlp::zh_parallel::zh_parallel_55,correct,correct,both_correct
Salesforce_Llama-xLAM-2-8b-fc-r-checkpoint-6615-merged-1batch-2560seq-3epoch-multi4000-nomlp::zh_parallel::zh_parallel_57,wrong,correct,b_correct_a_wrong
Salesforce_Llama-xLAM-2-8b-fc-r-checkpoint-6615-merged-1batch-2560seq-3epoch-multi4000-nomlp::zh_parallel::zh_parallel_8,correct,correct,both_correct
Salesforce_Llama-xLAM-2-8b-fc-r-checkpoint-6615-merged-1batch-2560seq-3epoch-multi4000-nomlp::zh_parallel::zh_parallel_81,correct,correct,both_correct
Salesforce_Llama-xLAM-2-8b-fc-r-checkpoint-6615-merged-1batch-2560seq-3epoch-multi4000-nomlp::zh_parallel::zh_parallel_91,correct,correct,both_correct
Salesforce_Llama-xLAM-2-8b-fc-r-checkpoint-6615-merged-1batch-2560seq-3epoch-multi4000-nomlp::zh_parallel::zh_parallel_92,correct,correct,both_correct
Salesforce_Llama-xLAM-2-8b-fc-r-checkpoint-6615-merged-1batch-2560seq-3epoch-multi4000-nomlp::zh_parallel::zh_parallel_93,correct,correct,both_correct
Salesforce_Llama-xLAM-2-8b-fc-r-checkpoint-6615-merged-1batch-2560seq-3epoch-multi4000-nomlp::zh_parallel_multiple::zh_parallel_multiple_10,wrong,correct,b_correct_a_wrong
Salesforce_Llama-xLAM-2-8b-fc-r-checkpoint-6615-merged-1batch-2560seq-3epoch-multi4000-nomlp::zh_parallel_multiple::zh_parallel_multiple_103,correct,correct,both_correct
Salesforce_Llama-xLAM-2-8b-fc-r-checkpoint-6615-merged-1batch-2560seq-3epoch-multi4000-nomlp::zh_parallel_multiple::zh_parallel_multiple_106,correct,correct,both_correct
Salesforce_Llama-xLAM-2-8b-fc-r-checkpoint-6615-merged-1batch-2560seq-3epoch-multi4000-nomlp::zh_parallel_multiple::zh_parallel_multiple_108,correct,correct,both_correct
Salesforce_Llama-xLAM-2-8b-fc-r-checkpoint-6615-merged-1batch-2560seq-3epoch-multi4000-nomlp::zh_parallel_multiple::zh_parallel_multiple_112,correct,correct,both_correct
Salesforce_Llama-xLAM-2-8b-fc-r-checkpoint-6615-merged-1batch-2560seq-3epoch-multi4000-nomlp::zh_parallel_multiple::zh_parallel_multiple_114,correct,correct,both_correct
Salesforce_Llama-xLAM-2-8b-fc-r-checkpoint-6615-merged-1batch-2560seq-3epoch-multi4000-nomlp::zh_parallel_multiple::zh_parallel_multiple_115,correct,correct,both_correct
Salesforce_Llama-xLAM-2-8b-fc-r-checkpoint-6615-merged-1batch-2560seq-3epoch-multi4000-nomlp::zh_parallel_multiple::zh_parallel_multiple_118,correct,correct,both_correct
Salesforce_Llama-xLAM-2-8b-fc-r-checkpoint-6615-merged-1batch-2560seq-3epoch-multi4000-nomlp::zh_parallel_multiple::zh_parallel_multiple_120,correct,correct,both_correct
Salesforce_Llama-xLAM-2-8b-fc-r-checkpoint-6615-merged-1batch-2560seq-3epoch-multi4000-nomlp::zh_parallel_multiple::zh_parallel_multiple_127,wrong,correct,b_correct_a_wrong
Salesforce_Llama-xLAM-2-8b-fc-r-checkpoint-6615-merged-1batch-2560seq-3epoch-multi4000-nomlp::zh_parallel_multiple::zh_parallel_multiple_128,correct,correct,both_correct
Salesforce_Llama-xLAM-2-8b-fc-r-checkpoint-6615-merged-1batch-2560seq-3epoch-multi4000-nomlp::zh_parallel_multiple::zh_parallel_multiple_129,correct,correct,both_correct
Salesforce_Llama-xLAM-2-8b-fc-r-checkpoint-6615-merged-1batch-2560seq-3epoch-multi4000-nomlp::zh_parallel_multiple::zh_parallel_multiple_137,correct,correct,both_correct
Salesforce_Llama-xLAM-2-8b-fc-r-checkpoint-6615-merged-1batch-2560seq-3epoch-multi4000-nomlp::zh_parallel_multiple::zh_parallel_multiple_139,correct,correct,both_correct
Salesforce_Llama-xLAM-2-8b-fc-r-checkpoint-6615-merged-1batch-2560seq-3epoch-multi4000-nomlp::zh_parallel_multiple::zh_parallel_multiple_141,correct,correct,both_correct
Salesforce_Llama-xLAM-2-8b-fc-r-checkpoint-6615-merged-1batch-2560seq-3epoch-multi4000-nomlp::zh_parallel_multiple::zh_parallel_multiple_144,correct,correct,both_correct
Salesforce_Llama-xLAM-2-8b-fc-r-checkpoint-6615-merged-1batch-2560seq-3epoch-multi4000-nomlp::zh_parallel_multiple::zh_parallel_multiple_147,correct,correct,both_correct
Salesforce_Llama-xLAM-2-8b-fc-r-checkpoint-6615-merged-1batch-2560seq-3epoch-multi4000-nomlp::zh_parallel_multiple::zh_parallel_multiple_148,correct,correct,both_correct
Salesforce_Llama-xLAM-2-8b-fc-r-checkpoint-6615-merged-1batch-2560seq-3epoch-multi4000-nomlp::zh_parallel_multiple::zh_parallel_multiple_149,correct,correct,both_correct
Salesforce_Llama-xLAM-2-8b-fc-r-checkpoint-6615-merged-1batch-2560seq-3epoch-multi4000-nomlp::zh_parallel_multiple::zh_parallel_multiple_150,correct,correct,both_correct
Salesforce_Llama-xLAM-2-8b-fc-r-checkpoint-6615-merged-1batch-2560seq-3epoch-multi4000-nomlp::zh_parallel_multiple::zh_parallel_multiple_151,correct,correct,both_correct
Salesforce_Llama-xLAM-2-8b-fc-r-checkpoint-6615-merged-1batch-2560seq-3epoch-multi4000-nomlp::zh_parallel_multiple::zh_parallel_multiple_153,correct,correct,both_correct
Salesforce_Llama-xLAM-2-8b-fc-r-checkpoint-6615-merged-1batch-2560seq-3epoch-multi4000-nomlp::zh_parallel_multiple::zh_parallel_multiple_156,correct,correct,both_correct
Salesforce_Llama-xLAM-2-8b-fc-r-checkpoint-6615-merged-1batch-2560seq-3epoch-multi4000-nomlp::zh_parallel_multiple::zh_parallel_multiple_158,correct,correct,both_correct
Salesforce_Llama-xLAM-2-8b-fc-r-checkpoint-6615-merged-1batch-2560seq-3epoch-multi4000-nomlp::zh_parallel_multiple::zh_parallel_multiple_159,correct,correct,both_correct
Salesforce_Llama-xLAM-2-8b-fc-r-checkpoint-6615-merged-1batch-2560seq-3epoch-multi4000-nomlp::zh_parallel_multiple::zh_parallel_multiple_160,correct,correct,both_correct
Salesforce_Llama-xLAM-2-8b-fc-r-checkpoint-6615-merged-1batch-2560seq-3epoch-multi4000-nomlp::zh_parallel_multiple::zh_parallel_multiple_163,correct,correct,both_correct
Salesforce_Llama-xLAM-2-8b-fc-r-checkpoint-6615-merged-1batch-2560seq-3epoch-multi4000-nomlp::zh_parallel_multiple::zh_parallel_multiple_165,correct,correct,both_correct
Salesforce_Llama-xLAM-2-8b-fc-r-checkpoint-6615-merged-1batch-2560seq-3epoch-multi4000-nomlp::zh_parallel_multiple::zh_parallel_multiple_169,correct,correct,both_correct
Salesforce_Llama-xLAM-2-8b-fc-r-checkpoint-6615-merged-1batch-2560seq-3epoch-multi4000-nomlp::zh_parallel_multiple::zh_parallel_multiple_170,correct,correct,both_correct
Salesforce_Llama-xLAM-2-8b-fc-r-checkpoint-6615-merged-1batch-2560seq-3epoch-multi4000-nomlp::zh_parallel_multiple::zh_parallel_multiple_172,correct,correct,both_correct
Salesforce_Llama-xLAM-2-8b-fc-r-checkpoint-6615-merged-1batch-2560seq-3epoch-multi4000-nomlp::zh_parallel_multiple::zh_parallel_multiple_173,correct,correct,both_correct
Salesforce_Llama-xLAM-2-8b-fc-r-checkpoint-6615-merged-1batch-2560seq-3epoch-multi4000-nomlp::zh_parallel_multiple::zh_parallel_multiple_176,correct,correct,both_correct
Salesforce_Llama-xLAM-2-8b-fc-r-checkpoint-6615-merged-1batch-2560seq-3epoch-multi4000-nomlp::zh_parallel_multiple::zh_parallel_multiple_189,correct,correct,both_correct
Salesforce_Llama-xLAM-2-8b-fc-r-checkpoint-6615-merged-1batch-2560seq-3epoch-multi4000-nomlp::zh_parallel_multiple::zh_parallel_multiple_19,correct,correct,both_correct
Salesforce_Llama-xLAM-2-8b-fc-r-checkpoint-6615-merged-1batch-2560seq-3epoch-multi4000-nomlp::zh_parallel_multiple::zh_parallel_multiple_191,correct,correct,both_correct
Salesforce_Llama-xLAM-2-8b-fc-r-checkpoint-6615-merged-1batch-2560seq-3epoch-multi4000-nomlp::zh_parallel_multiple::zh_parallel_multiple_198,wrong,correct,b_correct_a_wrong
Salesforce_Llama-xLAM-2-8b-fc-r-checkpoint-6615-merged-1batch-2560seq-3epoch-multi4000-nomlp::zh_parallel_multiple::zh_parallel_multiple_21,correct,correct,both_correct
Salesforce_Llama-xLAM-2-8b-fc-r-checkpoint-6615-merged-1batch-2560seq-3epoch-multi4000-nomlp::zh_parallel_multiple::zh_parallel_multiple_27,correct,correct,both_correct
Salesforce_Llama-xLAM-2-8b-fc-r-checkpoint-6615-merged-1batch-2560seq-3epoch-multi4000-nomlp::zh_parallel_multiple::zh_parallel_multiple_32,correct,correct,both_correct
Salesforce_Llama-xLAM-2-8b-fc-r-checkpoint-6615-merged-1batch-2560seq-3epoch-multi4000-nomlp::zh_parallel_multiple::zh_parallel_multiple_33,correct,correct,both_correct
Salesforce_Llama-xLAM-2-8b-fc-r-checkpoint-6615-merged-1batch-2560seq-3epoch-multi4000-nomlp::zh_parallel_multiple::zh_parallel_multiple_34,correct,correct,both_correct
Salesforce_Llama-xLAM-2-8b-fc-r-checkpoint-6615-merged-1batch-2560seq-3epoch-multi4000-nomlp::zh_parallel_multiple::zh_parallel_multiple_40,correct,correct,both_correct
Salesforce_Llama-xLAM-2-8b-fc-r-checkpoint-6615-merged-1batch-2560seq-3epoch-multi4000-nomlp::zh_parallel_multiple::zh_parallel_multiple_42,correct,correct,both_correct
Salesforce_Llama-xLAM-2-8b-fc-r-checkpoint-6615-merged-1batch-2560seq-3epoch-multi4000-nomlp::zh_parallel_multiple::zh_parallel_multiple_46,correct,correct,both_correct
Salesforce_Llama-xLAM-2-8b-fc-r-checkpoint-6615-merged-1batch-2560seq-3epoch-multi4000-nomlp::zh_parallel_multiple::zh_parallel_multiple_50,correct,correct,both_correct
Salesforce_Llama-xLAM-2-8b-fc-r-checkpoint-6615-merged-1batch-2560seq-3epoch-multi4000-nomlp::zh_parallel_multiple::zh_parallel_multiple_53,correct,wrong,a_correct_b_wrong
Salesforce_Llama-xLAM-2-8b-fc-r-checkpoint-6615-merged-1batch-2560seq-3epoch-multi4000-nomlp::zh_parallel_multiple::zh_parallel_multiple_54,wrong,correct,b_correct_a_wrong
Salesforce_Llama-xLAM-2-8b-fc-r-checkpoint-6615-merged-1batch-2560seq-3epoch-multi4000-nomlp::zh_parallel_multiple::zh_parallel_multiple_55,correct,correct,both_correct
Salesforce_Llama-xLAM-2-8b-fc-r-checkpoint-6615-merged-1batch-2560seq-3epoch-multi4000-nomlp::zh_parallel_multiple::zh_parallel_multiple_65,correct,correct,both_correct
Salesforce_Llama-xLAM-2-8b-fc-r-checkpoint-6615-merged-1batch-2560seq-3epoch-multi4000-nomlp::zh_parallel_multiple::zh_parallel_multiple_69,wrong,wrong,both_wrong
Salesforce_Llama-xLAM-2-8b-fc-r-checkpoint-6615-merged-1batch-2560seq-3epoch-multi4000-nomlp::zh_parallel_multiple::zh_parallel_multiple_75,wrong,correct,b_correct_a_wrong
Salesforce_Llama-xLAM-2-8b-fc-r-checkpoint-6615-merged-1batch-2560seq-3epoch-multi4000-nomlp::zh_parallel_multiple::zh_parallel_multiple_78,correct,correct,both_correct
Salesforce_Llama-xLAM-2-8b-fc-r-checkpoint-6615-merged-1batch-2560seq-3epoch-multi4000-nomlp::zh_parallel_multiple::zh_parallel_multiple_87,correct,correct,both_correct
Salesforce_Llama-xLAM-2-8b-fc-r-checkpoint-6615-merged-1batch-2560seq-3epoch-multi4000-nomlp::zh_parallel_multiple::zh_parallel_multiple_88,correct,correct,both_correct
Salesforce_Llama-xLAM-2-8b-fc-r-checkpoint-6615-merged-1batch-2560seq-3epoch-multi4000-nomlp::zh_parallel_multiple::zh_parallel_multiple_91,correct,correct,both_correct
Salesforce_Llama-xLAM-2-8b-fc-r-checkpoint-6615-merged-1batch-2560seq-3epoch-multi4000-nomlp::zh_parallel_multiple::zh_parallel_multiple_93,correct,correct,both_correct
Salesforce_Llama-xLAM-2-8b-fc-r-checkpoint-6615-merged-1batch-2560seq-3epoch-multi4000-nomlp::zh_parallel_multiple::zh_parallel_multiple_97,wrong,correct,b_correct_a_wrong
Salesforce_Llama-xLAM-2-8b-fc-r-checkpoint-6615-merged-1batch-2560seq-3epoch-multi4000-nomlp::zh_simple_python::zh_simple_python_126,wrong,correct,b_correct_a_wrong
Salesforce_Llama-xLAM-2-8b-fc-r-checkpoint-6615-merged-1batch-2560seq-3epoch-multi4000-nomlp::zh_simple_python::zh_simple_python_147,wrong,correct,b_correct_a_wrong
Salesforce_Llama-xLAM-2-8b-fc-r-checkpoint-6615-merged-1batch-2560seq-3epoch-multi4000-nomlp::zh_simple_python::zh_simple_python_159,wrong,correct,b_correct_a_wrong
Salesforce_Llama-xLAM-2-8b-fc-r-checkpoint-6615-merged-1batch-2560seq-3epoch-multi4000-nomlp::zh_simple_python::zh_simple_python_162,correct,correct,both_correct
Salesforce_Llama-xLAM-2-8b-fc-r-checkpoint-6615-merged-1batch-2560seq-3epoch-multi4000-nomlp::zh_simple_python::zh_simple_python_163,correct,correct,both_correct
Salesforce_Llama-xLAM-2-8b-fc-r-checkpoint-6615-merged-1batch-2560seq-3epoch-multi4000-nomlp::zh_simple_python::zh_simple_python_166,correct,correct,both_correct
Salesforce_Llama-xLAM-2-8b-fc-r-checkpoint-6615-merged-1batch-2560seq-3epoch-multi4000-nomlp::zh_simple_python::zh_simple_python_183,wrong,correct,b_correct_a_wrong
Salesforce_Llama-xLAM-2-8b-fc-r-checkpoint-6615-merged-1batch-2560seq-3epoch-multi4000-nomlp::zh_simple_python::zh_simple_python_200,wrong,correct,b_correct_a_wrong
Salesforce_Llama-xLAM-2-8b-fc-r-checkpoint-6615-merged-1batch-2560seq-3epoch-multi4000-nomlp::zh_simple_python::zh_simple_python_206,correct,correct,both_correct
Salesforce_Llama-xLAM-2-8b-fc-r-checkpoint-6615-merged-1batch-2560seq-3epoch-multi4000-nomlp::zh_simple_python::zh_simple_python_211,correct,correct,both_correct
Salesforce_Llama-xLAM-2-8b-fc-r-checkpoint-6615-merged-1batch-2560seq-3epoch-multi4000-nomlp::zh_simple_python::zh_simple_python_212,correct,correct,both_correct
Salesforce_Llama-xLAM-2-8b-fc-r-checkpoint-6615-merged-1batch-2560seq-3epoch-multi4000-nomlp::zh_simple_python::zh_simple_python_217,wrong,correct,b_correct_a_wrong
Salesforce_Llama-xLAM-2-8b-fc-r-checkpoint-6615-merged-1batch-2560seq-3epoch-multi4000-nomlp::zh_simple_python::zh_simple_python_219,wrong,correct,b_correct_a_wrong
Salesforce_Llama-xLAM-2-8b-fc-r-checkpoint-6615-merged-1batch-2560seq-3epoch-multi4000-nomlp::zh_simple_python::zh_simple_python_224,wrong,correct,b_correct_a_wrong
Salesforce_Llama-xLAM-2-8b-fc-r-checkpoint-6615-merged-1batch-2560seq-3epoch-multi4000-nomlp::zh_simple_python::zh_simple_python_228,correct,correct,both_correct
Salesforce_Llama-xLAM-2-8b-fc-r-checkpoint-6615-merged-1batch-2560seq-3epoch-multi4000-nomlp::zh_simple_python::zh_simple_python_229,wrong,correct,b_correct_a_wrong
Salesforce_Llama-xLAM-2-8b-fc-r-checkpoint-6615-merged-1batch-2560seq-3epoch-multi4000-nomlp::zh_simple_python::zh_simple_python_241,wrong,correct,b_correct_a_wrong
Salesforce_Llama-xLAM-2-8b-fc-r-checkpoint-6615-merged-1batch-2560seq-3epoch-multi4000-nomlp::zh_simple_python::zh_simple_python_242,wrong,correct,b_correct_a_wrong
Salesforce_Llama-xLAM-2-8b-fc-r-checkpoint-6615-merged-1batch-2560seq-3epoch-multi4000-nomlp::zh_simple_python::zh_simple_python_244,wrong,correct,b_correct_a_wrong
Salesforce_Llama-xLAM-2-8b-fc-r-checkpoint-6615-merged-1batch-2560seq-3epoch-multi4000-nomlp::zh_simple_python::zh_simple_python_267,wrong,correct,b_correct_a_wrong
Salesforce_Llama-xLAM-2-8b-fc-r-checkpoint-6615-merged-1batch-2560seq-3epoch-multi4000-nomlp::zh_simple_python::zh_simple_python_273,wrong,correct,b_correct_a_wrong
Salesforce_Llama-xLAM-2-8b-fc-r-checkpoint-6615-merged-1batch-2560seq-3epoch-multi4000-nomlp::zh_simple_python::zh_simple_python_281,correct,correct,both_correct
Salesforce_Llama-xLAM-2-8b-fc-r-checkpoint-6615-merged-1batch-2560seq-3epoch-multi4000-nomlp::zh_simple_python::zh_simple_python_283,wrong,correct,b_correct_a_wrong
Salesforce_Llama-xLAM-2-8b-fc-r-checkpoint-6615-merged-1batch-2560seq-3epoch-multi4000-nomlp::zh_simple_python::zh_simple_python_288,correct,correct,both_correct
Salesforce_Llama-xLAM-2-8b-fc-r-checkpoint-6615-merged-1batch-2560seq-3epoch-multi4000-nomlp::zh_simple_python::zh_simple_python_289,correct,correct,both_correct
Salesforce_Llama-xLAM-2-8b-fc-r-checkpoint-6615-merged-1batch-2560seq-3epoch-multi4000-nomlp::zh_simple_python::zh_simple_python_290,correct,correct,both_correct
Salesforce_Llama-xLAM-2-8b-fc-r-checkpoint-6615-merged-1batch-2560seq-3epoch-multi4000-nomlp::zh_simple_python::zh_simple_python_305,correct,correct,both_correct
Salesforce_Llama-xLAM-2-8b-fc-r-checkpoint-6615-merged-1batch-2560seq-3epoch-multi4000-nomlp::zh_simple_python::zh_simple_python_306,wrong,correct,b_correct_a_wrong
Salesforce_Llama-xLAM-2-8b-fc-r-checkpoint-6615-merged-1batch-2560seq-3epoch-multi4000-nomlp::zh_simple_python::zh_simple_python_307,wrong,correct,b_correct_a_wrong
Salesforce_Llama-xLAM-2-8b-fc-r-checkpoint-6615-merged-1batch-2560seq-3epoch-multi4000-nomlp::zh_simple_python::zh_simple_python_308,correct,correct,both_correct
Salesforce_Llama-xLAM-2-8b-fc-r-checkpoint-6615-merged-1batch-2560seq-3epoch-multi4000-nomlp::zh_simple_python::zh_simple_python_319,correct,correct,both_correct
Salesforce_Llama-xLAM-2-8b-fc-r-checkpoint-6615-merged-1batch-2560seq-3epoch-multi4000-nomlp::zh_simple_python::zh_simple_python_322,correct,correct,both_correct
Salesforce_Llama-xLAM-2-8b-fc-r-checkpoint-6615-merged-1batch-2560seq-3epoch-multi4000-nomlp::zh_simple_python::zh_simple_python_324,correct,correct,both_correct
Salesforce_Llama-xLAM-2-8b-fc-r-checkpoint-6615-merged-1batch-2560seq-3epoch-multi4000-nomlp::zh_simple_python::zh_simple_python_325,wrong,correct,b_correct_a_wrong
Salesforce_Llama-xLAM-2-8b-fc-r-checkpoint-6615-merged-1batch-2560seq-3epoch-multi4000-nomlp::zh_simple_python::zh_simple_python_326,correct,correct,both_correct
Salesforce_Llama-xLAM-2-8b-fc-r-checkpoint-6615-merged-1batch-2560seq-3epoch-multi4000-nomlp::zh_simple_python::zh_simple_python_327,correct,correct,both_correct
Salesforce_Llama-xLAM-2-8b-fc-r-checkpoint-6615-merged-1batch-2560seq-3epoch-multi4000-nomlp::zh_simple_python::zh_simple_python_337,correct,correct,both_correct
Salesforce_Llama-xLAM-2-8b-fc-r-checkpoint-6615-merged-1batch-2560seq-3epoch-multi4000-nomlp::zh_simple_python::zh_simple_python_344,correct,correct,both_correct
Salesforce_Llama-xLAM-2-8b-fc-r-checkpoint-6615-merged-1batch-2560seq-3epoch-multi4000-nomlp::zh_simple_python::zh_simple_python_369,wrong,correct,b_correct_a_wrong
Salesforce_Llama-xLAM-2-8b-fc-r-checkpoint-6615-merged-1batch-2560seq-3epoch-multi4000-nomlp::zh_simple_python::zh_simple_python_375,wrong,correct,b_correct_a_wrong
Salesforce_Llama-xLAM-2-8b-fc-r-checkpoint-6615-merged-1batch-2560seq-3epoch-multi4000-nomlp::zh_simple_python::zh_simple_python_386,wrong,correct,b_correct_a_wrong
Salesforce_Llama-xLAM-2-8b-fc-r-checkpoint-6615-merged-1batch-2560seq-3epoch-multi4000-nomlp::zh_simple_python::zh_simple_python_387,correct,correct,both_correct
Salesforce_Llama-xLAM-2-8b-fc-r-checkpoint-6615-merged-1batch-2560seq-3epoch-multi4000-nomlp::zh_simple_python::zh_simple_python_394,correct,correct,both_correct
Salesforce_Llama-xLAM-2-8b-fc-r-checkpoint-6615-merged-1batch-2560seq-3epoch-multi4000-nomlp::zh_simple_python::zh_simple_python_56,correct,correct,both_correct
Salesforce_Llama-xLAM-2-8b-fc-r-checkpoint-6615-merged-1batch-2560seq-3epoch-multi4000-nomlp::zh_simple_python::zh_simple_python_63,correct,correct,both_correct
Salesforce_Llama-xLAM-2-8b-fc-r-checkpoint-6615-merged-1batch-2560seq-3epoch-multi4000-nomlp::zh_simple_python::zh_simple_python_77,correct,correct,both_correct
Salesforce_Llama-xLAM-2-8b-fc-r-checkpoint-6615-merged-1batch-2560seq-3epoch-multi4000-nomlp::zh_simple_python::zh_simple_python_85,correct,correct,both_correct
Salesforce_Llama-xLAM-2-8b-fc-r-checkpoint-6615-merged-1batch-2560seq-3epoch-multi4000-nomlp::zh_simple_python::zh_simple_python_91,correct,correct,both_correct
Salesforce_Llama-xLAM-2-8b-fc-r-checkpoint-6615-merged-1batch-2560seq-3epoch-multi4000-nomlp::zh_simple_python::zh_simple_python_98,wrong,correct,b_correct_a_wrong
Salesforce_Llama-xLAM-2-8b-fc-r-checkpoint-693-merged-1batch-2560seq-3epoch-multi3000-nomlp::zh_multiple::zh_multiple_119,correct,correct,both_correct
Salesforce_Llama-xLAM-2-8b-fc-r-checkpoint-693-merged-1batch-2560seq-3epoch-multi3000-nomlp::zh_multiple::zh_multiple_134,correct,correct,both_correct
Salesforce_Llama-xLAM-2-8b-fc-r-checkpoint-693-merged-1batch-2560seq-3epoch-multi3000-nomlp::zh_multiple::zh_multiple_160,wrong,correct,b_correct_a_wrong
Salesforce_Llama-xLAM-2-8b-fc-r-checkpoint-693-merged-1batch-2560seq-3epoch-multi3000-nomlp::zh_multiple::zh_multiple_165,correct,correct,both_correct
Salesforce_Llama-xLAM-2-8b-fc-r-checkpoint-693-merged-1batch-2560seq-3epoch-multi3000-nomlp::zh_multiple::zh_multiple_176,correct,correct,both_correct
Salesforce_Llama-xLAM-2-8b-fc-r-checkpoint-693-merged-1batch-2560seq-3epoch-multi3000-nomlp::zh_multiple::zh_multiple_188,correct,correct,both_correct
Salesforce_Llama-xLAM-2-8b-fc-r-checkpoint-693-merged-1batch-2560seq-3epoch-multi3000-nomlp::zh_multiple::zh_multiple_191,wrong,correct,b_correct_a_wrong
Salesforce_Llama-xLAM-2-8b-fc-r-checkpoint-693-merged-1batch-2560seq-3epoch-multi3000-nomlp::zh_multiple::zh_multiple_192,wrong,correct,b_correct_a_wrong
Salesforce_Llama-xLAM-2-8b-fc-r-checkpoint-693-merged-1batch-2560seq-3epoch-multi3000-nomlp::zh_multiple::zh_multiple_193,correct,correct,both_correct
Salesforce_Llama-xLAM-2-8b-fc-r-checkpoint-693-merged-1batch-2560seq-3epoch-multi3000-nomlp::zh_multiple::zh_multiple_25,correct,correct,both_correct
Salesforce_Llama-xLAM-2-8b-fc-r-checkpoint-693-merged-1batch-2560seq-3epoch-multi3000-nomlp::zh_multiple::zh_multiple_35,wrong,wrong,both_wrong
Salesforce_Llama-xLAM-2-8b-fc-r-checkpoint-693-merged-1batch-2560seq-3epoch-multi3000-nomlp::zh_multiple::zh_multiple_58,wrong,correct,b_correct_a_wrong
Salesforce_Llama-xLAM-2-8b-fc-r-checkpoint-693-merged-1batch-2560seq-3epoch-multi3000-nomlp::zh_multiple::zh_multiple_61,wrong,correct,b_correct_a_wrong
Salesforce_Llama-xLAM-2-8b-fc-r-checkpoint-693-merged-1batch-2560seq-3epoch-multi3000-nomlp::zh_multiple::zh_multiple_67,correct,correct,both_correct
Salesforce_Llama-xLAM-2-8b-fc-r-checkpoint-693-merged-1batch-2560seq-3epoch-multi3000-nomlp::zh_multiple::zh_multiple_78,wrong,correct,b_correct_a_wrong
Salesforce_Llama-xLAM-2-8b-fc-r-checkpoint-693-merged-1batch-2560seq-3epoch-multi3000-nomlp::zh_multiple::zh_multiple_91,wrong,correct,b_correct_a_wrong
Salesforce_Llama-xLAM-2-8b-fc-r-checkpoint-693-merged-1batch-2560seq-3epoch-multi3000-nomlp::zh_multiple::zh_multiple_93,wrong,correct,b_correct_a_wrong
Salesforce_Llama-xLAM-2-8b-fc-r-checkpoint-693-merged-1batch-2560seq-3epoch-multi3000-nomlp::zh_multiple::zh_multiple_94,correct,correct,both_correct
Salesforce_Llama-xLAM-2-8b-fc-r-checkpoint-693-merged-1batch-2560seq-3epoch-multi3000-nomlp::zh_parallel::zh_parallel_117,wrong,correct,b_correct_a_wrong
Salesforce_Llama-xLAM-2-8b-fc-r-checkpoint-693-merged-1batch-2560seq-3epoch-multi3000-nomlp::zh_parallel::zh_parallel_119,correct,correct,both_correct
Salesforce_Llama-xLAM-2-8b-fc-r-checkpoint-693-merged-1batch-2560seq-3epoch-multi3000-nomlp::zh_parallel::zh_parallel_13,wrong,correct,b_correct_a_wrong
Salesforce_Llama-xLAM-2-8b-fc-r-checkpoint-693-merged-1batch-2560seq-3epoch-multi3000-nomlp::zh_parallel::zh_parallel_130,correct,correct,both_correct
Salesforce_Llama-xLAM-2-8b-fc-r-checkpoint-693-merged-1batch-2560seq-3epoch-multi3000-nomlp::zh_parallel::zh_parallel_155,correct,correct,both_correct
Salesforce_Llama-xLAM-2-8b-fc-r-checkpoint-693-merged-1batch-2560seq-3epoch-multi3000-nomlp::zh_parallel::zh_parallel_159,wrong,correct,b_correct_a_wrong
Salesforce_Llama-xLAM-2-8b-fc-r-checkpoint-693-merged-1batch-2560seq-3epoch-multi3000-nomlp::zh_parallel::zh_parallel_164,wrong,correct,b_correct_a_wrong
Salesforce_Llama-xLAM-2-8b-fc-r-checkpoint-693-merged-1batch-2560seq-3epoch-multi3000-nomlp::zh_parallel::zh_parallel_177,correct,correct,both_correct
Salesforce_Llama-xLAM-2-8b-fc-r-checkpoint-693-merged-1batch-2560seq-3epoch-multi3000-nomlp::zh_parallel::zh_parallel_181,wrong,correct,b_correct_a_wrong
Salesforce_Llama-xLAM-2-8b-fc-r-checkpoint-693-merged-1batch-2560seq-3epoch-multi3000-nomlp::zh_parallel::zh_parallel_189,correct,correct,both_correct
Salesforce_Llama-xLAM-2-8b-fc-r-checkpoint-693-merged-1batch-2560seq-3epoch-multi3000-nomlp::zh_parallel::zh_parallel_19,correct,correct,both_correct
Salesforce_Llama-xLAM-2-8b-fc-r-checkpoint-693-merged-1batch-2560seq-3epoch-multi3000-nomlp::zh_parallel::zh_parallel_192,correct,correct,both_correct
Salesforce_Llama-xLAM-2-8b-fc-r-checkpoint-693-merged-1batch-2560seq-3epoch-multi3000-nomlp::zh_parallel::zh_parallel_194,correct,correct,both_correct
Salesforce_Llama-xLAM-2-8b-fc-r-checkpoint-693-merged-1batch-2560seq-3epoch-multi3000-nomlp::zh_parallel::zh_parallel_35,wrong,correct,b_correct_a_wrong
Salesforce_Llama-xLAM-2-8b-fc-r-checkpoint-693-merged-1batch-2560seq-3epoch-multi3000-nomlp::zh_parallel::zh_parallel_36,correct,correct,both_correct
Salesforce_Llama-xLAM-2-8b-fc-r-checkpoint-693-merged-1batch-2560seq-3epoch-multi3000-nomlp::zh_parallel::zh_parallel_40,correct,correct,both_correct
Salesforce_Llama-xLAM-2-8b-fc-r-checkpoint-693-merged-1batch-2560seq-3epoch-multi3000-nomlp::zh_parallel::zh_parallel_44,wrong,correct,b_correct_a_wrong
Salesforce_Llama-xLAM-2-8b-fc-r-checkpoint-693-merged-1batch-2560seq-3epoch-multi3000-nomlp::zh_parallel::zh_parallel_46,correct,correct,both_correct
Salesforce_Llama-xLAM-2-8b-fc-r-checkpoint-693-merged-1batch-2560seq-3epoch-multi3000-nomlp::zh_parallel::zh_parallel_51,wrong,correct,b_correct_a_wrong
Salesforce_Llama-xLAM-2-8b-fc-r-checkpoint-693-merged-1batch-2560seq-3epoch-multi3000-nomlp::zh_parallel::zh_parallel_52,correct,correct,both_correct
Salesforce_Llama-xLAM-2-8b-fc-r-checkpoint-693-merged-1batch-2560seq-3epoch-multi3000-nomlp::zh_parallel::zh_parallel_54,correct,correct,both_correct
Salesforce_Llama-xLAM-2-8b-fc-r-checkpoint-693-merged-1batch-2560seq-3epoch-multi3000-nomlp::zh_parallel::zh_parallel_68,wrong,correct,b_correct_a_wrong
Salesforce_Llama-xLAM-2-8b-fc-r-checkpoint-693-merged-1batch-2560seq-3epoch-multi3000-nomlp::zh_parallel::zh_parallel_88,correct,correct,both_correct
Salesforce_Llama-xLAM-2-8b-fc-r-checkpoint-693-merged-1batch-2560seq-3epoch-multi3000-nomlp::zh_parallel::zh_parallel_91,correct,correct,both_correct
Salesforce_Llama-xLAM-2-8b-fc-r-checkpoint-693-merged-1batch-2560seq-3epoch-multi3000-nomlp::zh_parallel::zh_parallel_93,correct,correct,both_correct
Salesforce_Llama-xLAM-2-8b-fc-r-checkpoint-693-merged-1batch-2560seq-3epoch-multi3000-nomlp::zh_parallel_multiple::zh_parallel_multiple_103,correct,correct,both_correct
Salesforce_Llama-xLAM-2-8b-fc-r-checkpoint-693-merged-1batch-2560seq-3epoch-multi3000-nomlp::zh_parallel_multiple::zh_parallel_multiple_105,correct,correct,both_correct
Salesforce_Llama-xLAM-2-8b-fc-r-checkpoint-693-merged-1batch-2560seq-3epoch-multi3000-nomlp::zh_parallel_multiple::zh_parallel_multiple_106,correct,correct,both_correct
Salesforce_Llama-xLAM-2-8b-fc-r-checkpoint-693-merged-1batch-2560seq-3epoch-multi3000-nomlp::zh_parallel_multiple::zh_parallel_multiple_107,correct,correct,both_correct
Salesforce_Llama-xLAM-2-8b-fc-r-checkpoint-693-merged-1batch-2560seq-3epoch-multi3000-nomlp::zh_parallel_multiple::zh_parallel_multiple_112,correct,correct,both_correct
Salesforce_Llama-xLAM-2-8b-fc-r-checkpoint-693-merged-1batch-2560seq-3epoch-multi3000-nomlp::zh_parallel_multiple::zh_parallel_multiple_114,correct,correct,both_correct
Salesforce_Llama-xLAM-2-8b-fc-r-checkpoint-693-merged-1batch-2560seq-3epoch-multi3000-nomlp::zh_parallel_multiple::zh_parallel_multiple_118,correct,correct,both_correct
Salesforce_Llama-xLAM-2-8b-fc-r-checkpoint-693-merged-1batch-2560seq-3epoch-multi3000-nomlp::zh_parallel_multiple::zh_parallel_multiple_120,correct,correct,both_correct
Salesforce_Llama-xLAM-2-8b-fc-r-checkpoint-693-merged-1batch-2560seq-3epoch-multi3000-nomlp::zh_parallel_multiple::zh_parallel_multiple_127,correct,correct,both_correct
Salesforce_Llama-xLAM-2-8b-fc-r-checkpoint-693-merged-1batch-2560seq-3epoch-multi3000-nomlp::zh_parallel_multiple::zh_parallel_multiple_128,correct,correct,both_correct
Salesforce_Llama-xLAM-2-8b-fc-r-checkpoint-693-merged-1batch-2560seq-3epoch-multi3000-nomlp::zh_parallel_multiple::zh_parallel_multiple_129,correct,correct,both_correct
Salesforce_Llama-xLAM-2-8b-fc-r-checkpoint-693-merged-1batch-2560seq-3epoch-multi3000-nomlp::zh_parallel_multiple::zh_parallel_multiple_139,correct,correct,both_correct
Salesforce_Llama-xLAM-2-8b-fc-r-checkpoint-693-merged-1batch-2560seq-3epoch-multi3000-nomlp::zh_parallel_multiple::zh_parallel_multiple_141,correct,correct,both_correct
Salesforce_Llama-xLAM-2-8b-fc-r-checkpoint-693-merged-1batch-2560seq-3epoch-multi3000-nomlp::zh_parallel_multiple::zh_parallel_multiple_147,correct,correct,both_correct
Salesforce_Llama-xLAM-2-8b-fc-r-checkpoint-693-merged-1batch-2560seq-3epoch-multi3000-nomlp::zh_parallel_multiple::zh_parallel_multiple_148,correct,correct,both_correct
Salesforce_Llama-xLAM-2-8b-fc-r-checkpoint-693-merged-1batch-2560seq-3epoch-multi3000-nomlp::zh_parallel_multiple::zh_parallel_multiple_149,correct,correct,both_correct
Salesforce_Llama-xLAM-2-8b-fc-r-checkpoint-693-merged-1batch-2560seq-3epoch-multi3000-nomlp::zh_parallel_multiple::zh_parallel_multiple_15,correct,correct,both_correct
Salesforce_Llama-xLAM-2-8b-fc-r-checkpoint-693-merged-1batch-2560seq-3epoch-multi3000-nomlp::zh_parallel_multiple::zh_parallel_multiple_153,correct,correct,both_correct
Salesforce_Llama-xLAM-2-8b-fc-r-checkpoint-693-merged-1batch-2560seq-3epoch-multi3000-nomlp::zh_parallel_multiple::zh_parallel_multiple_156,correct,correct,both_correct
Salesforce_Llama-xLAM-2-8b-fc-r-checkpoint-693-merged-1batch-2560seq-3epoch-multi3000-nomlp::zh_parallel_multiple::zh_parallel_multiple_158,correct,correct,both_correct
Salesforce_Llama-xLAM-2-8b-fc-r-checkpoint-693-merged-1batch-2560seq-3epoch-multi3000-nomlp::zh_parallel_multiple::zh_parallel_multiple_159,correct,correct,both_correct
Salesforce_Llama-xLAM-2-8b-fc-r-checkpoint-693-merged-1batch-2560seq-3epoch-multi3000-nomlp::zh_parallel_multiple::zh_parallel_multiple_165,correct,correct,both_correct
Salesforce_Llama-xLAM-2-8b-fc-r-checkpoint-693-merged-1batch-2560seq-3epoch-multi3000-nomlp::zh_parallel_multiple::zh_parallel_multiple_173,correct,correct,both_correct
Salesforce_Llama-xLAM-2-8b-fc-r-checkpoint-693-merged-1batch-2560seq-3epoch-multi3000-nomlp::zh_parallel_multiple::zh_parallel_multiple_176,correct,correct,both_correct
Salesforce_Llama-xLAM-2-8b-fc-r-checkpoint-693-merged-1batch-2560seq-3epoch-multi3000-nomlp::zh_parallel_multiple::zh_parallel_multiple_180,correct,correct,both_correct
Salesforce_Llama-xLAM-2-8b-fc-r-checkpoint-693-merged-1batch-2560seq-3epoch-multi3000-nomlp::zh_parallel_multiple::zh_parallel_multiple_183,correct,wrong,a_correct_b_wrong
Salesforce_Llama-xLAM-2-8b-fc-r-checkpoint-693-merged-1batch-2560seq-3epoch-multi3000-nomlp::zh_parallel_multiple::zh_parallel_multiple_189,correct,correct,both_correct
Salesforce_Llama-xLAM-2-8b-fc-r-checkpoint-693-merged-1batch-2560seq-3epoch-multi3000-nomlp::zh_parallel_multiple::zh_parallel_multiple_19,correct,correct,both_correct
Salesforce_Llama-xLAM-2-8b-fc-r-checkpoint-693-merged-1batch-2560seq-3epoch-multi3000-nomlp::zh_parallel_multiple::zh_parallel_multiple_195,wrong,correct,b_correct_a_wrong
Salesforce_Llama-xLAM-2-8b-fc-r-checkpoint-693-merged-1batch-2560seq-3epoch-multi3000-nomlp::zh_parallel_multiple::zh_parallel_multiple_199,correct,correct,both_correct
Salesforce_Llama-xLAM-2-8b-fc-r-checkpoint-693-merged-1batch-2560seq-3epoch-multi3000-nomlp::zh_parallel_multiple::zh_parallel_multiple_21,correct,correct,both_correct
Salesforce_Llama-xLAM-2-8b-fc-r-checkpoint-693-merged-1batch-2560seq-3epoch-multi3000-nomlp::zh_parallel_multiple::zh_parallel_multiple_27,correct,correct,both_correct
Salesforce_Llama-xLAM-2-8b-fc-r-checkpoint-693-merged-1batch-2560seq-3epoch-multi3000-nomlp::zh_parallel_multiple::zh_parallel_multiple_32,correct,correct,both_correct
Salesforce_Llama-xLAM-2-8b-fc-r-checkpoint-693-merged-1batch-2560seq-3epoch-multi3000-nomlp::zh_parallel_multiple::zh_parallel_multiple_33,correct,correct,both_correct
Salesforce_Llama-xLAM-2-8b-fc-r-checkpoint-693-merged-1batch-2560seq-3epoch-multi3000-nomlp::zh_parallel_multiple::zh_parallel_multiple_40,correct,correct,both_correct
Salesforce_Llama-xLAM-2-8b-fc-r-checkpoint-693-merged-1batch-2560seq-3epoch-multi3000-nomlp::zh_parallel_multiple::zh_parallel_multiple_46,correct,correct,both_correct
Salesforce_Llama-xLAM-2-8b-fc-r-checkpoint-693-merged-1batch-2560seq-3epoch-multi3000-nomlp::zh_parallel_multiple::zh_parallel_multiple_50,correct,correct,both_correct
Salesforce_Llama-xLAM-2-8b-fc-r-checkpoint-693-merged-1batch-2560seq-3epoch-multi3000-nomlp::zh_parallel_multiple::zh_parallel_multiple_53,correct,wrong,a_correct_b_wrong
Salesforce_Llama-xLAM-2-8b-fc-r-checkpoint-693-merged-1batch-2560seq-3epoch-multi3000-nomlp::zh_parallel_multiple::zh_parallel_multiple_54,wrong,correct,b_correct_a_wrong
Salesforce_Llama-xLAM-2-8b-fc-r-checkpoint-693-merged-1batch-2560seq-3epoch-multi3000-nomlp::zh_parallel_multiple::zh_parallel_multiple_64,wrong,correct,b_correct_a_wrong
Salesforce_Llama-xLAM-2-8b-fc-r-checkpoint-693-merged-1batch-2560seq-3epoch-multi3000-nomlp::zh_parallel_multiple::zh_parallel_multiple_65,wrong,correct,b_correct_a_wrong
Salesforce_Llama-xLAM-2-8b-fc-r-checkpoint-693-merged-1batch-2560seq-3epoch-multi3000-nomlp::zh_parallel_multiple::zh_parallel_multiple_69,wrong,wrong,both_wrong
Salesforce_Llama-xLAM-2-8b-fc-r-checkpoint-693-merged-1batch-2560seq-3epoch-multi3000-nomlp::zh_parallel_multiple::zh_parallel_multiple_78,correct,correct,both_correct
Salesforce_Llama-xLAM-2-8b-fc-r-checkpoint-693-merged-1batch-2560seq-3epoch-multi3000-nomlp::zh_parallel_multiple::zh_parallel_multiple_81,wrong,correct,b_correct_a_wrong
Salesforce_Llama-xLAM-2-8b-fc-r-checkpoint-693-merged-1batch-2560seq-3epoch-multi3000-nomlp::zh_parallel_multiple::zh_parallel_multiple_83,correct,correct,both_correct
Salesforce_Llama-xLAM-2-8b-fc-r-checkpoint-693-merged-1batch-2560seq-3epoch-multi3000-nomlp::zh_parallel_multiple::zh_parallel_multiple_87,correct,correct,both_correct
Salesforce_Llama-xLAM-2-8b-fc-r-checkpoint-693-merged-1batch-2560seq-3epoch-multi3000-nomlp::zh_parallel_multiple::zh_parallel_multiple_88,correct,correct,both_correct
Salesforce_Llama-xLAM-2-8b-fc-r-checkpoint-693-merged-1batch-2560seq-3epoch-multi3000-nomlp::zh_parallel_multiple::zh_parallel_multiple_9,correct,correct,both_correct
Salesforce_Llama-xLAM-2-8b-fc-r-checkpoint-693-merged-1batch-2560seq-3epoch-multi3000-nomlp::zh_parallel_multiple::zh_parallel_multiple_91,correct,correct,both_correct
Salesforce_Llama-xLAM-2-8b-fc-r-checkpoint-693-merged-1batch-2560seq-3epoch-multi3000-nomlp::zh_parallel_multiple::zh_parallel_multiple_94,correct,correct,both_correct
Salesforce_Llama-xLAM-2-8b-fc-r-checkpoint-693-merged-1batch-2560seq-3epoch-multi3000-nomlp::zh_parallel_multiple::zh_parallel_multiple_96,correct,correct,both_correct
Salesforce_Llama-xLAM-2-8b-fc-r-checkpoint-693-merged-1batch-2560seq-3epoch-multi3000-nomlp::zh_parallel_multiple::zh_parallel_multiple_97,wrong,correct,b_correct_a_wrong
Salesforce_Llama-xLAM-2-8b-fc-r-checkpoint-693-merged-1batch-2560seq-3epoch-multi3000-nomlp::zh_simple_python::zh_simple_python_139,wrong,correct,b_correct_a_wrong
Salesforce_Llama-xLAM-2-8b-fc-r-checkpoint-693-merged-1batch-2560seq-3epoch-multi3000-nomlp::zh_simple_python::zh_simple_python_156,wrong,correct,b_correct_a_wrong
Salesforce_Llama-xLAM-2-8b-fc-r-checkpoint-693-merged-1batch-2560seq-3epoch-multi3000-nomlp::zh_simple_python::zh_simple_python_159,wrong,correct,b_correct_a_wrong
Salesforce_Llama-xLAM-2-8b-fc-r-checkpoint-693-merged-1batch-2560seq-3epoch-multi3000-nomlp::zh_simple_python::zh_simple_python_162,correct,correct,both_correct
Salesforce_Llama-xLAM-2-8b-fc-r-checkpoint-693-merged-1batch-2560seq-3epoch-multi3000-nomlp::zh_simple_python::zh_simple_python_163,correct,correct,both_correct
Salesforce_Llama-xLAM-2-8b-fc-r-checkpoint-693-merged-1batch-2560seq-3epoch-multi3000-nomlp::zh_simple_python::zh_simple_python_166,correct,correct,both_correct
Salesforce_Llama-xLAM-2-8b-fc-r-checkpoint-693-merged-1batch-2560seq-3epoch-multi3000-nomlp::zh_simple_python::zh_simple_python_173,correct,correct,both_correct
Salesforce_Llama-xLAM-2-8b-fc-r-checkpoint-693-merged-1batch-2560seq-3epoch-multi3000-nomlp::zh_simple_python::zh_simple_python_174,wrong,correct,b_correct_a_wrong
Salesforce_Llama-xLAM-2-8b-fc-r-checkpoint-693-merged-1batch-2560seq-3epoch-multi3000-nomlp::zh_simple_python::zh_simple_python_183,wrong,correct,b_correct_a_wrong
Salesforce_Llama-xLAM-2-8b-fc-r-checkpoint-693-merged-1batch-2560seq-3epoch-multi3000-nomlp::zh_simple_python::zh_simple_python_191,correct,correct,both_correct
Salesforce_Llama-xLAM-2-8b-fc-r-checkpoint-693-merged-1batch-2560seq-3epoch-multi3000-nomlp::zh_simple_python::zh_simple_python_197,correct,correct,both_correct
Salesforce_Llama-xLAM-2-8b-fc-r-checkpoint-693-merged-1batch-2560seq-3epoch-multi3000-nomlp::zh_simple_python::zh_simple_python_200,correct,correct,both_correct
Salesforce_Llama-xLAM-2-8b-fc-r-checkpoint-693-merged-1batch-2560seq-3epoch-multi3000-nomlp::zh_simple_python::zh_simple_python_219,wrong,correct,b_correct_a_wrong
Salesforce_Llama-xLAM-2-8b-fc-r-checkpoint-693-merged-1batch-2560seq-3epoch-multi3000-nomlp::zh_simple_python::zh_simple_python_224,wrong,correct,b_correct_a_wrong
Salesforce_Llama-xLAM-2-8b-fc-r-checkpoint-693-merged-1batch-2560seq-3epoch-multi3000-nomlp::zh_simple_python::zh_simple_python_229,wrong,correct,b_correct_a_wrong
Salesforce_Llama-xLAM-2-8b-fc-r-checkpoint-693-merged-1batch-2560seq-3epoch-multi3000-nomlp::zh_simple_python::zh_simple_python_234,wrong,correct,b_correct_a_wrong
Salesforce_Llama-xLAM-2-8b-fc-r-checkpoint-693-merged-1batch-2560seq-3epoch-multi3000-nomlp::zh_simple_python::zh_simple_python_241,wrong,correct,b_correct_a_wrong
Salesforce_Llama-xLAM-2-8b-fc-r-checkpoint-693-merged-1batch-2560seq-3epoch-multi3000-nomlp::zh_simple_python::zh_simple_python_242,wrong,correct,b_correct_a_wrong
Salesforce_Llama-xLAM-2-8b-fc-r-checkpoint-693-merged-1batch-2560seq-3epoch-multi3000-nomlp::zh_simple_python::zh_simple_python_244,wrong,correct,b_correct_a_wrong
Salesforce_Llama-xLAM-2-8b-fc-r-checkpoint-693-merged-1batch-2560seq-3epoch-multi3000-nomlp::zh_simple_python::zh_simple_python_248,correct,correct,both_correct
Salesforce_Llama-xLAM-2-8b-fc-r-checkpoint-693-merged-1batch-2560seq-3epoch-multi3000-nomlp::zh_simple_python::zh_simple_python_266,correct,correct,both_correct
Salesforce_Llama-xLAM-2-8b-fc-r-checkpoint-693-merged-1batch-2560seq-3epoch-multi3000-nomlp::zh_simple_python::zh_simple_python_281,wrong,correct,b_correct_a_wrong
Salesforce_Llama-xLAM-2-8b-fc-r-checkpoint-693-merged-1batch-2560seq-3epoch-multi3000-nomlp::zh_simple_python::zh_simple_python_283,wrong,correct,b_correct_a_wrong
Salesforce_Llama-xLAM-2-8b-fc-r-checkpoint-693-merged-1batch-2560seq-3epoch-multi3000-nomlp::zh_simple_python::zh_simple_python_305,correct,correct,both_correct
Salesforce_Llama-xLAM-2-8b-fc-r-checkpoint-693-merged-1batch-2560seq-3epoch-multi3000-nomlp::zh_simple_python::zh_simple_python_307,correct,correct,both_correct
Salesforce_Llama-xLAM-2-8b-fc-r-checkpoint-693-merged-1batch-2560seq-3epoch-multi3000-nomlp::zh_simple_python::zh_simple_python_316,wrong,correct,b_correct_a_wrong
Salesforce_Llama-xLAM-2-8b-fc-r-checkpoint-693-merged-1batch-2560seq-3epoch-multi3000-nomlp::zh_simple_python::zh_simple_python_322,correct,correct,both_correct
Salesforce_Llama-xLAM-2-8b-fc-r-checkpoint-693-merged-1batch-2560seq-3epoch-multi3000-nomlp::zh_simple_python::zh_simple_python_324,correct,correct,both_correct
Salesforce_Llama-xLAM-2-8b-fc-r-checkpoint-693-merged-1batch-2560seq-3epoch-multi3000-nomlp::zh_simple_python::zh_simple_python_326,correct,correct,both_correct
Salesforce_Llama-xLAM-2-8b-fc-r-checkpoint-693-merged-1batch-2560seq-3epoch-multi3000-nomlp::zh_simple_python::zh_simple_python_327,correct,correct,both_correct
Salesforce_Llama-xLAM-2-8b-fc-r-checkpoint-693-merged-1batch-2560seq-3epoch-multi3000-nomlp::zh_simple_python::zh_simple_python_344,correct,correct,both_correct
Salesforce_Llama-xLAM-2-8b-fc-r-checkpoint-693-merged-1batch-2560seq-3epoch-multi3000-nomlp::zh_simple_python::zh_simple_python_369,correct,correct,both_correct
Salesforce_Llama-xLAM-2-8b-fc-r-checkpoint-693-merged-1batch-2560seq-3epoch-multi3000-nomlp::zh_simple_python::zh_simple_python_373,wrong,correct,b_correct_a_wrong
Salesforce_Llama-xLAM-2-8b-fc-r-checkpoint-693-merged-1batch-2560seq-3epoch-multi3000-nomlp::zh_simple_python::zh_simple_python_375,wrong,correct,b_correct_a_wrong
Salesforce_Llama-xLAM-2-8b-fc-r-checkpoint-693-merged-1batch-2560seq-3epoch-multi3000-nomlp::zh_simple_python::zh_simple_python_386,wrong,correct,b_correct_a_wrong
Salesforce_Llama-xLAM-2-8b-fc-r-checkpoint-693-merged-1batch-2560seq-3epoch-multi3000-nomlp::zh_simple_python::zh_simple_python_387,correct,correct,both_correct
Salesforce_Llama-xLAM-2-8b-fc-r-checkpoint-693-merged-1batch-2560seq-3epoch-multi3000-nomlp::zh_simple_python::zh_simple_python_390,wrong,correct,b_correct_a_wrong
Salesforce_Llama-xLAM-2-8b-fc-r-checkpoint-693-merged-1batch-2560seq-3epoch-multi3000-nomlp::zh_simple_python::zh_simple_python_59,wrong,correct,b_correct_a_wrong
Salesforce_Llama-xLAM-2-8b-fc-r-checkpoint-693-merged-1batch-2560seq-3epoch-multi3000-nomlp::zh_simple_python::zh_simple_python_63,correct,correct,both_correct
Salesforce_Llama-xLAM-2-8b-fc-r-checkpoint-693-merged-1batch-2560seq-3epoch-multi3000-nomlp::zh_simple_python::zh_simple_python_77,correct,correct,both_correct
Salesforce_Llama-xLAM-2-8b-fc-r-checkpoint-693-merged-1batch-2560seq-3epoch-multi3000-nomlp::zh_simple_python::zh_simple_python_98,wrong,correct,b_correct_a_wrong
Salesforce_Llama-xLAM-2-8b-fc-r-checkpoint-735-merged-1batch-2560seq-3epoch-multi4000-nomlp::zh_multiple::zh_multiple_134,correct,correct,both_correct
Salesforce_Llama-xLAM-2-8b-fc-r-checkpoint-735-merged-1batch-2560seq-3epoch-multi4000-nomlp::zh_multiple::zh_multiple_136,correct,correct,both_correct
Salesforce_Llama-xLAM-2-8b-fc-r-checkpoint-735-merged-1batch-2560seq-3epoch-multi4000-nomlp::zh_multiple::zh_multiple_149,correct,correct,both_correct
Salesforce_Llama-xLAM-2-8b-fc-r-checkpoint-735-merged-1batch-2560seq-3epoch-multi4000-nomlp::zh_multiple::zh_multiple_151,wrong,correct,b_correct_a_wrong
Salesforce_Llama-xLAM-2-8b-fc-r-checkpoint-735-merged-1batch-2560seq-3epoch-multi4000-nomlp::zh_multiple::zh_multiple_160,wrong,correct,b_correct_a_wrong
Salesforce_Llama-xLAM-2-8b-fc-r-checkpoint-735-merged-1batch-2560seq-3epoch-multi4000-nomlp::zh_multiple::zh_multiple_165,wrong,correct,b_correct_a_wrong
Salesforce_Llama-xLAM-2-8b-fc-r-checkpoint-735-merged-1batch-2560seq-3epoch-multi4000-nomlp::zh_multiple::zh_multiple_174,correct,correct,both_correct
Salesforce_Llama-xLAM-2-8b-fc-r-checkpoint-735-merged-1batch-2560seq-3epoch-multi4000-nomlp::zh_multiple::zh_multiple_176,correct,correct,both_correct
Salesforce_Llama-xLAM-2-8b-fc-r-checkpoint-735-merged-1batch-2560seq-3epoch-multi4000-nomlp::zh_multiple::zh_multiple_191,wrong,correct,b_correct_a_wrong
Salesforce_Llama-xLAM-2-8b-fc-r-checkpoint-735-merged-1batch-2560seq-3epoch-multi4000-nomlp::zh_multiple::zh_multiple_192,wrong,correct,b_correct_a_wrong
Salesforce_Llama-xLAM-2-8b-fc-r-checkpoint-735-merged-1batch-2560seq-3epoch-multi4000-nomlp::zh_multiple::zh_multiple_25,correct,correct,both_correct
Salesforce_Llama-xLAM-2-8b-fc-r-checkpoint-735-merged-1batch-2560seq-3epoch-multi4000-nomlp::zh_multiple::zh_multiple_58,wrong,correct,b_correct_a_wrong
Salesforce_Llama-xLAM-2-8b-fc-r-checkpoint-735-merged-1batch-2560seq-3epoch-multi4000-nomlp::zh_multiple::zh_multiple_60,correct,correct,both_correct
Salesforce_Llama-xLAM-2-8b-fc-r-checkpoint-735-merged-1batch-2560seq-3epoch-multi4000-nomlp::zh_multiple::zh_multiple_61,wrong,correct,b_correct_a_wrong
Salesforce_Llama-xLAM-2-8b-fc-r-checkpoint-735-merged-1batch-2560seq-3epoch-multi4000-nomlp::zh_multiple::zh_multiple_67,wrong,correct,b_correct_a_wrong
Salesforce_Llama-xLAM-2-8b-fc-r-checkpoint-735-merged-1batch-2560seq-3epoch-multi4000-nomlp::zh_multiple::zh_multiple_68,wrong,correct,b_correct_a_wrong
Salesforce_Llama-xLAM-2-8b-fc-r-checkpoint-735-merged-1batch-2560seq-3epoch-multi4000-nomlp::zh_multiple::zh_multiple_78,wrong,correct,b_correct_a_wrong
Salesforce_Llama-xLAM-2-8b-fc-r-checkpoint-735-merged-1batch-2560seq-3epoch-multi4000-nomlp::zh_multiple::zh_multiple_81,correct,correct,both_correct
Salesforce_Llama-xLAM-2-8b-fc-r-checkpoint-735-merged-1batch-2560seq-3epoch-multi4000-nomlp::zh_multiple::zh_multiple_83,correct,correct,both_correct
Salesforce_Llama-xLAM-2-8b-fc-r-checkpoint-735-merged-1batch-2560seq-3epoch-multi4000-nomlp::zh_multiple::zh_multiple_91,wrong,correct,b_correct_a_wrong
Salesforce_Llama-xLAM-2-8b-fc-r-checkpoint-735-merged-1batch-2560seq-3epoch-multi4000-nomlp::zh_multiple::zh_multiple_93,wrong,correct,b_correct_a_wrong
Salesforce_Llama-xLAM-2-8b-fc-r-checkpoint-735-merged-1batch-2560seq-3epoch-multi4000-nomlp::zh_multiple::zh_multiple_94,wrong,correct,b_correct_a_wrong
Salesforce_Llama-xLAM-2-8b-fc-r-checkpoint-735-merged-1batch-2560seq-3epoch-multi4000-nomlp::zh_parallel::zh_parallel_117,wrong,correct,b_correct_a_wrong
Salesforce_Llama-xLAM-2-8b-fc-r-checkpoint-735-merged-1batch-2560seq-3epoch-multi4000-nomlp::zh_parallel::zh_parallel_119,correct,correct,both_correct
Salesforce_Llama-xLAM-2-8b-fc-r-checkpoint-735-merged-1batch-2560seq-3epoch-multi4000-nomlp::zh_parallel::zh_parallel_127,correct,correct,both_correct
Salesforce_Llama-xLAM-2-8b-fc-r-checkpoint-735-merged-1batch-2560seq-3epoch-multi4000-nomlp::zh_parallel::zh_parallel_13,wrong,correct,b_correct_a_wrong
Salesforce_Llama-xLAM-2-8b-fc-r-checkpoint-735-merged-1batch-2560seq-3epoch-multi4000-nomlp::zh_parallel::zh_parallel_130,correct,correct,both_correct
Salesforce_Llama-xLAM-2-8b-fc-r-checkpoint-735-merged-1batch-2560seq-3epoch-multi4000-nomlp::zh_parallel::zh_parallel_155,correct,correct,both_correct
Salesforce_Llama-xLAM-2-8b-fc-r-checkpoint-735-merged-1batch-2560seq-3epoch-multi4000-nomlp::zh_parallel::zh_parallel_159,wrong,correct,b_correct_a_wrong
Salesforce_Llama-xLAM-2-8b-fc-r-checkpoint-735-merged-1batch-2560seq-3epoch-multi4000-nomlp::zh_parallel::zh_parallel_164,wrong,correct,b_correct_a_wrong
Salesforce_Llama-xLAM-2-8b-fc-r-checkpoint-735-merged-1batch-2560seq-3epoch-multi4000-nomlp::zh_parallel::zh_parallel_181,wrong,correct,b_correct_a_wrong
Salesforce_Llama-xLAM-2-8b-fc-r-checkpoint-735-merged-1batch-2560seq-3epoch-multi4000-nomlp::zh_parallel::zh_parallel_185,wrong,correct,b_correct_a_wrong
Salesforce_Llama-xLAM-2-8b-fc-r-checkpoint-735-merged-1batch-2560seq-3epoch-multi4000-nomlp::zh_parallel::zh_parallel_189,correct,correct,both_correct
Salesforce_Llama-xLAM-2-8b-fc-r-checkpoint-735-merged-1batch-2560seq-3epoch-multi4000-nomlp::zh_parallel::zh_parallel_19,correct,correct,both_correct
Salesforce_Llama-xLAM-2-8b-fc-r-checkpoint-735-merged-1batch-2560seq-3epoch-multi4000-nomlp::zh_parallel::zh_parallel_191,correct,correct,both_correct
Salesforce_Llama-xLAM-2-8b-fc-r-checkpoint-735-merged-1batch-2560seq-3epoch-multi4000-nomlp::zh_parallel::zh_parallel_192,correct,correct,both_correct
Salesforce_Llama-xLAM-2-8b-fc-r-checkpoint-735-merged-1batch-2560seq-3epoch-multi4000-nomlp::zh_parallel::zh_parallel_193,wrong,correct,b_correct_a_wrong
Salesforce_Llama-xLAM-2-8b-fc-r-checkpoint-735-merged-1batch-2560seq-3epoch-multi4000-nomlp::zh_parallel::zh_parallel_194,correct,correct,both_correct
Salesforce_Llama-xLAM-2-8b-fc-r-checkpoint-735-merged-1batch-2560seq-3epoch-multi4000-nomlp::zh_parallel::zh_parallel_35,wrong,correct,b_correct_a_wrong
Salesforce_Llama-xLAM-2-8b-fc-r-checkpoint-735-merged-1batch-2560seq-3epoch-multi4000-nomlp::zh_parallel::zh_parallel_36,correct,correct,both_correct
Salesforce_Llama-xLAM-2-8b-fc-r-checkpoint-735-merged-1batch-2560seq-3epoch-multi4000-nomlp::zh_parallel::zh_parallel_39,wrong,correct,b_correct_a_wrong
Salesforce_Llama-xLAM-2-8b-fc-r-checkpoint-735-merged-1batch-2560seq-3epoch-multi4000-nomlp::zh_parallel::zh_parallel_40,correct,correct,both_correct
Salesforce_Llama-xLAM-2-8b-fc-r-checkpoint-735-merged-1batch-2560seq-3epoch-multi4000-nomlp::zh_parallel::zh_parallel_44,wrong,correct,b_correct_a_wrong
Salesforce_Llama-xLAM-2-8b-fc-r-checkpoint-735-merged-1batch-2560seq-3epoch-multi4000-nomlp::zh_parallel::zh_parallel_46,correct,correct,both_correct
Salesforce_Llama-xLAM-2-8b-fc-r-checkpoint-735-merged-1batch-2560seq-3epoch-multi4000-nomlp::zh_parallel::zh_parallel_47,correct,correct,both_correct
Salesforce_Llama-xLAM-2-8b-fc-r-checkpoint-735-merged-1batch-2560seq-3epoch-multi4000-nomlp::zh_parallel::zh_parallel_5,wrong,correct,b_correct_a_wrong
Salesforce_Llama-xLAM-2-8b-fc-r-checkpoint-735-merged-1batch-2560seq-3epoch-multi4000-nomlp::zh_parallel::zh_parallel_51,wrong,correct,b_correct_a_wrong
Salesforce_Llama-xLAM-2-8b-fc-r-checkpoint-735-merged-1batch-2560seq-3epoch-multi4000-nomlp::zh_parallel::zh_parallel_52,correct,correct,both_correct
Salesforce_Llama-xLAM-2-8b-fc-r-checkpoint-735-merged-1batch-2560seq-3epoch-multi4000-nomlp::zh_parallel::zh_parallel_54,correct,correct,both_correct
Salesforce_Llama-xLAM-2-8b-fc-r-checkpoint-735-merged-1batch-2560seq-3epoch-multi4000-nomlp::zh_parallel::zh_parallel_57,wrong,correct,b_correct_a_wrong
Salesforce_Llama-xLAM-2-8b-fc-r-checkpoint-735-merged-1batch-2560seq-3epoch-multi4000-nomlp::zh_parallel::zh_parallel_88,correct,correct,both_correct
Salesforce_Llama-xLAM-2-8b-fc-r-checkpoint-735-merged-1batch-2560seq-3epoch-multi4000-nomlp::zh_parallel::zh_parallel_91,correct,correct,both_correct
Salesforce_Llama-xLAM-2-8b-fc-r-checkpoint-735-merged-1batch-2560seq-3epoch-multi4000-nomlp::zh_parallel::zh_parallel_92,correct,correct,both_correct
Salesforce_Llama-xLAM-2-8b-fc-r-checkpoint-735-merged-1batch-2560seq-3epoch-multi4000-nomlp::zh_parallel::zh_parallel_93,correct,correct,both_correct
Salesforce_Llama-xLAM-2-8b-fc-r-checkpoint-735-merged-1batch-2560seq-3epoch-multi4000-nomlp::zh_parallel_multiple::zh_parallel_multiple_10,wrong,correct,b_correct_a_wrong
Salesforce_Llama-xLAM-2-8b-fc-r-checkpoint-735-merged-1batch-2560seq-3epoch-multi4000-nomlp::zh_parallel_multiple::zh_parallel_multiple_100,correct,correct,both_correct
Salesforce_Llama-xLAM-2-8b-fc-r-checkpoint-735-merged-1batch-2560seq-3epoch-multi4000-nomlp::zh_parallel_multiple::zh_parallel_multiple_103,correct,correct,both_correct
Salesforce_Llama-xLAM-2-8b-fc-r-checkpoint-735-merged-1batch-2560seq-3epoch-multi4000-nomlp::zh_parallel_multiple::zh_parallel_multiple_105,correct,correct,both_correct
Salesforce_Llama-xLAM-2-8b-fc-r-checkpoint-735-merged-1batch-2560seq-3epoch-multi4000-nomlp::zh_parallel_multiple::zh_parallel_multiple_106,correct,correct,both_correct
Salesforce_Llama-xLAM-2-8b-fc-r-checkpoint-735-merged-1batch-2560seq-3epoch-multi4000-nomlp::zh_parallel_multiple::zh_parallel_multiple_107,correct,correct,both_correct
Salesforce_Llama-xLAM-2-8b-fc-r-checkpoint-735-merged-1batch-2560seq-3epoch-multi4000-nomlp::zh_parallel_multiple::zh_parallel_multiple_112,correct,correct,both_correct
Salesforce_Llama-xLAM-2-8b-fc-r-checkpoint-735-merged-1batch-2560seq-3epoch-multi4000-nomlp::zh_parallel_multiple::zh_parallel_multiple_113,correct,correct,both_correct
Salesforce_Llama-xLAM-2-8b-fc-r-checkpoint-735-merged-1batch-2560seq-3epoch-multi4000-nomlp::zh_parallel_multiple::zh_parallel_multiple_115,correct,correct,both_correct
Salesforce_Llama-xLAM-2-8b-fc-r-checkpoint-735-merged-1batch-2560seq-3epoch-multi4000-nomlp::zh_parallel_multiple::zh_parallel_multiple_118,wrong,correct,b_correct_a_wrong
Salesforce_Llama-xLAM-2-8b-fc-r-checkpoint-735-merged-1batch-2560seq-3epoch-multi4000-nomlp::zh_parallel_multiple::zh_parallel_multiple_120,correct,correct,both_correct
Salesforce_Llama-xLAM-2-8b-fc-r-checkpoint-735-merged-1batch-2560seq-3epoch-multi4000-nomlp::zh_parallel_multiple::zh_parallel_multiple_122,correct,correct,both_correct
Salesforce_Llama-xLAM-2-8b-fc-r-checkpoint-735-merged-1batch-2560seq-3epoch-multi4000-nomlp::zh_parallel_multiple::zh_parallel_multiple_127,correct,correct,both_correct
Salesforce_Llama-xLAM-2-8b-fc-r-checkpoint-735-merged-1batch-2560seq-3epoch-multi4000-nomlp::zh_parallel_multiple::zh_parallel_multiple_128,correct,correct,both_correct
Salesforce_Llama-xLAM-2-8b-fc-r-checkpoint-735-merged-1batch-2560seq-3epoch-multi4000-nomlp::zh_parallel_multiple::zh_parallel_multiple_129,correct,correct,both_correct
Salesforce_Llama-xLAM-2-8b-fc-r-checkpoint-735-merged-1batch-2560seq-3epoch-multi4000-nomlp::zh_parallel_multiple::zh_parallel_multiple_137,correct,correct,both_correct
Salesforce_Llama-xLAM-2-8b-fc-r-checkpoint-735-merged-1batch-2560seq-3epoch-multi4000-nomlp::zh_parallel_multiple::zh_parallel_multiple_139,correct,correct,both_correct
Salesforce_Llama-xLAM-2-8b-fc-r-checkpoint-735-merged-1batch-2560seq-3epoch-multi4000-nomlp::zh_parallel_multiple::zh_parallel_multiple_141,correct,correct,both_correct
Salesforce_Llama-xLAM-2-8b-fc-r-checkpoint-735-merged-1batch-2560seq-3epoch-multi4000-nomlp::zh_parallel_multiple::zh_parallel_multiple_147,correct,correct,both_correct
Salesforce_Llama-xLAM-2-8b-fc-r-checkpoint-735-merged-1batch-2560seq-3epoch-multi4000-nomlp::zh_parallel_multiple::zh_parallel_multiple_148,correct,correct,both_correct
Salesforce_Llama-xLAM-2-8b-fc-r-checkpoint-735-merged-1batch-2560seq-3epoch-multi4000-nomlp::zh_parallel_multiple::zh_parallel_multiple_149,correct,correct,both_correct
Salesforce_Llama-xLAM-2-8b-fc-r-checkpoint-735-merged-1batch-2560seq-3epoch-multi4000-nomlp::zh_parallel_multiple::zh_parallel_multiple_150,correct,correct,both_correct
Salesforce_Llama-xLAM-2-8b-fc-r-checkpoint-735-merged-1batch-2560seq-3epoch-multi4000-nomlp::zh_parallel_multiple::zh_parallel_multiple_153,correct,correct,both_correct
Salesforce_Llama-xLAM-2-8b-fc-r-checkpoint-735-merged-1batch-2560seq-3epoch-multi4000-nomlp::zh_parallel_multiple::zh_parallel_multiple_156,correct,correct,both_correct
Salesforce_Llama-xLAM-2-8b-fc-r-checkpoint-735-merged-1batch-2560seq-3epoch-multi4000-nomlp::zh_parallel_multiple::zh_parallel_multiple_158,correct,correct,both_correct
Salesforce_Llama-xLAM-2-8b-fc-r-checkpoint-735-merged-1batch-2560seq-3epoch-multi4000-nomlp::zh_parallel_multiple::zh_parallel_multiple_159,correct,correct,both_correct
Salesforce_Llama-xLAM-2-8b-fc-r-checkpoint-735-merged-1batch-2560seq-3epoch-multi4000-nomlp::zh_parallel_multiple::zh_parallel_multiple_160,correct,correct,both_correct
Salesforce_Llama-xLAM-2-8b-fc-r-checkpoint-735-merged-1batch-2560seq-3epoch-multi4000-nomlp::zh_parallel_multiple::zh_parallel_multiple_165,correct,correct,both_correct
Salesforce_Llama-xLAM-2-8b-fc-r-checkpoint-735-merged-1batch-2560seq-3epoch-multi4000-nomlp::zh_parallel_multiple::zh_parallel_multiple_169,wrong,correct,b_correct_a_wrong
Salesforce_Llama-xLAM-2-8b-fc-r-checkpoint-735-merged-1batch-2560seq-3epoch-multi4000-nomlp::zh_parallel_multiple::zh_parallel_multiple_176,correct,correct,both_correct
Salesforce_Llama-xLAM-2-8b-fc-r-checkpoint-735-merged-1batch-2560seq-3epoch-multi4000-nomlp::zh_parallel_multiple::zh_parallel_multiple_189,correct,correct,both_correct
Salesforce_Llama-xLAM-2-8b-fc-r-checkpoint-735-merged-1batch-2560seq-3epoch-multi4000-nomlp::zh_parallel_multiple::zh_parallel_multiple_19,correct,correct,both_correct
Salesforce_Llama-xLAM-2-8b-fc-r-checkpoint-735-merged-1batch-2560seq-3epoch-multi4000-nomlp::zh_parallel_multiple::zh_parallel_multiple_191,correct,correct,both_correct
Salesforce_Llama-xLAM-2-8b-fc-r-checkpoint-735-merged-1batch-2560seq-3epoch-multi4000-nomlp::zh_parallel_multiple::zh_parallel_multiple_195,wrong,correct,b_correct_a_wrong
Salesforce_Llama-xLAM-2-8b-fc-r-checkpoint-735-merged-1batch-2560seq-3epoch-multi4000-nomlp::zh_parallel_multiple::zh_parallel_multiple_199,correct,correct,both_correct
Salesforce_Llama-xLAM-2-8b-fc-r-checkpoint-735-merged-1batch-2560seq-3epoch-multi4000-nomlp::zh_parallel_multiple::zh_parallel_multiple_21,wrong,correct,b_correct_a_wrong
Salesforce_Llama-xLAM-2-8b-fc-r-checkpoint-735-merged-1batch-2560seq-3epoch-multi4000-nomlp::zh_parallel_multiple::zh_parallel_multiple_27,correct,correct,both_correct
Salesforce_Llama-xLAM-2-8b-fc-r-checkpoint-735-merged-1batch-2560seq-3epoch-multi4000-nomlp::zh_parallel_multiple::zh_parallel_multiple_33,correct,correct,both_correct
Salesforce_Llama-xLAM-2-8b-fc-r-checkpoint-735-merged-1batch-2560seq-3epoch-multi4000-nomlp::zh_parallel_multiple::zh_parallel_multiple_37,correct,correct,both_correct
Salesforce_Llama-xLAM-2-8b-fc-r-checkpoint-735-merged-1batch-2560seq-3epoch-multi4000-nomlp::zh_parallel_multiple::zh_parallel_multiple_40,correct,correct,both_correct
Salesforce_Llama-xLAM-2-8b-fc-r-checkpoint-735-merged-1batch-2560seq-3epoch-multi4000-nomlp::zh_parallel_multiple::zh_parallel_multiple_42,correct,correct,both_correct
Salesforce_Llama-xLAM-2-8b-fc-r-checkpoint-735-merged-1batch-2560seq-3epoch-multi4000-nomlp::zh_parallel_multiple::zh_parallel_multiple_46,correct,correct,both_correct
Salesforce_Llama-xLAM-2-8b-fc-r-checkpoint-735-merged-1batch-2560seq-3epoch-multi4000-nomlp::zh_parallel_multiple::zh_parallel_multiple_53,correct,wrong,a_correct_b_wrong
Salesforce_Llama-xLAM-2-8b-fc-r-checkpoint-735-merged-1batch-2560seq-3epoch-multi4000-nomlp::zh_parallel_multiple::zh_parallel_multiple_54,wrong,correct,b_correct_a_wrong
Salesforce_Llama-xLAM-2-8b-fc-r-checkpoint-735-merged-1batch-2560seq-3epoch-multi4000-nomlp::zh_parallel_multiple::zh_parallel_multiple_55,correct,correct,both_correct
Salesforce_Llama-xLAM-2-8b-fc-r-checkpoint-735-merged-1batch-2560seq-3epoch-multi4000-nomlp::zh_parallel_multiple::zh_parallel_multiple_65,correct,correct,both_correct
Salesforce_Llama-xLAM-2-8b-fc-r-checkpoint-735-merged-1batch-2560seq-3epoch-multi4000-nomlp::zh_parallel_multiple::zh_parallel_multiple_69,wrong,wrong,both_wrong
Salesforce_Llama-xLAM-2-8b-fc-r-checkpoint-735-merged-1batch-2560seq-3epoch-multi4000-nomlp::zh_parallel_multiple::zh_parallel_multiple_70,wrong,correct,b_correct_a_wrong
Salesforce_Llama-xLAM-2-8b-fc-r-checkpoint-735-merged-1batch-2560seq-3epoch-multi4000-nomlp::zh_parallel_multiple::zh_parallel_multiple_75,wrong,correct,b_correct_a_wrong
Salesforce_Llama-xLAM-2-8b-fc-r-checkpoint-735-merged-1batch-2560seq-3epoch-multi4000-nomlp::zh_parallel_multiple::zh_parallel_multiple_77,correct,correct,both_correct
Salesforce_Llama-xLAM-2-8b-fc-r-checkpoint-735-merged-1batch-2560seq-3epoch-multi4000-nomlp::zh_parallel_multiple::zh_parallel_multiple_78,correct,correct,both_correct
Salesforce_Llama-xLAM-2-8b-fc-r-checkpoint-735-merged-1batch-2560seq-3epoch-multi4000-nomlp::zh_parallel_multiple::zh_parallel_multiple_81,correct,correct,both_correct
Salesforce_Llama-xLAM-2-8b-fc-r-checkpoint-735-merged-1batch-2560seq-3epoch-multi4000-nomlp::zh_parallel_multiple::zh_parallel_multiple_83,correct,correct,both_correct
Salesforce_Llama-xLAM-2-8b-fc-r-checkpoint-735-merged-1batch-2560seq-3epoch-multi4000-nomlp::zh_parallel_multiple::zh_parallel_multiple_87,correct,correct,both_correct
Salesforce_Llama-xLAM-2-8b-fc-r-checkpoint-735-merged-1batch-2560seq-3epoch-multi4000-nomlp::zh_parallel_multiple::zh_parallel_multiple_88,correct,correct,both_correct
Salesforce_Llama-xLAM-2-8b-fc-r-checkpoint-735-merged-1batch-2560seq-3epoch-multi4000-nomlp::zh_parallel_multiple::zh_parallel_multiple_91,correct,correct,both_correct
Salesforce_Llama-xLAM-2-8b-fc-r-checkpoint-735-merged-1batch-2560seq-3epoch-multi4000-nomlp::zh_parallel_multiple::zh_parallel_multiple_94,correct,correct,both_correct
Salesforce_Llama-xLAM-2-8b-fc-r-checkpoint-735-merged-1batch-2560seq-3epoch-multi4000-nomlp::zh_parallel_multiple::zh_parallel_multiple_97,wrong,correct,b_correct_a_wrong
Salesforce_Llama-xLAM-2-8b-fc-r-checkpoint-735-merged-1batch-2560seq-3epoch-multi4000-nomlp::zh_simple_python::zh_simple_python_126,wrong,correct,b_correct_a_wrong
Salesforce_Llama-xLAM-2-8b-fc-r-checkpoint-735-merged-1batch-2560seq-3epoch-multi4000-nomlp::zh_simple_python::zh_simple_python_147,correct,correct,both_correct
Salesforce_Llama-xLAM-2-8b-fc-r-checkpoint-735-merged-1batch-2560seq-3epoch-multi4000-nomlp::zh_simple_python::zh_simple_python_158,correct,correct,both_correct
Salesforce_Llama-xLAM-2-8b-fc-r-checkpoint-735-merged-1batch-2560seq-3epoch-multi4000-nomlp::zh_simple_python::zh_simple_python_159,wrong,correct,b_correct_a_wrong
Salesforce_Llama-xLAM-2-8b-fc-r-checkpoint-735-merged-1batch-2560seq-3epoch-multi4000-nomlp::zh_simple_python::zh_simple_python_162,correct,correct,both_correct
Salesforce_Llama-xLAM-2-8b-fc-r-checkpoint-735-merged-1batch-2560seq-3epoch-multi4000-nomlp::zh_simple_python::zh_simple_python_163,correct,correct,both_correct
Salesforce_Llama-xLAM-2-8b-fc-r-checkpoint-735-merged-1batch-2560seq-3epoch-multi4000-nomlp::zh_simple_python::zh_simple_python_166,correct,correct,both_correct
Salesforce_Llama-xLAM-2-8b-fc-r-checkpoint-735-merged-1batch-2560seq-3epoch-multi4000-nomlp::zh_simple_python::zh_simple_python_173,wrong,correct,b_correct_a_wrong
Salesforce_Llama-xLAM-2-8b-fc-r-checkpoint-735-merged-1batch-2560seq-3epoch-multi4000-nomlp::zh_simple_python::zh_simple_python_174,wrong,correct,b_correct_a_wrong
Salesforce_Llama-xLAM-2-8b-fc-r-checkpoint-735-merged-1batch-2560seq-3epoch-multi4000-nomlp::zh_simple_python::zh_simple_python_183,wrong,correct,b_correct_a_wrong
Salesforce_Llama-xLAM-2-8b-fc-r-checkpoint-735-merged-1batch-2560seq-3epoch-multi4000-nomlp::zh_simple_python::zh_simple_python_191,correct,correct,both_correct
Salesforce_Llama-xLAM-2-8b-fc-r-checkpoint-735-merged-1batch-2560seq-3epoch-multi4000-nomlp::zh_simple_python::zh_simple_python_200,correct,correct,both_correct
Salesforce_Llama-xLAM-2-8b-fc-r-checkpoint-735-merged-1batch-2560seq-3epoch-multi4000-nomlp::zh_simple_python::zh_simple_python_212,correct,correct,both_correct
Salesforce_Llama-xLAM-2-8b-fc-r-checkpoint-735-merged-1batch-2560seq-3epoch-multi4000-nomlp::zh_simple_python::zh_simple_python_215,wrong,wrong,both_wrong
Salesforce_Llama-xLAM-2-8b-fc-r-checkpoint-735-merged-1batch-2560seq-3epoch-multi4000-nomlp::zh_simple_python::zh_simple_python_219,wrong,correct,b_correct_a_wrong
Salesforce_Llama-xLAM-2-8b-fc-r-checkpoint-735-merged-1batch-2560seq-3epoch-multi4000-nomlp::zh_simple_python::zh_simple_python_224,wrong,correct,b_correct_a_wrong
Salesforce_Llama-xLAM-2-8b-fc-r-checkpoint-735-merged-1batch-2560seq-3epoch-multi4000-nomlp::zh_simple_python::zh_simple_python_228,correct,correct,both_correct
Salesforce_Llama-xLAM-2-8b-fc-r-checkpoint-735-merged-1batch-2560seq-3epoch-multi4000-nomlp::zh_simple_python::zh_simple_python_229,correct,correct,both_correct
Salesforce_Llama-xLAM-2-8b-fc-r-checkpoint-735-merged-1batch-2560seq-3epoch-multi4000-nomlp::zh_simple_python::zh_simple_python_234,wrong,correct,b_correct_a_wrong
Salesforce_Llama-xLAM-2-8b-fc-r-checkpoint-735-merged-1batch-2560seq-3epoch-multi4000-nomlp::zh_simple_python::zh_simple_python_241,wrong,correct,b_correct_a_wrong
Salesforce_Llama-xLAM-2-8b-fc-r-checkpoint-735-merged-1batch-2560seq-3epoch-multi4000-nomlp::zh_simple_python::zh_simple_python_242,wrong,correct,b_correct_a_wrong
Salesforce_Llama-xLAM-2-8b-fc-r-checkpoint-735-merged-1batch-2560seq-3epoch-multi4000-nomlp::zh_simple_python::zh_simple_python_244,wrong,correct,b_correct_a_wrong
Salesforce_Llama-xLAM-2-8b-fc-r-checkpoint-735-merged-1batch-2560seq-3epoch-multi4000-nomlp::zh_simple_python::zh_simple_python_248,correct,correct,both_correct
Salesforce_Llama-xLAM-2-8b-fc-r-checkpoint-735-merged-1batch-2560seq-3epoch-multi4000-nomlp::zh_simple_python::zh_simple_python_255,correct,correct,both_correct
Salesforce_Llama-xLAM-2-8b-fc-r-checkpoint-735-merged-1batch-2560seq-3epoch-multi4000-nomlp::zh_simple_python::zh_simple_python_266,correct,correct,both_correct
Salesforce_Llama-xLAM-2-8b-fc-r-checkpoint-735-merged-1batch-2560seq-3epoch-multi4000-nomlp::zh_simple_python::zh_simple_python_267,wrong,correct,b_correct_a_wrong
Salesforce_Llama-xLAM-2-8b-fc-r-checkpoint-735-merged-1batch-2560seq-3epoch-multi4000-nomlp::zh_simple_python::zh_simple_python_281,correct,correct,both_correct
Salesforce_Llama-xLAM-2-8b-fc-r-checkpoint-735-merged-1batch-2560seq-3epoch-multi4000-nomlp::zh_simple_python::zh_simple_python_283,correct,correct,both_correct
Salesforce_Llama-xLAM-2-8b-fc-r-checkpoint-735-merged-1batch-2560seq-3epoch-multi4000-nomlp::zh_simple_python::zh_simple_python_288,correct,correct,both_correct
Salesforce_Llama-xLAM-2-8b-fc-r-checkpoint-735-merged-1batch-2560seq-3epoch-multi4000-nomlp::zh_simple_python::zh_simple_python_305,correct,correct,both_correct
Salesforce_Llama-xLAM-2-8b-fc-r-checkpoint-735-merged-1batch-2560seq-3epoch-multi4000-nomlp::zh_simple_python::zh_simple_python_307,wrong,correct,b_correct_a_wrong
Salesforce_Llama-xLAM-2-8b-fc-r-checkpoint-735-merged-1batch-2560seq-3epoch-multi4000-nomlp::zh_simple_python::zh_simple_python_308,correct,correct,both_correct
Salesforce_Llama-xLAM-2-8b-fc-r-checkpoint-735-merged-1batch-2560seq-3epoch-multi4000-nomlp::zh_simple_python::zh_simple_python_316,wrong,correct,b_correct_a_wrong
Salesforce_Llama-xLAM-2-8b-fc-r-checkpoint-735-merged-1batch-2560seq-3epoch-multi4000-nomlp::zh_simple_python::zh_simple_python_319,correct,correct,both_correct
Salesforce_Llama-xLAM-2-8b-fc-r-checkpoint-735-merged-1batch-2560seq-3epoch-multi4000-nomlp::zh_simple_python::zh_simple_python_322,correct,correct,both_correct
Salesforce_Llama-xLAM-2-8b-fc-r-checkpoint-735-merged-1batch-2560seq-3epoch-multi4000-nomlp::zh_simple_python::zh_simple_python_324,correct,correct,both_correct
Salesforce_Llama-xLAM-2-8b-fc-r-checkpoint-735-merged-1batch-2560seq-3epoch-multi4000-nomlp::zh_simple_python::zh_simple_python_326,correct,correct,both_correct
Salesforce_Llama-xLAM-2-8b-fc-r-checkpoint-735-merged-1batch-2560seq-3epoch-multi4000-nomlp::zh_simple_python::zh_simple_python_327,correct,correct,both_correct
Salesforce_Llama-xLAM-2-8b-fc-r-checkpoint-735-merged-1batch-2560seq-3epoch-multi4000-nomlp::zh_simple_python::zh_simple_python_344,correct,correct,both_correct
Salesforce_Llama-xLAM-2-8b-fc-r-checkpoint-735-merged-1batch-2560seq-3epoch-multi4000-nomlp::zh_simple_python::zh_simple_python_373,correct,correct,both_correct
Salesforce_Llama-xLAM-2-8b-fc-r-checkpoint-735-merged-1batch-2560seq-3epoch-multi4000-nomlp::zh_simple_python::zh_simple_python_386,wrong,correct,b_correct_a_wrong
Salesforce_Llama-xLAM-2-8b-fc-r-checkpoint-735-merged-1batch-2560seq-3epoch-multi4000-nomlp::zh_simple_python::zh_simple_python_387,correct,correct,both_correct
Salesforce_Llama-xLAM-2-8b-fc-r-checkpoint-735-merged-1batch-2560seq-3epoch-multi4000-nomlp::zh_simple_python::zh_simple_python_390,wrong,correct,b_correct_a_wrong
Salesforce_Llama-xLAM-2-8b-fc-r-checkpoint-735-merged-1batch-2560seq-3epoch-multi4000-nomlp::zh_simple_python::zh_simple_python_63,correct,correct,both_correct
Salesforce_Llama-xLAM-2-8b-fc-r-checkpoint-735-merged-1batch-2560seq-3epoch-multi4000-nomlp::zh_simple_python::zh_simple_python_77,correct,correct,both_correct
Salesforce_Llama-xLAM-2-8b-fc-r-checkpoint-735-merged-1batch-2560seq-3epoch-multi4000-nomlp::zh_simple_python::zh_simple_python_98,wrong,correct,b_correct_a_wrong
Salesforce_Llama-xLAM-2-8b-fc-r-checkpoint-7638-merged-1batch-2560seq-3epoch-multi-all-nomlp::zh_multiple::zh_multiple_119,wrong,correct,b_correct_a_wrong
Salesforce_Llama-xLAM-2-8b-fc-r-checkpoint-7638-merged-1batch-2560seq-3epoch-multi-all-nomlp::zh_multiple::zh_multiple_134,correct,correct,both_correct
Salesforce_Llama-xLAM-2-8b-fc-r-checkpoint-7638-merged-1batch-2560seq-3epoch-multi-all-nomlp::zh_multiple::zh_multiple_136,correct,correct,both_correct
Salesforce_Llama-xLAM-2-8b-fc-r-checkpoint-7638-merged-1batch-2560seq-3epoch-multi-all-nomlp::zh_multiple::zh_multiple_151,wrong,correct,b_correct_a_wrong
Salesforce_Llama-xLAM-2-8b-fc-r-checkpoint-7638-merged-1batch-2560seq-3epoch-multi-all-nomlp::zh_multiple::zh_multiple_160,wrong,correct,b_correct_a_wrong
Salesforce_Llama-xLAM-2-8b-fc-r-checkpoint-7638-merged-1batch-2560seq-3epoch-multi-all-nomlp::zh_multiple::zh_multiple_165,correct,correct,both_correct
Salesforce_Llama-xLAM-2-8b-fc-r-checkpoint-7638-merged-1batch-2560seq-3epoch-multi-all-nomlp::zh_multiple::zh_multiple_174,correct,correct,both_correct
Salesforce_Llama-xLAM-2-8b-fc-r-checkpoint-7638-merged-1batch-2560seq-3epoch-multi-all-nomlp::zh_multiple::zh_multiple_176,correct,correct,both_correct
Salesforce_Llama-xLAM-2-8b-fc-r-checkpoint-7638-merged-1batch-2560seq-3epoch-multi-all-nomlp::zh_multiple::zh_multiple_191,wrong,correct,b_correct_a_wrong
Salesforce_Llama-xLAM-2-8b-fc-r-checkpoint-7638-merged-1batch-2560seq-3epoch-multi-all-nomlp::zh_multiple::zh_multiple_192,wrong,correct,b_correct_a_wrong
Salesforce_Llama-xLAM-2-8b-fc-r-checkpoint-7638-merged-1batch-2560seq-3epoch-multi-all-nomlp::zh_multiple::zh_multiple_193,correct,correct,both_correct
Salesforce_Llama-xLAM-2-8b-fc-r-checkpoint-7638-merged-1batch-2560seq-3epoch-multi-all-nomlp::zh_multiple::zh_multiple_199,correct,correct,both_correct
Salesforce_Llama-xLAM-2-8b-fc-r-checkpoint-7638-merged-1batch-2560seq-3epoch-multi-all-nomlp::zh_multiple::zh_multiple_25,correct,correct,both_correct
Salesforce_Llama-xLAM-2-8b-fc-r-checkpoint-7638-merged-1batch-2560seq-3epoch-multi-all-nomlp::zh_multiple::zh_multiple_58,wrong,correct,b_correct_a_wrong
Salesforce_Llama-xLAM-2-8b-fc-r-checkpoint-7638-merged-1batch-2560seq-3epoch-multi-all-nomlp::zh_multiple::zh_multiple_60,correct,correct,both_correct
Salesforce_Llama-xLAM-2-8b-fc-r-checkpoint-7638-merged-1batch-2560seq-3epoch-multi-all-nomlp::zh_multiple::zh_multiple_61,wrong,correct,b_correct_a_wrong
Salesforce_Llama-xLAM-2-8b-fc-r-checkpoint-7638-merged-1batch-2560seq-3epoch-multi-all-nomlp::zh_multiple::zh_multiple_68,wrong,correct,b_correct_a_wrong
Salesforce_Llama-xLAM-2-8b-fc-r-checkpoint-7638-merged-1batch-2560seq-3epoch-multi-all-nomlp::zh_multiple::zh_multiple_74,correct,correct,both_correct
Salesforce_Llama-xLAM-2-8b-fc-r-checkpoint-7638-merged-1batch-2560seq-3epoch-multi-all-nomlp::zh_multiple::zh_multiple_91,wrong,correct,b_correct_a_wrong
Salesforce_Llama-xLAM-2-8b-fc-r-checkpoint-7638-merged-1batch-2560seq-3epoch-multi-all-nomlp::zh_multiple::zh_multiple_93,wrong,correct,b_correct_a_wrong
Salesforce_Llama-xLAM-2-8b-fc-r-checkpoint-7638-merged-1batch-2560seq-3epoch-multi-all-nomlp::zh_multiple::zh_multiple_94,correct,correct,both_correct
Salesforce_Llama-xLAM-2-8b-fc-r-checkpoint-7638-merged-1batch-2560seq-3epoch-multi-all-nomlp::zh_parallel::zh_parallel_117,wrong,correct,b_correct_a_wrong
Salesforce_Llama-xLAM-2-8b-fc-r-checkpoint-7638-merged-1batch-2560seq-3epoch-multi-all-nomlp::zh_parallel::zh_parallel_119,correct,correct,both_correct
Salesforce_Llama-xLAM-2-8b-fc-r-checkpoint-7638-merged-1batch-2560seq-3epoch-multi-all-nomlp::zh_parallel::zh_parallel_122,wrong,correct,b_correct_a_wrong
Salesforce_Llama-xLAM-2-8b-fc-r-checkpoint-7638-merged-1batch-2560seq-3epoch-multi-all-nomlp::zh_parallel::zh_parallel_130,correct,correct,both_correct
Salesforce_Llama-xLAM-2-8b-fc-r-checkpoint-7638-merged-1batch-2560seq-3epoch-multi-all-nomlp::zh_parallel::zh_parallel_155,correct,correct,both_correct
Salesforce_Llama-xLAM-2-8b-fc-r-checkpoint-7638-merged-1batch-2560seq-3epoch-multi-all-nomlp::zh_parallel::zh_parallel_159,wrong,correct,b_correct_a_wrong
Salesforce_Llama-xLAM-2-8b-fc-r-checkpoint-7638-merged-1batch-2560seq-3epoch-multi-all-nomlp::zh_parallel::zh_parallel_164,wrong,correct,b_correct_a_wrong
Salesforce_Llama-xLAM-2-8b-fc-r-checkpoint-7638-merged-1batch-2560seq-3epoch-multi-all-nomlp::zh_parallel::zh_parallel_181,wrong,correct,b_correct_a_wrong
Salesforce_Llama-xLAM-2-8b-fc-r-checkpoint-7638-merged-1batch-2560seq-3epoch-multi-all-nomlp::zh_parallel::zh_parallel_189,correct,correct,both_correct
Salesforce_Llama-xLAM-2-8b-fc-r-checkpoint-7638-merged-1batch-2560seq-3epoch-multi-all-nomlp::zh_parallel::zh_parallel_19,correct,correct,both_correct
Salesforce_Llama-xLAM-2-8b-fc-r-checkpoint-7638-merged-1batch-2560seq-3epoch-multi-all-nomlp::zh_parallel::zh_parallel_191,correct,correct,both_correct
Salesforce_Llama-xLAM-2-8b-fc-r-checkpoint-7638-merged-1batch-2560seq-3epoch-multi-all-nomlp::zh_parallel::zh_parallel_192,correct,correct,both_correct
Salesforce_Llama-xLAM-2-8b-fc-r-checkpoint-7638-merged-1batch-2560seq-3epoch-multi-all-nomlp::zh_parallel::zh_parallel_194,correct,correct,both_correct
Salesforce_Llama-xLAM-2-8b-fc-r-checkpoint-7638-merged-1batch-2560seq-3epoch-multi-all-nomlp::zh_parallel::zh_parallel_27,correct,correct,both_correct
Salesforce_Llama-xLAM-2-8b-fc-r-checkpoint-7638-merged-1batch-2560seq-3epoch-multi-all-nomlp::zh_parallel::zh_parallel_3,wrong,correct,b_correct_a_wrong
Salesforce_Llama-xLAM-2-8b-fc-r-checkpoint-7638-merged-1batch-2560seq-3epoch-multi-all-nomlp::zh_parallel::zh_parallel_35,wrong,correct,b_correct_a_wrong
Salesforce_Llama-xLAM-2-8b-fc-r-checkpoint-7638-merged-1batch-2560seq-3epoch-multi-all-nomlp::zh_parallel::zh_parallel_36,correct,correct,both_correct
Salesforce_Llama-xLAM-2-8b-fc-r-checkpoint-7638-merged-1batch-2560seq-3epoch-multi-all-nomlp::zh_parallel::zh_parallel_44,wrong,correct,b_correct_a_wrong
Salesforce_Llama-xLAM-2-8b-fc-r-checkpoint-7638-merged-1batch-2560seq-3epoch-multi-all-nomlp::zh_parallel::zh_parallel_5,wrong,wrong,both_wrong
Salesforce_Llama-xLAM-2-8b-fc-r-checkpoint-7638-merged-1batch-2560seq-3epoch-multi-all-nomlp::zh_parallel::zh_parallel_51,wrong,correct,b_correct_a_wrong
Salesforce_Llama-xLAM-2-8b-fc-r-checkpoint-7638-merged-1batch-2560seq-3epoch-multi-all-nomlp::zh_parallel::zh_parallel_52,correct,correct,both_correct
Salesforce_Llama-xLAM-2-8b-fc-r-checkpoint-7638-merged-1batch-2560seq-3epoch-multi-all-nomlp::zh_parallel::zh_parallel_54,wrong,correct,b_correct_a_wrong
Salesforce_Llama-xLAM-2-8b-fc-r-checkpoint-7638-merged-1batch-2560seq-3epoch-multi-all-nomlp::zh_parallel::zh_parallel_57,wrong,correct,b_correct_a_wrong
Salesforce_Llama-xLAM-2-8b-fc-r-checkpoint-7638-merged-1batch-2560seq-3epoch-multi-all-nomlp::zh_parallel::zh_parallel_88,correct,correct,both_correct
Salesforce_Llama-xLAM-2-8b-fc-r-checkpoint-7638-merged-1batch-2560seq-3epoch-multi-all-nomlp::zh_parallel::zh_parallel_89,correct,correct,both_correct
Salesforce_Llama-xLAM-2-8b-fc-r-checkpoint-7638-merged-1batch-2560seq-3epoch-multi-all-nomlp::zh_parallel::zh_parallel_91,correct,correct,both_correct
Salesforce_Llama-xLAM-2-8b-fc-r-checkpoint-7638-merged-1batch-2560seq-3epoch-multi-all-nomlp::zh_parallel::zh_parallel_92,correct,correct,both_correct
Salesforce_Llama-xLAM-2-8b-fc-r-checkpoint-7638-merged-1batch-2560seq-3epoch-multi-all-nomlp::zh_parallel_multiple::zh_parallel_multiple_103,correct,correct,both_correct
Salesforce_Llama-xLAM-2-8b-fc-r-checkpoint-7638-merged-1batch-2560seq-3epoch-multi-all-nomlp::zh_parallel_multiple::zh_parallel_multiple_106,correct,correct,both_correct
Salesforce_Llama-xLAM-2-8b-fc-r-checkpoint-7638-merged-1batch-2560seq-3epoch-multi-all-nomlp::zh_parallel_multiple::zh_parallel_multiple_108,correct,correct,both_correct
Salesforce_Llama-xLAM-2-8b-fc-r-checkpoint-7638-merged-1batch-2560seq-3epoch-multi-all-nomlp::zh_parallel_multiple::zh_parallel_multiple_112,correct,correct,both_correct
Salesforce_Llama-xLAM-2-8b-fc-r-checkpoint-7638-merged-1batch-2560seq-3epoch-multi-all-nomlp::zh_parallel_multiple::zh_parallel_multiple_114,correct,correct,both_correct
Salesforce_Llama-xLAM-2-8b-fc-r-checkpoint-7638-merged-1batch-2560seq-3epoch-multi-all-nomlp::zh_parallel_multiple::zh_parallel_multiple_115,correct,correct,both_correct
Salesforce_Llama-xLAM-2-8b-fc-r-checkpoint-7638-merged-1batch-2560seq-3epoch-multi-all-nomlp::zh_parallel_multiple::zh_parallel_multiple_118,wrong,correct,b_correct_a_wrong
Salesforce_Llama-xLAM-2-8b-fc-r-checkpoint-7638-merged-1batch-2560seq-3epoch-multi-all-nomlp::zh_parallel_multiple::zh_parallel_multiple_119,correct,correct,both_correct
Salesforce_Llama-xLAM-2-8b-fc-r-checkpoint-7638-merged-1batch-2560seq-3epoch-multi-all-nomlp::zh_parallel_multiple::zh_parallel_multiple_120,correct,correct,both_correct
Salesforce_Llama-xLAM-2-8b-fc-r-checkpoint-7638-merged-1batch-2560seq-3epoch-multi-all-nomlp::zh_parallel_multiple::zh_parallel_multiple_122,correct,correct,both_correct
Salesforce_Llama-xLAM-2-8b-fc-r-checkpoint-7638-merged-1batch-2560seq-3epoch-multi-all-nomlp::zh_parallel_multiple::zh_parallel_multiple_127,wrong,correct,b_correct_a_wrong
Salesforce_Llama-xLAM-2-8b-fc-r-checkpoint-7638-merged-1batch-2560seq-3epoch-multi-all-nomlp::zh_parallel_multiple::zh_parallel_multiple_128,correct,correct,both_correct
Salesforce_Llama-xLAM-2-8b-fc-r-checkpoint-7638-merged-1batch-2560seq-3epoch-multi-all-nomlp::zh_parallel_multiple::zh_parallel_multiple_129,correct,correct,both_correct
Salesforce_Llama-xLAM-2-8b-fc-r-checkpoint-7638-merged-1batch-2560seq-3epoch-multi-all-nomlp::zh_parallel_multiple::zh_parallel_multiple_137,correct,correct,both_correct
Salesforce_Llama-xLAM-2-8b-fc-r-checkpoint-7638-merged-1batch-2560seq-3epoch-multi-all-nomlp::zh_parallel_multiple::zh_parallel_multiple_139,correct,correct,both_correct
Salesforce_Llama-xLAM-2-8b-fc-r-checkpoint-7638-merged-1batch-2560seq-3epoch-multi-all-nomlp::zh_parallel_multiple::zh_parallel_multiple_141,correct,correct,both_correct
Salesforce_Llama-xLAM-2-8b-fc-r-checkpoint-7638-merged-1batch-2560seq-3epoch-multi-all-nomlp::zh_parallel_multiple::zh_parallel_multiple_144,correct,correct,both_correct
Salesforce_Llama-xLAM-2-8b-fc-r-checkpoint-7638-merged-1batch-2560seq-3epoch-multi-all-nomlp::zh_parallel_multiple::zh_parallel_multiple_147,correct,correct,both_correct
Salesforce_Llama-xLAM-2-8b-fc-r-checkpoint-7638-merged-1batch-2560seq-3epoch-multi-all-nomlp::zh_parallel_multiple::zh_parallel_multiple_148,correct,correct,both_correct
Salesforce_Llama-xLAM-2-8b-fc-r-checkpoint-7638-merged-1batch-2560seq-3epoch-multi-all-nomlp::zh_parallel_multiple::zh_parallel_multiple_149,correct,correct,both_correct
Salesforce_Llama-xLAM-2-8b-fc-r-checkpoint-7638-merged-1batch-2560seq-3epoch-multi-all-nomlp::zh_parallel_multiple::zh_parallel_multiple_150,correct,correct,both_correct
Salesforce_Llama-xLAM-2-8b-fc-r-checkpoint-7638-merged-1batch-2560seq-3epoch-multi-all-nomlp::zh_parallel_multiple::zh_parallel_multiple_151,correct,correct,both_correct
Salesforce_Llama-xLAM-2-8b-fc-r-checkpoint-7638-merged-1batch-2560seq-3epoch-multi-all-nomlp::zh_parallel_multiple::zh_parallel_multiple_153,correct,correct,both_correct
Salesforce_Llama-xLAM-2-8b-fc-r-checkpoint-7638-merged-1batch-2560seq-3epoch-multi-all-nomlp::zh_parallel_multiple::zh_parallel_multiple_156,correct,correct,both_correct
Salesforce_Llama-xLAM-2-8b-fc-r-checkpoint-7638-merged-1batch-2560seq-3epoch-multi-all-nomlp::zh_parallel_multiple::zh_parallel_multiple_158,correct,correct,both_correct
Salesforce_Llama-xLAM-2-8b-fc-r-checkpoint-7638-merged-1batch-2560seq-3epoch-multi-all-nomlp::zh_parallel_multiple::zh_parallel_multiple_159,correct,correct,both_correct
Salesforce_Llama-xLAM-2-8b-fc-r-checkpoint-7638-merged-1batch-2560seq-3epoch-multi-all-nomlp::zh_parallel_multiple::zh_parallel_multiple_165,correct,correct,both_correct
Salesforce_Llama-xLAM-2-8b-fc-r-checkpoint-7638-merged-1batch-2560seq-3epoch-multi-all-nomlp::zh_parallel_multiple::zh_parallel_multiple_169,correct,correct,both_correct
Salesforce_Llama-xLAM-2-8b-fc-r-checkpoint-7638-merged-1batch-2560seq-3epoch-multi-all-nomlp::zh_parallel_multiple::zh_parallel_multiple_172,correct,correct,both_correct
Salesforce_Llama-xLAM-2-8b-fc-r-checkpoint-7638-merged-1batch-2560seq-3epoch-multi-all-nomlp::zh_parallel_multiple::zh_parallel_multiple_176,correct,correct,both_correct
Salesforce_Llama-xLAM-2-8b-fc-r-checkpoint-7638-merged-1batch-2560seq-3epoch-multi-all-nomlp::zh_parallel_multiple::zh_parallel_multiple_189,correct,correct,both_correct
Salesforce_Llama-xLAM-2-8b-fc-r-checkpoint-7638-merged-1batch-2560seq-3epoch-multi-all-nomlp::zh_parallel_multiple::zh_parallel_multiple_19,correct,correct,both_correct
Salesforce_Llama-xLAM-2-8b-fc-r-checkpoint-7638-merged-1batch-2560seq-3epoch-multi-all-nomlp::zh_parallel_multiple::zh_parallel_multiple_193,correct,correct,both_correct
Salesforce_Llama-xLAM-2-8b-fc-r-checkpoint-7638-merged-1batch-2560seq-3epoch-multi-all-nomlp::zh_parallel_multiple::zh_parallel_multiple_196,correct,correct,both_correct
Salesforce_Llama-xLAM-2-8b-fc-r-checkpoint-7638-merged-1batch-2560seq-3epoch-multi-all-nomlp::zh_parallel_multiple::zh_parallel_multiple_21,correct,correct,both_correct
Salesforce_Llama-xLAM-2-8b-fc-r-checkpoint-7638-merged-1batch-2560seq-3epoch-multi-all-nomlp::zh_parallel_multiple::zh_parallel_multiple_27,correct,correct,both_correct
Salesforce_Llama-xLAM-2-8b-fc-r-checkpoint-7638-merged-1batch-2560seq-3epoch-multi-all-nomlp::zh_parallel_multiple::zh_parallel_multiple_33,correct,correct,both_correct
Salesforce_Llama-xLAM-2-8b-fc-r-checkpoint-7638-merged-1batch-2560seq-3epoch-multi-all-nomlp::zh_parallel_multiple::zh_parallel_multiple_34,correct,correct,both_correct
Salesforce_Llama-xLAM-2-8b-fc-r-checkpoint-7638-merged-1batch-2560seq-3epoch-multi-all-nomlp::zh_parallel_multiple::zh_parallel_multiple_40,correct,correct,both_correct
Salesforce_Llama-xLAM-2-8b-fc-r-checkpoint-7638-merged-1batch-2560seq-3epoch-multi-all-nomlp::zh_parallel_multiple::zh_parallel_multiple_42,correct,correct,both_correct
Salesforce_Llama-xLAM-2-8b-fc-r-checkpoint-7638-merged-1batch-2560seq-3epoch-multi-all-nomlp::zh_parallel_multiple::zh_parallel_multiple_46,correct,correct,both_correct
Salesforce_Llama-xLAM-2-8b-fc-r-checkpoint-7638-merged-1batch-2560seq-3epoch-multi-all-nomlp::zh_parallel_multiple::zh_parallel_multiple_50,correct,correct,both_correct
Salesforce_Llama-xLAM-2-8b-fc-r-checkpoint-7638-merged-1batch-2560seq-3epoch-multi-all-nomlp::zh_parallel_multiple::zh_parallel_multiple_53,correct,wrong,a_correct_b_wrong
Salesforce_Llama-xLAM-2-8b-fc-r-checkpoint-7638-merged-1batch-2560seq-3epoch-multi-all-nomlp::zh_parallel_multiple::zh_parallel_multiple_64,wrong,correct,b_correct_a_wrong
Salesforce_Llama-xLAM-2-8b-fc-r-checkpoint-7638-merged-1batch-2560seq-3epoch-multi-all-nomlp::zh_parallel_multiple::zh_parallel_multiple_65,correct,correct,both_correct
Salesforce_Llama-xLAM-2-8b-fc-r-checkpoint-7638-merged-1batch-2560seq-3epoch-multi-all-nomlp::zh_parallel_multiple::zh_parallel_multiple_69,wrong,wrong,both_wrong
Salesforce_Llama-xLAM-2-8b-fc-r-checkpoint-7638-merged-1batch-2560seq-3epoch-multi-all-nomlp::zh_parallel_multiple::zh_parallel_multiple_75,wrong,correct,b_correct_a_wrong
Salesforce_Llama-xLAM-2-8b-fc-r-checkpoint-7638-merged-1batch-2560seq-3epoch-multi-all-nomlp::zh_parallel_multiple::zh_parallel_multiple_78,correct,correct,both_correct
Salesforce_Llama-xLAM-2-8b-fc-r-checkpoint-7638-merged-1batch-2560seq-3epoch-multi-all-nomlp::zh_parallel_multiple::zh_parallel_multiple_81,correct,correct,both_correct
Salesforce_Llama-xLAM-2-8b-fc-r-checkpoint-7638-merged-1batch-2560seq-3epoch-multi-all-nomlp::zh_parallel_multiple::zh_parallel_multiple_87,correct,correct,both_correct
Salesforce_Llama-xLAM-2-8b-fc-r-checkpoint-7638-merged-1batch-2560seq-3epoch-multi-all-nomlp::zh_parallel_multiple::zh_parallel_multiple_88,correct,correct,both_correct
Salesforce_Llama-xLAM-2-8b-fc-r-checkpoint-7638-merged-1batch-2560seq-3epoch-multi-all-nomlp::zh_parallel_multiple::zh_parallel_multiple_91,correct,correct,both_correct
Salesforce_Llama-xLAM-2-8b-fc-r-checkpoint-7638-merged-1batch-2560seq-3epoch-multi-all-nomlp::zh_parallel_multiple::zh_parallel_multiple_93,correct,correct,both_correct
Salesforce_Llama-xLAM-2-8b-fc-r-checkpoint-7638-merged-1batch-2560seq-3epoch-multi-all-nomlp::zh_parallel_multiple::zh_parallel_multiple_94,correct,correct,both_correct
Salesforce_Llama-xLAM-2-8b-fc-r-checkpoint-7638-merged-1batch-2560seq-3epoch-multi-all-nomlp::zh_parallel_multiple::zh_parallel_multiple_97,wrong,correct,b_correct_a_wrong
Salesforce_Llama-xLAM-2-8b-fc-r-checkpoint-7638-merged-1batch-2560seq-3epoch-multi-all-nomlp::zh_simple_python::zh_simple_python_126,wrong,correct,b_correct_a_wrong
Salesforce_Llama-xLAM-2-8b-fc-r-checkpoint-7638-merged-1batch-2560seq-3epoch-multi-all-nomlp::zh_simple_python::zh_simple_python_147,correct,correct,both_correct
Salesforce_Llama-xLAM-2-8b-fc-r-checkpoint-7638-merged-1batch-2560seq-3epoch-multi-all-nomlp::zh_simple_python::zh_simple_python_159,wrong,correct,b_correct_a_wrong
Salesforce_Llama-xLAM-2-8b-fc-r-checkpoint-7638-merged-1batch-2560seq-3epoch-multi-all-nomlp::zh_simple_python::zh_simple_python_162,correct,correct,both_correct
Salesforce_Llama-xLAM-2-8b-fc-r-checkpoint-7638-merged-1batch-2560seq-3epoch-multi-all-nomlp::zh_simple_python::zh_simple_python_163,correct,correct,both_correct
Salesforce_Llama-xLAM-2-8b-fc-r-checkpoint-7638-merged-1batch-2560seq-3epoch-multi-all-nomlp::zh_simple_python::zh_simple_python_166,correct,correct,both_correct
Salesforce_Llama-xLAM-2-8b-fc-r-checkpoint-7638-merged-1batch-2560seq-3epoch-multi-all-nomlp::zh_simple_python::zh_simple_python_177,wrong,correct,b_correct_a_wrong
Salesforce_Llama-xLAM-2-8b-fc-r-checkpoint-7638-merged-1batch-2560seq-3epoch-multi-all-nomlp::zh_simple_python::zh_simple_python_183,wrong,correct,b_correct_a_wrong
Salesforce_Llama-xLAM-2-8b-fc-r-checkpoint-7638-merged-1batch-2560seq-3epoch-multi-all-nomlp::zh_simple_python::zh_simple_python_200,correct,correct,both_correct
Salesforce_Llama-xLAM-2-8b-fc-r-checkpoint-7638-merged-1batch-2560seq-3epoch-multi-all-nomlp::zh_simple_python::zh_simple_python_212,correct,correct,both_correct
Salesforce_Llama-xLAM-2-8b-fc-r-checkpoint-7638-merged-1batch-2560seq-3epoch-multi-all-nomlp::zh_simple_python::zh_simple_python_217,wrong,correct,b_correct_a_wrong
Salesforce_Llama-xLAM-2-8b-fc-r-checkpoint-7638-merged-1batch-2560seq-3epoch-multi-all-nomlp::zh_simple_python::zh_simple_python_219,wrong,correct,b_correct_a_wrong
Salesforce_Llama-xLAM-2-8b-fc-r-checkpoint-7638-merged-1batch-2560seq-3epoch-multi-all-nomlp::zh_simple_python::zh_simple_python_224,wrong,correct,b_correct_a_wrong
Salesforce_Llama-xLAM-2-8b-fc-r-checkpoint-7638-merged-1batch-2560seq-3epoch-multi-all-nomlp::zh_simple_python::zh_simple_python_228,correct,correct,both_correct
Salesforce_Llama-xLAM-2-8b-fc-r-checkpoint-7638-merged-1batch-2560seq-3epoch-multi-all-nomlp::zh_simple_python::zh_simple_python_229,wrong,correct,b_correct_a_wrong
Salesforce_Llama-xLAM-2-8b-fc-r-checkpoint-7638-merged-1batch-2560seq-3epoch-multi-all-nomlp::zh_simple_python::zh_simple_python_241,wrong,correct,b_correct_a_wrong
Salesforce_Llama-xLAM-2-8b-fc-r-checkpoint-7638-merged-1batch-2560seq-3epoch-multi-all-nomlp::zh_simple_python::zh_simple_python_242,wrong,correct,b_correct_a_wrong
Salesforce_Llama-xLAM-2-8b-fc-r-checkpoint-7638-merged-1batch-2560seq-3epoch-multi-all-nomlp::zh_simple_python::zh_simple_python_244,wrong,correct,b_correct_a_wrong
Salesforce_Llama-xLAM-2-8b-fc-r-checkpoint-7638-merged-1batch-2560seq-3epoch-multi-all-nomlp::zh_simple_python::zh_simple_python_267,wrong,correct,b_correct_a_wrong
Salesforce_Llama-xLAM-2-8b-fc-r-checkpoint-7638-merged-1batch-2560seq-3epoch-multi-all-nomlp::zh_simple_python::zh_simple_python_273,correct,correct,both_correct
Salesforce_Llama-xLAM-2-8b-fc-r-checkpoint-7638-merged-1batch-2560seq-3epoch-multi-all-nomlp::zh_simple_python::zh_simple_python_281,correct,correct,both_correct
Salesforce_Llama-xLAM-2-8b-fc-r-checkpoint-7638-merged-1batch-2560seq-3epoch-multi-all-nomlp::zh_simple_python::zh_simple_python_283,correct,correct,both_correct
Salesforce_Llama-xLAM-2-8b-fc-r-checkpoint-7638-merged-1batch-2560seq-3epoch-multi-all-nomlp::zh_simple_python::zh_simple_python_288,correct,correct,both_correct
Salesforce_Llama-xLAM-2-8b-fc-r-checkpoint-7638-merged-1batch-2560seq-3epoch-multi-all-nomlp::zh_simple_python::zh_simple_python_305,correct,correct,both_correct
Salesforce_Llama-xLAM-2-8b-fc-r-checkpoint-7638-merged-1batch-2560seq-3epoch-multi-all-nomlp::zh_simple_python::zh_simple_python_306,wrong,correct,b_correct_a_wrong
Salesforce_Llama-xLAM-2-8b-fc-r-checkpoint-7638-merged-1batch-2560seq-3epoch-multi-all-nomlp::zh_simple_python::zh_simple_python_307,wrong,correct,b_correct_a_wrong
Salesforce_Llama-xLAM-2-8b-fc-r-checkpoint-7638-merged-1batch-2560seq-3epoch-multi-all-nomlp::zh_simple_python::zh_simple_python_308,correct,correct,both_correct
Salesforce_Llama-xLAM-2-8b-fc-r-checkpoint-7638-merged-1batch-2560seq-3epoch-multi-all-nomlp::zh_simple_python::zh_simple_python_319,correct,correct,both_correct
Salesforce_Llama-xLAM-2-8b-fc-r-checkpoint-7638-merged-1batch-2560seq-3epoch-multi-all-nomlp::zh_simple_python::zh_simple_python_322,correct,correct,both_correct
Salesforce_Llama-xLAM-2-8b-fc-r-checkpoint-7638-merged-1batch-2560seq-3epoch-multi-all-nomlp::zh_simple_python::zh_simple_python_324,correct,correct,both_correct
Salesforce_Llama-xLAM-2-8b-fc-r-checkpoint-7638-merged-1batch-2560seq-3epoch-multi-all-nomlp::zh_simple_python::zh_simple_python_326,correct,correct,both_correct
Salesforce_Llama-xLAM-2-8b-fc-r-checkpoint-7638-merged-1batch-2560seq-3epoch-multi-all-nomlp::zh_simple_python::zh_simple_python_327,correct,correct,both_correct
Salesforce_Llama-xLAM-2-8b-fc-r-checkpoint-7638-merged-1batch-2560seq-3epoch-multi-all-nomlp::zh_simple_python::zh_simple_python_337,correct,correct,both_correct
Salesforce_Llama-xLAM-2-8b-fc-r-checkpoint-7638-merged-1batch-2560seq-3epoch-multi-all-nomlp::zh_simple_python::zh_simple_python_344,wrong,correct,b_correct_a_wrong
Salesforce_Llama-xLAM-2-8b-fc-r-checkpoint-7638-merged-1batch-2560seq-3epoch-multi-all-nomlp::zh_simple_python::zh_simple_python_374,correct,correct,both_correct
Salesforce_Llama-xLAM-2-8b-fc-r-checkpoint-7638-merged-1batch-2560seq-3epoch-multi-all-nomlp::zh_simple_python::zh_simple_python_386,wrong,correct,b_correct_a_wrong
Salesforce_Llama-xLAM-2-8b-fc-r-checkpoint-7638-merged-1batch-2560seq-3epoch-multi-all-nomlp::zh_simple_python::zh_simple_python_387,correct,correct,both_correct
Salesforce_Llama-xLAM-2-8b-fc-r-checkpoint-7638-merged-1batch-2560seq-3epoch-multi-all-nomlp::zh_simple_python::zh_simple_python_390,wrong,correct,b_correct_a_wrong
Salesforce_Llama-xLAM-2-8b-fc-r-checkpoint-7638-merged-1batch-2560seq-3epoch-multi-all-nomlp::zh_simple_python::zh_simple_python_394,correct,correct,both_correct
Salesforce_Llama-xLAM-2-8b-fc-r-checkpoint-7638-merged-1batch-2560seq-3epoch-multi-all-nomlp::zh_simple_python::zh_simple_python_44,wrong,correct,b_correct_a_wrong
Salesforce_Llama-xLAM-2-8b-fc-r-checkpoint-7638-merged-1batch-2560seq-3epoch-multi-all-nomlp::zh_simple_python::zh_simple_python_63,correct,correct,both_correct
Salesforce_Llama-xLAM-2-8b-fc-r-checkpoint-7638-merged-1batch-2560seq-3epoch-multi-all-nomlp::zh_simple_python::zh_simple_python_77,correct,correct,both_correct
Salesforce_Llama-xLAM-2-8b-fc-r-checkpoint-7638-merged-1batch-2560seq-3epoch-multi-all-nomlp::zh_simple_python::zh_simple_python_85,correct,correct,both_correct
Salesforce_Llama-xLAM-2-8b-fc-r-checkpoint-7638-merged-1batch-2560seq-3epoch-multi-all-nomlp::zh_simple_python::zh_simple_python_89,wrong,correct,b_correct_a_wrong
Salesforce_Llama-xLAM-2-8b-fc-r-checkpoint-7638-merged-1batch-2560seq-3epoch-multi-all-nomlp::zh_simple_python::zh_simple_python_90,wrong,correct,b_correct_a_wrong
Salesforce_Llama-xLAM-2-8b-fc-r-checkpoint-7638-merged-1batch-2560seq-3epoch-multi-all-nomlp::zh_simple_python::zh_simple_python_98,wrong,correct,b_correct_a_wrong
Salesforce_Llama-xLAM-2-8b-fc-r-checkpoint-849-merged-1batch-2560seq-3epoch-multi-all-nomlp::zh_multiple::zh_multiple_119,wrong,correct,b_correct_a_wrong
Salesforce_Llama-xLAM-2-8b-fc-r-checkpoint-849-merged-1batch-2560seq-3epoch-multi-all-nomlp::zh_multiple::zh_multiple_134,correct,correct,both_correct
Salesforce_Llama-xLAM-2-8b-fc-r-checkpoint-849-merged-1batch-2560seq-3epoch-multi-all-nomlp::zh_multiple::zh_multiple_136,correct,correct,both_correct
Salesforce_Llama-xLAM-2-8b-fc-r-checkpoint-849-merged-1batch-2560seq-3epoch-multi-all-nomlp::zh_multiple::zh_multiple_151,wrong,correct,b_correct_a_wrong
Salesforce_Llama-xLAM-2-8b-fc-r-checkpoint-849-merged-1batch-2560seq-3epoch-multi-all-nomlp::zh_multiple::zh_multiple_160,wrong,correct,b_correct_a_wrong
Salesforce_Llama-xLAM-2-8b-fc-r-checkpoint-849-merged-1batch-2560seq-3epoch-multi-all-nomlp::zh_multiple::zh_multiple_165,correct,correct,both_correct
Salesforce_Llama-xLAM-2-8b-fc-r-checkpoint-849-merged-1batch-2560seq-3epoch-multi-all-nomlp::zh_multiple::zh_multiple_174,correct,correct,both_correct
Salesforce_Llama-xLAM-2-8b-fc-r-checkpoint-849-merged-1batch-2560seq-3epoch-multi-all-nomlp::zh_multiple::zh_multiple_176,correct,correct,both_correct
Salesforce_Llama-xLAM-2-8b-fc-r-checkpoint-849-merged-1batch-2560seq-3epoch-multi-all-nomlp::zh_multiple::zh_multiple_188,correct,correct,both_correct
Salesforce_Llama-xLAM-2-8b-fc-r-checkpoint-849-merged-1batch-2560seq-3epoch-multi-all-nomlp::zh_multiple::zh_multiple_191,wrong,correct,b_correct_a_wrong
Salesforce_Llama-xLAM-2-8b-fc-r-checkpoint-849-merged-1batch-2560seq-3epoch-multi-all-nomlp::zh_multiple::zh_multiple_192,wrong,correct,b_correct_a_wrong
Salesforce_Llama-xLAM-2-8b-fc-r-checkpoint-849-merged-1batch-2560seq-3epoch-multi-all-nomlp::zh_multiple::zh_multiple_25,correct,correct,both_correct
Salesforce_Llama-xLAM-2-8b-fc-r-checkpoint-849-merged-1batch-2560seq-3epoch-multi-all-nomlp::zh_multiple::zh_multiple_58,wrong,correct,b_correct_a_wrong
Salesforce_Llama-xLAM-2-8b-fc-r-checkpoint-849-merged-1batch-2560seq-3epoch-multi-all-nomlp::zh_multiple::zh_multiple_61,wrong,correct,b_correct_a_wrong
Salesforce_Llama-xLAM-2-8b-fc-r-checkpoint-849-merged-1batch-2560seq-3epoch-multi-all-nomlp::zh_multiple::zh_multiple_68,wrong,correct,b_correct_a_wrong
Salesforce_Llama-xLAM-2-8b-fc-r-checkpoint-849-merged-1batch-2560seq-3epoch-multi-all-nomlp::zh_multiple::zh_multiple_78,correct,correct,both_correct
Salesforce_Llama-xLAM-2-8b-fc-r-checkpoint-849-merged-1batch-2560seq-3epoch-multi-all-nomlp::zh_multiple::zh_multiple_91,wrong,correct,b_correct_a_wrong
Salesforce_Llama-xLAM-2-8b-fc-r-checkpoint-849-merged-1batch-2560seq-3epoch-multi-all-nomlp::zh_multiple::zh_multiple_93,wrong,correct,b_correct_a_wrong
Salesforce_Llama-xLAM-2-8b-fc-r-checkpoint-849-merged-1batch-2560seq-3epoch-multi-all-nomlp::zh_multiple::zh_multiple_94,wrong,correct,b_correct_a_wrong
Salesforce_Llama-xLAM-2-8b-fc-r-checkpoint-849-merged-1batch-2560seq-3epoch-multi-all-nomlp::zh_parallel::zh_parallel_119,correct,correct,both_correct
Salesforce_Llama-xLAM-2-8b-fc-r-checkpoint-849-merged-1batch-2560seq-3epoch-multi-all-nomlp::zh_parallel::zh_parallel_127,correct,correct,both_correct
Salesforce_Llama-xLAM-2-8b-fc-r-checkpoint-849-merged-1batch-2560seq-3epoch-multi-all-nomlp::zh_parallel::zh_parallel_13,wrong,correct,b_correct_a_wrong
Salesforce_Llama-xLAM-2-8b-fc-r-checkpoint-849-merged-1batch-2560seq-3epoch-multi-all-nomlp::zh_parallel::zh_parallel_131,correct,correct,both_correct
Salesforce_Llama-xLAM-2-8b-fc-r-checkpoint-849-merged-1batch-2560seq-3epoch-multi-all-nomlp::zh_parallel::zh_parallel_142,wrong,correct,b_correct_a_wrong
Salesforce_Llama-xLAM-2-8b-fc-r-checkpoint-849-merged-1batch-2560seq-3epoch-multi-all-nomlp::zh_parallel::zh_parallel_155,correct,correct,both_correct
Salesforce_Llama-xLAM-2-8b-fc-r-checkpoint-849-merged-1batch-2560seq-3epoch-multi-all-nomlp::zh_parallel::zh_parallel_159,wrong,correct,b_correct_a_wrong
Salesforce_Llama-xLAM-2-8b-fc-r-checkpoint-849-merged-1batch-2560seq-3epoch-multi-all-nomlp::zh_parallel::zh_parallel_164,wrong,correct,b_correct_a_wrong
Salesforce_Llama-xLAM-2-8b-fc-r-checkpoint-849-merged-1batch-2560seq-3epoch-multi-all-nomlp::zh_parallel::zh_parallel_169,correct,correct,both_correct
Salesforce_Llama-xLAM-2-8b-fc-r-checkpoint-849-merged-1batch-2560seq-3epoch-multi-all-nomlp::zh_parallel::zh_parallel_175,correct,correct,both_correct
Salesforce_Llama-xLAM-2-8b-fc-r-checkpoint-849-merged-1batch-2560seq-3epoch-multi-all-nomlp::zh_parallel::zh_parallel_181,wrong,correct,b_correct_a_wrong
Salesforce_Llama-xLAM-2-8b-fc-r-checkpoint-849-merged-1batch-2560seq-3epoch-multi-all-nomlp::zh_parallel::zh_parallel_185,wrong,correct,b_correct_a_wrong
Salesforce_Llama-xLAM-2-8b-fc-r-checkpoint-849-merged-1batch-2560seq-3epoch-multi-all-nomlp::zh_parallel::zh_parallel_189,correct,correct,both_correct
Salesforce_Llama-xLAM-2-8b-fc-r-checkpoint-849-merged-1batch-2560seq-3epoch-multi-all-nomlp::zh_parallel::zh_parallel_191,correct,correct,both_correct
Salesforce_Llama-xLAM-2-8b-fc-r-checkpoint-849-merged-1batch-2560seq-3epoch-multi-all-nomlp::zh_parallel::zh_parallel_194,correct,correct,both_correct
Salesforce_Llama-xLAM-2-8b-fc-r-checkpoint-849-merged-1batch-2560seq-3epoch-multi-all-nomlp::zh_parallel::zh_parallel_35,wrong,correct,b_correct_a_wrong
Salesforce_Llama-xLAM-2-8b-fc-r-checkpoint-849-merged-1batch-2560seq-3epoch-multi-all-nomlp::zh_parallel::zh_parallel_36,correct,correct,both_correct
Salesforce_Llama-xLAM-2-8b-fc-r-checkpoint-849-merged-1batch-2560seq-3epoch-multi-all-nomlp::zh_parallel::zh_parallel_4,correct,correct,both_correct
Salesforce_Llama-xLAM-2-8b-fc-r-checkpoint-849-merged-1batch-2560seq-3epoch-multi-all-nomlp::zh_parallel::zh_parallel_40,correct,correct,both_correct
Salesforce_Llama-xLAM-2-8b-fc-r-checkpoint-849-merged-1batch-2560seq-3epoch-multi-all-nomlp::zh_parallel::zh_parallel_44,wrong,correct,b_correct_a_wrong
Salesforce_Llama-xLAM-2-8b-fc-r-checkpoint-849-merged-1batch-2560seq-3epoch-multi-all-nomlp::zh_parallel::zh_parallel_46,correct,correct,both_correct
Salesforce_Llama-xLAM-2-8b-fc-r-checkpoint-849-merged-1batch-2560seq-3epoch-multi-all-nomlp::zh_parallel::zh_parallel_47,correct,correct,both_correct
Salesforce_Llama-xLAM-2-8b-fc-r-checkpoint-849-merged-1batch-2560seq-3epoch-multi-all-nomlp::zh_parallel::zh_parallel_5,wrong,correct,b_correct_a_wrong
Salesforce_Llama-xLAM-2-8b-fc-r-checkpoint-849-merged-1batch-2560seq-3epoch-multi-all-nomlp::zh_parallel::zh_parallel_52,correct,correct,both_correct
Salesforce_Llama-xLAM-2-8b-fc-r-checkpoint-849-merged-1batch-2560seq-3epoch-multi-all-nomlp::zh_parallel::zh_parallel_54,correct,correct,both_correct
Salesforce_Llama-xLAM-2-8b-fc-r-checkpoint-849-merged-1batch-2560seq-3epoch-multi-all-nomlp::zh_parallel::zh_parallel_57,wrong,correct,b_correct_a_wrong
Salesforce_Llama-xLAM-2-8b-fc-r-checkpoint-849-merged-1batch-2560seq-3epoch-multi-all-nomlp::zh_parallel::zh_parallel_68,wrong,correct,b_correct_a_wrong
Salesforce_Llama-xLAM-2-8b-fc-r-checkpoint-849-merged-1batch-2560seq-3epoch-multi-all-nomlp::zh_parallel::zh_parallel_92,correct,correct,both_correct
Salesforce_Llama-xLAM-2-8b-fc-r-checkpoint-849-merged-1batch-2560seq-3epoch-multi-all-nomlp::zh_parallel::zh_parallel_93,correct,correct,both_correct
Salesforce_Llama-xLAM-2-8b-fc-r-checkpoint-849-merged-1batch-2560seq-3epoch-multi-all-nomlp::zh_parallel_multiple::zh_parallel_multiple_100,correct,correct,both_correct
Salesforce_Llama-xLAM-2-8b-fc-r-checkpoint-849-merged-1batch-2560seq-3epoch-multi-all-nomlp::zh_parallel_multiple::zh_parallel_multiple_103,correct,correct,both_correct
Salesforce_Llama-xLAM-2-8b-fc-r-checkpoint-849-merged-1batch-2560seq-3epoch-multi-all-nomlp::zh_parallel_multiple::zh_parallel_multiple_105,correct,correct,both_correct
Salesforce_Llama-xLAM-2-8b-fc-r-checkpoint-849-merged-1batch-2560seq-3epoch-multi-all-nomlp::zh_parallel_multiple::zh_parallel_multiple_106,correct,correct,both_correct
Salesforce_Llama-xLAM-2-8b-fc-r-checkpoint-849-merged-1batch-2560seq-3epoch-multi-all-nomlp::zh_parallel_multiple::zh_parallel_multiple_112,correct,correct,both_correct
Salesforce_Llama-xLAM-2-8b-fc-r-checkpoint-849-merged-1batch-2560seq-3epoch-multi-all-nomlp::zh_parallel_multiple::zh_parallel_multiple_113,correct,correct,both_correct
Salesforce_Llama-xLAM-2-8b-fc-r-checkpoint-849-merged-1batch-2560seq-3epoch-multi-all-nomlp::zh_parallel_multiple::zh_parallel_multiple_114,correct,correct,both_correct
Salesforce_Llama-xLAM-2-8b-fc-r-checkpoint-849-merged-1batch-2560seq-3epoch-multi-all-nomlp::zh_parallel_multiple::zh_parallel_multiple_115,correct,correct,both_correct
Salesforce_Llama-xLAM-2-8b-fc-r-checkpoint-849-merged-1batch-2560seq-3epoch-multi-all-nomlp::zh_parallel_multiple::zh_parallel_multiple_118,wrong,correct,b_correct_a_wrong
Salesforce_Llama-xLAM-2-8b-fc-r-checkpoint-849-merged-1batch-2560seq-3epoch-multi-all-nomlp::zh_parallel_multiple::zh_parallel_multiple_120,correct,correct,both_correct
Salesforce_Llama-xLAM-2-8b-fc-r-checkpoint-849-merged-1batch-2560seq-3epoch-multi-all-nomlp::zh_parallel_multiple::zh_parallel_multiple_122,correct,correct,both_correct
Salesforce_Llama-xLAM-2-8b-fc-r-checkpoint-849-merged-1batch-2560seq-3epoch-multi-all-nomlp::zh_parallel_multiple::zh_parallel_multiple_128,wrong,correct,b_correct_a_wrong
Salesforce_Llama-xLAM-2-8b-fc-r-checkpoint-849-merged-1batch-2560seq-3epoch-multi-all-nomlp::zh_parallel_multiple::zh_parallel_multiple_129,correct,correct,both_correct
Salesforce_Llama-xLAM-2-8b-fc-r-checkpoint-849-merged-1batch-2560seq-3epoch-multi-all-nomlp::zh_parallel_multiple::zh_parallel_multiple_135,correct,correct,both_correct
Salesforce_Llama-xLAM-2-8b-fc-r-checkpoint-849-merged-1batch-2560seq-3epoch-multi-all-nomlp::zh_parallel_multiple::zh_parallel_multiple_137,correct,correct,both_correct
Salesforce_Llama-xLAM-2-8b-fc-r-checkpoint-849-merged-1batch-2560seq-3epoch-multi-all-nomlp::zh_parallel_multiple::zh_parallel_multiple_139,correct,correct,both_correct
Salesforce_Llama-xLAM-2-8b-fc-r-checkpoint-849-merged-1batch-2560seq-3epoch-multi-all-nomlp::zh_parallel_multiple::zh_parallel_multiple_141,correct,correct,both_correct
Salesforce_Llama-xLAM-2-8b-fc-r-checkpoint-849-merged-1batch-2560seq-3epoch-multi-all-nomlp::zh_parallel_multiple::zh_parallel_multiple_147,correct,correct,both_correct
Salesforce_Llama-xLAM-2-8b-fc-r-checkpoint-849-merged-1batch-2560seq-3epoch-multi-all-nomlp::zh_parallel_multiple::zh_parallel_multiple_148,correct,correct,both_correct
Salesforce_Llama-xLAM-2-8b-fc-r-checkpoint-849-merged-1batch-2560seq-3epoch-multi-all-nomlp::zh_parallel_multiple::zh_parallel_multiple_149,correct,correct,both_correct
Salesforce_Llama-xLAM-2-8b-fc-r-checkpoint-849-merged-1batch-2560seq-3epoch-multi-all-nomlp::zh_parallel_multiple::zh_parallel_multiple_150,correct,correct,both_correct
Salesforce_Llama-xLAM-2-8b-fc-r-checkpoint-849-merged-1batch-2560seq-3epoch-multi-all-nomlp::zh_parallel_multiple::zh_parallel_multiple_151,correct,correct,both_correct
Salesforce_Llama-xLAM-2-8b-fc-r-checkpoint-849-merged-1batch-2560seq-3epoch-multi-all-nomlp::zh_parallel_multiple::zh_parallel_multiple_153,correct,correct,both_correct
Salesforce_Llama-xLAM-2-8b-fc-r-checkpoint-849-merged-1batch-2560seq-3epoch-multi-all-nomlp::zh_parallel_multiple::zh_parallel_multiple_156,correct,correct,both_correct
Salesforce_Llama-xLAM-2-8b-fc-r-checkpoint-849-merged-1batch-2560seq-3epoch-multi-all-nomlp::zh_parallel_multiple::zh_parallel_multiple_158,correct,correct,both_correct
Salesforce_Llama-xLAM-2-8b-fc-r-checkpoint-849-merged-1batch-2560seq-3epoch-multi-all-nomlp::zh_parallel_multiple::zh_parallel_multiple_159,correct,correct,both_correct
Salesforce_Llama-xLAM-2-8b-fc-r-checkpoint-849-merged-1batch-2560seq-3epoch-multi-all-nomlp::zh_parallel_multiple::zh_parallel_multiple_160,correct,correct,both_correct
Salesforce_Llama-xLAM-2-8b-fc-r-checkpoint-849-merged-1batch-2560seq-3epoch-multi-all-nomlp::zh_parallel_multiple::zh_parallel_multiple_165,correct,correct,both_correct
Salesforce_Llama-xLAM-2-8b-fc-r-checkpoint-849-merged-1batch-2560seq-3epoch-multi-all-nomlp::zh_parallel_multiple::zh_parallel_multiple_167,correct,correct,both_correct
Salesforce_Llama-xLAM-2-8b-fc-r-checkpoint-849-merged-1batch-2560seq-3epoch-multi-all-nomlp::zh_parallel_multiple::zh_parallel_multiple_169,correct,correct,both_correct
Salesforce_Llama-xLAM-2-8b-fc-r-checkpoint-849-merged-1batch-2560seq-3epoch-multi-all-nomlp::zh_parallel_multiple::zh_parallel_multiple_176,correct,correct,both_correct
Salesforce_Llama-xLAM-2-8b-fc-r-checkpoint-849-merged-1batch-2560seq-3epoch-multi-all-nomlp::zh_parallel_multiple::zh_parallel_multiple_180,correct,correct,both_correct
Salesforce_Llama-xLAM-2-8b-fc-r-checkpoint-849-merged-1batch-2560seq-3epoch-multi-all-nomlp::zh_parallel_multiple::zh_parallel_multiple_183,correct,wrong,a_correct_b_wrong
Salesforce_Llama-xLAM-2-8b-fc-r-checkpoint-849-merged-1batch-2560seq-3epoch-multi-all-nomlp::zh_parallel_multiple::zh_parallel_multiple_189,correct,correct,both_correct
Salesforce_Llama-xLAM-2-8b-fc-r-checkpoint-849-merged-1batch-2560seq-3epoch-multi-all-nomlp::zh_parallel_multiple::zh_parallel_multiple_19,correct,correct,both_correct
Salesforce_Llama-xLAM-2-8b-fc-r-checkpoint-849-merged-1batch-2560seq-3epoch-multi-all-nomlp::zh_parallel_multiple::zh_parallel_multiple_191,correct,correct,both_correct
Salesforce_Llama-xLAM-2-8b-fc-r-checkpoint-849-merged-1batch-2560seq-3epoch-multi-all-nomlp::zh_parallel_multiple::zh_parallel_multiple_193,correct,correct,both_correct
Salesforce_Llama-xLAM-2-8b-fc-r-checkpoint-849-merged-1batch-2560seq-3epoch-multi-all-nomlp::zh_parallel_multiple::zh_parallel_multiple_195,correct,correct,both_correct
Salesforce_Llama-xLAM-2-8b-fc-r-checkpoint-849-merged-1batch-2560seq-3epoch-multi-all-nomlp::zh_parallel_multiple::zh_parallel_multiple_21,wrong,correct,b_correct_a_wrong
Salesforce_Llama-xLAM-2-8b-fc-r-checkpoint-849-merged-1batch-2560seq-3epoch-multi-all-nomlp::zh_parallel_multiple::zh_parallel_multiple_27,correct,correct,both_correct
Salesforce_Llama-xLAM-2-8b-fc-r-checkpoint-849-merged-1batch-2560seq-3epoch-multi-all-nomlp::zh_parallel_multiple::zh_parallel_multiple_32,correct,correct,both_correct
Salesforce_Llama-xLAM-2-8b-fc-r-checkpoint-849-merged-1batch-2560seq-3epoch-multi-all-nomlp::zh_parallel_multiple::zh_parallel_multiple_33,correct,correct,both_correct
Salesforce_Llama-xLAM-2-8b-fc-r-checkpoint-849-merged-1batch-2560seq-3epoch-multi-all-nomlp::zh_parallel_multiple::zh_parallel_multiple_36,correct,correct,both_correct
Salesforce_Llama-xLAM-2-8b-fc-r-checkpoint-849-merged-1batch-2560seq-3epoch-multi-all-nomlp::zh_parallel_multiple::zh_parallel_multiple_37,correct,correct,both_correct
Salesforce_Llama-xLAM-2-8b-fc-r-checkpoint-849-merged-1batch-2560seq-3epoch-multi-all-nomlp::zh_parallel_multiple::zh_parallel_multiple_40,correct,correct,both_correct
Salesforce_Llama-xLAM-2-8b-fc-r-checkpoint-849-merged-1batch-2560seq-3epoch-multi-all-nomlp::zh_parallel_multiple::zh_parallel_multiple_42,correct,correct,both_correct
Salesforce_Llama-xLAM-2-8b-fc-r-checkpoint-849-merged-1batch-2560seq-3epoch-multi-all-nomlp::zh_parallel_multiple::zh_parallel_multiple_46,correct,correct,both_correct
Salesforce_Llama-xLAM-2-8b-fc-r-checkpoint-849-merged-1batch-2560seq-3epoch-multi-all-nomlp::zh_parallel_multiple::zh_parallel_multiple_53,correct,wrong,a_correct_b_wrong
Salesforce_Llama-xLAM-2-8b-fc-r-checkpoint-849-merged-1batch-2560seq-3epoch-multi-all-nomlp::zh_parallel_multiple::zh_parallel_multiple_54,wrong,correct,b_correct_a_wrong
Salesforce_Llama-xLAM-2-8b-fc-r-checkpoint-849-merged-1batch-2560seq-3epoch-multi-all-nomlp::zh_parallel_multiple::zh_parallel_multiple_64,wrong,correct,b_correct_a_wrong
Salesforce_Llama-xLAM-2-8b-fc-r-checkpoint-849-merged-1batch-2560seq-3epoch-multi-all-nomlp::zh_parallel_multiple::zh_parallel_multiple_65,wrong,correct,b_correct_a_wrong
Salesforce_Llama-xLAM-2-8b-fc-r-checkpoint-849-merged-1batch-2560seq-3epoch-multi-all-nomlp::zh_parallel_multiple::zh_parallel_multiple_69,wrong,wrong,both_wrong
Salesforce_Llama-xLAM-2-8b-fc-r-checkpoint-849-merged-1batch-2560seq-3epoch-multi-all-nomlp::zh_parallel_multiple::zh_parallel_multiple_75,wrong,correct,b_correct_a_wrong
Salesforce_Llama-xLAM-2-8b-fc-r-checkpoint-849-merged-1batch-2560seq-3epoch-multi-all-nomlp::zh_parallel_multiple::zh_parallel_multiple_77,correct,correct,both_correct
Salesforce_Llama-xLAM-2-8b-fc-r-checkpoint-849-merged-1batch-2560seq-3epoch-multi-all-nomlp::zh_parallel_multiple::zh_parallel_multiple_81,wrong,correct,b_correct_a_wrong
Salesforce_Llama-xLAM-2-8b-fc-r-checkpoint-849-merged-1batch-2560seq-3epoch-multi-all-nomlp::zh_parallel_multiple::zh_parallel_multiple_87,correct,correct,both_correct
Salesforce_Llama-xLAM-2-8b-fc-r-checkpoint-849-merged-1batch-2560seq-3epoch-multi-all-nomlp::zh_parallel_multiple::zh_parallel_multiple_88,correct,correct,both_correct
Salesforce_Llama-xLAM-2-8b-fc-r-checkpoint-849-merged-1batch-2560seq-3epoch-multi-all-nomlp::zh_parallel_multiple::zh_parallel_multiple_91,correct,correct,both_correct
Salesforce_Llama-xLAM-2-8b-fc-r-checkpoint-849-merged-1batch-2560seq-3epoch-multi-all-nomlp::zh_parallel_multiple::zh_parallel_multiple_94,correct,correct,both_correct
Salesforce_Llama-xLAM-2-8b-fc-r-checkpoint-849-merged-1batch-2560seq-3epoch-multi-all-nomlp::zh_parallel_multiple::zh_parallel_multiple_97,wrong,correct,b_correct_a_wrong
Salesforce_Llama-xLAM-2-8b-fc-r-checkpoint-849-merged-1batch-2560seq-3epoch-multi-all-nomlp::zh_simple_python::zh_simple_python_126,wrong,correct,b_correct_a_wrong
Salesforce_Llama-xLAM-2-8b-fc-r-checkpoint-849-merged-1batch-2560seq-3epoch-multi-all-nomlp::zh_simple_python::zh_simple_python_139,wrong,correct,b_correct_a_wrong
Salesforce_Llama-xLAM-2-8b-fc-r-checkpoint-849-merged-1batch-2560seq-3epoch-multi-all-nomlp::zh_simple_python::zh_simple_python_147,correct,correct,both_correct
Salesforce_Llama-xLAM-2-8b-fc-r-checkpoint-849-merged-1batch-2560seq-3epoch-multi-all-nomlp::zh_simple_python::zh_simple_python_158,wrong,correct,b_correct_a_wrong
Salesforce_Llama-xLAM-2-8b-fc-r-checkpoint-849-merged-1batch-2560seq-3epoch-multi-all-nomlp::zh_simple_python::zh_simple_python_159,wrong,correct,b_correct_a_wrong
Salesforce_Llama-xLAM-2-8b-fc-r-checkpoint-849-merged-1batch-2560seq-3epoch-multi-all-nomlp::zh_simple_python::zh_simple_python_162,correct,correct,both_correct
Salesforce_Llama-xLAM-2-8b-fc-r-checkpoint-849-merged-1batch-2560seq-3epoch-multi-all-nomlp::zh_simple_python::zh_simple_python_166,correct,correct,both_correct
Salesforce_Llama-xLAM-2-8b-fc-r-checkpoint-849-merged-1batch-2560seq-3epoch-multi-all-nomlp::zh_simple_python::zh_simple_python_173,wrong,correct,b_correct_a_wrong
Salesforce_Llama-xLAM-2-8b-fc-r-checkpoint-849-merged-1batch-2560seq-3epoch-multi-all-nomlp::zh_simple_python::zh_simple_python_174,wrong,correct,b_correct_a_wrong
Salesforce_Llama-xLAM-2-8b-fc-r-checkpoint-849-merged-1batch-2560seq-3epoch-multi-all-nomlp::zh_simple_python::zh_simple_python_183,wrong,correct,b_correct_a_wrong
Salesforce_Llama-xLAM-2-8b-fc-r-checkpoint-849-merged-1batch-2560seq-3epoch-multi-all-nomlp::zh_simple_python::zh_simple_python_191,correct,correct,both_correct
Salesforce_Llama-xLAM-2-8b-fc-r-checkpoint-849-merged-1batch-2560seq-3epoch-multi-all-nomlp::zh_simple_python::zh_simple_python_197,correct,correct,both_correct
Salesforce_Llama-xLAM-2-8b-fc-r-checkpoint-849-merged-1batch-2560seq-3epoch-multi-all-nomlp::zh_simple_python::zh_simple_python_200,wrong,correct,b_correct_a_wrong
Salesforce_Llama-xLAM-2-8b-fc-r-checkpoint-849-merged-1batch-2560seq-3epoch-multi-all-nomlp::zh_simple_python::zh_simple_python_207,correct,correct,both_correct
Salesforce_Llama-xLAM-2-8b-fc-r-checkpoint-849-merged-1batch-2560seq-3epoch-multi-all-nomlp::zh_simple_python::zh_simple_python_209,wrong,correct,b_correct_a_wrong
Salesforce_Llama-xLAM-2-8b-fc-r-checkpoint-849-merged-1batch-2560seq-3epoch-multi-all-nomlp::zh_simple_python::zh_simple_python_212,correct,correct,both_correct
Salesforce_Llama-xLAM-2-8b-fc-r-checkpoint-849-merged-1batch-2560seq-3epoch-multi-all-nomlp::zh_simple_python::zh_simple_python_215,wrong,correct,b_correct_a_wrong
Salesforce_Llama-xLAM-2-8b-fc-r-checkpoint-849-merged-1batch-2560seq-3epoch-multi-all-nomlp::zh_simple_python::zh_simple_python_219,wrong,correct,b_correct_a_wrong
Salesforce_Llama-xLAM-2-8b-fc-r-checkpoint-849-merged-1batch-2560seq-3epoch-multi-all-nomlp::zh_simple_python::zh_simple_python_224,wrong,correct,b_correct_a_wrong
Salesforce_Llama-xLAM-2-8b-fc-r-checkpoint-849-merged-1batch-2560seq-3epoch-multi-all-nomlp::zh_simple_python::zh_simple_python_228,correct,correct,both_correct
Salesforce_Llama-xLAM-2-8b-fc-r-checkpoint-849-merged-1batch-2560seq-3epoch-multi-all-nomlp::zh_simple_python::zh_simple_python_229,wrong,wrong,both_wrong
Salesforce_Llama-xLAM-2-8b-fc-r-checkpoint-849-merged-1batch-2560seq-3epoch-multi-all-nomlp::zh_simple_python::zh_simple_python_234,wrong,correct,b_correct_a_wrong
Salesforce_Llama-xLAM-2-8b-fc-r-checkpoint-849-merged-1batch-2560seq-3epoch-multi-all-nomlp::zh_simple_python::zh_simple_python_241,wrong,correct,b_correct_a_wrong
Salesforce_Llama-xLAM-2-8b-fc-r-checkpoint-849-merged-1batch-2560seq-3epoch-multi-all-nomlp::zh_simple_python::zh_simple_python_242,wrong,correct,b_correct_a_wrong
Salesforce_Llama-xLAM-2-8b-fc-r-checkpoint-849-merged-1batch-2560seq-3epoch-multi-all-nomlp::zh_simple_python::zh_simple_python_244,wrong,correct,b_correct_a_wrong
Salesforce_Llama-xLAM-2-8b-fc-r-checkpoint-849-merged-1batch-2560seq-3epoch-multi-all-nomlp::zh_simple_python::zh_simple_python_248,wrong,correct,b_correct_a_wrong
Salesforce_Llama-xLAM-2-8b-fc-r-checkpoint-849-merged-1batch-2560seq-3epoch-multi-all-nomlp::zh_simple_python::zh_simple_python_257,wrong,correct,b_correct_a_wrong
Salesforce_Llama-xLAM-2-8b-fc-r-checkpoint-849-merged-1batch-2560seq-3epoch-multi-all-nomlp::zh_simple_python::zh_simple_python_266,correct,correct,both_correct
Salesforce_Llama-xLAM-2-8b-fc-r-checkpoint-849-merged-1batch-2560seq-3epoch-multi-all-nomlp::zh_simple_python::zh_simple_python_277,correct,correct,both_correct
Salesforce_Llama-xLAM-2-8b-fc-r-checkpoint-849-merged-1batch-2560seq-3epoch-multi-all-nomlp::zh_simple_python::zh_simple_python_278,correct,correct,both_correct
Salesforce_Llama-xLAM-2-8b-fc-r-checkpoint-849-merged-1batch-2560seq-3epoch-multi-all-nomlp::zh_simple_python::zh_simple_python_281,wrong,correct,b_correct_a_wrong
Salesforce_Llama-xLAM-2-8b-fc-r-checkpoint-849-merged-1batch-2560seq-3epoch-multi-all-nomlp::zh_simple_python::zh_simple_python_283,correct,correct,both_correct
Salesforce_Llama-xLAM-2-8b-fc-r-checkpoint-849-merged-1batch-2560seq-3epoch-multi-all-nomlp::zh_simple_python::zh_simple_python_288,correct,correct,both_correct
Salesforce_Llama-xLAM-2-8b-fc-r-checkpoint-849-merged-1batch-2560seq-3epoch-multi-all-nomlp::zh_simple_python::zh_simple_python_305,correct,correct,both_correct
Salesforce_Llama-xLAM-2-8b-fc-r-checkpoint-849-merged-1batch-2560seq-3epoch-multi-all-nomlp::zh_simple_python::zh_simple_python_316,correct,correct,both_correct
Salesforce_Llama-xLAM-2-8b-fc-r-checkpoint-849-merged-1batch-2560seq-3epoch-multi-all-nomlp::zh_simple_python::zh_simple_python_319,correct,correct,both_correct
Salesforce_Llama-xLAM-2-8b-fc-r-checkpoint-849-merged-1batch-2560seq-3epoch-multi-all-nomlp::zh_simple_python::zh_simple_python_321,correct,correct,both_correct
Salesforce_Llama-xLAM-2-8b-fc-r-checkpoint-849-merged-1batch-2560seq-3epoch-multi-all-nomlp::zh_simple_python::zh_simple_python_322,correct,correct,both_correct
Salesforce_Llama-xLAM-2-8b-fc-r-checkpoint-849-merged-1batch-2560seq-3epoch-multi-all-nomlp::zh_simple_python::zh_simple_python_324,correct,correct,both_correct
Salesforce_Llama-xLAM-2-8b-fc-r-checkpoint-849-merged-1batch-2560seq-3epoch-multi-all-nomlp::zh_simple_python::zh_simple_python_326,correct,correct,both_correct
Salesforce_Llama-xLAM-2-8b-fc-r-checkpoint-849-merged-1batch-2560seq-3epoch-multi-all-nomlp::zh_simple_python::zh_simple_python_327,correct,correct,both_correct
Salesforce_Llama-xLAM-2-8b-fc-r-checkpoint-849-merged-1batch-2560seq-3epoch-multi-all-nomlp::zh_simple_python::zh_simple_python_344,correct,correct,both_correct
Salesforce_Llama-xLAM-2-8b-fc-r-checkpoint-849-merged-1batch-2560seq-3epoch-multi-all-nomlp::zh_simple_python::zh_simple_python_369,correct,correct,both_correct
Salesforce_Llama-xLAM-2-8b-fc-r-checkpoint-849-merged-1batch-2560seq-3epoch-multi-all-nomlp::zh_simple_python::zh_simple_python_373,correct,correct,both_correct
Salesforce_Llama-xLAM-2-8b-fc-r-checkpoint-849-merged-1batch-2560seq-3epoch-multi-all-nomlp::zh_simple_python::zh_simple_python_375,wrong,correct,b_correct_a_wrong
Salesforce_Llama-xLAM-2-8b-fc-r-checkpoint-849-merged-1batch-2560seq-3epoch-multi-all-nomlp::zh_simple_python::zh_simple_python_386,wrong,correct,b_correct_a_wrong
Salesforce_Llama-xLAM-2-8b-fc-r-checkpoint-849-merged-1batch-2560seq-3epoch-multi-all-nomlp::zh_simple_python::zh_simple_python_387,correct,correct,both_correct
Salesforce_Llama-xLAM-2-8b-fc-r-checkpoint-849-merged-1batch-2560seq-3epoch-multi-all-nomlp::zh_simple_python::zh_simple_python_390,wrong,correct,b_correct_a_wrong
Salesforce_Llama-xLAM-2-8b-fc-r-checkpoint-849-merged-1batch-2560seq-3epoch-multi-all-nomlp::zh_simple_python::zh_simple_python_63,correct,correct,both_correct
Salesforce_Llama-xLAM-2-8b-fc-r-checkpoint-849-merged-1batch-2560seq-3epoch-multi-all-nomlp::zh_simple_python::zh_simple_python_77,correct,correct,both_correct
Salesforce_Llama-xLAM-2-8b-fc-r-checkpoint-849-merged-1batch-2560seq-3epoch-multi-all-nomlp::zh_simple_python::zh_simple_python_90,wrong,correct,b_correct_a_wrong
Salesforce_Llama-xLAM-2-8b-fc-r-checkpoint-849-merged-1batch-2560seq-3epoch-multi-all-nomlp::zh_simple_python::zh_simple_python_98,wrong,correct,b_correct_a_wrong
Salesforce_Llama-xLAM-2-8b-fc-r-checkpoint-8613-merged-1batch-2560seq-3epoch-FC::zh_multiple::zh_multiple_119,wrong,correct,b_correct_a_wrong
Salesforce_Llama-xLAM-2-8b-fc-r-checkpoint-8613-merged-1batch-2560seq-3epoch-FC::zh_multiple::zh_multiple_127,wrong,correct,b_correct_a_wrong
Salesforce_Llama-xLAM-2-8b-fc-r-checkpoint-8613-merged-1batch-2560seq-3epoch-FC::zh_multiple::zh_multiple_134,correct,correct,both_correct
Salesforce_Llama-xLAM-2-8b-fc-r-checkpoint-8613-merged-1batch-2560seq-3epoch-FC::zh_multiple::zh_multiple_136,correct,correct,both_correct
Salesforce_Llama-xLAM-2-8b-fc-r-checkpoint-8613-merged-1batch-2560seq-3epoch-FC::zh_multiple::zh_multiple_146,correct,correct,both_correct
Salesforce_Llama-xLAM-2-8b-fc-r-checkpoint-8613-merged-1batch-2560seq-3epoch-FC::zh_multiple::zh_multiple_155,correct,correct,both_correct
Salesforce_Llama-xLAM-2-8b-fc-r-checkpoint-8613-merged-1batch-2560seq-3epoch-FC::zh_multiple::zh_multiple_160,wrong,correct,b_correct_a_wrong
Salesforce_Llama-xLAM-2-8b-fc-r-checkpoint-8613-merged-1batch-2560seq-3epoch-FC::zh_multiple::zh_multiple_165,wrong,correct,b_correct_a_wrong
Salesforce_Llama-xLAM-2-8b-fc-r-checkpoint-8613-merged-1batch-2560seq-3epoch-FC::zh_multiple::zh_multiple_171,wrong,correct,b_correct_a_wrong
Salesforce_Llama-xLAM-2-8b-fc-r-checkpoint-8613-merged-1batch-2560seq-3epoch-FC::zh_multiple::zh_multiple_190,wrong,correct,b_correct_a_wrong
Salesforce_Llama-xLAM-2-8b-fc-r-checkpoint-8613-merged-1batch-2560seq-3epoch-FC::zh_multiple::zh_multiple_191,wrong,correct,b_correct_a_wrong
Salesforce_Llama-xLAM-2-8b-fc-r-checkpoint-8613-merged-1batch-2560seq-3epoch-FC::zh_multiple::zh_multiple_192,wrong,correct,b_correct_a_wrong
Salesforce_Llama-xLAM-2-8b-fc-r-checkpoint-8613-merged-1batch-2560seq-3epoch-FC::zh_multiple::zh_multiple_58,wrong,correct,b_correct_a_wrong
Salesforce_Llama-xLAM-2-8b-fc-r-checkpoint-8613-merged-1batch-2560seq-3epoch-FC::zh_multiple::zh_multiple_61,correct,correct,both_correct
Salesforce_Llama-xLAM-2-8b-fc-r-checkpoint-8613-merged-1batch-2560seq-3epoch-FC::zh_multiple::zh_multiple_68,wrong,correct,b_correct_a_wrong
Salesforce_Llama-xLAM-2-8b-fc-r-checkpoint-8613-merged-1batch-2560seq-3epoch-FC::zh_multiple::zh_multiple_78,correct,correct,both_correct
Salesforce_Llama-xLAM-2-8b-fc-r-checkpoint-8613-merged-1batch-2560seq-3epoch-FC::zh_multiple::zh_multiple_8,wrong,correct,b_correct_a_wrong
Salesforce_Llama-xLAM-2-8b-fc-r-checkpoint-8613-merged-1batch-2560seq-3epoch-FC::zh_multiple::zh_multiple_84,correct,correct,both_correct
Salesforce_Llama-xLAM-2-8b-fc-r-checkpoint-8613-merged-1batch-2560seq-3epoch-FC::zh_multiple::zh_multiple_91,wrong,correct,b_correct_a_wrong
Salesforce_Llama-xLAM-2-8b-fc-r-checkpoint-8613-merged-1batch-2560seq-3epoch-FC::zh_multiple::zh_multiple_92,correct,correct,both_correct
Salesforce_Llama-xLAM-2-8b-fc-r-checkpoint-8613-merged-1batch-2560seq-3epoch-FC::zh_multiple::zh_multiple_94,wrong,correct,b_correct_a_wrong
Salesforce_Llama-xLAM-2-8b-fc-r-checkpoint-8613-merged-1batch-2560seq-3epoch-FC::zh_parallel::zh_parallel_117,wrong,correct,b_correct_a_wrong
Salesforce_Llama-xLAM-2-8b-fc-r-checkpoint-8613-merged-1batch-2560seq-3epoch-FC::zh_parallel::zh_parallel_119,correct,correct,both_correct
Salesforce_Llama-xLAM-2-8b-fc-r-checkpoint-8613-merged-1batch-2560seq-3epoch-FC::zh_parallel::zh_parallel_127,correct,correct,both_correct
Salesforce_Llama-xLAM-2-8b-fc-r-checkpoint-8613-merged-1batch-2560seq-3epoch-FC::zh_parallel::zh_parallel_13,wrong,correct,b_correct_a_wrong
Salesforce_Llama-xLAM-2-8b-fc-r-checkpoint-8613-merged-1batch-2560seq-3epoch-FC::zh_parallel::zh_parallel_130,wrong,correct,b_correct_a_wrong
Salesforce_Llama-xLAM-2-8b-fc-r-checkpoint-8613-merged-1batch-2560seq-3epoch-FC::zh_parallel::zh_parallel_131,correct,correct,both_correct
Salesforce_Llama-xLAM-2-8b-fc-r-checkpoint-8613-merged-1batch-2560seq-3epoch-FC::zh_parallel::zh_parallel_151,wrong,correct,b_correct_a_wrong
Salesforce_Llama-xLAM-2-8b-fc-r-checkpoint-8613-merged-1batch-2560seq-3epoch-FC::zh_parallel::zh_parallel_155,correct,correct,both_correct
Salesforce_Llama-xLAM-2-8b-fc-r-checkpoint-8613-merged-1batch-2560seq-3epoch-FC::zh_parallel::zh_parallel_159,wrong,correct,b_correct_a_wrong
Salesforce_Llama-xLAM-2-8b-fc-r-checkpoint-8613-merged-1batch-2560seq-3epoch-FC::zh_parallel::zh_parallel_177,correct,correct,both_correct
Salesforce_Llama-xLAM-2-8b-fc-r-checkpoint-8613-merged-1batch-2560seq-3epoch-FC::zh_parallel::zh_parallel_181,wrong,correct,b_correct_a_wrong
Salesforce_Llama-xLAM-2-8b-fc-r-checkpoint-8613-merged-1batch-2560seq-3epoch-FC::zh_parallel::zh_parallel_19,correct,correct,both_correct
Salesforce_Llama-xLAM-2-8b-fc-r-checkpoint-8613-merged-1batch-2560seq-3epoch-FC::zh_parallel::zh_parallel_194,correct,correct,both_correct
Salesforce_Llama-xLAM-2-8b-fc-r-checkpoint-8613-merged-1batch-2560seq-3epoch-FC::zh_parallel::zh_parallel_29,correct,correct,both_correct
Salesforce_Llama-xLAM-2-8b-fc-r-checkpoint-8613-merged-1batch-2560seq-3epoch-FC::zh_parallel::zh_parallel_37,correct,correct,both_correct
Salesforce_Llama-xLAM-2-8b-fc-r-checkpoint-8613-merged-1batch-2560seq-3epoch-FC::zh_parallel::zh_parallel_44,wrong,correct,b_correct_a_wrong
Salesforce_Llama-xLAM-2-8b-fc-r-checkpoint-8613-merged-1batch-2560seq-3epoch-FC::zh_parallel::zh_parallel_45,wrong,correct,b_correct_a_wrong
Salesforce_Llama-xLAM-2-8b-fc-r-checkpoint-8613-merged-1batch-2560seq-3epoch-FC::zh_parallel::zh_parallel_46,correct,correct,both_correct
Salesforce_Llama-xLAM-2-8b-fc-r-checkpoint-8613-merged-1batch-2560seq-3epoch-FC::zh_parallel::zh_parallel_51,wrong,correct,b_correct_a_wrong
Salesforce_Llama-xLAM-2-8b-fc-r-checkpoint-8613-merged-1batch-2560seq-3epoch-FC::zh_parallel::zh_parallel_53,wrong,correct,b_correct_a_wrong
Salesforce_Llama-xLAM-2-8b-fc-r-checkpoint-8613-merged-1batch-2560seq-3epoch-FC::zh_parallel::zh_parallel_54,wrong,correct,b_correct_a_wrong
Salesforce_Llama-xLAM-2-8b-fc-r-checkpoint-8613-merged-1batch-2560seq-3epoch-FC::zh_parallel::zh_parallel_55,correct,correct,both_correct
Salesforce_Llama-xLAM-2-8b-fc-r-checkpoint-8613-merged-1batch-2560seq-3epoch-FC::zh_parallel::zh_parallel_56,correct,correct,both_correct
Salesforce_Llama-xLAM-2-8b-fc-r-checkpoint-8613-merged-1batch-2560seq-3epoch-FC::zh_parallel::zh_parallel_8,correct,correct,both_correct
Salesforce_Llama-xLAM-2-8b-fc-r-checkpoint-8613-merged-1batch-2560seq-3epoch-FC::zh_parallel::zh_parallel_89,correct,correct,both_correct
Salesforce_Llama-xLAM-2-8b-fc-r-checkpoint-8613-merged-1batch-2560seq-3epoch-FC::zh_parallel::zh_parallel_91,correct,correct,both_correct
Salesforce_Llama-xLAM-2-8b-fc-r-checkpoint-8613-merged-1batch-2560seq-3epoch-FC::zh_parallel::zh_parallel_92,correct,correct,both_correct
Salesforce_Llama-xLAM-2-8b-fc-r-checkpoint-8613-merged-1batch-2560seq-3epoch-FC::zh_parallel::zh_parallel_93,correct,correct,both_correct
Salesforce_Llama-xLAM-2-8b-fc-r-checkpoint-8613-merged-1batch-2560seq-3epoch-FC::zh_parallel_multiple::zh_parallel_multiple_10,wrong,correct,b_correct_a_wrong
Salesforce_Llama-xLAM-2-8b-fc-r-checkpoint-8613-merged-1batch-2560seq-3epoch-FC::zh_parallel_multiple::zh_parallel_multiple_100,correct,correct,both_correct
Salesforce_Llama-xLAM-2-8b-fc-r-checkpoint-8613-merged-1batch-2560seq-3epoch-FC::zh_parallel_multiple::zh_parallel_multiple_103,correct,correct,both_correct
Salesforce_Llama-xLAM-2-8b-fc-r-checkpoint-8613-merged-1batch-2560seq-3epoch-FC::zh_parallel_multiple::zh_parallel_multiple_106,correct,correct,both_correct
Salesforce_Llama-xLAM-2-8b-fc-r-checkpoint-8613-merged-1batch-2560seq-3epoch-FC::zh_parallel_multiple::zh_parallel_multiple_115,correct,correct,both_correct
Salesforce_Llama-xLAM-2-8b-fc-r-checkpoint-8613-merged-1batch-2560seq-3epoch-FC::zh_parallel_multiple::zh_parallel_multiple_118,wrong,correct,b_correct_a_wrong
Salesforce_Llama-xLAM-2-8b-fc-r-checkpoint-8613-merged-1batch-2560seq-3epoch-FC::zh_parallel_multiple::zh_parallel_multiple_135,wrong,correct,b_correct_a_wrong
Salesforce_Llama-xLAM-2-8b-fc-r-checkpoint-8613-merged-1batch-2560seq-3epoch-FC::zh_parallel_multiple::zh_parallel_multiple_137,correct,correct,both_correct
Salesforce_Llama-xLAM-2-8b-fc-r-checkpoint-8613-merged-1batch-2560seq-3epoch-FC::zh_parallel_multiple::zh_parallel_multiple_140,wrong,correct,b_correct_a_wrong
Salesforce_Llama-xLAM-2-8b-fc-r-checkpoint-8613-merged-1batch-2560seq-3epoch-FC::zh_parallel_multiple::zh_parallel_multiple_143,correct,correct,both_correct
Salesforce_Llama-xLAM-2-8b-fc-r-checkpoint-8613-merged-1batch-2560seq-3epoch-FC::zh_parallel_multiple::zh_parallel_multiple_144,correct,correct,both_correct
Salesforce_Llama-xLAM-2-8b-fc-r-checkpoint-8613-merged-1batch-2560seq-3epoch-FC::zh_parallel_multiple::zh_parallel_multiple_147,correct,correct,both_correct
Salesforce_Llama-xLAM-2-8b-fc-r-checkpoint-8613-merged-1batch-2560seq-3epoch-FC::zh_parallel_multiple::zh_parallel_multiple_148,correct,correct,both_correct
Salesforce_Llama-xLAM-2-8b-fc-r-checkpoint-8613-merged-1batch-2560seq-3epoch-FC::zh_parallel_multiple::zh_parallel_multiple_151,correct,correct,both_correct
Salesforce_Llama-xLAM-2-8b-fc-r-checkpoint-8613-merged-1batch-2560seq-3epoch-FC::zh_parallel_multiple::zh_parallel_multiple_153,correct,correct,both_correct
Salesforce_Llama-xLAM-2-8b-fc-r-checkpoint-8613-merged-1batch-2560seq-3epoch-FC::zh_parallel_multiple::zh_parallel_multiple_158,wrong,correct,b_correct_a_wrong
Salesforce_Llama-xLAM-2-8b-fc-r-checkpoint-8613-merged-1batch-2560seq-3epoch-FC::zh_parallel_multiple::zh_parallel_multiple_159,correct,correct,both_correct
Salesforce_Llama-xLAM-2-8b-fc-r-checkpoint-8613-merged-1batch-2560seq-3epoch-FC::zh_parallel_multiple::zh_parallel_multiple_160,correct,correct,both_correct
Salesforce_Llama-xLAM-2-8b-fc-r-checkpoint-8613-merged-1batch-2560seq-3epoch-FC::zh_parallel_multiple::zh_parallel_multiple_163,correct,correct,both_correct
Salesforce_Llama-xLAM-2-8b-fc-r-checkpoint-8613-merged-1batch-2560seq-3epoch-FC::zh_parallel_multiple::zh_parallel_multiple_165,correct,correct,both_correct
Salesforce_Llama-xLAM-2-8b-fc-r-checkpoint-8613-merged-1batch-2560seq-3epoch-FC::zh_parallel_multiple::zh_parallel_multiple_169,wrong,correct,b_correct_a_wrong
Salesforce_Llama-xLAM-2-8b-fc-r-checkpoint-8613-merged-1batch-2560seq-3epoch-FC::zh_parallel_multiple::zh_parallel_multiple_172,correct,correct,both_correct
Salesforce_Llama-xLAM-2-8b-fc-r-checkpoint-8613-merged-1batch-2560seq-3epoch-FC::zh_parallel_multiple::zh_parallel_multiple_173,correct,correct,both_correct
Salesforce_Llama-xLAM-2-8b-fc-r-checkpoint-8613-merged-1batch-2560seq-3epoch-FC::zh_parallel_multiple::zh_parallel_multiple_176,correct,correct,both_correct
Salesforce_Llama-xLAM-2-8b-fc-r-checkpoint-8613-merged-1batch-2560seq-3epoch-FC::zh_parallel_multiple::zh_parallel_multiple_180,correct,correct,both_correct
Salesforce_Llama-xLAM-2-8b-fc-r-checkpoint-8613-merged-1batch-2560seq-3epoch-FC::zh_parallel_multiple::zh_parallel_multiple_189,correct,correct,both_correct
Salesforce_Llama-xLAM-2-8b-fc-r-checkpoint-8613-merged-1batch-2560seq-3epoch-FC::zh_parallel_multiple::zh_parallel_multiple_19,correct,correct,both_correct
Salesforce_Llama-xLAM-2-8b-fc-r-checkpoint-8613-merged-1batch-2560seq-3epoch-FC::zh_parallel_multiple::zh_parallel_multiple_191,correct,correct,both_correct
Salesforce_Llama-xLAM-2-8b-fc-r-checkpoint-8613-merged-1batch-2560seq-3epoch-FC::zh_parallel_multiple::zh_parallel_multiple_192,correct,correct,both_correct
Salesforce_Llama-xLAM-2-8b-fc-r-checkpoint-8613-merged-1batch-2560seq-3epoch-FC::zh_parallel_multiple::zh_parallel_multiple_195,correct,correct,both_correct
Salesforce_Llama-xLAM-2-8b-fc-r-checkpoint-8613-merged-1batch-2560seq-3epoch-FC::zh_parallel_multiple::zh_parallel_multiple_199,correct,correct,both_correct
Salesforce_Llama-xLAM-2-8b-fc-r-checkpoint-8613-merged-1batch-2560seq-3epoch-FC::zh_parallel_multiple::zh_parallel_multiple_21,wrong,correct,b_correct_a_wrong
Salesforce_Llama-xLAM-2-8b-fc-r-checkpoint-8613-merged-1batch-2560seq-3epoch-FC::zh_parallel_multiple::zh_parallel_multiple_22,correct,correct,both_correct
Salesforce_Llama-xLAM-2-8b-fc-r-checkpoint-8613-merged-1batch-2560seq-3epoch-FC::zh_parallel_multiple::zh_parallel_multiple_27,correct,correct,both_correct
Salesforce_Llama-xLAM-2-8b-fc-r-checkpoint-8613-merged-1batch-2560seq-3epoch-FC::zh_parallel_multiple::zh_parallel_multiple_32,correct,correct,both_correct
Salesforce_Llama-xLAM-2-8b-fc-r-checkpoint-8613-merged-1batch-2560seq-3epoch-FC::zh_parallel_multiple::zh_parallel_multiple_33,correct,correct,both_correct
Salesforce_Llama-xLAM-2-8b-fc-r-checkpoint-8613-merged-1batch-2560seq-3epoch-FC::zh_parallel_multiple::zh_parallel_multiple_37,correct,correct,both_correct
Salesforce_Llama-xLAM-2-8b-fc-r-checkpoint-8613-merged-1batch-2560seq-3epoch-FC::zh_parallel_multiple::zh_parallel_multiple_43,correct,correct,both_correct
Salesforce_Llama-xLAM-2-8b-fc-r-checkpoint-8613-merged-1batch-2560seq-3epoch-FC::zh_parallel_multiple::zh_parallel_multiple_55,correct,correct,both_correct
Salesforce_Llama-xLAM-2-8b-fc-r-checkpoint-8613-merged-1batch-2560seq-3epoch-FC::zh_parallel_multiple::zh_parallel_multiple_65,correct,correct,both_correct
Salesforce_Llama-xLAM-2-8b-fc-r-checkpoint-8613-merged-1batch-2560seq-3epoch-FC::zh_parallel_multiple::zh_parallel_multiple_69,wrong,wrong,both_wrong
Salesforce_Llama-xLAM-2-8b-fc-r-checkpoint-8613-merged-1batch-2560seq-3epoch-FC::zh_parallel_multiple::zh_parallel_multiple_75,correct,correct,both_correct
Salesforce_Llama-xLAM-2-8b-fc-r-checkpoint-8613-merged-1batch-2560seq-3epoch-FC::zh_parallel_multiple::zh_parallel_multiple_78,wrong,correct,b_correct_a_wrong
Salesforce_Llama-xLAM-2-8b-fc-r-checkpoint-8613-merged-1batch-2560seq-3epoch-FC::zh_parallel_multiple::zh_parallel_multiple_87,correct,correct,both_correct
Salesforce_Llama-xLAM-2-8b-fc-r-checkpoint-8613-merged-1batch-2560seq-3epoch-FC::zh_parallel_multiple::zh_parallel_multiple_88,correct,correct,both_correct
Salesforce_Llama-xLAM-2-8b-fc-r-checkpoint-8613-merged-1batch-2560seq-3epoch-FC::zh_parallel_multiple::zh_parallel_multiple_91,correct,correct,both_correct
Salesforce_Llama-xLAM-2-8b-fc-r-checkpoint-8613-merged-1batch-2560seq-3epoch-FC::zh_parallel_multiple::zh_parallel_multiple_93,correct,correct,both_correct
Salesforce_Llama-xLAM-2-8b-fc-r-checkpoint-8613-merged-1batch-2560seq-3epoch-FC::zh_parallel_multiple::zh_parallel_multiple_94,correct,correct,both_correct
Salesforce_Llama-xLAM-2-8b-fc-r-checkpoint-8613-merged-1batch-2560seq-3epoch-FC::zh_parallel_multiple::zh_parallel_multiple_97,wrong,correct,b_correct_a_wrong
Salesforce_Llama-xLAM-2-8b-fc-r-checkpoint-8613-merged-1batch-2560seq-3epoch-FC::zh_simple_python::zh_simple_python_122,wrong,correct,b_correct_a_wrong
Salesforce_Llama-xLAM-2-8b-fc-r-checkpoint-8613-merged-1batch-2560seq-3epoch-FC::zh_simple_python::zh_simple_python_126,wrong,correct,b_correct_a_wrong
Salesforce_Llama-xLAM-2-8b-fc-r-checkpoint-8613-merged-1batch-2560seq-3epoch-FC::zh_simple_python::zh_simple_python_128,wrong,correct,b_correct_a_wrong
Salesforce_Llama-xLAM-2-8b-fc-r-checkpoint-8613-merged-1batch-2560seq-3epoch-FC::zh_simple_python::zh_simple_python_139,wrong,correct,b_correct_a_wrong
Salesforce_Llama-xLAM-2-8b-fc-r-checkpoint-8613-merged-1batch-2560seq-3epoch-FC::zh_simple_python::zh_simple_python_156,correct,correct,both_correct
Salesforce_Llama-xLAM-2-8b-fc-r-checkpoint-8613-merged-1batch-2560seq-3epoch-FC::zh_simple_python::zh_simple_python_158,wrong,correct,b_correct_a_wrong
Salesforce_Llama-xLAM-2-8b-fc-r-checkpoint-8613-merged-1batch-2560seq-3epoch-FC::zh_simple_python::zh_simple_python_159,wrong,correct,b_correct_a_wrong
Salesforce_Llama-xLAM-2-8b-fc-r-checkpoint-8613-merged-1batch-2560seq-3epoch-FC::zh_simple_python::zh_simple_python_166,correct,correct,both_correct
Salesforce_Llama-xLAM-2-8b-fc-r-checkpoint-8613-merged-1batch-2560seq-3epoch-FC::zh_simple_python::zh_simple_python_174,correct,correct,both_correct
Salesforce_Llama-xLAM-2-8b-fc-r-checkpoint-8613-merged-1batch-2560seq-3epoch-FC::zh_simple_python::zh_simple_python_183,wrong,correct,b_correct_a_wrong
Salesforce_Llama-xLAM-2-8b-fc-r-checkpoint-8613-merged-1batch-2560seq-3epoch-FC::zh_simple_python::zh_simple_python_200,correct,correct,both_correct
Salesforce_Llama-xLAM-2-8b-fc-r-checkpoint-8613-merged-1batch-2560seq-3epoch-FC::zh_simple_python::zh_simple_python_202,wrong,correct,b_correct_a_wrong
Salesforce_Llama-xLAM-2-8b-fc-r-checkpoint-8613-merged-1batch-2560seq-3epoch-FC::zh_simple_python::zh_simple_python_204,correct,correct,both_correct
Salesforce_Llama-xLAM-2-8b-fc-r-checkpoint-8613-merged-1batch-2560seq-3epoch-FC::zh_simple_python::zh_simple_python_212,wrong,correct,b_correct_a_wrong
Salesforce_Llama-xLAM-2-8b-fc-r-checkpoint-8613-merged-1batch-2560seq-3epoch-FC::zh_simple_python::zh_simple_python_219,wrong,correct,b_correct_a_wrong
Salesforce_Llama-xLAM-2-8b-fc-r-checkpoint-8613-merged-1batch-2560seq-3epoch-FC::zh_simple_python::zh_simple_python_224,wrong,correct,b_correct_a_wrong
Salesforce_Llama-xLAM-2-8b-fc-r-checkpoint-8613-merged-1batch-2560seq-3epoch-FC::zh_simple_python::zh_simple_python_229,wrong,correct,b_correct_a_wrong
Salesforce_Llama-xLAM-2-8b-fc-r-checkpoint-8613-merged-1batch-2560seq-3epoch-FC::zh_simple_python::zh_simple_python_241,wrong,correct,b_correct_a_wrong
Salesforce_Llama-xLAM-2-8b-fc-r-checkpoint-8613-merged-1batch-2560seq-3epoch-FC::zh_simple_python::zh_simple_python_242,wrong,correct,b_correct_a_wrong
Salesforce_Llama-xLAM-2-8b-fc-r-checkpoint-8613-merged-1batch-2560seq-3epoch-FC::zh_simple_python::zh_simple_python_245,wrong,correct,b_correct_a_wrong
Salesforce_Llama-xLAM-2-8b-fc-r-checkpoint-8613-merged-1batch-2560seq-3epoch-FC::zh_simple_python::zh_simple_python_246,wrong,correct,b_correct_a_wrong
Salesforce_Llama-xLAM-2-8b-fc-r-checkpoint-8613-merged-1batch-2560seq-3epoch-FC::zh_simple_python::zh_simple_python_257,correct,correct,both_correct
Salesforce_Llama-xLAM-2-8b-fc-r-checkpoint-8613-merged-1batch-2560seq-3epoch-FC::zh_simple_python::zh_simple_python_267,wrong,correct,b_correct_a_wrong
Salesforce_Llama-xLAM-2-8b-fc-r-checkpoint-8613-merged-1batch-2560seq-3epoch-FC::zh_simple_python::zh_simple_python_276,correct,correct,both_correct
Salesforce_Llama-xLAM-2-8b-fc-r-checkpoint-8613-merged-1batch-2560seq-3epoch-FC::zh_simple_python::zh_simple_python_277,correct,correct,both_correct
Salesforce_Llama-xLAM-2-8b-fc-r-checkpoint-8613-merged-1batch-2560seq-3epoch-FC::zh_simple_python::zh_simple_python_283,correct,correct,both_correct
Salesforce_Llama-xLAM-2-8b-fc-r-checkpoint-8613-merged-1batch-2560seq-3epoch-FC::zh_simple_python::zh_simple_python_289,correct,correct,both_correct
Salesforce_Llama-xLAM-2-8b-fc-r-checkpoint-8613-merged-1batch-2560seq-3epoch-FC::zh_simple_python::zh_simple_python_304,wrong,correct,b_correct_a_wrong
Salesforce_Llama-xLAM-2-8b-fc-r-checkpoint-8613-merged-1batch-2560seq-3epoch-FC::zh_simple_python::zh_simple_python_306,wrong,correct,b_correct_a_wrong
Salesforce_Llama-xLAM-2-8b-fc-r-checkpoint-8613-merged-1batch-2560seq-3epoch-FC::zh_simple_python::zh_simple_python_307,wrong,correct,b_correct_a_wrong
Salesforce_Llama-xLAM-2-8b-fc-r-checkpoint-8613-merged-1batch-2560seq-3epoch-FC::zh_simple_python::zh_simple_python_315,wrong,wrong,both_wrong
Salesforce_Llama-xLAM-2-8b-fc-r-checkpoint-8613-merged-1batch-2560seq-3epoch-FC::zh_simple_python::zh_simple_python_322,correct,correct,both_correct
Salesforce_Llama-xLAM-2-8b-fc-r-checkpoint-8613-merged-1batch-2560seq-3epoch-FC::zh_simple_python::zh_simple_python_324,correct,correct,both_correct
Salesforce_Llama-xLAM-2-8b-fc-r-checkpoint-8613-merged-1batch-2560seq-3epoch-FC::zh_simple_python::zh_simple_python_326,correct,correct,both_correct
Salesforce_Llama-xLAM-2-8b-fc-r-checkpoint-8613-merged-1batch-2560seq-3epoch-FC::zh_simple_python::zh_simple_python_327,correct,correct,both_correct
Salesforce_Llama-xLAM-2-8b-fc-r-checkpoint-8613-merged-1batch-2560seq-3epoch-FC::zh_simple_python::zh_simple_python_337,wrong,correct,b_correct_a_wrong
Salesforce_Llama-xLAM-2-8b-fc-r-checkpoint-8613-merged-1batch-2560seq-3epoch-FC::zh_simple_python::zh_simple_python_344,correct,correct,both_correct
Salesforce_Llama-xLAM-2-8b-fc-r-checkpoint-8613-merged-1batch-2560seq-3epoch-FC::zh_simple_python::zh_simple_python_358,correct,correct,both_correct
Salesforce_Llama-xLAM-2-8b-fc-r-checkpoint-8613-merged-1batch-2560seq-3epoch-FC::zh_simple_python::zh_simple_python_360,correct,correct,both_correct
Salesforce_Llama-xLAM-2-8b-fc-r-checkpoint-8613-merged-1batch-2560seq-3epoch-FC::zh_simple_python::zh_simple_python_369,correct,correct,both_correct
Salesforce_Llama-xLAM-2-8b-fc-r-checkpoint-8613-merged-1batch-2560seq-3epoch-FC::zh_simple_python::zh_simple_python_374,correct,correct,both_correct
Salesforce_Llama-xLAM-2-8b-fc-r-checkpoint-8613-merged-1batch-2560seq-3epoch-FC::zh_simple_python::zh_simple_python_375,wrong,correct,b_correct_a_wrong
Salesforce_Llama-xLAM-2-8b-fc-r-checkpoint-8613-merged-1batch-2560seq-3epoch-FC::zh_simple_python::zh_simple_python_384,correct,correct,both_correct
Salesforce_Llama-xLAM-2-8b-fc-r-checkpoint-8613-merged-1batch-2560seq-3epoch-FC::zh_simple_python::zh_simple_python_386,wrong,correct,b_correct_a_wrong
Salesforce_Llama-xLAM-2-8b-fc-r-checkpoint-8613-merged-1batch-2560seq-3epoch-FC::zh_simple_python::zh_simple_python_387,correct,correct,both_correct
Salesforce_Llama-xLAM-2-8b-fc-r-checkpoint-8613-merged-1batch-2560seq-3epoch-FC::zh_simple_python::zh_simple_python_396,correct,correct,both_correct
Salesforce_Llama-xLAM-2-8b-fc-r-checkpoint-8613-merged-1batch-2560seq-3epoch-FC::zh_simple_python::zh_simple_python_55,correct,correct,both_correct
Salesforce_Llama-xLAM-2-8b-fc-r-checkpoint-8613-merged-1batch-2560seq-3epoch-FC::zh_simple_python::zh_simple_python_77,correct,correct,both_correct
Salesforce_Llama-xLAM-2-8b-fc-r-checkpoint-8613-merged-1batch-2560seq-3epoch-FC::zh_simple_python::zh_simple_python_80,correct,correct,both_correct
Salesforce_Llama-xLAM-2-8b-fc-r-checkpoint-8613-merged-1batch-2560seq-3epoch-FC::zh_simple_python::zh_simple_python_85,correct,correct,both_correct
Salesforce_Llama-xLAM-2-8b-fc-r-checkpoint-8613-merged-1batch-2560seq-3epoch-FC::zh_simple_python::zh_simple_python_91,correct,correct,both_correct
Salesforce_Llama-xLAM-2-8b-fc-r-checkpoint-8853-merged-1batch-2560seq-3epoch-ALL::zh_multiple::zh_multiple_134,correct,correct,both_correct
Salesforce_Llama-xLAM-2-8b-fc-r-checkpoint-8853-merged-1batch-2560seq-3epoch-ALL::zh_multiple::zh_multiple_136,wrong,correct,b_correct_a_wrong
Salesforce_Llama-xLAM-2-8b-fc-r-checkpoint-8853-merged-1batch-2560seq-3epoch-ALL::zh_multiple::zh_multiple_146,correct,correct,both_correct
Salesforce_Llama-xLAM-2-8b-fc-r-checkpoint-8853-merged-1batch-2560seq-3epoch-ALL::zh_multiple::zh_multiple_158,correct,correct,both_correct
Salesforce_Llama-xLAM-2-8b-fc-r-checkpoint-8853-merged-1batch-2560seq-3epoch-ALL::zh_multiple::zh_multiple_160,wrong,correct,b_correct_a_wrong
Salesforce_Llama-xLAM-2-8b-fc-r-checkpoint-8853-merged-1batch-2560seq-3epoch-ALL::zh_multiple::zh_multiple_165,correct,correct,both_correct
Salesforce_Llama-xLAM-2-8b-fc-r-checkpoint-8853-merged-1batch-2560seq-3epoch-ALL::zh_multiple::zh_multiple_168,correct,correct,both_correct
Salesforce_Llama-xLAM-2-8b-fc-r-checkpoint-8853-merged-1batch-2560seq-3epoch-ALL::zh_multiple::zh_multiple_174,correct,correct,both_correct
Salesforce_Llama-xLAM-2-8b-fc-r-checkpoint-8853-merged-1batch-2560seq-3epoch-ALL::zh_multiple::zh_multiple_176,correct,correct,both_correct
Salesforce_Llama-xLAM-2-8b-fc-r-checkpoint-8853-merged-1batch-2560seq-3epoch-ALL::zh_multiple::zh_multiple_184,wrong,correct,b_correct_a_wrong
Salesforce_Llama-xLAM-2-8b-fc-r-checkpoint-8853-merged-1batch-2560seq-3epoch-ALL::zh_multiple::zh_multiple_191,correct,correct,both_correct
Salesforce_Llama-xLAM-2-8b-fc-r-checkpoint-8853-merged-1batch-2560seq-3epoch-ALL::zh_multiple::zh_multiple_192,wrong,correct,b_correct_a_wrong
Salesforce_Llama-xLAM-2-8b-fc-r-checkpoint-8853-merged-1batch-2560seq-3epoch-ALL::zh_multiple::zh_multiple_27,correct,correct,both_correct
Salesforce_Llama-xLAM-2-8b-fc-r-checkpoint-8853-merged-1batch-2560seq-3epoch-ALL::zh_multiple::zh_multiple_48,correct,correct,both_correct
Salesforce_Llama-xLAM-2-8b-fc-r-checkpoint-8853-merged-1batch-2560seq-3epoch-ALL::zh_multiple::zh_multiple_58,correct,correct,both_correct
Salesforce_Llama-xLAM-2-8b-fc-r-checkpoint-8853-merged-1batch-2560seq-3epoch-ALL::zh_multiple::zh_multiple_78,correct,correct,both_correct
Salesforce_Llama-xLAM-2-8b-fc-r-checkpoint-8853-merged-1batch-2560seq-3epoch-ALL::zh_multiple::zh_multiple_80,wrong,correct,b_correct_a_wrong
Salesforce_Llama-xLAM-2-8b-fc-r-checkpoint-8853-merged-1batch-2560seq-3epoch-ALL::zh_multiple::zh_multiple_84,correct,correct,both_correct
Salesforce_Llama-xLAM-2-8b-fc-r-checkpoint-8853-merged-1batch-2560seq-3epoch-ALL::zh_multiple::zh_multiple_89,correct,correct,both_correct
Salesforce_Llama-xLAM-2-8b-fc-r-checkpoint-8853-merged-1batch-2560seq-3epoch-ALL::zh_multiple::zh_multiple_90,correct,correct,both_correct
Salesforce_Llama-xLAM-2-8b-fc-r-checkpoint-8853-merged-1batch-2560seq-3epoch-ALL::zh_multiple::zh_multiple_93,wrong,correct,b_correct_a_wrong
Salesforce_Llama-xLAM-2-8b-fc-r-checkpoint-8853-merged-1batch-2560seq-3epoch-ALL::zh_multiple::zh_multiple_94,correct,correct,both_correct
Salesforce_Llama-xLAM-2-8b-fc-r-checkpoint-8853-merged-1batch-2560seq-3epoch-ALL::zh_parallel::zh_parallel_117,wrong,correct,b_correct_a_wrong
Salesforce_Llama-xLAM-2-8b-fc-r-checkpoint-8853-merged-1batch-2560seq-3epoch-ALL::zh_parallel::zh_parallel_119,correct,correct,both_correct
Salesforce_Llama-xLAM-2-8b-fc-r-checkpoint-8853-merged-1batch-2560seq-3epoch-ALL::zh_parallel::zh_parallel_13,wrong,correct,b_correct_a_wrong
Salesforce_Llama-xLAM-2-8b-fc-r-checkpoint-8853-merged-1batch-2560seq-3epoch-ALL::zh_parallel::zh_parallel_159,wrong,correct,b_correct_a_wrong
Salesforce_Llama-xLAM-2-8b-fc-r-checkpoint-8853-merged-1batch-2560seq-3epoch-ALL::zh_parallel::zh_parallel_181,wrong,correct,b_correct_a_wrong
Salesforce_Llama-xLAM-2-8b-fc-r-checkpoint-8853-merged-1batch-2560seq-3epoch-ALL::zh_parallel::zh_parallel_189,correct,correct,both_correct
Salesforce_Llama-xLAM-2-8b-fc-r-checkpoint-8853-merged-1batch-2560seq-3epoch-ALL::zh_parallel::zh_parallel_19,wrong,correct,b_correct_a_wrong
Salesforce_Llama-xLAM-2-8b-fc-r-checkpoint-8853-merged-1batch-2560seq-3epoch-ALL::zh_parallel::zh_parallel_192,correct,correct,both_correct
Salesforce_Llama-xLAM-2-8b-fc-r-checkpoint-8853-merged-1batch-2560seq-3epoch-ALL::zh_parallel::zh_parallel_194,correct,correct,both_correct
Salesforce_Llama-xLAM-2-8b-fc-r-checkpoint-8853-merged-1batch-2560seq-3epoch-ALL::zh_parallel::zh_parallel_36,correct,correct,both_correct
Salesforce_Llama-xLAM-2-8b-fc-r-checkpoint-8853-merged-1batch-2560seq-3epoch-ALL::zh_parallel::zh_parallel_44,wrong,correct,b_correct_a_wrong
Salesforce_Llama-xLAM-2-8b-fc-r-checkpoint-8853-merged-1batch-2560seq-3epoch-ALL::zh_parallel::zh_parallel_46,correct,correct,both_correct
Salesforce_Llama-xLAM-2-8b-fc-r-checkpoint-8853-merged-1batch-2560seq-3epoch-ALL::zh_parallel::zh_parallel_52,correct,correct,both_correct
Salesforce_Llama-xLAM-2-8b-fc-r-checkpoint-8853-merged-1batch-2560seq-3epoch-ALL::zh_parallel::zh_parallel_55,correct,correct,both_correct
Salesforce_Llama-xLAM-2-8b-fc-r-checkpoint-8853-merged-1batch-2560seq-3epoch-ALL::zh_parallel::zh_parallel_93,correct,correct,both_correct
Salesforce_Llama-xLAM-2-8b-fc-r-checkpoint-8853-merged-1batch-2560seq-3epoch-ALL::zh_parallel_multiple::zh_parallel_multiple_103,correct,correct,both_correct
Salesforce_Llama-xLAM-2-8b-fc-r-checkpoint-8853-merged-1batch-2560seq-3epoch-ALL::zh_parallel_multiple::zh_parallel_multiple_106,correct,correct,both_correct
Salesforce_Llama-xLAM-2-8b-fc-r-checkpoint-8853-merged-1batch-2560seq-3epoch-ALL::zh_parallel_multiple::zh_parallel_multiple_107,correct,correct,both_correct
Salesforce_Llama-xLAM-2-8b-fc-r-checkpoint-8853-merged-1batch-2560seq-3epoch-ALL::zh_parallel_multiple::zh_parallel_multiple_118,correct,correct,both_correct
Salesforce_Llama-xLAM-2-8b-fc-r-checkpoint-8853-merged-1batch-2560seq-3epoch-ALL::zh_parallel_multiple::zh_parallel_multiple_120,correct,correct,both_correct
Salesforce_Llama-xLAM-2-8b-fc-r-checkpoint-8853-merged-1batch-2560seq-3epoch-ALL::zh_parallel_multiple::zh_parallel_multiple_121,correct,correct,both_correct
Salesforce_Llama-xLAM-2-8b-fc-r-checkpoint-8853-merged-1batch-2560seq-3epoch-ALL::zh_parallel_multiple::zh_parallel_multiple_125,correct,correct,both_correct
Salesforce_Llama-xLAM-2-8b-fc-r-checkpoint-8853-merged-1batch-2560seq-3epoch-ALL::zh_parallel_multiple::zh_parallel_multiple_127,correct,correct,both_correct
Salesforce_Llama-xLAM-2-8b-fc-r-checkpoint-8853-merged-1batch-2560seq-3epoch-ALL::zh_parallel_multiple::zh_parallel_multiple_128,correct,correct,both_correct
Salesforce_Llama-xLAM-2-8b-fc-r-checkpoint-8853-merged-1batch-2560seq-3epoch-ALL::zh_parallel_multiple::zh_parallel_multiple_136,wrong,correct,b_correct_a_wrong
Salesforce_Llama-xLAM-2-8b-fc-r-checkpoint-8853-merged-1batch-2560seq-3epoch-ALL::zh_parallel_multiple::zh_parallel_multiple_139,correct,correct,both_correct
Salesforce_Llama-xLAM-2-8b-fc-r-checkpoint-8853-merged-1batch-2560seq-3epoch-ALL::zh_parallel_multiple::zh_parallel_multiple_141,correct,correct,both_correct
Salesforce_Llama-xLAM-2-8b-fc-r-checkpoint-8853-merged-1batch-2560seq-3epoch-ALL::zh_parallel_multiple::zh_parallel_multiple_146,correct,correct,both_correct
Salesforce_Llama-xLAM-2-8b-fc-r-checkpoint-8853-merged-1batch-2560seq-3epoch-ALL::zh_parallel_multiple::zh_parallel_multiple_147,correct,correct,both_correct
Salesforce_Llama-xLAM-2-8b-fc-r-checkpoint-8853-merged-1batch-2560seq-3epoch-ALL::zh_parallel_multiple::zh_parallel_multiple_149,correct,correct,both_correct
Salesforce_Llama-xLAM-2-8b-fc-r-checkpoint-8853-merged-1batch-2560seq-3epoch-ALL::zh_parallel_multiple::zh_parallel_multiple_15,correct,correct,both_correct
Salesforce_Llama-xLAM-2-8b-fc-r-checkpoint-8853-merged-1batch-2560seq-3epoch-ALL::zh_parallel_multiple::zh_parallel_multiple_151,correct,correct,both_correct
Salesforce_Llama-xLAM-2-8b-fc-r-checkpoint-8853-merged-1batch-2560seq-3epoch-ALL::zh_parallel_multiple::zh_parallel_multiple_153,correct,correct,both_correct
Salesforce_Llama-xLAM-2-8b-fc-r-checkpoint-8853-merged-1batch-2560seq-3epoch-ALL::zh_parallel_multiple::zh_parallel_multiple_165,correct,correct,both_correct
Salesforce_Llama-xLAM-2-8b-fc-r-checkpoint-8853-merged-1batch-2560seq-3epoch-ALL::zh_parallel_multiple::zh_parallel_multiple_173,correct,correct,both_correct
Salesforce_Llama-xLAM-2-8b-fc-r-checkpoint-8853-merged-1batch-2560seq-3epoch-ALL::zh_parallel_multiple::zh_parallel_multiple_176,correct,correct,both_correct
Salesforce_Llama-xLAM-2-8b-fc-r-checkpoint-8853-merged-1batch-2560seq-3epoch-ALL::zh_parallel_multiple::zh_parallel_multiple_177,correct,correct,both_correct
Salesforce_Llama-xLAM-2-8b-fc-r-checkpoint-8853-merged-1batch-2560seq-3epoch-ALL::zh_parallel_multiple::zh_parallel_multiple_189,correct,correct,both_correct
Salesforce_Llama-xLAM-2-8b-fc-r-checkpoint-8853-merged-1batch-2560seq-3epoch-ALL::zh_parallel_multiple::zh_parallel_multiple_19,correct,correct,both_correct
Salesforce_Llama-xLAM-2-8b-fc-r-checkpoint-8853-merged-1batch-2560seq-3epoch-ALL::zh_parallel_multiple::zh_parallel_multiple_191,correct,correct,both_correct
Salesforce_Llama-xLAM-2-8b-fc-r-checkpoint-8853-merged-1batch-2560seq-3epoch-ALL::zh_parallel_multiple::zh_parallel_multiple_192,correct,correct,both_correct
Salesforce_Llama-xLAM-2-8b-fc-r-checkpoint-8853-merged-1batch-2560seq-3epoch-ALL::zh_parallel_multiple::zh_parallel_multiple_195,correct,correct,both_correct
Salesforce_Llama-xLAM-2-8b-fc-r-checkpoint-8853-merged-1batch-2560seq-3epoch-ALL::zh_parallel_multiple::zh_parallel_multiple_198,wrong,correct,b_correct_a_wrong
Salesforce_Llama-xLAM-2-8b-fc-r-checkpoint-8853-merged-1batch-2560seq-3epoch-ALL::zh_parallel_multiple::zh_parallel_multiple_21,correct,correct,both_correct
Salesforce_Llama-xLAM-2-8b-fc-r-checkpoint-8853-merged-1batch-2560seq-3epoch-ALL::zh_parallel_multiple::zh_parallel_multiple_32,correct,correct,both_correct
Salesforce_Llama-xLAM-2-8b-fc-r-checkpoint-8853-merged-1batch-2560seq-3epoch-ALL::zh_parallel_multiple::zh_parallel_multiple_33,correct,correct,both_correct
Salesforce_Llama-xLAM-2-8b-fc-r-checkpoint-8853-merged-1batch-2560seq-3epoch-ALL::zh_parallel_multiple::zh_parallel_multiple_47,wrong,correct,b_correct_a_wrong
Salesforce_Llama-xLAM-2-8b-fc-r-checkpoint-8853-merged-1batch-2560seq-3epoch-ALL::zh_parallel_multiple::zh_parallel_multiple_50,correct,correct,both_correct
Salesforce_Llama-xLAM-2-8b-fc-r-checkpoint-8853-merged-1batch-2560seq-3epoch-ALL::zh_parallel_multiple::zh_parallel_multiple_54,wrong,correct,b_correct_a_wrong
Salesforce_Llama-xLAM-2-8b-fc-r-checkpoint-8853-merged-1batch-2560seq-3epoch-ALL::zh_parallel_multiple::zh_parallel_multiple_55,correct,correct,both_correct
Salesforce_Llama-xLAM-2-8b-fc-r-checkpoint-8853-merged-1batch-2560seq-3epoch-ALL::zh_parallel_multiple::zh_parallel_multiple_64,wrong,correct,b_correct_a_wrong
Salesforce_Llama-xLAM-2-8b-fc-r-checkpoint-8853-merged-1batch-2560seq-3epoch-ALL::zh_parallel_multiple::zh_parallel_multiple_65,correct,correct,both_correct
Salesforce_Llama-xLAM-2-8b-fc-r-checkpoint-8853-merged-1batch-2560seq-3epoch-ALL::zh_parallel_multiple::zh_parallel_multiple_69,wrong,wrong,both_wrong
Salesforce_Llama-xLAM-2-8b-fc-r-checkpoint-8853-merged-1batch-2560seq-3epoch-ALL::zh_parallel_multiple::zh_parallel_multiple_70,wrong,correct,b_correct_a_wrong
Salesforce_Llama-xLAM-2-8b-fc-r-checkpoint-8853-merged-1batch-2560seq-3epoch-ALL::zh_parallel_multiple::zh_parallel_multiple_78,correct,correct,both_correct
Salesforce_Llama-xLAM-2-8b-fc-r-checkpoint-8853-merged-1batch-2560seq-3epoch-ALL::zh_parallel_multiple::zh_parallel_multiple_81,correct,correct,both_correct
Salesforce_Llama-xLAM-2-8b-fc-r-checkpoint-8853-merged-1batch-2560seq-3epoch-ALL::zh_parallel_multiple::zh_parallel_multiple_87,correct,correct,both_correct
Salesforce_Llama-xLAM-2-8b-fc-r-checkpoint-8853-merged-1batch-2560seq-3epoch-ALL::zh_parallel_multiple::zh_parallel_multiple_91,correct,correct,both_correct
Salesforce_Llama-xLAM-2-8b-fc-r-checkpoint-8853-merged-1batch-2560seq-3epoch-ALL::zh_parallel_multiple::zh_parallel_multiple_93,correct,correct,both_correct
Salesforce_Llama-xLAM-2-8b-fc-r-checkpoint-8853-merged-1batch-2560seq-3epoch-ALL::zh_parallel_multiple::zh_parallel_multiple_94,correct,correct,both_correct
Salesforce_Llama-xLAM-2-8b-fc-r-checkpoint-8853-merged-1batch-2560seq-3epoch-ALL::zh_parallel_multiple::zh_parallel_multiple_97,wrong,correct,b_correct_a_wrong
Salesforce_Llama-xLAM-2-8b-fc-r-checkpoint-8853-merged-1batch-2560seq-3epoch-ALL::zh_simple_python::zh_simple_python_139,wrong,correct,b_correct_a_wrong
Salesforce_Llama-xLAM-2-8b-fc-r-checkpoint-8853-merged-1batch-2560seq-3epoch-ALL::zh_simple_python::zh_simple_python_156,correct,correct,both_correct
Salesforce_Llama-xLAM-2-8b-fc-r-checkpoint-8853-merged-1batch-2560seq-3epoch-ALL::zh_simple_python::zh_simple_python_159,wrong,correct,b_correct_a_wrong
Salesforce_Llama-xLAM-2-8b-fc-r-checkpoint-8853-merged-1batch-2560seq-3epoch-ALL::zh_simple_python::zh_simple_python_163,correct,correct,both_correct
Salesforce_Llama-xLAM-2-8b-fc-r-checkpoint-8853-merged-1batch-2560seq-3epoch-ALL::zh_simple_python::zh_simple_python_164,correct,correct,both_correct
Salesforce_Llama-xLAM-2-8b-fc-r-checkpoint-8853-merged-1batch-2560seq-3epoch-ALL::zh_simple_python::zh_simple_python_165,correct,correct,both_correct
Salesforce_Llama-xLAM-2-8b-fc-r-checkpoint-8853-merged-1batch-2560seq-3epoch-ALL::zh_simple_python::zh_simple_python_166,correct,correct,both_correct
Salesforce_Llama-xLAM-2-8b-fc-r-checkpoint-8853-merged-1batch-2560seq-3epoch-ALL::zh_simple_python::zh_simple_python_174,correct,correct,both_correct
Salesforce_Llama-xLAM-2-8b-fc-r-checkpoint-8853-merged-1batch-2560seq-3epoch-ALL::zh_simple_python::zh_simple_python_188,correct,correct,both_correct
Salesforce_Llama-xLAM-2-8b-fc-r-checkpoint-8853-merged-1batch-2560seq-3epoch-ALL::zh_simple_python::zh_simple_python_197,correct,correct,both_correct
Salesforce_Llama-xLAM-2-8b-fc-r-checkpoint-8853-merged-1batch-2560seq-3epoch-ALL::zh_simple_python::zh_simple_python_202,correct,correct,both_correct
Salesforce_Llama-xLAM-2-8b-fc-r-checkpoint-8853-merged-1batch-2560seq-3epoch-ALL::zh_simple_python::zh_simple_python_204,correct,correct,both_correct
Salesforce_Llama-xLAM-2-8b-fc-r-checkpoint-8853-merged-1batch-2560seq-3epoch-ALL::zh_simple_python::zh_simple_python_206,correct,correct,both_correct
Salesforce_Llama-xLAM-2-8b-fc-r-checkpoint-8853-merged-1batch-2560seq-3epoch-ALL::zh_simple_python::zh_simple_python_207,correct,correct,both_correct
Salesforce_Llama-xLAM-2-8b-fc-r-checkpoint-8853-merged-1batch-2560seq-3epoch-ALL::zh_simple_python::zh_simple_python_224,wrong,correct,b_correct_a_wrong
Salesforce_Llama-xLAM-2-8b-fc-r-checkpoint-8853-merged-1batch-2560seq-3epoch-ALL::zh_simple_python::zh_simple_python_229,correct,correct,both_correct
Salesforce_Llama-xLAM-2-8b-fc-r-checkpoint-8853-merged-1batch-2560seq-3epoch-ALL::zh_simple_python::zh_simple_python_255,correct,correct,both_correct
Salesforce_Llama-xLAM-2-8b-fc-r-checkpoint-8853-merged-1batch-2560seq-3epoch-ALL::zh_simple_python::zh_simple_python_267,wrong,correct,b_correct_a_wrong
Salesforce_Llama-xLAM-2-8b-fc-r-checkpoint-8853-merged-1batch-2560seq-3epoch-ALL::zh_simple_python::zh_simple_python_276,correct,correct,both_correct
Salesforce_Llama-xLAM-2-8b-fc-r-checkpoint-8853-merged-1batch-2560seq-3epoch-ALL::zh_simple_python::zh_simple_python_283,correct,correct,both_correct
Salesforce_Llama-xLAM-2-8b-fc-r-checkpoint-8853-merged-1batch-2560seq-3epoch-ALL::zh_simple_python::zh_simple_python_285,correct,correct,both_correct
Salesforce_Llama-xLAM-2-8b-fc-r-checkpoint-8853-merged-1batch-2560seq-3epoch-ALL::zh_simple_python::zh_simple_python_289,correct,correct,both_correct
Salesforce_Llama-xLAM-2-8b-fc-r-checkpoint-8853-merged-1batch-2560seq-3epoch-ALL::zh_simple_python::zh_simple_python_295,correct,correct,both_correct
Salesforce_Llama-xLAM-2-8b-fc-r-checkpoint-8853-merged-1batch-2560seq-3epoch-ALL::zh_simple_python::zh_simple_python_304,wrong,correct,b_correct_a_wrong
Salesforce_Llama-xLAM-2-8b-fc-r-checkpoint-8853-merged-1batch-2560seq-3epoch-ALL::zh_simple_python::zh_simple_python_305,correct,correct,both_correct
Salesforce_Llama-xLAM-2-8b-fc-r-checkpoint-8853-merged-1batch-2560seq-3epoch-ALL::zh_simple_python::zh_simple_python_308,correct,correct,both_correct
Salesforce_Llama-xLAM-2-8b-fc-r-checkpoint-8853-merged-1batch-2560seq-3epoch-ALL::zh_simple_python::zh_simple_python_319,correct,correct,both_correct
Salesforce_Llama-xLAM-2-8b-fc-r-checkpoint-8853-merged-1batch-2560seq-3epoch-ALL::zh_simple_python::zh_simple_python_324,correct,correct,both_correct
Salesforce_Llama-xLAM-2-8b-fc-r-checkpoint-8853-merged-1batch-2560seq-3epoch-ALL::zh_simple_python::zh_simple_python_326,correct,correct,both_correct
Salesforce_Llama-xLAM-2-8b-fc-r-checkpoint-8853-merged-1batch-2560seq-3epoch-ALL::zh_simple_python::zh_simple_python_327,correct,correct,both_correct
Salesforce_Llama-xLAM-2-8b-fc-r-checkpoint-8853-merged-1batch-2560seq-3epoch-ALL::zh_simple_python::zh_simple_python_344,correct,correct,both_correct
Salesforce_Llama-xLAM-2-8b-fc-r-checkpoint-8853-merged-1batch-2560seq-3epoch-ALL::zh_simple_python::zh_simple_python_352,correct,correct,both_correct
Salesforce_Llama-xLAM-2-8b-fc-r-checkpoint-8853-merged-1batch-2560seq-3epoch-ALL::zh_simple_python::zh_simple_python_359,wrong,correct,b_correct_a_wrong
Salesforce_Llama-xLAM-2-8b-fc-r-checkpoint-8853-merged-1batch-2560seq-3epoch-ALL::zh_simple_python::zh_simple_python_369,correct,correct,both_correct
Salesforce_Llama-xLAM-2-8b-fc-r-checkpoint-8853-merged-1batch-2560seq-3epoch-ALL::zh_simple_python::zh_simple_python_373,correct,correct,both_correct
Salesforce_Llama-xLAM-2-8b-fc-r-checkpoint-8853-merged-1batch-2560seq-3epoch-ALL::zh_simple_python::zh_simple_python_374,correct,correct,both_correct
Salesforce_Llama-xLAM-2-8b-fc-r-checkpoint-8853-merged-1batch-2560seq-3epoch-ALL::zh_simple_python::zh_simple_python_385,correct,correct,both_correct
Salesforce_Llama-xLAM-2-8b-fc-r-checkpoint-8853-merged-1batch-2560seq-3epoch-ALL::zh_simple_python::zh_simple_python_386,wrong,correct,b_correct_a_wrong
Salesforce_Llama-xLAM-2-8b-fc-r-checkpoint-8853-merged-1batch-2560seq-3epoch-ALL::zh_simple_python::zh_simple_python_387,correct,correct,both_correct
Salesforce_Llama-xLAM-2-8b-fc-r-checkpoint-8853-merged-1batch-2560seq-3epoch-ALL::zh_simple_python::zh_simple_python_390,wrong,correct,b_correct_a_wrong
Salesforce_Llama-xLAM-2-8b-fc-r-checkpoint-8853-merged-1batch-2560seq-3epoch-ALL::zh_simple_python::zh_simple_python_399,correct,correct,both_correct
Salesforce_Llama-xLAM-2-8b-fc-r-checkpoint-8853-merged-1batch-2560seq-3epoch-ALL::zh_simple_python::zh_simple_python_77,correct,correct,both_correct
Salesforce_Llama-xLAM-2-8b-fc-r-checkpoint-8853-merged-1batch-2560seq-3epoch-ALL::zh_simple_python::zh_simple_python_81,correct,correct,both_correct
Salesforce_Llama-xLAM-2-8b-fc-r-checkpoint-8853-merged-1batch-2560seq-3epoch-ALL::zh_simple_python::zh_simple_python_85,wrong,correct,b_correct_a_wrong
Salesforce_Llama-xLAM-2-8b-fc-r-checkpoint-957-merged-1batch-2560seq-3epoch-FC::zh_multiple::zh_multiple_109,correct,correct,both_correct
Salesforce_Llama-xLAM-2-8b-fc-r-checkpoint-957-merged-1batch-2560seq-3epoch-FC::zh_multiple::zh_multiple_134,correct,correct,both_correct
Salesforce_Llama-xLAM-2-8b-fc-r-checkpoint-957-merged-1batch-2560seq-3epoch-FC::zh_multiple::zh_multiple_136,correct,correct,both_correct
Salesforce_Llama-xLAM-2-8b-fc-r-checkpoint-957-merged-1batch-2560seq-3epoch-FC::zh_multiple::zh_multiple_160,wrong,correct,b_correct_a_wrong
Salesforce_Llama-xLAM-2-8b-fc-r-checkpoint-957-merged-1batch-2560seq-3epoch-FC::zh_multiple::zh_multiple_165,correct,correct,both_correct
Salesforce_Llama-xLAM-2-8b-fc-r-checkpoint-957-merged-1batch-2560seq-3epoch-FC::zh_multiple::zh_multiple_191,correct,correct,both_correct
Salesforce_Llama-xLAM-2-8b-fc-r-checkpoint-957-merged-1batch-2560seq-3epoch-FC::zh_multiple::zh_multiple_192,wrong,correct,b_correct_a_wrong
Salesforce_Llama-xLAM-2-8b-fc-r-checkpoint-957-merged-1batch-2560seq-3epoch-FC::zh_multiple::zh_multiple_196,correct,correct,both_correct
Salesforce_Llama-xLAM-2-8b-fc-r-checkpoint-957-merged-1batch-2560seq-3epoch-FC::zh_multiple::zh_multiple_25,correct,correct,both_correct
Salesforce_Llama-xLAM-2-8b-fc-r-checkpoint-957-merged-1batch-2560seq-3epoch-FC::zh_multiple::zh_multiple_58,wrong,correct,b_correct_a_wrong
Salesforce_Llama-xLAM-2-8b-fc-r-checkpoint-957-merged-1batch-2560seq-3epoch-FC::zh_multiple::zh_multiple_61,wrong,correct,b_correct_a_wrong
Salesforce_Llama-xLAM-2-8b-fc-r-checkpoint-957-merged-1batch-2560seq-3epoch-FC::zh_multiple::zh_multiple_67,wrong,correct,b_correct_a_wrong
Salesforce_Llama-xLAM-2-8b-fc-r-checkpoint-957-merged-1batch-2560seq-3epoch-FC::zh_multiple::zh_multiple_78,correct,correct,both_correct
Salesforce_Llama-xLAM-2-8b-fc-r-checkpoint-957-merged-1batch-2560seq-3epoch-FC::zh_multiple::zh_multiple_8,wrong,correct,b_correct_a_wrong
Salesforce_Llama-xLAM-2-8b-fc-r-checkpoint-957-merged-1batch-2560seq-3epoch-FC::zh_multiple::zh_multiple_91,wrong,correct,b_correct_a_wrong
Salesforce_Llama-xLAM-2-8b-fc-r-checkpoint-957-merged-1batch-2560seq-3epoch-FC::zh_multiple::zh_multiple_93,wrong,correct,b_correct_a_wrong
Salesforce_Llama-xLAM-2-8b-fc-r-checkpoint-957-merged-1batch-2560seq-3epoch-FC::zh_multiple::zh_multiple_94,wrong,correct,b_correct_a_wrong
Salesforce_Llama-xLAM-2-8b-fc-r-checkpoint-957-merged-1batch-2560seq-3epoch-FC::zh_parallel::zh_parallel_117,wrong,correct,b_correct_a_wrong
Salesforce_Llama-xLAM-2-8b-fc-r-checkpoint-957-merged-1batch-2560seq-3epoch-FC::zh_parallel::zh_parallel_119,correct,correct,both_correct
Salesforce_Llama-xLAM-2-8b-fc-r-checkpoint-957-merged-1batch-2560seq-3epoch-FC::zh_parallel::zh_parallel_127,correct,correct,both_correct
Salesforce_Llama-xLAM-2-8b-fc-r-checkpoint-957-merged-1batch-2560seq-3epoch-FC::zh_parallel::zh_parallel_13,wrong,correct,b_correct_a_wrong
Salesforce_Llama-xLAM-2-8b-fc-r-checkpoint-957-merged-1batch-2560seq-3epoch-FC::zh_parallel::zh_parallel_130,wrong,correct,b_correct_a_wrong
Salesforce_Llama-xLAM-2-8b-fc-r-checkpoint-957-merged-1batch-2560seq-3epoch-FC::zh_parallel::zh_parallel_151,wrong,correct,b_correct_a_wrong
Salesforce_Llama-xLAM-2-8b-fc-r-checkpoint-957-merged-1batch-2560seq-3epoch-FC::zh_parallel::zh_parallel_155,correct,correct,both_correct
Salesforce_Llama-xLAM-2-8b-fc-r-checkpoint-957-merged-1batch-2560seq-3epoch-FC::zh_parallel::zh_parallel_159,wrong,correct,b_correct_a_wrong
Salesforce_Llama-xLAM-2-8b-fc-r-checkpoint-957-merged-1batch-2560seq-3epoch-FC::zh_parallel::zh_parallel_164,wrong,correct,b_correct_a_wrong
Salesforce_Llama-xLAM-2-8b-fc-r-checkpoint-957-merged-1batch-2560seq-3epoch-FC::zh_parallel::zh_parallel_181,wrong,correct,b_correct_a_wrong
Salesforce_Llama-xLAM-2-8b-fc-r-checkpoint-957-merged-1batch-2560seq-3epoch-FC::zh_parallel::zh_parallel_185,wrong,correct,b_correct_a_wrong
Salesforce_Llama-xLAM-2-8b-fc-r-checkpoint-957-merged-1batch-2560seq-3epoch-FC::zh_parallel::zh_parallel_189,correct,correct,both_correct
Salesforce_Llama-xLAM-2-8b-fc-r-checkpoint-957-merged-1batch-2560seq-3epoch-FC::zh_parallel::zh_parallel_19,correct,correct,both_correct
Salesforce_Llama-xLAM-2-8b-fc-r-checkpoint-957-merged-1batch-2560seq-3epoch-FC::zh_parallel::zh_parallel_191,correct,correct,both_correct
Salesforce_Llama-xLAM-2-8b-fc-r-checkpoint-957-merged-1batch-2560seq-3epoch-FC::zh_parallel::zh_parallel_194,correct,correct,both_correct
Salesforce_Llama-xLAM-2-8b-fc-r-checkpoint-957-merged-1batch-2560seq-3epoch-FC::zh_parallel::zh_parallel_45,wrong,correct,b_correct_a_wrong
Salesforce_Llama-xLAM-2-8b-fc-r-checkpoint-957-merged-1batch-2560seq-3epoch-FC::zh_parallel::zh_parallel_46,correct,correct,both_correct
Salesforce_Llama-xLAM-2-8b-fc-r-checkpoint-957-merged-1batch-2560seq-3epoch-FC::zh_parallel::zh_parallel_5,wrong,correct,b_correct_a_wrong
Salesforce_Llama-xLAM-2-8b-fc-r-checkpoint-957-merged-1batch-2560seq-3epoch-FC::zh_parallel::zh_parallel_53,wrong,correct,b_correct_a_wrong
Salesforce_Llama-xLAM-2-8b-fc-r-checkpoint-957-merged-1batch-2560seq-3epoch-FC::zh_parallel::zh_parallel_54,wrong,correct,b_correct_a_wrong
Salesforce_Llama-xLAM-2-8b-fc-r-checkpoint-957-merged-1batch-2560seq-3epoch-FC::zh_parallel::zh_parallel_68,wrong,correct,b_correct_a_wrong
Salesforce_Llama-xLAM-2-8b-fc-r-checkpoint-957-merged-1batch-2560seq-3epoch-FC::zh_parallel::zh_parallel_71,correct,correct,both_correct
Salesforce_Llama-xLAM-2-8b-fc-r-checkpoint-957-merged-1batch-2560seq-3epoch-FC::zh_parallel::zh_parallel_91,correct,correct,both_correct
Salesforce_Llama-xLAM-2-8b-fc-r-checkpoint-957-merged-1batch-2560seq-3epoch-FC::zh_parallel::zh_parallel_92,correct,correct,both_correct
Salesforce_Llama-xLAM-2-8b-fc-r-checkpoint-957-merged-1batch-2560seq-3epoch-FC::zh_parallel_multiple::zh_parallel_multiple_103,correct,correct,both_correct
Salesforce_Llama-xLAM-2-8b-fc-r-checkpoint-957-merged-1batch-2560seq-3epoch-FC::zh_parallel_multiple::zh_parallel_multiple_106,correct,correct,both_correct
Salesforce_Llama-xLAM-2-8b-fc-r-checkpoint-957-merged-1batch-2560seq-3epoch-FC::zh_parallel_multiple::zh_parallel_multiple_115,correct,correct,both_correct
Salesforce_Llama-xLAM-2-8b-fc-r-checkpoint-957-merged-1batch-2560seq-3epoch-FC::zh_parallel_multiple::zh_parallel_multiple_117,correct,correct,both_correct
Salesforce_Llama-xLAM-2-8b-fc-r-checkpoint-957-merged-1batch-2560seq-3epoch-FC::zh_parallel_multiple::zh_parallel_multiple_118,wrong,correct,b_correct_a_wrong
Salesforce_Llama-xLAM-2-8b-fc-r-checkpoint-957-merged-1batch-2560seq-3epoch-FC::zh_parallel_multiple::zh_parallel_multiple_120,correct,correct,both_correct
Salesforce_Llama-xLAM-2-8b-fc-r-checkpoint-957-merged-1batch-2560seq-3epoch-FC::zh_parallel_multiple::zh_parallel_multiple_122,correct,correct,both_correct
Salesforce_Llama-xLAM-2-8b-fc-r-checkpoint-957-merged-1batch-2560seq-3epoch-FC::zh_parallel_multiple::zh_parallel_multiple_124,correct,correct,both_correct
Salesforce_Llama-xLAM-2-8b-fc-r-checkpoint-957-merged-1batch-2560seq-3epoch-FC::zh_parallel_multiple::zh_parallel_multiple_127,correct,correct,both_correct
Salesforce_Llama-xLAM-2-8b-fc-r-checkpoint-957-merged-1batch-2560seq-3epoch-FC::zh_parallel_multiple::zh_parallel_multiple_128,correct,correct,both_correct
Salesforce_Llama-xLAM-2-8b-fc-r-checkpoint-957-merged-1batch-2560seq-3epoch-FC::zh_parallel_multiple::zh_parallel_multiple_129,correct,correct,both_correct
Salesforce_Llama-xLAM-2-8b-fc-r-checkpoint-957-merged-1batch-2560seq-3epoch-FC::zh_parallel_multiple::zh_parallel_multiple_137,correct,correct,both_correct
Salesforce_Llama-xLAM-2-8b-fc-r-checkpoint-957-merged-1batch-2560seq-3epoch-FC::zh_parallel_multiple::zh_parallel_multiple_139,correct,correct,both_correct
Salesforce_Llama-xLAM-2-8b-fc-r-checkpoint-957-merged-1batch-2560seq-3epoch-FC::zh_parallel_multiple::zh_parallel_multiple_141,correct,correct,both_correct
Salesforce_Llama-xLAM-2-8b-fc-r-checkpoint-957-merged-1batch-2560seq-3epoch-FC::zh_parallel_multiple::zh_parallel_multiple_145,correct,correct,both_correct
Salesforce_Llama-xLAM-2-8b-fc-r-checkpoint-957-merged-1batch-2560seq-3epoch-FC::zh_parallel_multiple::zh_parallel_multiple_147,correct,correct,both_correct
Salesforce_Llama-xLAM-2-8b-fc-r-checkpoint-957-merged-1batch-2560seq-3epoch-FC::zh_parallel_multiple::zh_parallel_multiple_148,correct,correct,both_correct
Salesforce_Llama-xLAM-2-8b-fc-r-checkpoint-957-merged-1batch-2560seq-3epoch-FC::zh_parallel_multiple::zh_parallel_multiple_149,correct,correct,both_correct
Salesforce_Llama-xLAM-2-8b-fc-r-checkpoint-957-merged-1batch-2560seq-3epoch-FC::zh_parallel_multiple::zh_parallel_multiple_156,correct,correct,both_correct
Salesforce_Llama-xLAM-2-8b-fc-r-checkpoint-957-merged-1batch-2560seq-3epoch-FC::zh_parallel_multiple::zh_parallel_multiple_158,wrong,correct,b_correct_a_wrong
Salesforce_Llama-xLAM-2-8b-fc-r-checkpoint-957-merged-1batch-2560seq-3epoch-FC::zh_parallel_multiple::zh_parallel_multiple_159,correct,correct,both_correct
Salesforce_Llama-xLAM-2-8b-fc-r-checkpoint-957-merged-1batch-2560seq-3epoch-FC::zh_parallel_multiple::zh_parallel_multiple_160,correct,correct,both_correct
Salesforce_Llama-xLAM-2-8b-fc-r-checkpoint-957-merged-1batch-2560seq-3epoch-FC::zh_parallel_multiple::zh_parallel_multiple_163,correct,correct,both_correct
Salesforce_Llama-xLAM-2-8b-fc-r-checkpoint-957-merged-1batch-2560seq-3epoch-FC::zh_parallel_multiple::zh_parallel_multiple_165,correct,correct,both_correct
Salesforce_Llama-xLAM-2-8b-fc-r-checkpoint-957-merged-1batch-2560seq-3epoch-FC::zh_parallel_multiple::zh_parallel_multiple_172,correct,correct,both_correct
Salesforce_Llama-xLAM-2-8b-fc-r-checkpoint-957-merged-1batch-2560seq-3epoch-FC::zh_parallel_multiple::zh_parallel_multiple_176,correct,correct,both_correct
Salesforce_Llama-xLAM-2-8b-fc-r-checkpoint-957-merged-1batch-2560seq-3epoch-FC::zh_parallel_multiple::zh_parallel_multiple_177,correct,correct,both_correct
Salesforce_Llama-xLAM-2-8b-fc-r-checkpoint-957-merged-1batch-2560seq-3epoch-FC::zh_parallel_multiple::zh_parallel_multiple_180,correct,correct,both_correct
Salesforce_Llama-xLAM-2-8b-fc-r-checkpoint-957-merged-1batch-2560seq-3epoch-FC::zh_parallel_multiple::zh_parallel_multiple_189,correct,correct,both_correct
Salesforce_Llama-xLAM-2-8b-fc-r-checkpoint-957-merged-1batch-2560seq-3epoch-FC::zh_parallel_multiple::zh_parallel_multiple_19,correct,correct,both_correct
Salesforce_Llama-xLAM-2-8b-fc-r-checkpoint-957-merged-1batch-2560seq-3epoch-FC::zh_parallel_multiple::zh_parallel_multiple_191,correct,correct,both_correct
Salesforce_Llama-xLAM-2-8b-fc-r-checkpoint-957-merged-1batch-2560seq-3epoch-FC::zh_parallel_multiple::zh_parallel_multiple_192,correct,correct,both_correct
Salesforce_Llama-xLAM-2-8b-fc-r-checkpoint-957-merged-1batch-2560seq-3epoch-FC::zh_parallel_multiple::zh_parallel_multiple_193,correct,correct,both_correct
Salesforce_Llama-xLAM-2-8b-fc-r-checkpoint-957-merged-1batch-2560seq-3epoch-FC::zh_parallel_multiple::zh_parallel_multiple_195,correct,correct,both_correct
Salesforce_Llama-xLAM-2-8b-fc-r-checkpoint-957-merged-1batch-2560seq-3epoch-FC::zh_parallel_multiple::zh_parallel_multiple_196,correct,correct,both_correct
Salesforce_Llama-xLAM-2-8b-fc-r-checkpoint-957-merged-1batch-2560seq-3epoch-FC::zh_parallel_multiple::zh_parallel_multiple_199,correct,correct,both_correct
Salesforce_Llama-xLAM-2-8b-fc-r-checkpoint-957-merged-1batch-2560seq-3epoch-FC::zh_parallel_multiple::zh_parallel_multiple_21,wrong,correct,b_correct_a_wrong
Salesforce_Llama-xLAM-2-8b-fc-r-checkpoint-957-merged-1batch-2560seq-3epoch-FC::zh_parallel_multiple::zh_parallel_multiple_27,correct,correct,both_correct
Salesforce_Llama-xLAM-2-8b-fc-r-checkpoint-957-merged-1batch-2560seq-3epoch-FC::zh_parallel_multiple::zh_parallel_multiple_32,correct,correct,both_correct
Salesforce_Llama-xLAM-2-8b-fc-r-checkpoint-957-merged-1batch-2560seq-3epoch-FC::zh_parallel_multiple::zh_parallel_multiple_33,correct,correct,both_correct
Salesforce_Llama-xLAM-2-8b-fc-r-checkpoint-957-merged-1batch-2560seq-3epoch-FC::zh_parallel_multiple::zh_parallel_multiple_34,wrong,correct,b_correct_a_wrong
Salesforce_Llama-xLAM-2-8b-fc-r-checkpoint-957-merged-1batch-2560seq-3epoch-FC::zh_parallel_multiple::zh_parallel_multiple_37,correct,correct,both_correct
Salesforce_Llama-xLAM-2-8b-fc-r-checkpoint-957-merged-1batch-2560seq-3epoch-FC::zh_parallel_multiple::zh_parallel_multiple_42,correct,correct,both_correct
Salesforce_Llama-xLAM-2-8b-fc-r-checkpoint-957-merged-1batch-2560seq-3epoch-FC::zh_parallel_multiple::zh_parallel_multiple_50,correct,correct,both_correct
Salesforce_Llama-xLAM-2-8b-fc-r-checkpoint-957-merged-1batch-2560seq-3epoch-FC::zh_parallel_multiple::zh_parallel_multiple_54,wrong,correct,b_correct_a_wrong
Salesforce_Llama-xLAM-2-8b-fc-r-checkpoint-957-merged-1batch-2560seq-3epoch-FC::zh_parallel_multiple::zh_parallel_multiple_55,correct,correct,both_correct
Salesforce_Llama-xLAM-2-8b-fc-r-checkpoint-957-merged-1batch-2560seq-3epoch-FC::zh_parallel_multiple::zh_parallel_multiple_65,correct,correct,both_correct
Salesforce_Llama-xLAM-2-8b-fc-r-checkpoint-957-merged-1batch-2560seq-3epoch-FC::zh_parallel_multiple::zh_parallel_multiple_69,wrong,wrong,both_wrong
Salesforce_Llama-xLAM-2-8b-fc-r-checkpoint-957-merged-1batch-2560seq-3epoch-FC::zh_parallel_multiple::zh_parallel_multiple_78,correct,correct,both_correct
Salesforce_Llama-xLAM-2-8b-fc-r-checkpoint-957-merged-1batch-2560seq-3epoch-FC::zh_parallel_multiple::zh_parallel_multiple_79,correct,correct,both_correct
Salesforce_Llama-xLAM-2-8b-fc-r-checkpoint-957-merged-1batch-2560seq-3epoch-FC::zh_parallel_multiple::zh_parallel_multiple_87,correct,correct,both_correct
Salesforce_Llama-xLAM-2-8b-fc-r-checkpoint-957-merged-1batch-2560seq-3epoch-FC::zh_parallel_multiple::zh_parallel_multiple_88,correct,correct,both_correct
Salesforce_Llama-xLAM-2-8b-fc-r-checkpoint-957-merged-1batch-2560seq-3epoch-FC::zh_parallel_multiple::zh_parallel_multiple_91,correct,correct,both_correct
Salesforce_Llama-xLAM-2-8b-fc-r-checkpoint-957-merged-1batch-2560seq-3epoch-FC::zh_parallel_multiple::zh_parallel_multiple_92,correct,correct,both_correct
Salesforce_Llama-xLAM-2-8b-fc-r-checkpoint-957-merged-1batch-2560seq-3epoch-FC::zh_parallel_multiple::zh_parallel_multiple_94,correct,correct,both_correct
Salesforce_Llama-xLAM-2-8b-fc-r-checkpoint-957-merged-1batch-2560seq-3epoch-FC::zh_parallel_multiple::zh_parallel_multiple_97,wrong,correct,b_correct_a_wrong
Salesforce_Llama-xLAM-2-8b-fc-r-checkpoint-957-merged-1batch-2560seq-3epoch-FC::zh_simple_python::zh_simple_python_158,wrong,correct,b_correct_a_wrong
Salesforce_Llama-xLAM-2-8b-fc-r-checkpoint-957-merged-1batch-2560seq-3epoch-FC::zh_simple_python::zh_simple_python_159,wrong,correct,b_correct_a_wrong
Salesforce_Llama-xLAM-2-8b-fc-r-checkpoint-957-merged-1batch-2560seq-3epoch-FC::zh_simple_python::zh_simple_python_162,correct,correct,both_correct
Salesforce_Llama-xLAM-2-8b-fc-r-checkpoint-957-merged-1batch-2560seq-3epoch-FC::zh_simple_python::zh_simple_python_163,correct,correct,both_correct
Salesforce_Llama-xLAM-2-8b-fc-r-checkpoint-957-merged-1batch-2560seq-3epoch-FC::zh_simple_python::zh_simple_python_166,correct,correct,both_correct
Salesforce_Llama-xLAM-2-8b-fc-r-checkpoint-957-merged-1batch-2560seq-3epoch-FC::zh_simple_python::zh_simple_python_183,wrong,correct,b_correct_a_wrong
Salesforce_Llama-xLAM-2-8b-fc-r-checkpoint-957-merged-1batch-2560seq-3epoch-FC::zh_simple_python::zh_simple_python_197,correct,correct,both_correct
Salesforce_Llama-xLAM-2-8b-fc-r-checkpoint-957-merged-1batch-2560seq-3epoch-FC::zh_simple_python::zh_simple_python_200,correct,correct,both_correct
Salesforce_Llama-xLAM-2-8b-fc-r-checkpoint-957-merged-1batch-2560seq-3epoch-FC::zh_simple_python::zh_simple_python_203,wrong,correct,b_correct_a_wrong
Salesforce_Llama-xLAM-2-8b-fc-r-checkpoint-957-merged-1batch-2560seq-3epoch-FC::zh_simple_python::zh_simple_python_209,wrong,correct,b_correct_a_wrong
Salesforce_Llama-xLAM-2-8b-fc-r-checkpoint-957-merged-1batch-2560seq-3epoch-FC::zh_simple_python::zh_simple_python_212,correct,correct,both_correct
Salesforce_Llama-xLAM-2-8b-fc-r-checkpoint-957-merged-1batch-2560seq-3epoch-FC::zh_simple_python::zh_simple_python_215,wrong,wrong,both_wrong
Salesforce_Llama-xLAM-2-8b-fc-r-checkpoint-957-merged-1batch-2560seq-3epoch-FC::zh_simple_python::zh_simple_python_219,wrong,correct,b_correct_a_wrong
Salesforce_Llama-xLAM-2-8b-fc-r-checkpoint-957-merged-1batch-2560seq-3epoch-FC::zh_simple_python::zh_simple_python_224,wrong,correct,b_correct_a_wrong
Salesforce_Llama-xLAM-2-8b-fc-r-checkpoint-957-merged-1batch-2560seq-3epoch-FC::zh_simple_python::zh_simple_python_228,correct,correct,both_correct
Salesforce_Llama-xLAM-2-8b-fc-r-checkpoint-957-merged-1batch-2560seq-3epoch-FC::zh_simple_python::zh_simple_python_229,wrong,correct,b_correct_a_wrong
Salesforce_Llama-xLAM-2-8b-fc-r-checkpoint-957-merged-1batch-2560seq-3epoch-FC::zh_simple_python::zh_simple_python_234,wrong,correct,b_correct_a_wrong
Salesforce_Llama-xLAM-2-8b-fc-r-checkpoint-957-merged-1batch-2560seq-3epoch-FC::zh_simple_python::zh_simple_python_235,correct,correct,both_correct
Salesforce_Llama-xLAM-2-8b-fc-r-checkpoint-957-merged-1batch-2560seq-3epoch-FC::zh_simple_python::zh_simple_python_241,wrong,correct,b_correct_a_wrong
Salesforce_Llama-xLAM-2-8b-fc-r-checkpoint-957-merged-1batch-2560seq-3epoch-FC::zh_simple_python::zh_simple_python_242,wrong,correct,b_correct_a_wrong
Salesforce_Llama-xLAM-2-8b-fc-r-checkpoint-957-merged-1batch-2560seq-3epoch-FC::zh_simple_python::zh_simple_python_244,wrong,correct,b_correct_a_wrong
Salesforce_Llama-xLAM-2-8b-fc-r-checkpoint-957-merged-1batch-2560seq-3epoch-FC::zh_simple_python::zh_simple_python_248,correct,correct,both_correct
Salesforce_Llama-xLAM-2-8b-fc-r-checkpoint-957-merged-1batch-2560seq-3epoch-FC::zh_simple_python::zh_simple_python_266,correct,correct,both_correct
Salesforce_Llama-xLAM-2-8b-fc-r-checkpoint-957-merged-1batch-2560seq-3epoch-FC::zh_simple_python::zh_simple_python_277,correct,correct,both_correct
Salesforce_Llama-xLAM-2-8b-fc-r-checkpoint-957-merged-1batch-2560seq-3epoch-FC::zh_simple_python::zh_simple_python_281,wrong,correct,b_correct_a_wrong
Salesforce_Llama-xLAM-2-8b-fc-r-checkpoint-957-merged-1batch-2560seq-3epoch-FC::zh_simple_python::zh_simple_python_283,correct,correct,both_correct
Salesforce_Llama-xLAM-2-8b-fc-r-checkpoint-957-merged-1batch-2560seq-3epoch-FC::zh_simple_python::zh_simple_python_286,wrong,correct,b_correct_a_wrong
Salesforce_Llama-xLAM-2-8b-fc-r-checkpoint-957-merged-1batch-2560seq-3epoch-FC::zh_simple_python::zh_simple_python_303,wrong,correct,b_correct_a_wrong
Salesforce_Llama-xLAM-2-8b-fc-r-checkpoint-957-merged-1batch-2560seq-3epoch-FC::zh_simple_python::zh_simple_python_304,wrong,correct,b_correct_a_wrong
Salesforce_Llama-xLAM-2-8b-fc-r-checkpoint-957-merged-1batch-2560seq-3epoch-FC::zh_simple_python::zh_simple_python_306,wrong,correct,b_correct_a_wrong
Salesforce_Llama-xLAM-2-8b-fc-r-checkpoint-957-merged-1batch-2560seq-3epoch-FC::zh_simple_python::zh_simple_python_307,wrong,correct,b_correct_a_wrong
Salesforce_Llama-xLAM-2-8b-fc-r-checkpoint-957-merged-1batch-2560seq-3epoch-FC::zh_simple_python::zh_simple_python_322,correct,correct,both_correct
Salesforce_Llama-xLAM-2-8b-fc-r-checkpoint-957-merged-1batch-2560seq-3epoch-FC::zh_simple_python::zh_simple_python_324,correct,correct,both_correct
Salesforce_Llama-xLAM-2-8b-fc-r-checkpoint-957-merged-1batch-2560seq-3epoch-FC::zh_simple_python::zh_simple_python_326,correct,correct,both_correct
Salesforce_Llama-xLAM-2-8b-fc-r-checkpoint-957-merged-1batch-2560seq-3epoch-FC::zh_simple_python::zh_simple_python_327,correct,correct,both_correct
Salesforce_Llama-xLAM-2-8b-fc-r-checkpoint-957-merged-1batch-2560seq-3epoch-FC::zh_simple_python::zh_simple_python_344,correct,correct,both_correct
Salesforce_Llama-xLAM-2-8b-fc-r-checkpoint-957-merged-1batch-2560seq-3epoch-FC::zh_simple_python::zh_simple_python_358,correct,correct,both_correct
Salesforce_Llama-xLAM-2-8b-fc-r-checkpoint-957-merged-1batch-2560seq-3epoch-FC::zh_simple_python::zh_simple_python_360,correct,correct,both_correct
Salesforce_Llama-xLAM-2-8b-fc-r-checkpoint-957-merged-1batch-2560seq-3epoch-FC::zh_simple_python::zh_simple_python_372,correct,correct,both_correct
Salesforce_Llama-xLAM-2-8b-fc-r-checkpoint-957-merged-1batch-2560seq-3epoch-FC::zh_simple_python::zh_simple_python_374,correct,correct,both_correct
Salesforce_Llama-xLAM-2-8b-fc-r-checkpoint-957-merged-1batch-2560seq-3epoch-FC::zh_simple_python::zh_simple_python_375,wrong,correct,b_correct_a_wrong
Salesforce_Llama-xLAM-2-8b-fc-r-checkpoint-957-merged-1batch-2560seq-3epoch-FC::zh_simple_python::zh_simple_python_386,correct,correct,both_correct
Salesforce_Llama-xLAM-2-8b-fc-r-checkpoint-957-merged-1batch-2560seq-3epoch-FC::zh_simple_python::zh_simple_python_387,correct,correct,both_correct
Salesforce_Llama-xLAM-2-8b-fc-r-checkpoint-957-merged-1batch-2560seq-3epoch-FC::zh_simple_python::zh_simple_python_390,wrong,correct,b_correct_a_wrong
Salesforce_Llama-xLAM-2-8b-fc-r-checkpoint-957-merged-1batch-2560seq-3epoch-FC::zh_simple_python::zh_simple_python_55,wrong,correct,b_correct_a_wrong
Salesforce_Llama-xLAM-2-8b-fc-r-checkpoint-957-merged-1batch-2560seq-3epoch-FC::zh_simple_python::zh_simple_python_56,correct,correct,both_correct
Salesforce_Llama-xLAM-2-8b-fc-r-checkpoint-957-merged-1batch-2560seq-3epoch-FC::zh_simple_python::zh_simple_python_63,wrong,correct,b_correct_a_wrong
Salesforce_Llama-xLAM-2-8b-fc-r-checkpoint-957-merged-1batch-2560seq-3epoch-FC::zh_simple_python::zh_simple_python_77,correct,correct,both_correct
Salesforce_Llama-xLAM-2-8b-fc-r-checkpoint-957-merged-1batch-2560seq-3epoch-FC::zh_simple_python::zh_simple_python_85,correct,correct,both_correct
Salesforce_Llama-xLAM-2-8b-fc-r-checkpoint-957-merged-1batch-2560seq-3epoch-FC::zh_simple_python::zh_simple_python_89,wrong,correct,b_correct_a_wrong
Salesforce_Llama-xLAM-2-8b-fc-r-checkpoint-957-merged-1batch-2560seq-3epoch-FC::zh_simple_python::zh_simple_python_91,correct,correct,both_correct
Salesforce_Llama-xLAM-2-8b-fc-r-checkpoint-957-merged-1batch-2560seq-3epoch-FC::zh_simple_python::zh_simple_python_98,wrong,correct,b_correct_a_wrong
Salesforce_Llama-xLAM-2-8b-fc-r-checkpoint-984-merged-1batch-2560seq-3epoch-ALL::zh_multiple::zh_multiple_134,correct,correct,both_correct
Salesforce_Llama-xLAM-2-8b-fc-r-checkpoint-984-merged-1batch-2560seq-3epoch-ALL::zh_multiple::zh_multiple_149,correct,correct,both_correct
Salesforce_Llama-xLAM-2-8b-fc-r-checkpoint-984-merged-1batch-2560seq-3epoch-ALL::zh_multiple::zh_multiple_158,correct,correct,both_correct
Salesforce_Llama-xLAM-2-8b-fc-r-checkpoint-984-merged-1batch-2560seq-3epoch-ALL::zh_multiple::zh_multiple_160,wrong,correct,b_correct_a_wrong
Salesforce_Llama-xLAM-2-8b-fc-r-checkpoint-984-merged-1batch-2560seq-3epoch-ALL::zh_multiple::zh_multiple_165,wrong,correct,b_correct_a_wrong
Salesforce_Llama-xLAM-2-8b-fc-r-checkpoint-984-merged-1batch-2560seq-3epoch-ALL::zh_multiple::zh_multiple_168,correct,correct,both_correct
Salesforce_Llama-xLAM-2-8b-fc-r-checkpoint-984-merged-1batch-2560seq-3epoch-ALL::zh_multiple::zh_multiple_186,wrong,correct,b_correct_a_wrong
Salesforce_Llama-xLAM-2-8b-fc-r-checkpoint-984-merged-1batch-2560seq-3epoch-ALL::zh_multiple::zh_multiple_190,correct,correct,both_correct
Salesforce_Llama-xLAM-2-8b-fc-r-checkpoint-984-merged-1batch-2560seq-3epoch-ALL::zh_multiple::zh_multiple_192,wrong,correct,b_correct_a_wrong
Salesforce_Llama-xLAM-2-8b-fc-r-checkpoint-984-merged-1batch-2560seq-3epoch-ALL::zh_multiple::zh_multiple_65,wrong,correct,b_correct_a_wrong
Salesforce_Llama-xLAM-2-8b-fc-r-checkpoint-984-merged-1batch-2560seq-3epoch-ALL::zh_multiple::zh_multiple_67,correct,correct,both_correct
Salesforce_Llama-xLAM-2-8b-fc-r-checkpoint-984-merged-1batch-2560seq-3epoch-ALL::zh_multiple::zh_multiple_78,correct,correct,both_correct
Salesforce_Llama-xLAM-2-8b-fc-r-checkpoint-984-merged-1batch-2560seq-3epoch-ALL::zh_multiple::zh_multiple_84,correct,correct,both_correct
Salesforce_Llama-xLAM-2-8b-fc-r-checkpoint-984-merged-1batch-2560seq-3epoch-ALL::zh_multiple::zh_multiple_89,wrong,correct,b_correct_a_wrong
Salesforce_Llama-xLAM-2-8b-fc-r-checkpoint-984-merged-1batch-2560seq-3epoch-ALL::zh_multiple::zh_multiple_91,wrong,correct,b_correct_a_wrong
Salesforce_Llama-xLAM-2-8b-fc-r-checkpoint-984-merged-1batch-2560seq-3epoch-ALL::zh_multiple::zh_multiple_94,correct,correct,both_correct
Salesforce_Llama-xLAM-2-8b-fc-r-checkpoint-984-merged-1batch-2560seq-3epoch-ALL::zh_parallel::zh_parallel_117,wrong,correct,b_correct_a_wrong
Salesforce_Llama-xLAM-2-8b-fc-r-checkpoint-984-merged-1batch-2560seq-3epoch-ALL::zh_parallel::zh_parallel_119,correct,correct,both_correct
Salesforce_Llama-xLAM-2-8b-fc-r-checkpoint-984-merged-1batch-2560seq-3epoch-ALL::zh_parallel::zh_parallel_13,wrong,correct,b_correct_a_wrong
Salesforce_Llama-xLAM-2-8b-fc-r-checkpoint-984-merged-1batch-2560seq-3epoch-ALL::zh_parallel::zh_parallel_159,wrong,correct,b_correct_a_wrong
Salesforce_Llama-xLAM-2-8b-fc-r-checkpoint-984-merged-1batch-2560seq-3epoch-ALL::zh_parallel::zh_parallel_181,correct,correct,both_correct
Salesforce_Llama-xLAM-2-8b-fc-r-checkpoint-984-merged-1batch-2560seq-3epoch-ALL::zh_parallel::zh_parallel_187,wrong,correct,b_correct_a_wrong
Salesforce_Llama-xLAM-2-8b-fc-r-checkpoint-984-merged-1batch-2560seq-3epoch-ALL::zh_parallel::zh_parallel_19,correct,correct,both_correct
Salesforce_Llama-xLAM-2-8b-fc-r-checkpoint-984-merged-1batch-2560seq-3epoch-ALL::zh_parallel::zh_parallel_192,correct,correct,both_correct
Salesforce_Llama-xLAM-2-8b-fc-r-checkpoint-984-merged-1batch-2560seq-3epoch-ALL::zh_parallel::zh_parallel_194,correct,correct,both_correct
Salesforce_Llama-xLAM-2-8b-fc-r-checkpoint-984-merged-1batch-2560seq-3epoch-ALL::zh_parallel::zh_parallel_35,wrong,correct,b_correct_a_wrong
Salesforce_Llama-xLAM-2-8b-fc-r-checkpoint-984-merged-1batch-2560seq-3epoch-ALL::zh_parallel::zh_parallel_36,correct,correct,both_correct
Salesforce_Llama-xLAM-2-8b-fc-r-checkpoint-984-merged-1batch-2560seq-3epoch-ALL::zh_parallel::zh_parallel_40,correct,correct,both_correct
Salesforce_Llama-xLAM-2-8b-fc-r-checkpoint-984-merged-1batch-2560seq-3epoch-ALL::zh_parallel::zh_parallel_44,wrong,correct,b_correct_a_wrong
Salesforce_Llama-xLAM-2-8b-fc-r-checkpoint-984-merged-1batch-2560seq-3epoch-ALL::zh_parallel::zh_parallel_45,wrong,correct,b_correct_a_wrong
Salesforce_Llama-xLAM-2-8b-fc-r-checkpoint-984-merged-1batch-2560seq-3epoch-ALL::zh_parallel::zh_parallel_46,correct,correct,both_correct
Salesforce_Llama-xLAM-2-8b-fc-r-checkpoint-984-merged-1batch-2560seq-3epoch-ALL::zh_parallel::zh_parallel_52,correct,correct,both_correct
Salesforce_Llama-xLAM-2-8b-fc-r-checkpoint-984-merged-1batch-2560seq-3epoch-ALL::zh_parallel::zh_parallel_55,correct,correct,both_correct
Salesforce_Llama-xLAM-2-8b-fc-r-checkpoint-984-merged-1batch-2560seq-3epoch-ALL::zh_parallel::zh_parallel_68,wrong,correct,b_correct_a_wrong
Salesforce_Llama-xLAM-2-8b-fc-r-checkpoint-984-merged-1batch-2560seq-3epoch-ALL::zh_parallel::zh_parallel_88,correct,correct,both_correct
Salesforce_Llama-xLAM-2-8b-fc-r-checkpoint-984-merged-1batch-2560seq-3epoch-ALL::zh_parallel::zh_parallel_91,correct,correct,both_correct
Salesforce_Llama-xLAM-2-8b-fc-r-checkpoint-984-merged-1batch-2560seq-3epoch-ALL::zh_parallel::zh_parallel_93,correct,correct,both_correct
Salesforce_Llama-xLAM-2-8b-fc-r-checkpoint-984-merged-1batch-2560seq-3epoch-ALL::zh_parallel_multiple::zh_parallel_multiple_103,correct,correct,both_correct
Salesforce_Llama-xLAM-2-8b-fc-r-checkpoint-984-merged-1batch-2560seq-3epoch-ALL::zh_parallel_multiple::zh_parallel_multiple_106,wrong,correct,b_correct_a_wrong
Salesforce_Llama-xLAM-2-8b-fc-r-checkpoint-984-merged-1batch-2560seq-3epoch-ALL::zh_parallel_multiple::zh_parallel_multiple_107,correct,correct,both_correct
Salesforce_Llama-xLAM-2-8b-fc-r-checkpoint-984-merged-1batch-2560seq-3epoch-ALL::zh_parallel_multiple::zh_parallel_multiple_118,wrong,correct,b_correct_a_wrong
Salesforce_Llama-xLAM-2-8b-fc-r-checkpoint-984-merged-1batch-2560seq-3epoch-ALL::zh_parallel_multiple::zh_parallel_multiple_120,correct,correct,both_correct
Salesforce_Llama-xLAM-2-8b-fc-r-checkpoint-984-merged-1batch-2560seq-3epoch-ALL::zh_parallel_multiple::zh_parallel_multiple_125,correct,correct,both_correct
Salesforce_Llama-xLAM-2-8b-fc-r-checkpoint-984-merged-1batch-2560seq-3epoch-ALL::zh_parallel_multiple::zh_parallel_multiple_126,correct,correct,both_correct
Salesforce_Llama-xLAM-2-8b-fc-r-checkpoint-984-merged-1batch-2560seq-3epoch-ALL::zh_parallel_multiple::zh_parallel_multiple_128,correct,correct,both_correct
Salesforce_Llama-xLAM-2-8b-fc-r-checkpoint-984-merged-1batch-2560seq-3epoch-ALL::zh_parallel_multiple::zh_parallel_multiple_129,correct,correct,both_correct
Salesforce_Llama-xLAM-2-8b-fc-r-checkpoint-984-merged-1batch-2560seq-3epoch-ALL::zh_parallel_multiple::zh_parallel_multiple_136,correct,correct,both_correct
Salesforce_Llama-xLAM-2-8b-fc-r-checkpoint-984-merged-1batch-2560seq-3epoch-ALL::zh_parallel_multiple::zh_parallel_multiple_139,correct,correct,both_correct
Salesforce_Llama-xLAM-2-8b-fc-r-checkpoint-984-merged-1batch-2560seq-3epoch-ALL::zh_parallel_multiple::zh_parallel_multiple_146,correct,correct,both_correct
Salesforce_Llama-xLAM-2-8b-fc-r-checkpoint-984-merged-1batch-2560seq-3epoch-ALL::zh_parallel_multiple::zh_parallel_multiple_147,correct,correct,both_correct
Salesforce_Llama-xLAM-2-8b-fc-r-checkpoint-984-merged-1batch-2560seq-3epoch-ALL::zh_parallel_multiple::zh_parallel_multiple_148,correct,correct,both_correct
Salesforce_Llama-xLAM-2-8b-fc-r-checkpoint-984-merged-1batch-2560seq-3epoch-ALL::zh_parallel_multiple::zh_parallel_multiple_149,correct,correct,both_correct
Salesforce_Llama-xLAM-2-8b-fc-r-checkpoint-984-merged-1batch-2560seq-3epoch-ALL::zh_parallel_multiple::zh_parallel_multiple_153,correct,correct,both_correct
Salesforce_Llama-xLAM-2-8b-fc-r-checkpoint-984-merged-1batch-2560seq-3epoch-ALL::zh_parallel_multiple::zh_parallel_multiple_158,correct,correct,both_correct
Salesforce_Llama-xLAM-2-8b-fc-r-checkpoint-984-merged-1batch-2560seq-3epoch-ALL::zh_parallel_multiple::zh_parallel_multiple_159,correct,correct,both_correct
Salesforce_Llama-xLAM-2-8b-fc-r-checkpoint-984-merged-1batch-2560seq-3epoch-ALL::zh_parallel_multiple::zh_parallel_multiple_165,correct,correct,both_correct
Salesforce_Llama-xLAM-2-8b-fc-r-checkpoint-984-merged-1batch-2560seq-3epoch-ALL::zh_parallel_multiple::zh_parallel_multiple_169,wrong,correct,b_correct_a_wrong
Salesforce_Llama-xLAM-2-8b-fc-r-checkpoint-984-merged-1batch-2560seq-3epoch-ALL::zh_parallel_multiple::zh_parallel_multiple_176,correct,correct,both_correct
Salesforce_Llama-xLAM-2-8b-fc-r-checkpoint-984-merged-1batch-2560seq-3epoch-ALL::zh_parallel_multiple::zh_parallel_multiple_180,correct,correct,both_correct
Salesforce_Llama-xLAM-2-8b-fc-r-checkpoint-984-merged-1batch-2560seq-3epoch-ALL::zh_parallel_multiple::zh_parallel_multiple_183,wrong,wrong,both_wrong
Salesforce_Llama-xLAM-2-8b-fc-r-checkpoint-984-merged-1batch-2560seq-3epoch-ALL::zh_parallel_multiple::zh_parallel_multiple_189,correct,correct,both_correct
Salesforce_Llama-xLAM-2-8b-fc-r-checkpoint-984-merged-1batch-2560seq-3epoch-ALL::zh_parallel_multiple::zh_parallel_multiple_19,correct,correct,both_correct
Salesforce_Llama-xLAM-2-8b-fc-r-checkpoint-984-merged-1batch-2560seq-3epoch-ALL::zh_parallel_multiple::zh_parallel_multiple_191,correct,correct,both_correct
Salesforce_Llama-xLAM-2-8b-fc-r-checkpoint-984-merged-1batch-2560seq-3epoch-ALL::zh_parallel_multiple::zh_parallel_multiple_192,correct,correct,both_correct
Salesforce_Llama-xLAM-2-8b-fc-r-checkpoint-984-merged-1batch-2560seq-3epoch-ALL::zh_parallel_multiple::zh_parallel_multiple_199,correct,correct,both_correct
Salesforce_Llama-xLAM-2-8b-fc-r-checkpoint-984-merged-1batch-2560seq-3epoch-ALL::zh_parallel_multiple::zh_parallel_multiple_21,wrong,correct,b_correct_a_wrong
Salesforce_Llama-xLAM-2-8b-fc-r-checkpoint-984-merged-1batch-2560seq-3epoch-ALL::zh_parallel_multiple::zh_parallel_multiple_33,correct,correct,both_correct
Salesforce_Llama-xLAM-2-8b-fc-r-checkpoint-984-merged-1batch-2560seq-3epoch-ALL::zh_parallel_multiple::zh_parallel_multiple_40,correct,correct,both_correct
Salesforce_Llama-xLAM-2-8b-fc-r-checkpoint-984-merged-1batch-2560seq-3epoch-ALL::zh_parallel_multiple::zh_parallel_multiple_42,correct,correct,both_correct
Salesforce_Llama-xLAM-2-8b-fc-r-checkpoint-984-merged-1batch-2560seq-3epoch-ALL::zh_parallel_multiple::zh_parallel_multiple_47,wrong,correct,b_correct_a_wrong
Salesforce_Llama-xLAM-2-8b-fc-r-checkpoint-984-merged-1batch-2560seq-3epoch-ALL::zh_parallel_multiple::zh_parallel_multiple_50,correct,correct,both_correct
Salesforce_Llama-xLAM-2-8b-fc-r-checkpoint-984-merged-1batch-2560seq-3epoch-ALL::zh_parallel_multiple::zh_parallel_multiple_53,correct,wrong,a_correct_b_wrong
Salesforce_Llama-xLAM-2-8b-fc-r-checkpoint-984-merged-1batch-2560seq-3epoch-ALL::zh_parallel_multiple::zh_parallel_multiple_54,wrong,correct,b_correct_a_wrong
Salesforce_Llama-xLAM-2-8b-fc-r-checkpoint-984-merged-1batch-2560seq-3epoch-ALL::zh_parallel_multiple::zh_parallel_multiple_55,correct,correct,both_correct
Salesforce_Llama-xLAM-2-8b-fc-r-checkpoint-984-merged-1batch-2560seq-3epoch-ALL::zh_parallel_multiple::zh_parallel_multiple_64,wrong,correct,b_correct_a_wrong
Salesforce_Llama-xLAM-2-8b-fc-r-checkpoint-984-merged-1batch-2560seq-3epoch-ALL::zh_parallel_multiple::zh_parallel_multiple_65,correct,correct,both_correct
Salesforce_Llama-xLAM-2-8b-fc-r-checkpoint-984-merged-1batch-2560seq-3epoch-ALL::zh_parallel_multiple::zh_parallel_multiple_69,wrong,wrong,both_wrong
Salesforce_Llama-xLAM-2-8b-fc-r-checkpoint-984-merged-1batch-2560seq-3epoch-ALL::zh_parallel_multiple::zh_parallel_multiple_70,correct,correct,both_correct
Salesforce_Llama-xLAM-2-8b-fc-r-checkpoint-984-merged-1batch-2560seq-3epoch-ALL::zh_parallel_multiple::zh_parallel_multiple_78,correct,correct,both_correct
Salesforce_Llama-xLAM-2-8b-fc-r-checkpoint-984-merged-1batch-2560seq-3epoch-ALL::zh_parallel_multiple::zh_parallel_multiple_81,wrong,correct,b_correct_a_wrong
Salesforce_Llama-xLAM-2-8b-fc-r-checkpoint-984-merged-1batch-2560seq-3epoch-ALL::zh_parallel_multiple::zh_parallel_multiple_87,correct,correct,both_correct
Salesforce_Llama-xLAM-2-8b-fc-r-checkpoint-984-merged-1batch-2560seq-3epoch-ALL::zh_parallel_multiple::zh_parallel_multiple_9,correct,correct,both_correct
Salesforce_Llama-xLAM-2-8b-fc-r-checkpoint-984-merged-1batch-2560seq-3epoch-ALL::zh_parallel_multiple::zh_parallel_multiple_91,correct,correct,both_correct
Salesforce_Llama-xLAM-2-8b-fc-r-checkpoint-984-merged-1batch-2560seq-3epoch-ALL::zh_parallel_multiple::zh_parallel_multiple_93,correct,correct,both_correct
Salesforce_Llama-xLAM-2-8b-fc-r-checkpoint-984-merged-1batch-2560seq-3epoch-ALL::zh_parallel_multiple::zh_parallel_multiple_94,wrong,correct,b_correct_a_wrong
Salesforce_Llama-xLAM-2-8b-fc-r-checkpoint-984-merged-1batch-2560seq-3epoch-ALL::zh_parallel_multiple::zh_parallel_multiple_96,correct,correct,both_correct
Salesforce_Llama-xLAM-2-8b-fc-r-checkpoint-984-merged-1batch-2560seq-3epoch-ALL::zh_parallel_multiple::zh_parallel_multiple_97,wrong,correct,b_correct_a_wrong
Salesforce_Llama-xLAM-2-8b-fc-r-checkpoint-984-merged-1batch-2560seq-3epoch-ALL::zh_simple_python::zh_simple_python_158,wrong,correct,b_correct_a_wrong
Salesforce_Llama-xLAM-2-8b-fc-r-checkpoint-984-merged-1batch-2560seq-3epoch-ALL::zh_simple_python::zh_simple_python_159,wrong,correct,b_correct_a_wrong
Salesforce_Llama-xLAM-2-8b-fc-r-checkpoint-984-merged-1batch-2560seq-3epoch-ALL::zh_simple_python::zh_simple_python_162,correct,correct,both_correct
Salesforce_Llama-xLAM-2-8b-fc-r-checkpoint-984-merged-1batch-2560seq-3epoch-ALL::zh_simple_python::zh_simple_python_163,correct,correct,both_correct
Salesforce_Llama-xLAM-2-8b-fc-r-checkpoint-984-merged-1batch-2560seq-3epoch-ALL::zh_simple_python::zh_simple_python_166,correct,correct,both_correct
Salesforce_Llama-xLAM-2-8b-fc-r-checkpoint-984-merged-1batch-2560seq-3epoch-ALL::zh_simple_python::zh_simple_python_173,correct,correct,both_correct
Salesforce_Llama-xLAM-2-8b-fc-r-checkpoint-984-merged-1batch-2560seq-3epoch-ALL::zh_simple_python::zh_simple_python_174,correct,correct,both_correct
Salesforce_Llama-xLAM-2-8b-fc-r-checkpoint-984-merged-1batch-2560seq-3epoch-ALL::zh_simple_python::zh_simple_python_197,correct,correct,both_correct
Salesforce_Llama-xLAM-2-8b-fc-r-checkpoint-984-merged-1batch-2560seq-3epoch-ALL::zh_simple_python::zh_simple_python_200,correct,correct,both_correct
Salesforce_Llama-xLAM-2-8b-fc-r-checkpoint-984-merged-1batch-2560seq-3epoch-ALL::zh_simple_python::zh_simple_python_202,correct,correct,both_correct
Salesforce_Llama-xLAM-2-8b-fc-r-checkpoint-984-merged-1batch-2560seq-3epoch-ALL::zh_simple_python::zh_simple_python_209,correct,correct,both_correct
Salesforce_Llama-xLAM-2-8b-fc-r-checkpoint-984-merged-1batch-2560seq-3epoch-ALL::zh_simple_python::zh_simple_python_224,wrong,correct,b_correct_a_wrong
Salesforce_Llama-xLAM-2-8b-fc-r-checkpoint-984-merged-1batch-2560seq-3epoch-ALL::zh_simple_python::zh_simple_python_229,correct,correct,both_correct
Salesforce_Llama-xLAM-2-8b-fc-r-checkpoint-984-merged-1batch-2560seq-3epoch-ALL::zh_simple_python::zh_simple_python_234,wrong,correct,b_correct_a_wrong
Salesforce_Llama-xLAM-2-8b-fc-r-checkpoint-984-merged-1batch-2560seq-3epoch-ALL::zh_simple_python::zh_simple_python_242,wrong,correct,b_correct_a_wrong
Salesforce_Llama-xLAM-2-8b-fc-r-checkpoint-984-merged-1batch-2560seq-3epoch-ALL::zh_simple_python::zh_simple_python_255,correct,correct,both_correct
Salesforce_Llama-xLAM-2-8b-fc-r-checkpoint-984-merged-1batch-2560seq-3epoch-ALL::zh_simple_python::zh_simple_python_273,correct,correct,both_correct
Salesforce_Llama-xLAM-2-8b-fc-r-checkpoint-984-merged-1batch-2560seq-3epoch-ALL::zh_simple_python::zh_simple_python_276,correct,correct,both_correct
Salesforce_Llama-xLAM-2-8b-fc-r-checkpoint-984-merged-1batch-2560seq-3epoch-ALL::zh_simple_python::zh_simple_python_278,correct,correct,both_correct
Salesforce_Llama-xLAM-2-8b-fc-r-checkpoint-984-merged-1batch-2560seq-3epoch-ALL::zh_simple_python::zh_simple_python_283,correct,correct,both_correct
Salesforce_Llama-xLAM-2-8b-fc-r-checkpoint-984-merged-1batch-2560seq-3epoch-ALL::zh_simple_python::zh_simple_python_295,correct,correct,both_correct
Salesforce_Llama-xLAM-2-8b-fc-r-checkpoint-984-merged-1batch-2560seq-3epoch-ALL::zh_simple_python::zh_simple_python_304,wrong,correct,b_correct_a_wrong
Salesforce_Llama-xLAM-2-8b-fc-r-checkpoint-984-merged-1batch-2560seq-3epoch-ALL::zh_simple_python::zh_simple_python_305,correct,correct,both_correct
Salesforce_Llama-xLAM-2-8b-fc-r-checkpoint-984-merged-1batch-2560seq-3epoch-ALL::zh_simple_python::zh_simple_python_315,wrong,wrong,both_wrong
Salesforce_Llama-xLAM-2-8b-fc-r-checkpoint-984-merged-1batch-2560seq-3epoch-ALL::zh_simple_python::zh_simple_python_316,correct,correct,both_correct
Salesforce_Llama-xLAM-2-8b-fc-r-checkpoint-984-merged-1batch-2560seq-3epoch-ALL::zh_simple_python::zh_simple_python_324,correct,correct,both_correct
Salesforce_Llama-xLAM-2-8b-fc-r-checkpoint-984-merged-1batch-2560seq-3epoch-ALL::zh_simple_python::zh_simple_python_326,correct,correct,both_correct
Salesforce_Llama-xLAM-2-8b-fc-r-checkpoint-984-merged-1batch-2560seq-3epoch-ALL::zh_simple_python::zh_simple_python_327,correct,correct,both_correct
Salesforce_Llama-xLAM-2-8b-fc-r-checkpoint-984-merged-1batch-2560seq-3epoch-ALL::zh_simple_python::zh_simple_python_344,correct,correct,both_correct
Salesforce_Llama-xLAM-2-8b-fc-r-checkpoint-984-merged-1batch-2560seq-3epoch-ALL::zh_simple_python::zh_simple_python_352,correct,correct,both_correct
Salesforce_Llama-xLAM-2-8b-fc-r-checkpoint-984-merged-1batch-2560seq-3epoch-ALL::zh_simple_python::zh_simple_python_369,correct,correct,both_correct
Salesforce_Llama-xLAM-2-8b-fc-r-checkpoint-984-merged-1batch-2560seq-3epoch-ALL::zh_simple_python::zh_simple_python_373,wrong,correct,b_correct_a_wrong
Salesforce_Llama-xLAM-2-8b-fc-r-checkpoint-984-merged-1batch-2560seq-3epoch-ALL::zh_simple_python::zh_simple_python_374,correct,correct,both_correct
Salesforce_Llama-xLAM-2-8b-fc-r-checkpoint-984-merged-1batch-2560seq-3epoch-ALL::zh_simple_python::zh_simple_python_375,wrong,correct,b_correct_a_wrong
Salesforce_Llama-xLAM-2-8b-fc-r-checkpoint-984-merged-1batch-2560seq-3epoch-ALL::zh_simple_python::zh_simple_python_378,correct,correct,both_correct
Salesforce_Llama-xLAM-2-8b-fc-r-checkpoint-984-merged-1batch-2560seq-3epoch-ALL::zh_simple_python::zh_simple_python_380,correct,correct,both_correct
Salesforce_Llama-xLAM-2-8b-fc-r-checkpoint-984-merged-1batch-2560seq-3epoch-ALL::zh_simple_python::zh_simple_python_386,wrong,correct,b_correct_a_wrong
Salesforce_Llama-xLAM-2-8b-fc-r-checkpoint-984-merged-1batch-2560seq-3epoch-ALL::zh_simple_python::zh_simple_python_387,correct,correct,both_correct
Salesforce_Llama-xLAM-2-8b-fc-r-checkpoint-984-merged-1batch-2560seq-3epoch-ALL::zh_simple_python::zh_simple_python_390,wrong,correct,b_correct_a_wrong
Salesforce_Llama-xLAM-2-8b-fc-r-checkpoint-984-merged-1batch-2560seq-3epoch-ALL::zh_simple_python::zh_simple_python_59,wrong,correct,b_correct_a_wrong
Salesforce_Llama-xLAM-2-8b-fc-r-checkpoint-984-merged-1batch-2560seq-3epoch-ALL::zh_simple_python::zh_simple_python_63,correct,correct,both_correct
Salesforce_Llama-xLAM-2-8b-fc-r-checkpoint-984-merged-1batch-2560seq-3epoch-ALL::zh_simple_python::zh_simple_python_77,correct,correct,both_correct
Salesforce_Llama-xLAM-2-8b-fc-r-checkpoint-984-merged-1batch-2560seq-3epoch-ALL::zh_simple_python::zh_simple_python_85,correct,correct,both_correct
Salesforce_Llama-xLAM-2-8b-fc-r-checkpoint-984-merged-1batch-2560seq-3epoch-ALL::zh_simple_python::zh_simple_python_98,wrong,correct,b_correct_a_wrong
Salesforce_Llama-xLAM-2-8b-fc-r::zh_multiple::zh_multiple_109,correct,correct,both_correct
Salesforce_Llama-xLAM-2-8b-fc-r::zh_multiple::zh_multiple_115,correct,correct,both_correct
Salesforce_Llama-xLAM-2-8b-fc-r::zh_multiple::zh_multiple_134,correct,correct,both_correct
Salesforce_Llama-xLAM-2-8b-fc-r::zh_multiple::zh_multiple_136,wrong,correct,b_correct_a_wrong
Salesforce_Llama-xLAM-2-8b-fc-r::zh_multiple::zh_multiple_149,correct,correct,both_correct
Salesforce_Llama-xLAM-2-8b-fc-r::zh_multiple::zh_multiple_151,wrong,correct,b_correct_a_wrong
Salesforce_Llama-xLAM-2-8b-fc-r::zh_multiple::zh_multiple_160,wrong,correct,b_correct_a_wrong
Salesforce_Llama-xLAM-2-8b-fc-r::zh_multiple::zh_multiple_165,correct,correct,both_correct
Salesforce_Llama-xLAM-2-8b-fc-r::zh_multiple::zh_multiple_168,correct,correct,both_correct
Salesforce_Llama-xLAM-2-8b-fc-r::zh_multiple::zh_multiple_18,correct,correct,both_correct
Salesforce_Llama-xLAM-2-8b-fc-r::zh_multiple::zh_multiple_190,wrong,correct,b_correct_a_wrong
Salesforce_Llama-xLAM-2-8b-fc-r::zh_multiple::zh_multiple_191,wrong,correct,b_correct_a_wrong
Salesforce_Llama-xLAM-2-8b-fc-r::zh_multiple::zh_multiple_192,wrong,correct,b_correct_a_wrong
Salesforce_Llama-xLAM-2-8b-fc-r::zh_multiple::zh_multiple_193,correct,correct,both_correct
Salesforce_Llama-xLAM-2-8b-fc-r::zh_multiple::zh_multiple_199,correct,correct,both_correct
Salesforce_Llama-xLAM-2-8b-fc-r::zh_multiple::zh_multiple_58,wrong,correct,b_correct_a_wrong
Salesforce_Llama-xLAM-2-8b-fc-r::zh_multiple::zh_multiple_61,wrong,correct,b_correct_a_wrong
Salesforce_Llama-xLAM-2-8b-fc-r::zh_multiple::zh_multiple_67,wrong,correct,b_correct_a_wrong
Salesforce_Llama-xLAM-2-8b-fc-r::zh_multiple::zh_multiple_78,correct,correct,both_correct
Salesforce_Llama-xLAM-2-8b-fc-r::zh_multiple::zh_multiple_89,correct,correct,both_correct
Salesforce_Llama-xLAM-2-8b-fc-r::zh_multiple::zh_multiple_91,wrong,correct,b_correct_a_wrong
Salesforce_Llama-xLAM-2-8b-fc-r::zh_multiple::zh_multiple_93,correct,correct,both_correct
Salesforce_Llama-xLAM-2-8b-fc-r::zh_multiple::zh_multiple_94,wrong,correct,b_correct_a_wrong
Salesforce_Llama-xLAM-2-8b-fc-r::zh_parallel::zh_parallel_117,wrong,correct,b_correct_a_wrong
Salesforce_Llama-xLAM-2-8b-fc-r::zh_parallel::zh_parallel_119,correct,correct,both_correct
Salesforce_Llama-xLAM-2-8b-fc-r::zh_parallel::zh_parallel_127,correct,correct,both_correct
Salesforce_Llama-xLAM-2-8b-fc-r::zh_parallel::zh_parallel_13,wrong,correct,b_correct_a_wrong
Salesforce_Llama-xLAM-2-8b-fc-r::zh_parallel::zh_parallel_130,correct,correct,both_correct
Salesforce_Llama-xLAM-2-8b-fc-r::zh_parallel::zh_parallel_131,correct,correct,both_correct
Salesforce_Llama-xLAM-2-8b-fc-r::zh_parallel::zh_parallel_151,correct,correct,both_correct
Salesforce_Llama-xLAM-2-8b-fc-r::zh_parallel::zh_parallel_155,correct,correct,both_correct
Salesforce_Llama-xLAM-2-8b-fc-r::zh_parallel::zh_parallel_159,wrong,correct,b_correct_a_wrong
Salesforce_Llama-xLAM-2-8b-fc-r::zh_parallel::zh_parallel_181,wrong,correct,b_correct_a_wrong
Salesforce_Llama-xLAM-2-8b-fc-r::zh_parallel::zh_parallel_189,correct,correct,both_correct
Salesforce_Llama-xLAM-2-8b-fc-r::zh_parallel::zh_parallel_19,correct,correct,both_correct
Salesforce_Llama-xLAM-2-8b-fc-r::zh_parallel::zh_parallel_194,correct,correct,both_correct
Salesforce_Llama-xLAM-2-8b-fc-r::zh_parallel::zh_parallel_3,wrong,correct,b_correct_a_wrong
Salesforce_Llama-xLAM-2-8b-fc-r::zh_parallel::zh_parallel_40,correct,correct,both_correct
Salesforce_Llama-xLAM-2-8b-fc-r::zh_parallel::zh_parallel_44,wrong,correct,b_correct_a_wrong
Salesforce_Llama-xLAM-2-8b-fc-r::zh_parallel::zh_parallel_52,correct,correct,both_correct
Salesforce_Llama-xLAM-2-8b-fc-r::zh_parallel::zh_parallel_68,wrong,correct,b_correct_a_wrong
Salesforce_Llama-xLAM-2-8b-fc-r::zh_parallel::zh_parallel_89,correct,correct,both_correct
Salesforce_Llama-xLAM-2-8b-fc-r::zh_parallel::zh_parallel_93,correct,correct,both_correct
Salesforce_Llama-xLAM-2-8b-fc-r::zh_parallel_multiple::zh_parallel_multiple_106,correct,correct,both_correct
Salesforce_Llama-xLAM-2-8b-fc-r::zh_parallel_multiple::zh_parallel_multiple_118,wrong,correct,b_correct_a_wrong
Salesforce_Llama-xLAM-2-8b-fc-r::zh_parallel_multiple::zh_parallel_multiple_126,correct,correct,both_correct
Salesforce_Llama-xLAM-2-8b-fc-r::zh_parallel_multiple::zh_parallel_multiple_127,correct,correct,both_correct
Salesforce_Llama-xLAM-2-8b-fc-r::zh_parallel_multiple::zh_parallel_multiple_128,correct,correct,both_correct
Salesforce_Llama-xLAM-2-8b-fc-r::zh_parallel_multiple::zh_parallel_multiple_129,correct,correct,both_correct
Salesforce_Llama-xLAM-2-8b-fc-r::zh_parallel_multiple::zh_parallel_multiple_135,correct,correct,both_correct
Salesforce_Llama-xLAM-2-8b-fc-r::zh_parallel_multiple::zh_parallel_multiple_137,correct,correct,both_correct
Salesforce_Llama-xLAM-2-8b-fc-r::zh_parallel_multiple::zh_parallel_multiple_139,correct,correct,both_correct
Salesforce_Llama-xLAM-2-8b-fc-r::zh_parallel_multiple::zh_parallel_multiple_141,correct,correct,both_correct
Salesforce_Llama-xLAM-2-8b-fc-r::zh_parallel_multiple::zh_parallel_multiple_147,correct,correct,both_correct
Salesforce_Llama-xLAM-2-8b-fc-r::zh_parallel_multiple::zh_parallel_multiple_148,correct,correct,both_correct
Salesforce_Llama-xLAM-2-8b-fc-r::zh_parallel_multiple::zh_parallel_multiple_149,correct,correct,both_correct
Salesforce_Llama-xLAM-2-8b-fc-r::zh_parallel_multiple::zh_parallel_multiple_150,correct,correct,both_correct
Salesforce_Llama-xLAM-2-8b-fc-r::zh_parallel_multiple::zh_parallel_multiple_153,correct,correct,both_correct
Salesforce_Llama-xLAM-2-8b-fc-r::zh_parallel_multiple::zh_parallel_multiple_156,correct,correct,both_correct
Salesforce_Llama-xLAM-2-8b-fc-r::zh_parallel_multiple::zh_parallel_multiple_157,correct,correct,both_correct
Salesforce_Llama-xLAM-2-8b-fc-r::zh_parallel_multiple::zh_parallel_multiple_158,correct,correct,both_correct
Salesforce_Llama-xLAM-2-8b-fc-r::zh_parallel_multiple::zh_parallel_multiple_159,correct,correct,both_correct
Salesforce_Llama-xLAM-2-8b-fc-r::zh_parallel_multiple::zh_parallel_multiple_160,correct,correct,both_correct
Salesforce_Llama-xLAM-2-8b-fc-r::zh_parallel_multiple::zh_parallel_multiple_165,correct,correct,both_correct
Salesforce_Llama-xLAM-2-8b-fc-r::zh_parallel_multiple::zh_parallel_multiple_169,wrong,correct,b_correct_a_wrong
Salesforce_Llama-xLAM-2-8b-fc-r::zh_parallel_multiple::zh_parallel_multiple_176,correct,correct,both_correct
Salesforce_Llama-xLAM-2-8b-fc-r::zh_parallel_multiple::zh_parallel_multiple_177,correct,correct,both_correct
Salesforce_Llama-xLAM-2-8b-fc-r::zh_parallel_multiple::zh_parallel_multiple_189,correct,correct,both_correct
Salesforce_Llama-xLAM-2-8b-fc-r::zh_parallel_multiple::zh_parallel_multiple_19,correct,correct,both_correct
Salesforce_Llama-xLAM-2-8b-fc-r::zh_parallel_multiple::zh_parallel_multiple_192,correct,correct,both_correct
Salesforce_Llama-xLAM-2-8b-fc-r::zh_parallel_multiple::zh_parallel_multiple_196,correct,correct,both_correct
Salesforce_Llama-xLAM-2-8b-fc-r::zh_parallel_multiple::zh_parallel_multiple_198,wrong,correct,b_correct_a_wrong
Salesforce_Llama-xLAM-2-8b-fc-r::zh_parallel_multiple::zh_parallel_multiple_21,correct,correct,both_correct
Salesforce_Llama-xLAM-2-8b-fc-r::zh_parallel_multiple::zh_parallel_multiple_27,correct,correct,both_correct
Salesforce_Llama-xLAM-2-8b-fc-r::zh_parallel_multiple::zh_parallel_multiple_32,correct,correct,both_correct
Salesforce_Llama-xLAM-2-8b-fc-r::zh_parallel_multiple::zh_parallel_multiple_33,correct,correct,both_correct
Salesforce_Llama-xLAM-2-8b-fc-r::zh_parallel_multiple::zh_parallel_multiple_37,correct,correct,both_correct
Salesforce_Llama-xLAM-2-8b-fc-r::zh_parallel_multiple::zh_parallel_multiple_40,correct,correct,both_correct
Salesforce_Llama-xLAM-2-8b-fc-r::zh_parallel_multiple::zh_parallel_multiple_53,wrong,wrong,both_wrong
Salesforce_Llama-xLAM-2-8b-fc-r::zh_parallel_multiple::zh_parallel_multiple_65,correct,correct,both_correct
Salesforce_Llama-xLAM-2-8b-fc-r::zh_parallel_multiple::zh_parallel_multiple_69,wrong,correct,b_correct_a_wrong
Salesforce_Llama-xLAM-2-8b-fc-r::zh_parallel_multiple::zh_parallel_multiple_81,wrong,correct,b_correct_a_wrong
Salesforce_Llama-xLAM-2-8b-fc-r::zh_parallel_multiple::zh_parallel_multiple_83,correct,correct,both_correct
Salesforce_Llama-xLAM-2-8b-fc-r::zh_parallel_multiple::zh_parallel_multiple_87,correct,correct,both_correct
Salesforce_Llama-xLAM-2-8b-fc-r::zh_parallel_multiple::zh_parallel_multiple_91,correct,correct,both_correct
Salesforce_Llama-xLAM-2-8b-fc-r::zh_parallel_multiple::zh_parallel_multiple_93,correct,correct,both_correct
Salesforce_Llama-xLAM-2-8b-fc-r::zh_parallel_multiple::zh_parallel_multiple_94,correct,correct,both_correct
Salesforce_Llama-xLAM-2-8b-fc-r::zh_parallel_multiple::zh_parallel_multiple_97,wrong,correct,b_correct_a_wrong
Salesforce_Llama-xLAM-2-8b-fc-r::zh_simple_python::zh_simple_python_126,wrong,correct,b_correct_a_wrong
Salesforce_Llama-xLAM-2-8b-fc-r::zh_simple_python::zh_simple_python_156,correct,correct,both_correct
Salesforce_Llama-xLAM-2-8b-fc-r::zh_simple_python::zh_simple_python_158,correct,correct,both_correct
Salesforce_Llama-xLAM-2-8b-fc-r::zh_simple_python::zh_simple_python_159,wrong,correct,b_correct_a_wrong
Salesforce_Llama-xLAM-2-8b-fc-r::zh_simple_python::zh_simple_python_163,correct,correct,both_correct
Salesforce_Llama-xLAM-2-8b-fc-r::zh_simple_python::zh_simple_python_164,wrong,correct,b_correct_a_wrong
Salesforce_Llama-xLAM-2-8b-fc-r::zh_simple_python::zh_simple_python_166,correct,correct,both_correct
Salesforce_Llama-xLAM-2-8b-fc-r::zh_simple_python::zh_simple_python_171,correct,correct,both_correct
Salesforce_Llama-xLAM-2-8b-fc-r::zh_simple_python::zh_simple_python_173,correct,correct,both_correct
Salesforce_Llama-xLAM-2-8b-fc-r::zh_simple_python::zh_simple_python_183,wrong,correct,b_correct_a_wrong
Salesforce_Llama-xLAM-2-8b-fc-r::zh_simple_python::zh_simple_python_197,correct,correct,both_correct
Salesforce_Llama-xLAM-2-8b-fc-r::zh_simple_python::zh_simple_python_200,wrong,correct,b_correct_a_wrong
Salesforce_Llama-xLAM-2-8b-fc-r::zh_simple_python::zh_simple_python_216,correct,correct,both_correct
Salesforce_Llama-xLAM-2-8b-fc-r::zh_simple_python::zh_simple_python_219,wrong,correct,b_correct_a_wrong
Salesforce_Llama-xLAM-2-8b-fc-r::zh_simple_python::zh_simple_python_224,wrong,correct,b_correct_a_wrong
Salesforce_Llama-xLAM-2-8b-fc-r::zh_simple_python::zh_simple_python_229,wrong,correct,b_correct_a_wrong
Salesforce_Llama-xLAM-2-8b-fc-r::zh_simple_python::zh_simple_python_234,wrong,correct,b_correct_a_wrong
Salesforce_Llama-xLAM-2-8b-fc-r::zh_simple_python::zh_simple_python_241,wrong,correct,b_correct_a_wrong
Salesforce_Llama-xLAM-2-8b-fc-r::zh_simple_python::zh_simple_python_267,correct,correct,both_correct
Salesforce_Llama-xLAM-2-8b-fc-r::zh_simple_python::zh_simple_python_283,correct,correct,both_correct
Salesforce_Llama-xLAM-2-8b-fc-r::zh_simple_python::zh_simple_python_295,correct,correct,both_correct
Salesforce_Llama-xLAM-2-8b-fc-r::zh_simple_python::zh_simple_python_304,wrong,correct,b_correct_a_wrong
Salesforce_Llama-xLAM-2-8b-fc-r::zh_simple_python::zh_simple_python_306,wrong,correct,b_correct_a_wrong
Salesforce_Llama-xLAM-2-8b-fc-r::zh_simple_python::zh_simple_python_315,wrong,wrong,both_wrong
Salesforce_Llama-xLAM-2-8b-fc-r::zh_simple_python::zh_simple_python_327,correct,correct,both_correct
Salesforce_Llama-xLAM-2-8b-fc-r::zh_simple_python::zh_simple_python_344,correct,correct,both_correct
Salesforce_Llama-xLAM-2-8b-fc-r::zh_simple_python::zh_simple_python_352,correct,correct,both_correct
Salesforce_Llama-xLAM-2-8b-fc-r::zh_simple_python::zh_simple_python_364,correct,correct,both_correct
Salesforce_Llama-xLAM-2-8b-fc-r::zh_simple_python::zh_simple_python_372,wrong,correct,b_correct_a_wrong
Salesforce_Llama-xLAM-2-8b-fc-r::zh_simple_python::zh_simple_python_375,wrong,correct,b_correct_a_wrong
Salesforce_Llama-xLAM-2-8b-fc-r::zh_simple_python::zh_simple_python_386,correct,correct,both_correct
Salesforce_Llama-xLAM-2-8b-fc-r::zh_simple_python::zh_simple_python_387,correct,correct,both_correct
Salesforce_Llama-xLAM-2-8b-fc-r::zh_simple_python::zh_simple_python_390,wrong,correct,b_correct_a_wrong
Salesforce_Llama-xLAM-2-8b-fc-r::zh_simple_python::zh_simple_python_55,correct,correct,both_correct
Salesforce_Llama-xLAM-2-8b-fc-r::zh_simple_python::zh_simple_python_65,wrong,correct,b_correct_a_wrong
Salesforce_Llama-xLAM-2-8b-fc-r::zh_simple_python::zh_simple_python_77,correct,correct,both_correct
Salesforce_Llama-xLAM-2-8b-fc-r::zh_simple_python::zh_simple_python_98,wrong,correct,b_correct_a_wrong
Team-ACE_ToolACE-2-8B::zh_multiple::zh_multiple_115,correct,correct,both_correct
Team-ACE_ToolACE-2-8B::zh_multiple::zh_multiple_136,wrong,correct,b_correct_a_wrong
Team-ACE_ToolACE-2-8B::zh_multiple::zh_multiple_149,correct,correct,both_correct
Team-ACE_ToolACE-2-8B::zh_multiple::zh_multiple_151,wrong,correct,b_correct_a_wrong
Team-ACE_ToolACE-2-8B::zh_multiple::zh_multiple_160,wrong,correct,b_correct_a_wrong
Team-ACE_ToolACE-2-8B::zh_multiple::zh_multiple_165,correct,correct,both_correct
Team-ACE_ToolACE-2-8B::zh_multiple::zh_multiple_168,correct,correct,both_correct
Team-ACE_ToolACE-2-8B::zh_multiple::zh_multiple_186,wrong,correct,b_correct_a_wrong
Team-ACE_ToolACE-2-8B::zh_multiple::zh_multiple_192,wrong,correct,b_correct_a_wrong
Team-ACE_ToolACE-2-8B::zh_multiple::zh_multiple_58,wrong,correct,b_correct_a_wrong
Team-ACE_ToolACE-2-8B::zh_multiple::zh_multiple_61,wrong,correct,b_correct_a_wrong
Team-ACE_ToolACE-2-8B::zh_multiple::zh_multiple_67,correct,correct,both_correct
Team-ACE_ToolACE-2-8B::zh_multiple::zh_multiple_78,correct,correct,both_correct
Team-ACE_ToolACE-2-8B::zh_multiple::zh_multiple_81,wrong,correct,b_correct_a_wrong
Team-ACE_ToolACE-2-8B::zh_multiple::zh_multiple_91,wrong,correct,b_correct_a_wrong
Team-ACE_ToolACE-2-8B::zh_multiple::zh_multiple_93,correct,correct,both_correct
Team-ACE_ToolACE-2-8B::zh_multiple::zh_multiple_94,correct,correct,both_correct
Team-ACE_ToolACE-2-8B::zh_parallel::zh_parallel_117,wrong,correct,b_correct_a_wrong
Team-ACE_ToolACE-2-8B::zh_parallel::zh_parallel_119,correct,correct,both_correct
Team-ACE_ToolACE-2-8B::zh_parallel::zh_parallel_130,correct,correct,both_correct
Team-ACE_ToolACE-2-8B::zh_parallel::zh_parallel_151,correct,correct,both_correct
Team-ACE_ToolACE-2-8B::zh_parallel::zh_parallel_159,wrong,correct,b_correct_a_wrong
Team-ACE_ToolACE-2-8B::zh_parallel::zh_parallel_181,wrong,correct,b_correct_a_wrong
Team-ACE_ToolACE-2-8B::zh_parallel::zh_parallel_187,correct,correct,both_correct
Team-ACE_ToolACE-2-8B::zh_parallel::zh_parallel_189,correct,correct,both_correct
Team-ACE_ToolACE-2-8B::zh_parallel::zh_parallel_191,correct,correct,both_correct
Team-ACE_ToolACE-2-8B::zh_parallel::zh_parallel_194,correct,correct,both_correct
Team-ACE_ToolACE-2-8B::zh_parallel::zh_parallel_21,correct,correct,both_correct
Team-ACE_ToolACE-2-8B::zh_parallel::zh_parallel_51,wrong,correct,b_correct_a_wrong
Team-ACE_ToolACE-2-8B::zh_parallel::zh_parallel_52,correct,correct,both_correct
Team-ACE_ToolACE-2-8B::zh_parallel::zh_parallel_68,wrong,correct,b_correct_a_wrong
Team-ACE_ToolACE-2-8B::zh_parallel::zh_parallel_91,correct,correct,both_correct
Team-ACE_ToolACE-2-8B::zh_parallel::zh_parallel_94,wrong,wrong,both_wrong
Team-ACE_ToolACE-2-8B::zh_parallel_multiple::zh_parallel_multiple_106,wrong,correct,b_correct_a_wrong
Team-ACE_ToolACE-2-8B::zh_parallel_multiple::zh_parallel_multiple_107,correct,correct,both_correct
Team-ACE_ToolACE-2-8B::zh_parallel_multiple::zh_parallel_multiple_113,correct,correct,both_correct
Team-ACE_ToolACE-2-8B::zh_parallel_multiple::zh_parallel_multiple_115,correct,correct,both_correct
Team-ACE_ToolACE-2-8B::zh_parallel_multiple::zh_parallel_multiple_119,correct,correct,both_correct
Team-ACE_ToolACE-2-8B::zh_parallel_multiple::zh_parallel_multiple_120,correct,correct,both_correct
Team-ACE_ToolACE-2-8B::zh_parallel_multiple::zh_parallel_multiple_122,correct,correct,both_correct
Team-ACE_ToolACE-2-8B::zh_parallel_multiple::zh_parallel_multiple_125,wrong,correct,b_correct_a_wrong
Team-ACE_ToolACE-2-8B::zh_parallel_multiple::zh_parallel_multiple_126,correct,correct,both_correct
Team-ACE_ToolACE-2-8B::zh_parallel_multiple::zh_parallel_multiple_127,correct,correct,both_correct
Team-ACE_ToolACE-2-8B::zh_parallel_multiple::zh_parallel_multiple_128,correct,correct,both_correct
Team-ACE_ToolACE-2-8B::zh_parallel_multiple::zh_parallel_multiple_135,wrong,correct,b_correct_a_wrong
Team-ACE_ToolACE-2-8B::zh_parallel_multiple::zh_parallel_multiple_139,correct,correct,both_correct
Team-ACE_ToolACE-2-8B::zh_parallel_multiple::zh_parallel_multiple_141,correct,correct,both_correct
Team-ACE_ToolACE-2-8B::zh_parallel_multiple::zh_parallel_multiple_145,correct,correct,both_correct
Team-ACE_ToolACE-2-8B::zh_parallel_multiple::zh_parallel_multiple_147,correct,correct,both_correct
Team-ACE_ToolACE-2-8B::zh_parallel_multiple::zh_parallel_multiple_148,correct,correct,both_correct
Team-ACE_ToolACE-2-8B::zh_parallel_multiple::zh_parallel_multiple_154,correct,correct,both_correct
Team-ACE_ToolACE-2-8B::zh_parallel_multiple::zh_parallel_multiple_160,correct,correct,both_correct
Team-ACE_ToolACE-2-8B::zh_parallel_multiple::zh_parallel_multiple_165,correct,correct,both_correct
Team-ACE_ToolACE-2-8B::zh_parallel_multiple::zh_parallel_multiple_176,correct,correct,both_correct
Team-ACE_ToolACE-2-8B::zh_parallel_multiple::zh_parallel_multiple_192,correct,correct,both_correct
Team-ACE_ToolACE-2-8B::zh_parallel_multiple::zh_parallel_multiple_198,wrong,correct,b_correct_a_wrong
Team-ACE_ToolACE-2-8B::zh_parallel_multiple::zh_parallel_multiple_21,wrong,correct,b_correct_a_wrong
Team-ACE_ToolACE-2-8B::zh_parallel_multiple::zh_parallel_multiple_22,correct,correct,both_correct
Team-ACE_ToolACE-2-8B::zh_parallel_multiple::zh_parallel_multiple_32,correct,correct,both_correct
Team-ACE_ToolACE-2-8B::zh_parallel_multiple::zh_parallel_multiple_33,correct,correct,both_correct
Team-ACE_ToolACE-2-8B::zh_parallel_multiple::zh_parallel_multiple_42,correct,correct,both_correct
Team-ACE_ToolACE-2-8B::zh_parallel_multiple::zh_parallel_multiple_53,correct,wrong,a_correct_b_wrong
Team-ACE_ToolACE-2-8B::zh_parallel_multiple::zh_parallel_multiple_54,wrong,correct,b_correct_a_wrong
Team-ACE_ToolACE-2-8B::zh_parallel_multiple::zh_parallel_multiple_64,wrong,correct,b_correct_a_wrong
Team-ACE_ToolACE-2-8B::zh_parallel_multiple::zh_parallel_multiple_65,correct,correct,both_correct
Team-ACE_ToolACE-2-8B::zh_parallel_multiple::zh_parallel_multiple_69,wrong,wrong,both_wrong
Team-ACE_ToolACE-2-8B::zh_parallel_multiple::zh_parallel_multiple_78,wrong,correct,b_correct_a_wrong
Team-ACE_ToolACE-2-8B::zh_parallel_multiple::zh_parallel_multiple_87,correct,correct,both_correct
Team-ACE_ToolACE-2-8B::zh_parallel_multiple::zh_parallel_multiple_91,correct,correct,both_correct
Team-ACE_ToolACE-2-8B::zh_parallel_multiple::zh_parallel_multiple_94,wrong,correct,b_correct_a_wrong
Team-ACE_ToolACE-2-8B::zh_parallel_multiple::zh_parallel_multiple_97,wrong,correct,b_correct_a_wrong
Team-ACE_ToolACE-2-8B::zh_simple_python::zh_simple_python_110,correct,correct,both_correct
Team-ACE_ToolACE-2-8B::zh_simple_python::zh_simple_python_156,correct,correct,both_correct
Team-ACE_ToolACE-2-8B::zh_simple_python::zh_simple_python_159,wrong,correct,b_correct_a_wrong
Team-ACE_ToolACE-2-8B::zh_simple_python::zh_simple_python_162,correct,correct,both_correct
Team-ACE_ToolACE-2-8B::zh_simple_python::zh_simple_python_163,correct,correct,both_correct
Team-ACE_ToolACE-2-8B::zh_simple_python::zh_simple_python_164,correct,correct,both_correct
Team-ACE_ToolACE-2-8B::zh_simple_python::zh_simple_python_166,correct,correct,both_correct
Team-ACE_ToolACE-2-8B::zh_simple_python::zh_simple_python_191,correct,correct,both_correct
Team-ACE_ToolACE-2-8B::zh_simple_python::zh_simple_python_200,correct,correct,both_correct
Team-ACE_ToolACE-2-8B::zh_simple_python::zh_simple_python_202,correct,correct,both_correct
Team-ACE_ToolACE-2-8B::zh_simple_python::zh_simple_python_207,correct,correct,both_correct
Team-ACE_ToolACE-2-8B::zh_simple_python::zh_simple_python_216,correct,correct,both_correct
Team-ACE_ToolACE-2-8B::zh_simple_python::zh_simple_python_224,wrong,correct,b_correct_a_wrong
Team-ACE_ToolACE-2-8B::zh_simple_python::zh_simple_python_229,correct,correct,both_correct
Team-ACE_ToolACE-2-8B::zh_simple_python::zh_simple_python_234,wrong,correct,b_correct_a_wrong
Team-ACE_ToolACE-2-8B::zh_simple_python::zh_simple_python_276,correct,correct,both_correct
Team-ACE_ToolACE-2-8B::zh_simple_python::zh_simple_python_283,correct,correct,both_correct
Team-ACE_ToolACE-2-8B::zh_simple_python::zh_simple_python_295,wrong,correct,b_correct_a_wrong
Team-ACE_ToolACE-2-8B::zh_simple_python::zh_simple_python_304,correct,correct,both_correct
Team-ACE_ToolACE-2-8B::zh_simple_python::zh_simple_python_305,correct,correct,both_correct
Team-ACE_ToolACE-2-8B::zh_simple_python::zh_simple_python_322,correct,correct,both_correct
Team-ACE_ToolACE-2-8B::zh_simple_python::zh_simple_python_327,correct,correct,both_correct
Team-ACE_ToolACE-2-8B::zh_simple_python::zh_simple_python_344,correct,correct,both_correct
Team-ACE_ToolACE-2-8B::zh_simple_python::zh_simple_python_352,correct,correct,both_correct
Team-ACE_ToolACE-2-8B::zh_simple_python::zh_simple_python_356,wrong,correct,b_correct_a_wrong
Team-ACE_ToolACE-2-8B::zh_simple_python::zh_simple_python_367,wrong,correct,b_correct_a_wrong
Team-ACE_ToolACE-2-8B::zh_simple_python::zh_simple_python_370,wrong,correct,b_correct_a_wrong
Team-ACE_ToolACE-2-8B::zh_simple_python::zh_simple_python_375,wrong,correct,b_correct_a_wrong
Team-ACE_ToolACE-2-8B::zh_simple_python::zh_simple_python_386,correct,correct,both_correct
Team-ACE_ToolACE-2-8B::zh_simple_python::zh_simple_python_390,wrong,correct,b_correct_a_wrong
Team-ACE_ToolACE-2-8B::zh_simple_python::zh_simple_python_65,wrong,wrong,both_wrong
Team-ACE_ToolACE-2-8B::zh_simple_python::zh_simple_python_77,correct,correct,both_correct
google_gemma-3-1b-it::zh_multiple::zh_multiple_103,wrong,correct,b_correct_a_wrong
google_gemma-3-1b-it::zh_multiple::zh_multiple_123,wrong,correct,b_correct_a_wrong
google_gemma-3-1b-it::zh_multiple::zh_multiple_127,wrong,wrong,both_wrong
google_gemma-3-1b-it::zh_multiple::zh_multiple_135,wrong,correct,b_correct_a_wrong
google_gemma-3-1b-it::zh_multiple::zh_multiple_136,wrong,correct,b_correct_a_wrong
google_gemma-3-1b-it::zh_multiple::zh_multiple_140,wrong,correct,b_correct_a_wrong
google_gemma-3-1b-it::zh_multiple::zh_multiple_156,wrong,correct,b_correct_a_wrong
google_gemma-3-1b-it::zh_multiple::zh_multiple_168,wrong,correct,b_correct_a_wrong
google_gemma-3-1b-it::zh_multiple::zh_multiple_18,wrong,correct,b_correct_a_wrong
google_gemma-3-1b-it::zh_multiple::zh_multiple_192,wrong,wrong,both_wrong
google_gemma-3-1b-it::zh_multiple::zh_multiple_20,wrong,correct,b_correct_a_wrong
google_gemma-3-1b-it::zh_multiple::zh_multiple_23,correct,correct,both_correct
google_gemma-3-1b-it::zh_multiple::zh_multiple_50,wrong,correct,b_correct_a_wrong
google_gemma-3-1b-it::zh_multiple::zh_multiple_54,wrong,correct,b_correct_a_wrong
google_gemma-3-1b-it::zh_multiple::zh_multiple_64,correct,correct,both_correct
google_gemma-3-1b-it::zh_multiple::zh_multiple_66,wrong,correct,b_correct_a_wrong
google_gemma-3-1b-it::zh_multiple::zh_multiple_7,correct,correct,both_correct
google_gemma-3-1b-it::zh_multiple::zh_multiple_91,wrong,correct,b_correct_a_wrong
google_gemma-3-1b-it::zh_multiple::zh_multiple_94,wrong,correct,b_correct_a_wrong
google_gemma-3-1b-it::zh_parallel::zh_parallel_53,correct,correct,both_correct
google_gemma-3-1b-it::zh_simple_python::zh_simple_python_102,wrong,correct,b_correct_a_wrong
google_gemma-3-1b-it::zh_simple_python::zh_simple_python_108,wrong,correct,b_correct_a_wrong
google_gemma-3-1b-it::zh_simple_python::zh_simple_python_112,wrong,correct,b_correct_a_wrong
google_gemma-3-1b-it::zh_simple_python::zh_simple_python_116,wrong,correct,b_correct_a_wrong
google_gemma-3-1b-it::zh_simple_python::zh_simple_python_117,wrong,correct,b_correct_a_wrong
google_gemma-3-1b-it::zh_simple_python::zh_simple_python_128,wrong,correct,b_correct_a_wrong
google_gemma-3-1b-it::zh_simple_python::zh_simple_python_136,wrong,correct,b_correct_a_wrong
google_gemma-3-1b-it::zh_simple_python::zh_simple_python_139,wrong,correct,b_correct_a_wrong
google_gemma-3-1b-it::zh_simple_python::zh_simple_python_146,correct,correct,both_correct
google_gemma-3-1b-it::zh_simple_python::zh_simple_python_147,correct,correct,both_correct
google_gemma-3-1b-it::zh_simple_python::zh_simple_python_159,wrong,correct,b_correct_a_wrong
google_gemma-3-1b-it::zh_simple_python::zh_simple_python_16,wrong,correct,b_correct_a_wrong
google_gemma-3-1b-it::zh_simple_python::zh_simple_python_160,wrong,correct,b_correct_a_wrong
google_gemma-3-1b-it::zh_simple_python::zh_simple_python_162,correct,correct,both_correct
google_gemma-3-1b-it::zh_simple_python::zh_simple_python_163,correct,correct,both_correct
google_gemma-3-1b-it::zh_simple_python::zh_simple_python_165,correct,correct,both_correct
google_gemma-3-1b-it::zh_simple_python::zh_simple_python_166,correct,correct,both_correct
google_gemma-3-1b-it::zh_simple_python::zh_simple_python_173,correct,correct,both_correct
google_gemma-3-1b-it::zh_simple_python::zh_simple_python_183,wrong,correct,b_correct_a_wrong
google_gemma-3-1b-it::zh_simple_python::zh_simple_python_200,correct,correct,both_correct
google_gemma-3-1b-it::zh_simple_python::zh_simple_python_201,correct,correct,both_correct
google_gemma-3-1b-it::zh_simple_python::zh_simple_python_202,wrong,correct,b_correct_a_wrong
google_gemma-3-1b-it::zh_simple_python::zh_simple_python_207,correct,correct,both_correct
google_gemma-3-1b-it::zh_simple_python::zh_simple_python_208,wrong,correct,b_correct_a_wrong
google_gemma-3-1b-it::zh_simple_python::zh_simple_python_209,wrong,correct,b_correct_a_wrong
google_gemma-3-1b-it::zh_simple_python::zh_simple_python_212,correct,correct,both_correct
google_gemma-3-1b-it::zh_simple_python::zh_simple_python_217,wrong,correct,b_correct_a_wrong
google_gemma-3-1b-it::zh_simple_python::zh_simple_python_228,wrong,correct,b_correct_a_wrong
google_gemma-3-1b-it::zh_simple_python::zh_simple_python_229,wrong,correct,b_correct_a_wrong
google_gemma-3-1b-it::zh_simple_python::zh_simple_python_241,correct,correct,both_correct
google_gemma-3-1b-it::zh_simple_python::zh_simple_python_247,wrong,correct,b_correct_a_wrong
google_gemma-3-1b-it::zh_simple_python::zh_simple_python_249,wrong,correct,b_correct_a_wrong
google_gemma-3-1b-it::zh_simple_python::zh_simple_python_263,wrong,correct,b_correct_a_wrong
google_gemma-3-1b-it::zh_simple_python::zh_simple_python_266,wrong,correct,b_correct_a_wrong
google_gemma-3-1b-it::zh_simple_python::zh_simple_python_267,wrong,correct,b_correct_a_wrong
google_gemma-3-1b-it::zh_simple_python::zh_simple_python_269,wrong,correct,b_correct_a_wrong
google_gemma-3-1b-it::zh_simple_python::zh_simple_python_278,wrong,correct,b_correct_a_wrong
google_gemma-3-1b-it::zh_simple_python::zh_simple_python_281,correct,correct,both_correct
google_gemma-3-1b-it::zh_simple_python::zh_simple_python_284,wrong,correct,b_correct_a_wrong
google_gemma-3-1b-it::zh_simple_python::zh_simple_python_285,wrong,correct,b_correct_a_wrong
google_gemma-3-1b-it::zh_simple_python::zh_simple_python_286,wrong,correct,b_correct_a_wrong
google_gemma-3-1b-it::zh_simple_python::zh_simple_python_288,wrong,correct,b_correct_a_wrong
google_gemma-3-1b-it::zh_simple_python::zh_simple_python_290,wrong,correct,b_correct_a_wrong
google_gemma-3-1b-it::zh_simple_python::zh_simple_python_295,wrong,correct,b_correct_a_wrong
google_gemma-3-1b-it::zh_simple_python::zh_simple_python_298,wrong,correct,b_correct_a_wrong
google_gemma-3-1b-it::zh_simple_python::zh_simple_python_303,wrong,correct,b_correct_a_wrong
google_gemma-3-1b-it::zh_simple_python::zh_simple_python_304,wrong,correct,b_correct_a_wrong
google_gemma-3-1b-it::zh_simple_python::zh_simple_python_305,wrong,correct,b_correct_a_wrong
google_gemma-3-1b-it::zh_simple_python::zh_simple_python_307,wrong,correct,b_correct_a_wrong
google_gemma-3-1b-it::zh_simple_python::zh_simple_python_308,correct,correct,both_correct
google_gemma-3-1b-it::zh_simple_python::zh_simple_python_31,wrong,wrong,both_wrong
google_gemma-3-1b-it::zh_simple_python::zh_simple_python_313,wrong,correct,b_correct_a_wrong
google_gemma-3-1b-it::zh_simple_python::zh_simple_python_318,correct,correct,both_correct
google_gemma-3-1b-it::zh_simple_python::zh_simple_python_319,wrong,correct,b_correct_a_wrong
google_gemma-3-1b-it::zh_simple_python::zh_simple_python_32,wrong,correct,b_correct_a_wrong
google_gemma-3-1b-it::zh_simple_python::zh_simple_python_322,wrong,correct,b_correct_a_wrong
google_gemma-3-1b-it::zh_simple_python::zh_simple_python_324,wrong,correct,b_correct_a_wrong
google_gemma-3-1b-it::zh_simple_python::zh_simple_python_326,correct,correct,both_correct
google_gemma-3-1b-it::zh_simple_python::zh_simple_python_327,wrong,correct,b_correct_a_wrong
google_gemma-3-1b-it::zh_simple_python::zh_simple_python_334,wrong,correct,b_correct_a_wrong
google_gemma-3-1b-it::zh_simple_python::zh_simple_python_341,wrong,correct,b_correct_a_wrong
google_gemma-3-1b-it::zh_simple_python::zh_simple_python_343,wrong,correct,b_correct_a_wrong
google_gemma-3-1b-it::zh_simple_python::zh_simple_python_344,correct,correct,both_correct
google_gemma-3-1b-it::zh_simple_python::zh_simple_python_355,wrong,correct,b_correct_a_wrong
google_gemma-3-1b-it::zh_simple_python::zh_simple_python_359,wrong,correct,b_correct_a_wrong
google_gemma-3-1b-it::zh_simple_python::zh_simple_python_36,wrong,correct,b_correct_a_wrong
google_gemma-3-1b-it::zh_simple_python::zh_simple_python_372,correct,correct,both_correct
google_gemma-3-1b-it::zh_simple_python::zh_simple_python_382,wrong,correct,b_correct_a_wrong
google_gemma-3-1b-it::zh_simple_python::zh_simple_python_385,wrong,correct,b_correct_a_wrong
google_gemma-3-1b-it::zh_simple_python::zh_simple_python_386,correct,correct,both_correct
google_gemma-3-1b-it::zh_simple_python::zh_simple_python_387,wrong,correct,b_correct_a_wrong
google_gemma-3-1b-it::zh_simple_python::zh_simple_python_388,wrong,correct,b_correct_a_wrong
google_gemma-3-1b-it::zh_simple_python::zh_simple_python_390,wrong,correct,b_correct_a_wrong
google_gemma-3-1b-it::zh_simple_python::zh_simple_python_391,correct,correct,both_correct
google_gemma-3-1b-it::zh_simple_python::zh_simple_python_392,wrong,correct,b_correct_a_wrong
google_gemma-3-1b-it::zh_simple_python::zh_simple_python_394,correct,correct,both_correct
google_gemma-3-1b-it::zh_simple_python::zh_simple_python_42,wrong,correct,b_correct_a_wrong
google_gemma-3-1b-it::zh_simple_python::zh_simple_python_44,wrong,correct,b_correct_a_wrong
google_gemma-3-1b-it::zh_simple_python::zh_simple_python_55,wrong,correct,b_correct_a_wrong
google_gemma-3-1b-it::zh_simple_python::zh_simple_python_61,wrong,correct,b_correct_a_wrong
google_gemma-3-1b-it::zh_simple_python::zh_simple_python_63,wrong,correct,b_correct_a_wrong
google_gemma-3-1b-it::zh_simple_python::zh_simple_python_76,correct,correct,both_correct
google_gemma-3-1b-it::zh_simple_python::zh_simple_python_85,correct,correct,both_correct
google_gemma-3-1b-it::zh_simple_python::zh_simple_python_93,wrong,correct,b_correct_a_wrong
google_gemma-3-1b-it::zh_simple_python::zh_simple_python_96,wrong,correct,b_correct_a_wrong
google_gemma-3-1b-it::zh_simple_python::zh_simple_python_99,wrong,correct,b_correct_a_wrong
google_gemma-3-4b-it::zh_multiple::zh_multiple_106,wrong,correct,b_correct_a_wrong
google_gemma-3-4b-it::zh_multiple::zh_multiple_114,correct,correct,both_correct
google_gemma-3-4b-it::zh_multiple::zh_multiple_127,wrong,correct,b_correct_a_wrong
google_gemma-3-4b-it::zh_multiple::zh_multiple_129,wrong,correct,b_correct_a_wrong
google_gemma-3-4b-it::zh_multiple::zh_multiple_149,correct,correct,both_correct
google_gemma-3-4b-it::zh_multiple::zh_multiple_153,wrong,correct,b_correct_a_wrong
google_gemma-3-4b-it::zh_multiple::zh_multiple_160,wrong,correct,b_correct_a_wrong
google_gemma-3-4b-it::zh_multiple::zh_multiple_161,wrong,correct,b_correct_a_wrong
google_gemma-3-4b-it::zh_multiple::zh_multiple_165,correct,correct,both_correct
google_gemma-3-4b-it::zh_multiple::zh_multiple_18,wrong,correct,b_correct_a_wrong
google_gemma-3-4b-it::zh_multiple::zh_multiple_183,wrong,wrong,both_wrong
google_gemma-3-4b-it::zh_multiple::zh_multiple_190,wrong,correct,b_correct_a_wrong
google_gemma-3-4b-it::zh_multiple::zh_multiple_194,correct,correct,both_correct
google_gemma-3-4b-it::zh_multiple::zh_multiple_196,wrong,correct,b_correct_a_wrong
google_gemma-3-4b-it::zh_multiple::zh_multiple_199,correct,correct,both_correct
google_gemma-3-4b-it::zh_multiple::zh_multiple_23,correct,wrong,a_correct_b_wrong
google_gemma-3-4b-it::zh_multiple::zh_multiple_27,correct,correct,both_correct
google_gemma-3-4b-it::zh_multiple::zh_multiple_49,wrong,correct,b_correct_a_wrong
google_gemma-3-4b-it::zh_multiple::zh_multiple_61,wrong,correct,b_correct_a_wrong
google_gemma-3-4b-it::zh_multiple::zh_multiple_65,correct,correct,both_correct
google_gemma-3-4b-it::zh_multiple::zh_multiple_67,correct,correct,both_correct
google_gemma-3-4b-it::zh_multiple::zh_multiple_89,correct,correct,both_correct
google_gemma-3-4b-it::zh_multiple::zh_multiple_93,correct,correct,both_correct
google_gemma-3-4b-it::zh_multiple::zh_multiple_94,correct,correct,both_correct
google_gemma-3-4b-it::zh_parallel::zh_parallel_130,correct,correct,both_correct
google_gemma-3-4b-it::zh_parallel::zh_parallel_185,correct,correct,both_correct
google_gemma-3-4b-it::zh_parallel::zh_parallel_189,correct,correct,both_correct
google_gemma-3-4b-it::zh_parallel::zh_parallel_191,correct,correct,both_correct
google_gemma-3-4b-it::zh_parallel::zh_parallel_37,correct,correct,both_correct
google_gemma-3-4b-it::zh_parallel::zh_parallel_5,wrong,correct,b_correct_a_wrong
google_gemma-3-4b-it::zh_parallel::zh_parallel_67,wrong,correct,b_correct_a_wrong
google_gemma-3-4b-it::zh_parallel::zh_parallel_70,wrong,correct,b_correct_a_wrong
google_gemma-3-4b-it::zh_parallel::zh_parallel_8,wrong,correct,b_correct_a_wrong
google_gemma-3-4b-it::zh_parallel_multiple::zh_parallel_multiple_103,correct,correct,both_correct
google_gemma-3-4b-it::zh_parallel_multiple::zh_parallel_multiple_117,correct,correct,both_correct
google_gemma-3-4b-it::zh_parallel_multiple::zh_parallel_multiple_122,correct,correct,both_correct
google_gemma-3-4b-it::zh_parallel_multiple::zh_parallel_multiple_127,correct,correct,both_correct
google_gemma-3-4b-it::zh_parallel_multiple::zh_parallel_multiple_147,correct,correct,both_correct
google_gemma-3-4b-it::zh_parallel_multiple::zh_parallel_multiple_149,correct,correct,both_correct
google_gemma-3-4b-it::zh_parallel_multiple::zh_parallel_multiple_177,correct,correct,both_correct
google_gemma-3-4b-it::zh_parallel_multiple::zh_parallel_multiple_180,correct,correct,both_correct
google_gemma-3-4b-it::zh_parallel_multiple::zh_parallel_multiple_32,correct,correct,both_correct
google_gemma-3-4b-it::zh_parallel_multiple::zh_parallel_multiple_33,correct,correct,both_correct
google_gemma-3-4b-it::zh_parallel_multiple::zh_parallel_multiple_40,correct,correct,both_correct
google_gemma-3-4b-it::zh_parallel_multiple::zh_parallel_multiple_42,correct,correct,both_correct
google_gemma-3-4b-it::zh_parallel_multiple::zh_parallel_multiple_65,correct,correct,both_correct
google_gemma-3-4b-it::zh_parallel_multiple::zh_parallel_multiple_95,wrong,wrong,both_wrong
google_gemma-3-4b-it::zh_simple_python::zh_simple_python_126,wrong,correct,b_correct_a_wrong
google_gemma-3-4b-it::zh_simple_python::zh_simple_python_128,wrong,correct,b_correct_a_wrong
google_gemma-3-4b-it::zh_simple_python::zh_simple_python_136,wrong,correct,b_correct_a_wrong
google_gemma-3-4b-it::zh_simple_python::zh_simple_python_139,wrong,correct,b_correct_a_wrong
google_gemma-3-4b-it::zh_simple_python::zh_simple_python_151,wrong,correct,b_correct_a_wrong
google_gemma-3-4b-it::zh_simple_python::zh_simple_python_166,wrong,correct,b_correct_a_wrong
google_gemma-3-4b-it::zh_simple_python::zh_simple_python_17,wrong,correct,b_correct_a_wrong
google_gemma-3-4b-it::zh_simple_python::zh_simple_python_183,wrong,correct,b_correct_a_wrong
google_gemma-3-4b-it::zh_simple_python::zh_simple_python_191,correct,correct,both_correct
google_gemma-3-4b-it::zh_simple_python::zh_simple_python_200,wrong,correct,b_correct_a_wrong
google_gemma-3-4b-it::zh_simple_python::zh_simple_python_201,wrong,correct,b_correct_a_wrong
google_gemma-3-4b-it::zh_simple_python::zh_simple_python_202,wrong,correct,b_correct_a_wrong
google_gemma-3-4b-it::zh_simple_python::zh_simple_python_207,correct,correct,both_correct
google_gemma-3-4b-it::zh_simple_python::zh_simple_python_212,correct,correct,both_correct
google_gemma-3-4b-it::zh_simple_python::zh_simple_python_216,correct,correct,both_correct
google_gemma-3-4b-it::zh_simple_python::zh_simple_python_228,wrong,correct,b_correct_a_wrong
google_gemma-3-4b-it::zh_simple_python::zh_simple_python_233,wrong,correct,b_correct_a_wrong
google_gemma-3-4b-it::zh_simple_python::zh_simple_python_235,wrong,correct,b_correct_a_wrong
google_gemma-3-4b-it::zh_simple_python::zh_simple_python_241,correct,correct,both_correct
google_gemma-3-4b-it::zh_simple_python::zh_simple_python_255,wrong,correct,b_correct_a_wrong
google_gemma-3-4b-it::zh_simple_python::zh_simple_python_267,wrong,correct,b_correct_a_wrong
google_gemma-3-4b-it::zh_simple_python::zh_simple_python_268,wrong,correct,b_correct_a_wrong
google_gemma-3-4b-it::zh_simple_python::zh_simple_python_277,correct,correct,both_correct
google_gemma-3-4b-it::zh_simple_python::zh_simple_python_278,wrong,correct,b_correct_a_wrong
google_gemma-3-4b-it::zh_simple_python::zh_simple_python_288,correct,correct,both_correct
google_gemma-3-4b-it::zh_simple_python::zh_simple_python_298,wrong,correct,b_correct_a_wrong
google_gemma-3-4b-it::zh_simple_python::zh_simple_python_299,correct,correct,both_correct
google_gemma-3-4b-it::zh_simple_python::zh_simple_python_309,wrong,correct,b_correct_a_wrong
google_gemma-3-4b-it::zh_simple_python::zh_simple_python_312,wrong,correct,b_correct_a_wrong
google_gemma-3-4b-it::zh_simple_python::zh_simple_python_314,correct,correct,both_correct
google_gemma-3-4b-it::zh_simple_python::zh_simple_python_315,wrong,wrong,both_wrong
google_gemma-3-4b-it::zh_simple_python::zh_simple_python_318,correct,correct,both_correct
google_gemma-3-4b-it::zh_simple_python::zh_simple_python_322,correct,correct,both_correct
google_gemma-3-4b-it::zh_simple_python::zh_simple_python_344,correct,correct,both_correct
google_gemma-3-4b-it::zh_simple_python::zh_simple_python_346,correct,correct,both_correct
google_gemma-3-4b-it::zh_simple_python::zh_simple_python_349,wrong,correct,b_correct_a_wrong
google_gemma-3-4b-it::zh_simple_python::zh_simple_python_352,correct,correct,both_correct
google_gemma-3-4b-it::zh_simple_python::zh_simple_python_355,wrong,correct,b_correct_a_wrong
google_gemma-3-4b-it::zh_simple_python::zh_simple_python_358,correct,correct,both_correct
google_gemma-3-4b-it::zh_simple_python::zh_simple_python_360,correct,correct,both_correct
google_gemma-3-4b-it::zh_simple_python::zh_simple_python_373,wrong,correct,b_correct_a_wrong
google_gemma-3-4b-it::zh_simple_python::zh_simple_python_375,wrong,correct,b_correct_a_wrong
google_gemma-3-4b-it::zh_simple_python::zh_simple_python_380,correct,correct,both_correct
google_gemma-3-4b-it::zh_simple_python::zh_simple_python_382,wrong,correct,b_correct_a_wrong
google_gemma-3-4b-it::zh_simple_python::zh_simple_python_386,correct,correct,both_correct
google_gemma-3-4b-it::zh_simple_python::zh_simple_python_387,wrong,correct,b_correct_a_wrong
google_gemma-3-4b-it::zh_simple_python::zh_simple_python_394,wrong,correct,b_correct_a_wrong
google_gemma-3-4b-it::zh_simple_python::zh_simple_python_50,wrong,correct,b_correct_a_wrong
google_gemma-3-4b-it::zh_simple_python::zh_simple_python_56,correct,correct,both_correct
google_gemma-3-4b-it::zh_simple_python::zh_simple_python_73,wrong,correct,b_correct_a_wrong
google_gemma-3-4b-it::zh_simple_python::zh_simple_python_77,correct,correct,both_correct
google_gemma-3-4b-it::zh_simple_python::zh_simple_python_91,correct,correct,both_correct
google_gemma-3-4b-it::zh_simple_python::zh_simple_python_98,wrong,correct,b_correct_a_wrong
meta-llama_Llama-3.1-8B-Instruct-FC::zh_multiple::zh_multiple_109,correct,correct,both_correct
meta-llama_Llama-3.1-8B-Instruct-FC::zh_multiple::zh_multiple_115,wrong,correct,b_correct_a_wrong
meta-llama_Llama-3.1-8B-Instruct-FC::zh_multiple::zh_multiple_134,correct,correct,both_correct
meta-llama_Llama-3.1-8B-Instruct-FC::zh_multiple::zh_multiple_136,correct,correct,both_correct
meta-llama_Llama-3.1-8B-Instruct-FC::zh_multiple::zh_multiple_149,wrong,wrong,both_wrong
meta-llama_Llama-3.1-8B-Instruct-FC::zh_multiple::zh_multiple_153,wrong,correct,b_correct_a_wrong
meta-llama_Llama-3.1-8B-Instruct-FC::zh_multiple::zh_multiple_156,wrong,correct,b_correct_a_wrong
meta-llama_Llama-3.1-8B-Instruct-FC::zh_multiple::zh_multiple_160,wrong,correct,b_correct_a_wrong
meta-llama_Llama-3.1-8B-Instruct-FC::zh_multiple::zh_multiple_165,correct,correct,both_correct
meta-llama_Llama-3.1-8B-Instruct-FC::zh_multiple::zh_multiple_166,correct,correct,both_correct
meta-llama_Llama-3.1-8B-Instruct-FC::zh_multiple::zh_multiple_168,wrong,wrong,both_wrong
meta-llama_Llama-3.1-8B-Instruct-FC::zh_multiple::zh_multiple_174,wrong,correct,b_correct_a_wrong
meta-llama_Llama-3.1-8B-Instruct-FC::zh_multiple::zh_multiple_183,wrong,correct,b_correct_a_wrong
meta-llama_Llama-3.1-8B-Instruct-FC::zh_multiple::zh_multiple_19,wrong,wrong,both_wrong
meta-llama_Llama-3.1-8B-Instruct-FC::zh_multiple::zh_multiple_190,wrong,correct,b_correct_a_wrong
meta-llama_Llama-3.1-8B-Instruct-FC::zh_multiple::zh_multiple_191,wrong,correct,b_correct_a_wrong
meta-llama_Llama-3.1-8B-Instruct-FC::zh_multiple::zh_multiple_192,wrong,correct,b_correct_a_wrong
meta-llama_Llama-3.1-8B-Instruct-FC::zh_multiple::zh_multiple_193,correct,correct,both_correct
meta-llama_Llama-3.1-8B-Instruct-FC::zh_multiple::zh_multiple_196,correct,correct,both_correct
meta-llama_Llama-3.1-8B-Instruct-FC::zh_multiple::zh_multiple_25,wrong,correct,b_correct_a_wrong
meta-llama_Llama-3.1-8B-Instruct-FC::zh_multiple::zh_multiple_37,wrong,correct,b_correct_a_wrong
meta-llama_Llama-3.1-8B-Instruct-FC::zh_multiple::zh_multiple_4,wrong,correct,b_correct_a_wrong
meta-llama_Llama-3.1-8B-Instruct-FC::zh_multiple::zh_multiple_58,wrong,correct,b_correct_a_wrong
meta-llama_Llama-3.1-8B-Instruct-FC::zh_multiple::zh_multiple_61,wrong,correct,b_correct_a_wrong
meta-llama_Llama-3.1-8B-Instruct-FC::zh_multiple::zh_multiple_65,wrong,correct,b_correct_a_wrong
meta-llama_Llama-3.1-8B-Instruct-FC::zh_multiple::zh_multiple_67,correct,correct,both_correct
meta-llama_Llama-3.1-8B-Instruct-FC::zh_multiple::zh_multiple_73,wrong,correct,b_correct_a_wrong
meta-llama_Llama-3.1-8B-Instruct-FC::zh_multiple::zh_multiple_78,correct,correct,both_correct
meta-llama_Llama-3.1-8B-Instruct-FC::zh_multiple::zh_multiple_83,wrong,correct,b_correct_a_wrong
meta-llama_Llama-3.1-8B-Instruct-FC::zh_multiple::zh_multiple_85,wrong,correct,b_correct_a_wrong
meta-llama_Llama-3.1-8B-Instruct-FC::zh_multiple::zh_multiple_94,wrong,correct,b_correct_a_wrong
meta-llama_Llama-3.1-8B-Instruct-FC::zh_parallel::zh_parallel_106,wrong,correct,b_correct_a_wrong
meta-llama_Llama-3.1-8B-Instruct-FC::zh_parallel::zh_parallel_108,correct,correct,both_correct
meta-llama_Llama-3.1-8B-Instruct-FC::zh_parallel::zh_parallel_109,wrong,correct,b_correct_a_wrong
meta-llama_Llama-3.1-8B-Instruct-FC::zh_parallel::zh_parallel_110,correct,correct,both_correct
meta-llama_Llama-3.1-8B-Instruct-FC::zh_parallel::zh_parallel_117,wrong,correct,b_correct_a_wrong
meta-llama_Llama-3.1-8B-Instruct-FC::zh_parallel::zh_parallel_119,correct,correct,both_correct
meta-llama_Llama-3.1-8B-Instruct-FC::zh_parallel::zh_parallel_12,wrong,correct,b_correct_a_wrong
meta-llama_Llama-3.1-8B-Instruct-FC::zh_parallel::zh_parallel_120,correct,correct,both_correct
meta-llama_Llama-3.1-8B-Instruct-FC::zh_parallel::zh_parallel_121,wrong,correct,b_correct_a_wrong
meta-llama_Llama-3.1-8B-Instruct-FC::zh_parallel::zh_parallel_130,wrong,correct,b_correct_a_wrong
meta-llama_Llama-3.1-8B-Instruct-FC::zh_parallel::zh_parallel_131,wrong,correct,b_correct_a_wrong
meta-llama_Llama-3.1-8B-Instruct-FC::zh_parallel::zh_parallel_139,wrong,correct,b_correct_a_wrong
meta-llama_Llama-3.1-8B-Instruct-FC::zh_parallel::zh_parallel_141,correct,correct,both_correct
meta-llama_Llama-3.1-8B-Instruct-FC::zh_parallel::zh_parallel_153,wrong,correct,b_correct_a_wrong
meta-llama_Llama-3.1-8B-Instruct-FC::zh_parallel::zh_parallel_159,wrong,wrong,both_wrong
meta-llama_Llama-3.1-8B-Instruct-FC::zh_parallel::zh_parallel_179,correct,correct,both_correct
meta-llama_Llama-3.1-8B-Instruct-FC::zh_parallel::zh_parallel_185,correct,correct,both_correct
meta-llama_Llama-3.1-8B-Instruct-FC::zh_parallel::zh_parallel_191,correct,correct,both_correct
meta-llama_Llama-3.1-8B-Instruct-FC::zh_parallel::zh_parallel_192,correct,correct,both_correct
meta-llama_Llama-3.1-8B-Instruct-FC::zh_parallel::zh_parallel_194,correct,correct,both_correct
meta-llama_Llama-3.1-8B-Instruct-FC::zh_parallel::zh_parallel_195,wrong,correct,b_correct_a_wrong
meta-llama_Llama-3.1-8B-Instruct-FC::zh_parallel::zh_parallel_196,wrong,correct,b_correct_a_wrong
meta-llama_Llama-3.1-8B-Instruct-FC::zh_parallel::zh_parallel_197,correct,correct,both_correct
meta-llama_Llama-3.1-8B-Instruct-FC::zh_parallel::zh_parallel_199,wrong,correct,b_correct_a_wrong
meta-llama_Llama-3.1-8B-Instruct-FC::zh_parallel::zh_parallel_24,wrong,correct,b_correct_a_wrong
meta-llama_Llama-3.1-8B-Instruct-FC::zh_parallel::zh_parallel_27,wrong,correct,b_correct_a_wrong
meta-llama_Llama-3.1-8B-Instruct-FC::zh_parallel::zh_parallel_3,correct,correct,both_correct
meta-llama_Llama-3.1-8B-Instruct-FC::zh_parallel::zh_parallel_31,correct,correct,both_correct
meta-llama_Llama-3.1-8B-Instruct-FC::zh_parallel::zh_parallel_32,wrong,correct,b_correct_a_wrong
meta-llama_Llama-3.1-8B-Instruct-FC::zh_parallel::zh_parallel_35,wrong,correct,b_correct_a_wrong
meta-llama_Llama-3.1-8B-Instruct-FC::zh_parallel::zh_parallel_36,wrong,correct,b_correct_a_wrong
meta-llama_Llama-3.1-8B-Instruct-FC::zh_parallel::zh_parallel_37,correct,correct,both_correct
meta-llama_Llama-3.1-8B-Instruct-FC::zh_parallel::zh_parallel_38,wrong,correct,b_correct_a_wrong
meta-llama_Llama-3.1-8B-Instruct-FC::zh_parallel::zh_parallel_39,wrong,correct,b_correct_a_wrong
meta-llama_Llama-3.1-8B-Instruct-FC::zh_parallel::zh_parallel_40,wrong,correct,b_correct_a_wrong
meta-llama_Llama-3.1-8B-Instruct-FC::zh_parallel::zh_parallel_41,wrong,correct,b_correct_a_wrong
meta-llama_Llama-3.1-8B-Instruct-FC::zh_parallel::zh_parallel_5,wrong,correct,b_correct_a_wrong
meta-llama_Llama-3.1-8B-Instruct-FC::zh_parallel::zh_parallel_51,wrong,correct,b_correct_a_wrong
meta-llama_Llama-3.1-8B-Instruct-FC::zh_parallel::zh_parallel_52,wrong,correct,b_correct_a_wrong
meta-llama_Llama-3.1-8B-Instruct-FC::zh_parallel::zh_parallel_54,wrong,correct,b_correct_a_wrong
meta-llama_Llama-3.1-8B-Instruct-FC::zh_parallel::zh_parallel_55,correct,correct,both_correct
meta-llama_Llama-3.1-8B-Instruct-FC::zh_parallel::zh_parallel_65,correct,correct,both_correct
meta-llama_Llama-3.1-8B-Instruct-FC::zh_parallel::zh_parallel_71,correct,correct,both_correct
meta-llama_Llama-3.1-8B-Instruct-FC::zh_parallel::zh_parallel_73,wrong,correct,b_correct_a_wrong
meta-llama_Llama-3.1-8B-Instruct-FC::zh_parallel::zh_parallel_8,wrong,correct,b_correct_a_wrong
meta-llama_Llama-3.1-8B-Instruct-FC::zh_parallel::zh_parallel_91,correct,correct,both_correct
meta-llama_Llama-3.1-8B-Instruct-FC::zh_parallel::zh_parallel_92,correct,correct,both_correct
meta-llama_Llama-3.1-8B-Instruct-FC::zh_parallel::zh_parallel_95,wrong,correct,b_correct_a_wrong
meta-llama_Llama-3.1-8B-Instruct-FC::zh_parallel::zh_parallel_99,correct,correct,both_correct
meta-llama_Llama-3.1-8B-Instruct-FC::zh_parallel_multiple::zh_parallel_multiple_100,correct,correct,both_correct
meta-llama_Llama-3.1-8B-Instruct-FC::zh_parallel_multiple::zh_parallel_multiple_104,correct,correct,both_correct
meta-llama_Llama-3.1-8B-Instruct-FC::zh_parallel_multiple::zh_parallel_multiple_106,correct,correct,both_correct
meta-llama_Llama-3.1-8B-Instruct-FC::zh_parallel_multiple::zh_parallel_multiple_107,wrong,correct,b_correct_a_wrong
meta-llama_Llama-3.1-8B-Instruct-FC::zh_parallel_multiple::zh_parallel_multiple_113,correct,correct,both_correct
meta-llama_Llama-3.1-8B-Instruct-FC::zh_parallel_multiple::zh_parallel_multiple_118,correct,correct,both_correct
meta-llama_Llama-3.1-8B-Instruct-FC::zh_parallel_multiple::zh_parallel_multiple_120,correct,correct,both_correct
meta-llama_Llama-3.1-8B-Instruct-FC::zh_parallel_multiple::zh_parallel_multiple_122,correct,correct,both_correct
meta-llama_Llama-3.1-8B-Instruct-FC::zh_parallel_multiple::zh_parallel_multiple_126,wrong,correct,b_correct_a_wrong
meta-llama_Llama-3.1-8B-Instruct-FC::zh_parallel_multiple::zh_parallel_multiple_127,wrong,correct,b_correct_a_wrong
meta-llama_Llama-3.1-8B-Instruct-FC::zh_parallel_multiple::zh_parallel_multiple_128,correct,correct,both_correct
meta-llama_Llama-3.1-8B-Instruct-FC::zh_parallel_multiple::zh_parallel_multiple_130,correct,correct,both_correct
meta-llama_Llama-3.1-8B-Instruct-FC::zh_parallel_multiple::zh_parallel_multiple_132,correct,correct,both_correct
meta-llama_Llama-3.1-8B-Instruct-FC::zh_parallel_multiple::zh_parallel_multiple_138,wrong,correct,b_correct_a_wrong
meta-llama_Llama-3.1-8B-Instruct-FC::zh_parallel_multiple::zh_parallel_multiple_139,correct,correct,both_correct
meta-llama_Llama-3.1-8B-Instruct-FC::zh_parallel_multiple::zh_parallel_multiple_140,correct,correct,both_correct
meta-llama_Llama-3.1-8B-Instruct-FC::zh_parallel_multiple::zh_parallel_multiple_141,correct,correct,both_correct
meta-llama_Llama-3.1-8B-Instruct-FC::zh_parallel_multiple::zh_parallel_multiple_142,correct,correct,both_correct
meta-llama_Llama-3.1-8B-Instruct-FC::zh_parallel_multiple::zh_parallel_multiple_147,correct,correct,both_correct
meta-llama_Llama-3.1-8B-Instruct-FC::zh_parallel_multiple::zh_parallel_multiple_148,wrong,correct,b_correct_a_wrong
meta-llama_Llama-3.1-8B-Instruct-FC::zh_parallel_multiple::zh_parallel_multiple_15,correct,correct,both_correct
meta-llama_Llama-3.1-8B-Instruct-FC::zh_parallel_multiple::zh_parallel_multiple_155,wrong,correct,b_correct_a_wrong
meta-llama_Llama-3.1-8B-Instruct-FC::zh_parallel_multiple::zh_parallel_multiple_158,correct,correct,both_correct
meta-llama_Llama-3.1-8B-Instruct-FC::zh_parallel_multiple::zh_parallel_multiple_160,wrong,correct,b_correct_a_wrong
meta-llama_Llama-3.1-8B-Instruct-FC::zh_parallel_multiple::zh_parallel_multiple_165,correct,correct,both_correct
meta-llama_Llama-3.1-8B-Instruct-FC::zh_parallel_multiple::zh_parallel_multiple_166,correct,correct,both_correct
meta-llama_Llama-3.1-8B-Instruct-FC::zh_parallel_multiple::zh_parallel_multiple_167,correct,correct,both_correct
meta-llama_Llama-3.1-8B-Instruct-FC::zh_parallel_multiple::zh_parallel_multiple_169,wrong,correct,b_correct_a_wrong
meta-llama_Llama-3.1-8B-Instruct-FC::zh_parallel_multiple::zh_parallel_multiple_173,wrong,correct,b_correct_a_wrong
meta-llama_Llama-3.1-8B-Instruct-FC::zh_parallel_multiple::zh_parallel_multiple_176,correct,correct,both_correct
meta-llama_Llama-3.1-8B-Instruct-FC::zh_parallel_multiple::zh_parallel_multiple_184,wrong,correct,b_correct_a_wrong
meta-llama_Llama-3.1-8B-Instruct-FC::zh_parallel_multiple::zh_parallel_multiple_198,correct,correct,both_correct
meta-llama_Llama-3.1-8B-Instruct-FC::zh_parallel_multiple::zh_parallel_multiple_32,correct,correct,both_correct
meta-llama_Llama-3.1-8B-Instruct-FC::zh_parallel_multiple::zh_parallel_multiple_33,correct,correct,both_correct
meta-llama_Llama-3.1-8B-Instruct-FC::zh_parallel_multiple::zh_parallel_multiple_37,correct,correct,both_correct
meta-llama_Llama-3.1-8B-Instruct-FC::zh_parallel_multiple::zh_parallel_multiple_42,correct,correct,both_correct
meta-llama_Llama-3.1-8B-Instruct-FC::zh_parallel_multiple::zh_parallel_multiple_43,correct,correct,both_correct
meta-llama_Llama-3.1-8B-Instruct-FC::zh_parallel_multiple::zh_parallel_multiple_46,correct,correct,both_correct
meta-llama_Llama-3.1-8B-Instruct-FC::zh_parallel_multiple::zh_parallel_multiple_54,correct,correct,both_correct
meta-llama_Llama-3.1-8B-Instruct-FC::zh_parallel_multiple::zh_parallel_multiple_56,correct,correct,both_correct
meta-llama_Llama-3.1-8B-Instruct-FC::zh_parallel_multiple::zh_parallel_multiple_60,wrong,correct,b_correct_a_wrong
meta-llama_Llama-3.1-8B-Instruct-FC::zh_parallel_multiple::zh_parallel_multiple_64,wrong,correct,b_correct_a_wrong
meta-llama_Llama-3.1-8B-Instruct-FC::zh_parallel_multiple::zh_parallel_multiple_71,correct,correct,both_correct
meta-llama_Llama-3.1-8B-Instruct-FC::zh_parallel_multiple::zh_parallel_multiple_72,correct,correct,both_correct
meta-llama_Llama-3.1-8B-Instruct-FC::zh_parallel_multiple::zh_parallel_multiple_75,wrong,correct,b_correct_a_wrong
meta-llama_Llama-3.1-8B-Instruct-FC::zh_parallel_multiple::zh_parallel_multiple_77,wrong,correct,b_correct_a_wrong
meta-llama_Llama-3.1-8B-Instruct-FC::zh_parallel_multiple::zh_parallel_multiple_88,correct,correct,both_correct
meta-llama_Llama-3.1-8B-Instruct-FC::zh_parallel_multiple::zh_parallel_multiple_97,wrong,correct,b_correct_a_wrong
meta-llama_Llama-3.1-8B-Instruct-FC::zh_simple_python::zh_simple_python_136,wrong,correct,b_correct_a_wrong
meta-llama_Llama-3.1-8B-Instruct-FC::zh_simple_python::zh_simple_python_139,wrong,correct,b_correct_a_wrong
meta-llama_Llama-3.1-8B-Instruct-FC::zh_simple_python::zh_simple_python_142,correct,correct,both_correct
meta-llama_Llama-3.1-8B-Instruct-FC::zh_simple_python::zh_simple_python_151,wrong,correct,b_correct_a_wrong
meta-llama_Llama-3.1-8B-Instruct-FC::zh_simple_python::zh_simple_python_156,correct,correct,both_correct
meta-llama_Llama-3.1-8B-Instruct-FC::zh_simple_python::zh_simple_python_159,wrong,correct,b_correct_a_wrong
meta-llama_Llama-3.1-8B-Instruct-FC::zh_simple_python::zh_simple_python_161,wrong,correct,b_correct_a_wrong
meta-llama_Llama-3.1-8B-Instruct-FC::zh_simple_python::zh_simple_python_163,correct,correct,both_correct
meta-llama_Llama-3.1-8B-Instruct-FC::zh_simple_python::zh_simple_python_171,correct,correct,both_correct
meta-llama_Llama-3.1-8B-Instruct-FC::zh_simple_python::zh_simple_python_178,wrong,correct,b_correct_a_wrong
meta-llama_Llama-3.1-8B-Instruct-FC::zh_simple_python::zh_simple_python_181,wrong,correct,b_correct_a_wrong
meta-llama_Llama-3.1-8B-Instruct-FC::zh_simple_python::zh_simple_python_191,correct,correct,both_correct
meta-llama_Llama-3.1-8B-Instruct-FC::zh_simple_python::zh_simple_python_197,correct,correct,both_correct
meta-llama_Llama-3.1-8B-Instruct-FC::zh_simple_python::zh_simple_python_200,correct,correct,both_correct
meta-llama_Llama-3.1-8B-Instruct-FC::zh_simple_python::zh_simple_python_201,correct,correct,both_correct
meta-llama_Llama-3.1-8B-Instruct-FC::zh_simple_python::zh_simple_python_211,wrong,correct,b_correct_a_wrong
meta-llama_Llama-3.1-8B-Instruct-FC::zh_simple_python::zh_simple_python_216,correct,correct,both_correct
meta-llama_Llama-3.1-8B-Instruct-FC::zh_simple_python::zh_simple_python_219,wrong,correct,b_correct_a_wrong
meta-llama_Llama-3.1-8B-Instruct-FC::zh_simple_python::zh_simple_python_224,wrong,correct,b_correct_a_wrong
meta-llama_Llama-3.1-8B-Instruct-FC::zh_simple_python::zh_simple_python_226,wrong,correct,b_correct_a_wrong
meta-llama_Llama-3.1-8B-Instruct-FC::zh_simple_python::zh_simple_python_235,wrong,correct,b_correct_a_wrong
meta-llama_Llama-3.1-8B-Instruct-FC::zh_simple_python::zh_simple_python_241,correct,correct,both_correct
meta-llama_Llama-3.1-8B-Instruct-FC::zh_simple_python::zh_simple_python_244,wrong,correct,b_correct_a_wrong
meta-llama_Llama-3.1-8B-Instruct-FC::zh_simple_python::zh_simple_python_264,wrong,correct,b_correct_a_wrong
meta-llama_Llama-3.1-8B-Instruct-FC::zh_simple_python::zh_simple_python_267,wrong,correct,b_correct_a_wrong
meta-llama_Llama-3.1-8B-Instruct-FC::zh_simple_python::zh_simple_python_273,correct,correct,both_correct
meta-llama_Llama-3.1-8B-Instruct-FC::zh_simple_python::zh_simple_python_281,wrong,correct,b_correct_a_wrong
meta-llama_Llama-3.1-8B-Instruct-FC::zh_simple_python::zh_simple_python_283,correct,correct,both_correct
meta-llama_Llama-3.1-8B-Instruct-FC::zh_simple_python::zh_simple_python_295,wrong,correct,b_correct_a_wrong
meta-llama_Llama-3.1-8B-Instruct-FC::zh_simple_python::zh_simple_python_305,wrong,correct,b_correct_a_wrong
meta-llama_Llama-3.1-8B-Instruct-FC::zh_simple_python::zh_simple_python_306,wrong,correct,b_correct_a_wrong
meta-llama_Llama-3.1-8B-Instruct-FC::zh_simple_python::zh_simple_python_316,wrong,correct,b_correct_a_wrong
meta-llama_Llama-3.1-8B-Instruct-FC::zh_simple_python::zh_simple_python_319,wrong,correct,b_correct_a_wrong
meta-llama_Llama-3.1-8B-Instruct-FC::zh_simple_python::zh_simple_python_325,wrong,correct,b_correct_a_wrong
meta-llama_Llama-3.1-8B-Instruct-FC::zh_simple_python::zh_simple_python_327,wrong,correct,b_correct_a_wrong
meta-llama_Llama-3.1-8B-Instruct-FC::zh_simple_python::zh_simple_python_328,correct,correct,both_correct
meta-llama_Llama-3.1-8B-Instruct-FC::zh_simple_python::zh_simple_python_344,wrong,correct,b_correct_a_wrong
meta-llama_Llama-3.1-8B-Instruct-FC::zh_simple_python::zh_simple_python_352,correct,correct,both_correct
meta-llama_Llama-3.1-8B-Instruct-FC::zh_simple_python::zh_simple_python_355,wrong,correct,b_correct_a_wrong
meta-llama_Llama-3.1-8B-Instruct-FC::zh_simple_python::zh_simple_python_366,wrong,correct,b_correct_a_wrong
meta-llama_Llama-3.1-8B-Instruct-FC::zh_simple_python::zh_simple_python_372,correct,correct,both_correct
meta-llama_Llama-3.1-8B-Instruct-FC::zh_simple_python::zh_simple_python_377,wrong,wrong,both_wrong
meta-llama_Llama-3.1-8B-Instruct-FC::zh_simple_python::zh_simple_python_386,wrong,correct,b_correct_a_wrong
meta-llama_Llama-3.1-8B-Instruct-FC::zh_simple_python::zh_simple_python_387,correct,correct,both_correct
meta-llama_Llama-3.1-8B-Instruct-FC::zh_simple_python::zh_simple_python_390,wrong,correct,b_correct_a_wrong
meta-llama_Llama-3.1-8B-Instruct-FC::zh_simple_python::zh_simple_python_394,correct,correct,both_correct
meta-llama_Llama-3.1-8B-Instruct-FC::zh_simple_python::zh_simple_python_55,wrong,correct,b_correct_a_wrong
meta-llama_Llama-3.1-8B-Instruct-FC::zh_simple_python::zh_simple_python_56,correct,correct,both_correct
meta-llama_Llama-3.1-8B-Instruct-FC::zh_simple_python::zh_simple_python_58,wrong,correct,b_correct_a_wrong
meta-llama_Llama-3.1-8B-Instruct-FC::zh_simple_python::zh_simple_python_65,wrong,wrong,both_wrong
meta-llama_Llama-3.1-8B-Instruct-FC::zh_simple_python::zh_simple_python_91,correct,correct,both_correct
meta-llama_Llama-3.1-8B-Instruct::zh_multiple::zh_multiple_109,wrong,correct,b_correct_a_wrong
meta-llama_Llama-3.1-8B-Instruct::zh_multiple::zh_multiple_115,correct,correct,both_correct
meta-llama_Llama-3.1-8B-Instruct::zh_multiple::zh_multiple_13,correct,correct,both_correct
meta-llama_Llama-3.1-8B-Instruct::zh_multiple::zh_multiple_134,correct,correct,both_correct
meta-llama_Llama-3.1-8B-Instruct::zh_multiple::zh_multiple_136,wrong,correct,b_correct_a_wrong
meta-llama_Llama-3.1-8B-Instruct::zh_multiple::zh_multiple_149,correct,correct,both_correct
meta-llama_Llama-3.1-8B-Instruct::zh_multiple::zh_multiple_151,wrong,correct,b_correct_a_wrong
meta-llama_Llama-3.1-8B-Instruct::zh_multiple::zh_multiple_160,wrong,correct,b_correct_a_wrong
meta-llama_Llama-3.1-8B-Instruct::zh_multiple::zh_multiple_168,correct,correct,both_correct
meta-llama_Llama-3.1-8B-Instruct::zh_multiple::zh_multiple_169,wrong,correct,b_correct_a_wrong
meta-llama_Llama-3.1-8B-Instruct::zh_multiple::zh_multiple_173,wrong,wrong,both_wrong
meta-llama_Llama-3.1-8B-Instruct::zh_multiple::zh_multiple_188,correct,correct,both_correct
meta-llama_Llama-3.1-8B-Instruct::zh_multiple::zh_multiple_190,correct,correct,both_correct
meta-llama_Llama-3.1-8B-Instruct::zh_multiple::zh_multiple_193,wrong,correct,b_correct_a_wrong
meta-llama_Llama-3.1-8B-Instruct::zh_multiple::zh_multiple_196,wrong,correct,b_correct_a_wrong
meta-llama_Llama-3.1-8B-Instruct::zh_multiple::zh_multiple_58,wrong,correct,b_correct_a_wrong
meta-llama_Llama-3.1-8B-Instruct::zh_multiple::zh_multiple_61,wrong,correct,b_correct_a_wrong
meta-llama_Llama-3.1-8B-Instruct::zh_multiple::zh_multiple_67,correct,correct,both_correct
meta-llama_Llama-3.1-8B-Instruct::zh_multiple::zh_multiple_75,wrong,correct,b_correct_a_wrong
meta-llama_Llama-3.1-8B-Instruct::zh_multiple::zh_multiple_80,wrong,correct,b_correct_a_wrong
meta-llama_Llama-3.1-8B-Instruct::zh_multiple::zh_multiple_89,wrong,correct,b_correct_a_wrong
meta-llama_Llama-3.1-8B-Instruct::zh_multiple::zh_multiple_94,correct,correct,both_correct
meta-llama_Llama-3.1-8B-Instruct::zh_parallel::zh_parallel_101,correct,correct,both_correct
meta-llama_Llama-3.1-8B-Instruct::zh_parallel::zh_parallel_103,wrong,correct,b_correct_a_wrong
meta-llama_Llama-3.1-8B-Instruct::zh_parallel::zh_parallel_117,wrong,correct,b_correct_a_wrong
meta-llama_Llama-3.1-8B-Instruct::zh_parallel::zh_parallel_130,correct,correct,both_correct
meta-llama_Llama-3.1-8B-Instruct::zh_parallel::zh_parallel_159,wrong,wrong,both_wrong
meta-llama_Llama-3.1-8B-Instruct::zh_parallel::zh_parallel_181,wrong,correct,b_correct_a_wrong
meta-llama_Llama-3.1-8B-Instruct::zh_parallel::zh_parallel_191,correct,correct,both_correct
meta-llama_Llama-3.1-8B-Instruct::zh_parallel::zh_parallel_194,correct,correct,both_correct
meta-llama_Llama-3.1-8B-Instruct::zh_parallel::zh_parallel_197,correct,correct,both_correct
meta-llama_Llama-3.1-8B-Instruct::zh_parallel::zh_parallel_21,correct,correct,both_correct
meta-llama_Llama-3.1-8B-Instruct::zh_parallel::zh_parallel_32,wrong,correct,b_correct_a_wrong
meta-llama_Llama-3.1-8B-Instruct::zh_parallel::zh_parallel_51,wrong,correct,b_correct_a_wrong
meta-llama_Llama-3.1-8B-Instruct::zh_parallel::zh_parallel_52,correct,correct,both_correct
meta-llama_Llama-3.1-8B-Instruct::zh_parallel::zh_parallel_8,wrong,correct,b_correct_a_wrong
meta-llama_Llama-3.1-8B-Instruct::zh_parallel::zh_parallel_80,wrong,wrong,both_wrong
meta-llama_Llama-3.1-8B-Instruct::zh_parallel::zh_parallel_94,wrong,wrong,both_wrong
meta-llama_Llama-3.1-8B-Instruct::zh_parallel::zh_parallel_95,wrong,wrong,both_wrong
meta-llama_Llama-3.1-8B-Instruct::zh_parallel_multiple::zh_parallel_multiple_10,correct,correct,both_correct
meta-llama_Llama-3.1-8B-Instruct::zh_parallel_multiple::zh_parallel_multiple_103,correct,correct,both_correct
meta-llama_Llama-3.1-8B-Instruct::zh_parallel_multiple::zh_parallel_multiple_107,correct,correct,both_correct
meta-llama_Llama-3.1-8B-Instruct::zh_parallel_multiple::zh_parallel_multiple_121,correct,correct,both_correct
meta-llama_Llama-3.1-8B-Instruct::zh_parallel_multiple::zh_parallel_multiple_122,correct,correct,both_correct
meta-llama_Llama-3.1-8B-Instruct::zh_parallel_multiple::zh_parallel_multiple_126,correct,correct,both_correct
meta-llama_Llama-3.1-8B-Instruct::zh_parallel_multiple::zh_parallel_multiple_127,correct,correct,both_correct
meta-llama_Llama-3.1-8B-Instruct::zh_parallel_multiple::zh_parallel_multiple_128,correct,correct,both_correct
meta-llama_Llama-3.1-8B-Instruct::zh_parallel_multiple::zh_parallel_multiple_129,wrong,correct,b_correct_a_wrong
meta-llama_Llama-3.1-8B-Instruct::zh_parallel_multiple::zh_parallel_multiple_134,correct,correct,both_correct
meta-llama_Llama-3.1-8B-Instruct::zh_parallel_multiple::zh_parallel_multiple_139,correct,correct,both_correct
meta-llama_Llama-3.1-8B-Instruct::zh_parallel_multiple::zh_parallel_multiple_14,correct,correct,both_correct
meta-llama_Llama-3.1-8B-Instruct::zh_parallel_multiple::zh_parallel_multiple_141,correct,correct,both_correct
meta-llama_Llama-3.1-8B-Instruct::zh_parallel_multiple::zh_parallel_multiple_147,correct,correct,both_correct
meta-llama_Llama-3.1-8B-Instruct::zh_parallel_multiple::zh_parallel_multiple_148,correct,correct,both_correct
meta-llama_Llama-3.1-8B-Instruct::zh_parallel_multiple::zh_parallel_multiple_15,correct,correct,both_correct
meta-llama_Llama-3.1-8B-Instruct::zh_parallel_multiple::zh_parallel_multiple_159,correct,correct,both_correct
meta-llama_Llama-3.1-8B-Instruct::zh_parallel_multiple::zh_parallel_multiple_160,correct,correct,both_correct
meta-llama_Llama-3.1-8B-Instruct::zh_parallel_multiple::zh_parallel_multiple_165,correct,correct,both_correct
meta-llama_Llama-3.1-8B-Instruct::zh_parallel_multiple::zh_parallel_multiple_176,correct,correct,both_correct
meta-llama_Llama-3.1-8B-Instruct::zh_parallel_multiple::zh_parallel_multiple_183,correct,wrong,a_correct_b_wrong
meta-llama_Llama-3.1-8B-Instruct::zh_parallel_multiple::zh_parallel_multiple_198,wrong,correct,b_correct_a_wrong
meta-llama_Llama-3.1-8B-Instruct::zh_parallel_multiple::zh_parallel_multiple_22,correct,correct,both_correct
meta-llama_Llama-3.1-8B-Instruct::zh_parallel_multiple::zh_parallel_multiple_28,correct,correct,both_correct
meta-llama_Llama-3.1-8B-Instruct::zh_parallel_multiple::zh_parallel_multiple_33,correct,correct,both_correct
meta-llama_Llama-3.1-8B-Instruct::zh_parallel_multiple::zh_parallel_multiple_46,correct,correct,both_correct
meta-llama_Llama-3.1-8B-Instruct::zh_parallel_multiple::zh_parallel_multiple_54,wrong,correct,b_correct_a_wrong
meta-llama_Llama-3.1-8B-Instruct::zh_parallel_multiple::zh_parallel_multiple_64,wrong,correct,b_correct_a_wrong
meta-llama_Llama-3.1-8B-Instruct::zh_parallel_multiple::zh_parallel_multiple_70,wrong,correct,b_correct_a_wrong
meta-llama_Llama-3.1-8B-Instruct::zh_parallel_multiple::zh_parallel_multiple_72,correct,correct,both_correct
meta-llama_Llama-3.1-8B-Instruct::zh_parallel_multiple::zh_parallel_multiple_78,wrong,correct,b_correct_a_wrong
meta-llama_Llama-3.1-8B-Instruct::zh_parallel_multiple::zh_parallel_multiple_81,wrong,wrong,both_wrong
meta-llama_Llama-3.1-8B-Instruct::zh_parallel_multiple::zh_parallel_multiple_83,correct,correct,both_correct
meta-llama_Llama-3.1-8B-Instruct::zh_parallel_multiple::zh_parallel_multiple_88,correct,correct,both_correct
meta-llama_Llama-3.1-8B-Instruct::zh_parallel_multiple::zh_parallel_multiple_93,correct,correct,both_correct
meta-llama_Llama-3.1-8B-Instruct::zh_parallel_multiple::zh_parallel_multiple_97,wrong,correct,b_correct_a_wrong
meta-llama_Llama-3.1-8B-Instruct::zh_simple_python::zh_simple_python_122,wrong,correct,b_correct_a_wrong
meta-llama_Llama-3.1-8B-Instruct::zh_simple_python::zh_simple_python_126,wrong,correct,b_correct_a_wrong
meta-llama_Llama-3.1-8B-Instruct::zh_simple_python::zh_simple_python_136,wrong,correct,b_correct_a_wrong
meta-llama_Llama-3.1-8B-Instruct::zh_simple_python::zh_simple_python_139,wrong,correct,b_correct_a_wrong
meta-llama_Llama-3.1-8B-Instruct::zh_simple_python::zh_simple_python_156,correct,correct,both_correct
meta-llama_Llama-3.1-8B-Instruct::zh_simple_python::zh_simple_python_159,wrong,correct,b_correct_a_wrong
meta-llama_Llama-3.1-8B-Instruct::zh_simple_python::zh_simple_python_163,correct,correct,both_correct
meta-llama_Llama-3.1-8B-Instruct::zh_simple_python::zh_simple_python_164,wrong,correct,b_correct_a_wrong
meta-llama_Llama-3.1-8B-Instruct::zh_simple_python::zh_simple_python_166,correct,correct,both_correct
meta-llama_Llama-3.1-8B-Instruct::zh_simple_python::zh_simple_python_178,correct,correct,both_correct
meta-llama_Llama-3.1-8B-Instruct::zh_simple_python::zh_simple_python_181,correct,correct,both_correct
meta-llama_Llama-3.1-8B-Instruct::zh_simple_python::zh_simple_python_191,correct,correct,both_correct
meta-llama_Llama-3.1-8B-Instruct::zh_simple_python::zh_simple_python_197,correct,correct,both_correct
meta-llama_Llama-3.1-8B-Instruct::zh_simple_python::zh_simple_python_200,wrong,correct,b_correct_a_wrong
meta-llama_Llama-3.1-8B-Instruct::zh_simple_python::zh_simple_python_202,wrong,correct,b_correct_a_wrong
meta-llama_Llama-3.1-8B-Instruct::zh_simple_python::zh_simple_python_216,correct,correct,both_correct
meta-llama_Llama-3.1-8B-Instruct::zh_simple_python::zh_simple_python_219,wrong,correct,b_correct_a_wrong
meta-llama_Llama-3.1-8B-Instruct::zh_simple_python::zh_simple_python_224,wrong,correct,b_correct_a_wrong
meta-llama_Llama-3.1-8B-Instruct::zh_simple_python::zh_simple_python_229,correct,correct,both_correct
meta-llama_Llama-3.1-8B-Instruct::zh_simple_python::zh_simple_python_249,wrong,correct,b_correct_a_wrong
meta-llama_Llama-3.1-8B-Instruct::zh_simple_python::zh_simple_python_255,correct,correct,both_correct
meta-llama_Llama-3.1-8B-Instruct::zh_simple_python::zh_simple_python_267,wrong,correct,b_correct_a_wrong
meta-llama_Llama-3.1-8B-Instruct::zh_simple_python::zh_simple_python_273,correct,correct,both_correct
meta-llama_Llama-3.1-8B-Instruct::zh_simple_python::zh_simple_python_283,correct,correct,both_correct
meta-llama_Llama-3.1-8B-Instruct::zh_simple_python::zh_simple_python_295,correct,correct,both_correct
meta-llama_Llama-3.1-8B-Instruct::zh_simple_python::zh_simple_python_306,wrong,correct,b_correct_a_wrong
meta-llama_Llama-3.1-8B-Instruct::zh_simple_python::zh_simple_python_315,wrong,wrong,both_wrong
meta-llama_Llama-3.1-8B-Instruct::zh_simple_python::zh_simple_python_327,correct,correct,both_correct
meta-llama_Llama-3.1-8B-Instruct::zh_simple_python::zh_simple_python_344,correct,correct,both_correct
meta-llama_Llama-3.1-8B-Instruct::zh_simple_python::zh_simple_python_352,correct,correct,both_correct
meta-llama_Llama-3.1-8B-Instruct::zh_simple_python::zh_simple_python_356,wrong,correct,b_correct_a_wrong
meta-llama_Llama-3.1-8B-Instruct::zh_simple_python::zh_simple_python_364,correct,correct,both_correct
meta-llama_Llama-3.1-8B-Instruct::zh_simple_python::zh_simple_python_370,wrong,correct,b_correct_a_wrong
meta-llama_Llama-3.1-8B-Instruct::zh_simple_python::zh_simple_python_375,wrong,correct,b_correct_a_wrong
meta-llama_Llama-3.1-8B-Instruct::zh_simple_python::zh_simple_python_386,correct,correct,both_correct
meta-llama_Llama-3.1-8B-Instruct::zh_simple_python::zh_simple_python_388,wrong,correct,b_correct_a_wrong
meta-llama_Llama-3.1-8B-Instruct::zh_simple_python::zh_simple_python_55,correct,correct,both_correct
meta-llama_Llama-3.1-8B-Instruct::zh_simple_python::zh_simple_python_63,correct,correct,both_correct
meta-llama_Llama-3.1-8B-Instruct::zh_simple_python::zh_simple_python_65,wrong,wrong,both_wrong
meta-llama_Llama-3.1-8B-Instruct::zh_simple_python::zh_simple_python_77,correct,correct,both_correct
meta-llama_Llama-3.1-8B-Instruct::zh_simple_python::zh_simple_python_80,correct,correct,both_correct
mistralai_Ministral-8B-Instruct-2410::zh_multiple::zh_multiple_136,wrong,correct,b_correct_a_wrong
mistralai_Ministral-8B-Instruct-2410::zh_multiple::zh_multiple_149,correct,correct,both_correct
mistralai_Ministral-8B-Instruct-2410::zh_multiple::zh_multiple_192,wrong,correct,b_correct_a_wrong
mistralai_Ministral-8B-Instruct-2410::zh_multiple::zh_multiple_65,correct,correct,both_correct
mistralai_Ministral-8B-Instruct-2410::zh_multiple::zh_multiple_78,correct,correct,both_correct
mistralai_Ministral-8B-Instruct-2410::zh_multiple::zh_multiple_94,wrong,correct,b_correct_a_wrong
mistralai_Ministral-8B-Instruct-2410::zh_parallel::zh_parallel_57,correct,correct,both_correct
mistralai_Ministral-8B-Instruct-2410::zh_parallel::zh_parallel_8,correct,correct,both_correct
mistralai_Ministral-8B-Instruct-2410::zh_parallel_multiple::zh_parallel_multiple_147,correct,correct,both_correct
mistralai_Ministral-8B-Instruct-2410::zh_parallel_multiple::zh_parallel_multiple_149,correct,correct,both_correct
mistralai_Ministral-8B-Instruct-2410::zh_parallel_multiple::zh_parallel_multiple_180,correct,correct,both_correct
mistralai_Ministral-8B-Instruct-2410::zh_parallel_multiple::zh_parallel_multiple_32,correct,correct,both_correct
mistralai_Ministral-8B-Instruct-2410::zh_parallel_multiple::zh_parallel_multiple_53,wrong,wrong,both_wrong
mistralai_Ministral-8B-Instruct-2410::zh_parallel_multiple::zh_parallel_multiple_94,correct,correct,both_correct
mistralai_Ministral-8B-Instruct-2410::zh_simple_python::zh_simple_python_163,correct,correct,both_correct
mistralai_Ministral-8B-Instruct-2410::zh_simple_python::zh_simple_python_286,correct,correct,both_correct
mistralai_Ministral-8B-Instruct-2410::zh_simple_python::zh_simple_python_370,wrong,correct,b_correct_a_wrong
mistralai_Ministral-8B-Instruct-2410::zh_simple_python::zh_simple_python_372,correct,correct,both_correct
mistralai_Ministral-8B-Instruct-2410::zh_simple_python::zh_simple_python_65,wrong,correct,b_correct_a_wrong
mistralai_Ministral-8B-Instruct-2410::zh_simple_python::zh_simple_python_83,wrong,correct,b_correct_a_wrong
mistralai_Ministral-8B-Instruct-2410::zh_simple_python::zh_simple_python_91,wrong,correct,b_correct_a_wrong
mistralai_Ministral-8B-Instruct-2410::zh_simple_python::zh_simple_python_99,wrong,wrong,both_wrong
uiuc-convai_CoALM-8B::zh_multiple::zh_multiple_104,correct,correct,both_correct
uiuc-convai_CoALM-8B::zh_multiple::zh_multiple_109,wrong,correct,b_correct_a_wrong
uiuc-convai_CoALM-8B::zh_multiple::zh_multiple_112,wrong,wrong,both_wrong
uiuc-convai_CoALM-8B::zh_multiple::zh_multiple_114,correct,correct,both_correct
uiuc-convai_CoALM-8B::zh_multiple::zh_multiple_115,wrong,correct,b_correct_a_wrong
uiuc-convai_CoALM-8B::zh_multiple::zh_multiple_122,wrong,correct,b_correct_a_wrong
uiuc-convai_CoALM-8B::zh_multiple::zh_multiple_127,wrong,correct,b_correct_a_wrong
uiuc-convai_CoALM-8B::zh_multiple::zh_multiple_139,wrong,correct,b_correct_a_wrong
uiuc-convai_CoALM-8B::zh_multiple::zh_multiple_142,wrong,correct,b_correct_a_wrong
uiuc-convai_CoALM-8B::zh_multiple::zh_multiple_144,wrong,wrong,both_wrong
uiuc-convai_CoALM-8B::zh_multiple::zh_multiple_148,wrong,correct,b_correct_a_wrong
uiuc-convai_CoALM-8B::zh_multiple::zh_multiple_149,wrong,wrong,both_wrong
uiuc-convai_CoALM-8B::zh_multiple::zh_multiple_153,wrong,wrong,both_wrong
uiuc-convai_CoALM-8B::zh_multiple::zh_multiple_155,wrong,correct,b_correct_a_wrong
uiuc-convai_CoALM-8B::zh_multiple::zh_multiple_156,wrong,correct,b_correct_a_wrong
uiuc-convai_CoALM-8B::zh_multiple::zh_multiple_157,wrong,wrong,both_wrong
uiuc-convai_CoALM-8B::zh_multiple::zh_multiple_158,wrong,correct,b_correct_a_wrong
uiuc-convai_CoALM-8B::zh_multiple::zh_multiple_160,wrong,correct,b_correct_a_wrong
uiuc-convai_CoALM-8B::zh_multiple::zh_multiple_165,wrong,correct,b_correct_a_wrong
uiuc-convai_CoALM-8B::zh_multiple::zh_multiple_169,wrong,correct,b_correct_a_wrong
uiuc-convai_CoALM-8B::zh_multiple::zh_multiple_172,wrong,correct,b_correct_a_wrong
uiuc-convai_CoALM-8B::zh_multiple::zh_multiple_174,wrong,wrong,both_wrong
uiuc-convai_CoALM-8B::zh_multiple::zh_multiple_176,wrong,correct,b_correct_a_wrong
uiuc-convai_CoALM-8B::zh_multiple::zh_multiple_18,wrong,correct,b_correct_a_wrong
uiuc-convai_CoALM-8B::zh_multiple::zh_multiple_181,wrong,correct,b_correct_a_wrong
uiuc-convai_CoALM-8B::zh_multiple::zh_multiple_183,wrong,correct,b_correct_a_wrong
uiuc-convai_CoALM-8B::zh_multiple::zh_multiple_186,wrong,correct,b_correct_a_wrong
uiuc-convai_CoALM-8B::zh_multiple::zh_multiple_188,wrong,correct,b_correct_a_wrong
uiuc-convai_CoALM-8B::zh_multiple::zh_multiple_19,wrong,wrong,both_wrong
uiuc-convai_CoALM-8B::zh_multiple::zh_multiple_191,wrong,correct,b_correct_a_wrong
uiuc-convai_CoALM-8B::zh_multiple::zh_multiple_192,wrong,correct,b_correct_a_wrong
uiuc-convai_CoALM-8B::zh_multiple::zh_multiple_193,correct,correct,both_correct
uiuc-convai_CoALM-8B::zh_multiple::zh_multiple_194,wrong,correct,b_correct_a_wrong
uiuc-convai_CoALM-8B::zh_multiple::zh_multiple_196,wrong,correct,b_correct_a_wrong
uiuc-convai_CoALM-8B::zh_multiple::zh_multiple_199,wrong,correct,b_correct_a_wrong
uiuc-convai_CoALM-8B::zh_multiple::zh_multiple_2,wrong,correct,b_correct_a_wrong
uiuc-convai_CoALM-8B::zh_multiple::zh_multiple_23,wrong,wrong,both_wrong
uiuc-convai_CoALM-8B::zh_multiple::zh_multiple_38,wrong,correct,b_correct_a_wrong
uiuc-convai_CoALM-8B::zh_multiple::zh_multiple_49,wrong,correct,b_correct_a_wrong
uiuc-convai_CoALM-8B::zh_multiple::zh_multiple_58,wrong,correct,b_correct_a_wrong
uiuc-convai_CoALM-8B::zh_multiple::zh_multiple_60,wrong,correct,b_correct_a_wrong
uiuc-convai_CoALM-8B::zh_multiple::zh_multiple_61,wrong,correct,b_correct_a_wrong
uiuc-convai_CoALM-8B::zh_multiple::zh_multiple_63,wrong,correct,b_correct_a_wrong
uiuc-convai_CoALM-8B::zh_multiple::zh_multiple_64,correct,correct,both_correct
uiuc-convai_CoALM-8B::zh_multiple::zh_multiple_65,correct,correct,both_correct
uiuc-convai_CoALM-8B::zh_multiple::zh_multiple_67,wrong,correct,b_correct_a_wrong
uiuc-convai_CoALM-8B::zh_multiple::zh_multiple_68,wrong,correct,b_correct_a_wrong
uiuc-convai_CoALM-8B::zh_multiple::zh_multiple_73,wrong,correct,b_correct_a_wrong
uiuc-convai_CoALM-8B::zh_multiple::zh_multiple_78,wrong,correct,b_correct_a_wrong
uiuc-convai_CoALM-8B::zh_multiple::zh_multiple_79,wrong,correct,b_correct_a_wrong
uiuc-convai_CoALM-8B::zh_multiple::zh_multiple_8,wrong,correct,b_correct_a_wrong
uiuc-convai_CoALM-8B::zh_multiple::zh_multiple_80,wrong,correct,b_correct_a_wrong
uiuc-convai_CoALM-8B::zh_multiple::zh_multiple_81,correct,correct,both_correct
uiuc-convai_CoALM-8B::zh_multiple::zh_multiple_83,wrong,correct,b_correct_a_wrong
uiuc-convai_CoALM-8B::zh_multiple::zh_multiple_85,wrong,correct,b_correct_a_wrong
uiuc-convai_CoALM-8B::zh_multiple::zh_multiple_88,wrong,wrong,both_wrong
uiuc-convai_CoALM-8B::zh_multiple::zh_multiple_91,wrong,correct,b_correct_a_wrong
uiuc-convai_CoALM-8B::zh_multiple::zh_multiple_93,wrong,correct,b_correct_a_wrong
uiuc-convai_CoALM-8B::zh_multiple::zh_multiple_94,wrong,correct,b_correct_a_wrong
uiuc-convai_CoALM-8B::zh_parallel::zh_parallel_109,wrong,correct,b_correct_a_wrong
uiuc-convai_CoALM-8B::zh_parallel::zh_parallel_11,wrong,correct,b_correct_a_wrong
uiuc-convai_CoALM-8B::zh_parallel::zh_parallel_117,wrong,correct,b_correct_a_wrong
uiuc-convai_CoALM-8B::zh_parallel::zh_parallel_118,wrong,correct,b_correct_a_wrong
uiuc-convai_CoALM-8B::zh_parallel::zh_parallel_119,wrong,correct,b_correct_a_wrong
uiuc-convai_CoALM-8B::zh_parallel::zh_parallel_120,correct,correct,both_correct
uiuc-convai_CoALM-8B::zh_parallel::zh_parallel_126,wrong,correct,b_correct_a_wrong
uiuc-convai_CoALM-8B::zh_parallel::zh_parallel_130,wrong,correct,b_correct_a_wrong
uiuc-convai_CoALM-8B::zh_parallel::zh_parallel_136,wrong,correct,b_correct_a_wrong
uiuc-convai_CoALM-8B::zh_parallel::zh_parallel_140,wrong,correct,b_correct_a_wrong
uiuc-convai_CoALM-8B::zh_parallel::zh_parallel_141,wrong,correct,b_correct_a_wrong
uiuc-convai_CoALM-8B::zh_parallel::zh_parallel_149,wrong,correct,b_correct_a_wrong
uiuc-convai_CoALM-8B::zh_parallel::zh_parallel_155,correct,correct,both_correct
uiuc-convai_CoALM-8B::zh_parallel::zh_parallel_159,wrong,correct,b_correct_a_wrong
uiuc-convai_CoALM-8B::zh_parallel::zh_parallel_177,wrong,correct,b_correct_a_wrong
uiuc-convai_CoALM-8B::zh_parallel::zh_parallel_181,wrong,correct,b_correct_a_wrong
uiuc-convai_CoALM-8B::zh_parallel::zh_parallel_187,wrong,correct,b_correct_a_wrong
uiuc-convai_CoALM-8B::zh_parallel::zh_parallel_189,correct,correct,both_correct
uiuc-convai_CoALM-8B::zh_parallel::zh_parallel_191,correct,correct,both_correct
uiuc-convai_CoALM-8B::zh_parallel::zh_parallel_192,wrong,correct,b_correct_a_wrong
uiuc-convai_CoALM-8B::zh_parallel::zh_parallel_194,correct,correct,both_correct
uiuc-convai_CoALM-8B::zh_parallel::zh_parallel_195,wrong,correct,b_correct_a_wrong
uiuc-convai_CoALM-8B::zh_parallel::zh_parallel_196,wrong,correct,b_correct_a_wrong
uiuc-convai_CoALM-8B::zh_parallel::zh_parallel_21,wrong,correct,b_correct_a_wrong
uiuc-convai_CoALM-8B::zh_parallel::zh_parallel_27,wrong,correct,b_correct_a_wrong
uiuc-convai_CoALM-8B::zh_parallel::zh_parallel_3,correct,correct,both_correct
uiuc-convai_CoALM-8B::zh_parallel::zh_parallel_34,wrong,correct,b_correct_a_wrong
uiuc-convai_CoALM-8B::zh_parallel::zh_parallel_35,wrong,correct,b_correct_a_wrong
uiuc-convai_CoALM-8B::zh_parallel::zh_parallel_36,wrong,correct,b_correct_a_wrong
uiuc-convai_CoALM-8B::zh_parallel::zh_parallel_37,wrong,correct,b_correct_a_wrong
uiuc-convai_CoALM-8B::zh_parallel::zh_parallel_39,wrong,correct,b_correct_a_wrong
uiuc-convai_CoALM-8B::zh_parallel::zh_parallel_40,wrong,correct,b_correct_a_wrong
uiuc-convai_CoALM-8B::zh_parallel::zh_parallel_41,wrong,correct,b_correct_a_wrong
uiuc-convai_CoALM-8B::zh_parallel::zh_parallel_42,wrong,correct,b_correct_a_wrong
uiuc-convai_CoALM-8B::zh_parallel::zh_parallel_44,wrong,correct,b_correct_a_wrong
uiuc-convai_CoALM-8B::zh_parallel::zh_parallel_45,wrong,correct,b_correct_a_wrong
uiuc-convai_CoALM-8B::zh_parallel::zh_parallel_47,wrong,correct,b_correct_a_wrong
uiuc-convai_CoALM-8B::zh_parallel::zh_parallel_5,wrong,correct,b_correct_a_wrong
uiuc-convai_CoALM-8B::zh_parallel::zh_parallel_51,wrong,correct,b_correct_a_wrong
uiuc-convai_CoALM-8B::zh_parallel::zh_parallel_52,correct,correct,both_correct
uiuc-convai_CoALM-8B::zh_parallel::zh_parallel_53,wrong,correct,b_correct_a_wrong
uiuc-convai_CoALM-8B::zh_parallel::zh_parallel_54,wrong,correct,b_correct_a_wrong
uiuc-convai_CoALM-8B::zh_parallel::zh_parallel_55,correct,correct,both_correct
uiuc-convai_CoALM-8B::zh_parallel::zh_parallel_56,wrong,correct,b_correct_a_wrong
uiuc-convai_CoALM-8B::zh_parallel::zh_parallel_57,correct,correct,both_correct
uiuc-convai_CoALM-8B::zh_parallel::zh_parallel_67,wrong,correct,b_correct_a_wrong
uiuc-convai_CoALM-8B::zh_parallel::zh_parallel_68,wrong,correct,b_correct_a_wrong
uiuc-convai_CoALM-8B::zh_parallel::zh_parallel_70,wrong,correct,b_correct_a_wrong
uiuc-convai_CoALM-8B::zh_parallel::zh_parallel_71,correct,correct,both_correct
uiuc-convai_CoALM-8B::zh_parallel::zh_parallel_77,correct,correct,both_correct
uiuc-convai_CoALM-8B::zh_parallel::zh_parallel_8,correct,correct,both_correct
uiuc-convai_CoALM-8B::zh_parallel::zh_parallel_89,wrong,correct,b_correct_a_wrong
uiuc-convai_CoALM-8B::zh_parallel::zh_parallel_91,correct,correct,both_correct
uiuc-convai_CoALM-8B::zh_parallel::zh_parallel_92,correct,correct,both_correct
uiuc-convai_CoALM-8B::zh_parallel::zh_parallel_93,correct,correct,both_correct
uiuc-convai_CoALM-8B::zh_parallel_multiple::zh_parallel_multiple_10,wrong,correct,b_correct_a_wrong
uiuc-convai_CoALM-8B::zh_parallel_multiple::zh_parallel_multiple_104,wrong,correct,b_correct_a_wrong
uiuc-convai_CoALM-8B::zh_parallel_multiple::zh_parallel_multiple_105,correct,correct,both_correct
uiuc-convai_CoALM-8B::zh_parallel_multiple::zh_parallel_multiple_107,wrong,correct,b_correct_a_wrong
uiuc-convai_CoALM-8B::zh_parallel_multiple::zh_parallel_multiple_108,correct,correct,both_correct
uiuc-convai_CoALM-8B::zh_parallel_multiple::zh_parallel_multiple_112,wrong,correct,b_correct_a_wrong
uiuc-convai_CoALM-8B::zh_parallel_multiple::zh_parallel_multiple_114,wrong,correct,b_correct_a_wrong
uiuc-convai_CoALM-8B::zh_parallel_multiple::zh_parallel_multiple_116,correct,correct,both_correct
uiuc-convai_CoALM-8B::zh_parallel_multiple::zh_parallel_multiple_120,wrong,correct,b_correct_a_wrong
uiuc-convai_CoALM-8B::zh_parallel_multiple::zh_parallel_multiple_122,wrong,correct,b_correct_a_wrong
uiuc-convai_CoALM-8B::zh_parallel_multiple::zh_parallel_multiple_123,wrong,correct,b_correct_a_wrong
uiuc-convai_CoALM-8B::zh_parallel_multiple::zh_parallel_multiple_124,correct,correct,both_correct
uiuc-convai_CoALM-8B::zh_parallel_multiple::zh_parallel_multiple_126,wrong,correct,b_correct_a_wrong
uiuc-convai_CoALM-8B::zh_parallel_multiple::zh_parallel_multiple_127,wrong,correct,b_correct_a_wrong
uiuc-convai_CoALM-8B::zh_parallel_multiple::zh_parallel_multiple_128,wrong,correct,b_correct_a_wrong
uiuc-convai_CoALM-8B::zh_parallel_multiple::zh_parallel_multiple_130,correct,correct,both_correct
uiuc-convai_CoALM-8B::zh_parallel_multiple::zh_parallel_multiple_135,correct,correct,both_correct
uiuc-convai_CoALM-8B::zh_parallel_multiple::zh_parallel_multiple_137,correct,correct,both_correct
uiuc-convai_CoALM-8B::zh_parallel_multiple::zh_parallel_multiple_139,correct,correct,both_correct
uiuc-convai_CoALM-8B::zh_parallel_multiple::zh_parallel_multiple_141,correct,correct,both_correct
uiuc-convai_CoALM-8B::zh_parallel_multiple::zh_parallel_multiple_142,wrong,correct,b_correct_a_wrong
uiuc-convai_CoALM-8B::zh_parallel_multiple::zh_parallel_multiple_144,wrong,correct,b_correct_a_wrong
uiuc-convai_CoALM-8B::zh_parallel_multiple::zh_parallel_multiple_145,correct,correct,both_correct
uiuc-convai_CoALM-8B::zh_parallel_multiple::zh_parallel_multiple_147,correct,correct,both_correct
uiuc-convai_CoALM-8B::zh_parallel_multiple::zh_parallel_multiple_148,wrong,correct,b_correct_a_wrong
uiuc-convai_CoALM-8B::zh_parallel_multiple::zh_parallel_multiple_150,wrong,correct,b_correct_a_wrong
uiuc-convai_CoALM-8B::zh_parallel_multiple::zh_parallel_multiple_151,wrong,correct,b_correct_a_wrong
uiuc-convai_CoALM-8B::zh_parallel_multiple::zh_parallel_multiple_152,correct,correct,both_correct
uiuc-convai_CoALM-8B::zh_parallel_multiple::zh_parallel_multiple_153,correct,correct,both_correct
uiuc-convai_CoALM-8B::zh_parallel_multiple::zh_parallel_multiple_158,wrong,correct,b_correct_a_wrong
uiuc-convai_CoALM-8B::zh_parallel_multiple::zh_parallel_multiple_159,wrong,correct,b_correct_a_wrong
uiuc-convai_CoALM-8B::zh_parallel_multiple::zh_parallel_multiple_160,correct,correct,both_correct
uiuc-convai_CoALM-8B::zh_parallel_multiple::zh_parallel_multiple_161,correct,correct,both_correct
uiuc-convai_CoALM-8B::zh_parallel_multiple::zh_parallel_multiple_164,correct,correct,both_correct
uiuc-convai_CoALM-8B::zh_parallel_multiple::zh_parallel_multiple_165,correct,correct,both_correct
uiuc-convai_CoALM-8B::zh_parallel_multiple::zh_parallel_multiple_166,wrong,correct,b_correct_a_wrong
uiuc-convai_CoALM-8B::zh_parallel_multiple::zh_parallel_multiple_167,wrong,wrong,both_wrong
uiuc-convai_CoALM-8B::zh_parallel_multiple::zh_parallel_multiple_169,wrong,correct,b_correct_a_wrong
uiuc-convai_CoALM-8B::zh_parallel_multiple::zh_parallel_multiple_171,wrong,correct,b_correct_a_wrong
uiuc-convai_CoALM-8B::zh_parallel_multiple::zh_parallel_multiple_172,correct,correct,both_correct
uiuc-convai_CoALM-8B::zh_parallel_multiple::zh_parallel_multiple_173,wrong,correct,b_correct_a_wrong
uiuc-convai_CoALM-8B::zh_parallel_multiple::zh_parallel_multiple_177,correct,correct,both_correct
uiuc-convai_CoALM-8B::zh_parallel_multiple::zh_parallel_multiple_178,wrong,correct,b_correct_a_wrong
uiuc-convai_CoALM-8B::zh_parallel_multiple::zh_parallel_multiple_180,correct,correct,both_correct
uiuc-convai_CoALM-8B::zh_parallel_multiple::zh_parallel_multiple_181,correct,correct,both_correct
uiuc-convai_CoALM-8B::zh_parallel_multiple::zh_parallel_multiple_183,wrong,wrong,both_wrong
uiuc-convai_CoALM-8B::zh_parallel_multiple::zh_parallel_multiple_184,wrong,correct,b_correct_a_wrong
uiuc-convai_CoALM-8B::zh_parallel_multiple::zh_parallel_multiple_186,wrong,correct,b_correct_a_wrong
uiuc-convai_CoALM-8B::zh_parallel_multiple::zh_parallel_multiple_189,correct,correct,both_correct
uiuc-convai_CoALM-8B::zh_parallel_multiple::zh_parallel_multiple_19,correct,correct,both_correct
uiuc-convai_CoALM-8B::zh_parallel_multiple::zh_parallel_multiple_192,correct,correct,both_correct
uiuc-convai_CoALM-8B::zh_parallel_multiple::zh_parallel_multiple_193,wrong,correct,b_correct_a_wrong
uiuc-convai_CoALM-8B::zh_parallel_multiple::zh_parallel_multiple_194,correct,correct,both_correct
uiuc-convai_CoALM-8B::zh_parallel_multiple::zh_parallel_multiple_195,correct,correct,both_correct
uiuc-convai_CoALM-8B::zh_parallel_multiple::zh_parallel_multiple_198,wrong,correct,b_correct_a_wrong
uiuc-convai_CoALM-8B::zh_parallel_multiple::zh_parallel_multiple_199,correct,correct,both_correct
uiuc-convai_CoALM-8B::zh_parallel_multiple::zh_parallel_multiple_27,correct,correct,both_correct
uiuc-convai_CoALM-8B::zh_parallel_multiple::zh_parallel_multiple_30,wrong,correct,b_correct_a_wrong
uiuc-convai_CoALM-8B::zh_parallel_multiple::zh_parallel_multiple_32,correct,correct,both_correct
uiuc-convai_CoALM-8B::zh_parallel_multiple::zh_parallel_multiple_34,correct,correct,both_correct
uiuc-convai_CoALM-8B::zh_parallel_multiple::zh_parallel_multiple_36,wrong,correct,b_correct_a_wrong
uiuc-convai_CoALM-8B::zh_parallel_multiple::zh_parallel_multiple_37,correct,correct,both_correct
uiuc-convai_CoALM-8B::zh_parallel_multiple::zh_parallel_multiple_39,wrong,correct,b_correct_a_wrong
uiuc-convai_CoALM-8B::zh_parallel_multiple::zh_parallel_multiple_42,correct,correct,both_correct
uiuc-convai_CoALM-8B::zh_parallel_multiple::zh_parallel_multiple_46,wrong,correct,b_correct_a_wrong
uiuc-convai_CoALM-8B::zh_parallel_multiple::zh_parallel_multiple_50,correct,correct,both_correct
uiuc-convai_CoALM-8B::zh_parallel_multiple::zh_parallel_multiple_51,wrong,correct,b_correct_a_wrong
uiuc-convai_CoALM-8B::zh_parallel_multiple::zh_parallel_multiple_60,correct,correct,both_correct
uiuc-convai_CoALM-8B::zh_parallel_multiple::zh_parallel_multiple_63,correct,correct,both_correct
uiuc-convai_CoALM-8B::zh_parallel_multiple::zh_parallel_multiple_64,wrong,correct,b_correct_a_wrong
uiuc-convai_CoALM-8B::zh_parallel_multiple::zh_parallel_multiple_65,correct,correct,both_correct
uiuc-convai_CoALM-8B::zh_parallel_multiple::zh_parallel_multiple_68,correct,correct,both_correct
uiuc-convai_CoALM-8B::zh_parallel_multiple::zh_parallel_multiple_69,wrong,wrong,both_wrong
uiuc-convai_CoALM-8B::zh_parallel_multiple::zh_parallel_multiple_71,correct,correct,both_correct
uiuc-convai_CoALM-8B::zh_parallel_multiple::zh_parallel_multiple_74,wrong,correct,b_correct_a_wrong
uiuc-convai_CoALM-8B::zh_parallel_multiple::zh_parallel_multiple_76,wrong,correct,b_correct_a_wrong
uiuc-convai_CoALM-8B::zh_parallel_multiple::zh_parallel_multiple_77,wrong,wrong,both_wrong
uiuc-convai_CoALM-8B::zh_parallel_multiple::zh_parallel_multiple_81,correct,correct,both_correct
uiuc-convai_CoALM-8B::zh_parallel_multiple::zh_parallel_multiple_87,correct,correct,both_correct
uiuc-convai_CoALM-8B::zh_parallel_multiple::zh_parallel_multiple_89,correct,correct,both_correct
uiuc-convai_CoALM-8B::zh_parallel_multiple::zh_parallel_multiple_93,wrong,correct,b_correct_a_wrong
uiuc-convai_CoALM-8B::zh_parallel_multiple::zh_parallel_multiple_94,correct,correct,both_correct
uiuc-convai_CoALM-8B::zh_parallel_multiple::zh_parallel_multiple_97,wrong,correct,b_correct_a_wrong
uiuc-convai_CoALM-8B::zh_parallel_multiple::zh_parallel_multiple_98,wrong,correct,b_correct_a_wrong
uiuc-convai_CoALM-8B::zh_simple_python::zh_simple_python_108,wrong,correct,b_correct_a_wrong
uiuc-convai_CoALM-8B::zh_simple_python::zh_simple_python_126,wrong,correct,b_correct_a_wrong
uiuc-convai_CoALM-8B::zh_simple_python::zh_simple_python_128,wrong,correct,b_correct_a_wrong
uiuc-convai_CoALM-8B::zh_simple_python::zh_simple_python_136,wrong,correct,b_correct_a_wrong
uiuc-convai_CoALM-8B::zh_simple_python::zh_simple_python_139,wrong,correct,b_correct_a_wrong
uiuc-convai_CoALM-8B::zh_simple_python::zh_simple_python_142,wrong,correct,b_correct_a_wrong
uiuc-convai_CoALM-8B::zh_simple_python::zh_simple_python_146,wrong,correct,b_correct_a_wrong
uiuc-convai_CoALM-8B::zh_simple_python::zh_simple_python_161,wrong,correct,b_correct_a_wrong
uiuc-convai_CoALM-8B::zh_simple_python::zh_simple_python_162,correct,correct,both_correct
uiuc-convai_CoALM-8B::zh_simple_python::zh_simple_python_163,wrong,correct,b_correct_a_wrong
uiuc-convai_CoALM-8B::zh_simple_python::zh_simple_python_165,wrong,correct,b_correct_a_wrong
uiuc-convai_CoALM-8B::zh_simple_python::zh_simple_python_166,correct,correct,both_correct
uiuc-convai_CoALM-8B::zh_simple_python::zh_simple_python_167,wrong,correct,b_correct_a_wrong
uiuc-convai_CoALM-8B::zh_simple_python::zh_simple_python_173,wrong,correct,b_correct_a_wrong
uiuc-convai_CoALM-8B::zh_simple_python::zh_simple_python_174,wrong,correct,b_correct_a_wrong
uiuc-convai_CoALM-8B::zh_simple_python::zh_simple_python_176,wrong,correct,b_correct_a_wrong
uiuc-convai_CoALM-8B::zh_simple_python::zh_simple_python_183,wrong,correct,b_correct_a_wrong
uiuc-convai_CoALM-8B::zh_simple_python::zh_simple_python_185,wrong,correct,b_correct_a_wrong
uiuc-convai_CoALM-8B::zh_simple_python::zh_simple_python_186,wrong,correct,b_correct_a_wrong
uiuc-convai_CoALM-8B::zh_simple_python::zh_simple_python_187,wrong,correct,b_correct_a_wrong
uiuc-convai_CoALM-8B::zh_simple_python::zh_simple_python_188,wrong,correct,b_correct_a_wrong
uiuc-convai_CoALM-8B::zh_simple_python::zh_simple_python_190,wrong,correct,b_correct_a_wrong
uiuc-convai_CoALM-8B::zh_simple_python::zh_simple_python_196,wrong,correct,b_correct_a_wrong
uiuc-convai_CoALM-8B::zh_simple_python::zh_simple_python_197,wrong,correct,b_correct_a_wrong
uiuc-convai_CoALM-8B::zh_simple_python::zh_simple_python_199,wrong,correct,b_correct_a_wrong
uiuc-convai_CoALM-8B::zh_simple_python::zh_simple_python_200,wrong,correct,b_correct_a_wrong
uiuc-convai_CoALM-8B::zh_simple_python::zh_simple_python_201,wrong,correct,b_correct_a_wrong
uiuc-convai_CoALM-8B::zh_simple_python::zh_simple_python_204,wrong,correct,b_correct_a_wrong
uiuc-convai_CoALM-8B::zh_simple_python::zh_simple_python_212,wrong,correct,b_correct_a_wrong
uiuc-convai_CoALM-8B::zh_simple_python::zh_simple_python_215,wrong,wrong,both_wrong
uiuc-convai_CoALM-8B::zh_simple_python::zh_simple_python_216,wrong,wrong,both_wrong
uiuc-convai_CoALM-8B::zh_simple_python::zh_simple_python_221,wrong,correct,b_correct_a_wrong
uiuc-convai_CoALM-8B::zh_simple_python::zh_simple_python_225,wrong,correct,b_correct_a_wrong
uiuc-convai_CoALM-8B::zh_simple_python::zh_simple_python_226,wrong,correct,b_correct_a_wrong
uiuc-convai_CoALM-8B::zh_simple_python::zh_simple_python_228,wrong,correct,b_correct_a_wrong
uiuc-convai_CoALM-8B::zh_simple_python::zh_simple_python_229,correct,correct,both_correct
uiuc-convai_CoALM-8B::zh_simple_python::zh_simple_python_233,wrong,correct,b_correct_a_wrong
uiuc-convai_CoALM-8B::zh_simple_python::zh_simple_python_234,wrong,correct,b_correct_a_wrong
uiuc-convai_CoALM-8B::zh_simple_python::zh_simple_python_235,wrong,correct,b_correct_a_wrong
uiuc-convai_CoALM-8B::zh_simple_python::zh_simple_python_237,correct,correct,both_correct
uiuc-convai_CoALM-8B::zh_simple_python::zh_simple_python_238,wrong,correct,b_correct_a_wrong
uiuc-convai_CoALM-8B::zh_simple_python::zh_simple_python_241,wrong,correct,b_correct_a_wrong
uiuc-convai_CoALM-8B::zh_simple_python::zh_simple_python_242,wrong,correct,b_correct_a_wrong
uiuc-convai_CoALM-8B::zh_simple_python::zh_simple_python_243,wrong,correct,b_correct_a_wrong
uiuc-convai_CoALM-8B::zh_simple_python::zh_simple_python_244,wrong,correct,b_correct_a_wrong
uiuc-convai_CoALM-8B::zh_simple_python::zh_simple_python_245,wrong,correct,b_correct_a_wrong
uiuc-convai_CoALM-8B::zh_simple_python::zh_simple_python_247,wrong,correct,b_correct_a_wrong
uiuc-convai_CoALM-8B::zh_simple_python::zh_simple_python_248,wrong,correct,b_correct_a_wrong
uiuc-convai_CoALM-8B::zh_simple_python::zh_simple_python_250,wrong,correct,b_correct_a_wrong
uiuc-convai_CoALM-8B::zh_simple_python::zh_simple_python_251,wrong,wrong,both_wrong
uiuc-convai_CoALM-8B::zh_simple_python::zh_simple_python_253,wrong,correct,b_correct_a_wrong
uiuc-convai_CoALM-8B::zh_simple_python::zh_simple_python_255,wrong,correct,b_correct_a_wrong
uiuc-convai_CoALM-8B::zh_simple_python::zh_simple_python_257,wrong,correct,b_correct_a_wrong
uiuc-convai_CoALM-8B::zh_simple_python::zh_simple_python_264,wrong,wrong,both_wrong
uiuc-convai_CoALM-8B::zh_simple_python::zh_simple_python_267,wrong,correct,b_correct_a_wrong
uiuc-convai_CoALM-8B::zh_simple_python::zh_simple_python_268,wrong,correct,b_correct_a_wrong
uiuc-convai_CoALM-8B::zh_simple_python::zh_simple_python_270,wrong,correct,b_correct_a_wrong
uiuc-convai_CoALM-8B::zh_simple_python::zh_simple_python_273,wrong,correct,b_correct_a_wrong
uiuc-convai_CoALM-8B::zh_simple_python::zh_simple_python_274,wrong,correct,b_correct_a_wrong
uiuc-convai_CoALM-8B::zh_simple_python::zh_simple_python_276,wrong,correct,b_correct_a_wrong
uiuc-convai_CoALM-8B::zh_simple_python::zh_simple_python_277,correct,correct,both_correct
uiuc-convai_CoALM-8B::zh_simple_python::zh_simple_python_278,wrong,wrong,both_wrong
uiuc-convai_CoALM-8B::zh_simple_python::zh_simple_python_281,wrong,correct,b_correct_a_wrong
uiuc-convai_CoALM-8B::zh_simple_python::zh_simple_python_283,correct,correct,both_correct
uiuc-convai_CoALM-8B::zh_simple_python::zh_simple_python_288,correct,correct,both_correct
uiuc-convai_CoALM-8B::zh_simple_python::zh_simple_python_295,wrong,wrong,both_wrong
uiuc-convai_CoALM-8B::zh_simple_python::zh_simple_python_303,wrong,correct,b_correct_a_wrong
uiuc-convai_CoALM-8B::zh_simple_python::zh_simple_python_304,wrong,correct,b_correct_a_wrong
uiuc-convai_CoALM-8B::zh_simple_python::zh_simple_python_305,wrong,correct,b_correct_a_wrong
uiuc-convai_CoALM-8B::zh_simple_python::zh_simple_python_306,wrong,correct,b_correct_a_wrong
uiuc-convai_CoALM-8B::zh_simple_python::zh_simple_python_308,wrong,correct,b_correct_a_wrong
uiuc-convai_CoALM-8B::zh_simple_python::zh_simple_python_310,wrong,correct,b_correct_a_wrong
uiuc-convai_CoALM-8B::zh_simple_python::zh_simple_python_311,wrong,correct,b_correct_a_wrong
uiuc-convai_CoALM-8B::zh_simple_python::zh_simple_python_312,wrong,correct,b_correct_a_wrong
uiuc-convai_CoALM-8B::zh_simple_python::zh_simple_python_313,wrong,correct,b_correct_a_wrong
uiuc-convai_CoALM-8B::zh_simple_python::zh_simple_python_314,wrong,correct,b_correct_a_wrong
uiuc-convai_CoALM-8B::zh_simple_python::zh_simple_python_318,wrong,correct,b_correct_a_wrong
uiuc-convai_CoALM-8B::zh_simple_python::zh_simple_python_319,wrong,correct,b_correct_a_wrong
uiuc-convai_CoALM-8B::zh_simple_python::zh_simple_python_320,wrong,wrong,both_wrong
uiuc-convai_CoALM-8B::zh_simple_python::zh_simple_python_321,wrong,correct,b_correct_a_wrong
uiuc-convai_CoALM-8B::zh_simple_python::zh_simple_python_322,wrong,correct,b_correct_a_wrong
uiuc-convai_CoALM-8B::zh_simple_python::zh_simple_python_324,wrong,correct,b_correct_a_wrong
uiuc-convai_CoALM-8B::zh_simple_python::zh_simple_python_325,wrong,correct,b_correct_a_wrong
uiuc-convai_CoALM-8B::zh_simple_python::zh_simple_python_326,wrong,correct,b_correct_a_wrong
uiuc-convai_CoALM-8B::zh_simple_python::zh_simple_python_327,wrong,correct,b_correct_a_wrong
uiuc-convai_CoALM-8B::zh_simple_python::zh_simple_python_328,wrong,correct,b_correct_a_wrong
uiuc-convai_CoALM-8B::zh_simple_python::zh_simple_python_330,wrong,correct,b_correct_a_wrong
uiuc-convai_CoALM-8B::zh_simple_python::zh_simple_python_332,wrong,correct,b_correct_a_wrong
uiuc-convai_CoALM-8B::zh_simple_python::zh_simple_python_335,wrong,correct,b_correct_a_wrong
uiuc-convai_CoALM-8B::zh_simple_python::zh_simple_python_337,wrong,correct,b_correct_a_wrong
uiuc-convai_CoALM-8B::zh_simple_python::zh_simple_python_340,correct,correct,both_correct
uiuc-convai_CoALM-8B::zh_simple_python::zh_simple_python_344,wrong,correct,b_correct_a_wrong
uiuc-convai_CoALM-8B::zh_simple_python::zh_simple_python_345,wrong,correct,b_correct_a_wrong
uiuc-convai_CoALM-8B::zh_simple_python::zh_simple_python_350,wrong,wrong,both_wrong
uiuc-convai_CoALM-8B::zh_simple_python::zh_simple_python_352,wrong,wrong,both_wrong
uiuc-convai_CoALM-8B::zh_simple_python::zh_simple_python_355,wrong,correct,b_correct_a_wrong
uiuc-convai_CoALM-8B::zh_simple_python::zh_simple_python_356,wrong,correct,b_correct_a_wrong
uiuc-convai_CoALM-8B::zh_simple_python::zh_simple_python_357,wrong,correct,b_correct_a_wrong
uiuc-convai_CoALM-8B::zh_simple_python::zh_simple_python_358,wrong,correct,b_correct_a_wrong
uiuc-convai_CoALM-8B::zh_simple_python::zh_simple_python_36,correct,correct,both_correct
uiuc-convai_CoALM-8B::zh_simple_python::zh_simple_python_360,wrong,correct,b_correct_a_wrong
uiuc-convai_CoALM-8B::zh_simple_python::zh_simple_python_362,wrong,correct,b_correct_a_wrong
uiuc-convai_CoALM-8B::zh_simple_python::zh_simple_python_365,wrong,correct,b_correct_a_wrong
uiuc-convai_CoALM-8B::zh_simple_python::zh_simple_python_367,wrong,correct,b_correct_a_wrong
uiuc-convai_CoALM-8B::zh_simple_python::zh_simple_python_369,wrong,correct,b_correct_a_wrong
uiuc-convai_CoALM-8B::zh_simple_python::zh_simple_python_370,wrong,correct,b_correct_a_wrong
uiuc-convai_CoALM-8B::zh_simple_python::zh_simple_python_372,correct,correct,both_correct
uiuc-convai_CoALM-8B::zh_simple_python::zh_simple_python_373,wrong,correct,b_correct_a_wrong
uiuc-convai_CoALM-8B::zh_simple_python::zh_simple_python_374,wrong,correct,b_correct_a_wrong
uiuc-convai_CoALM-8B::zh_simple_python::zh_simple_python_375,wrong,correct,b_correct_a_wrong
uiuc-convai_CoALM-8B::zh_simple_python::zh_simple_python_376,wrong,correct,b_correct_a_wrong
uiuc-convai_CoALM-8B::zh_simple_python::zh_simple_python_377,wrong,correct,b_correct_a_wrong
uiuc-convai_CoALM-8B::zh_simple_python::zh_simple_python_379,wrong,correct,b_correct_a_wrong
uiuc-convai_CoALM-8B::zh_simple_python::zh_simple_python_380,correct,correct,both_correct
uiuc-convai_CoALM-8B::zh_simple_python::zh_simple_python_386,wrong,correct,b_correct_a_wrong
uiuc-convai_CoALM-8B::zh_simple_python::zh_simple_python_387,wrong,correct,b_correct_a_wrong
uiuc-convai_CoALM-8B::zh_simple_python::zh_simple_python_390,wrong,correct,b_correct_a_wrong
uiuc-convai_CoALM-8B::zh_simple_python::zh_simple_python_393,wrong,correct,b_correct_a_wrong
uiuc-convai_CoALM-8B::zh_simple_python::zh_simple_python_394,correct,correct,both_correct
uiuc-convai_CoALM-8B::zh_simple_python::zh_simple_python_398,wrong,correct,b_correct_a_wrong
uiuc-convai_CoALM-8B::zh_simple_python::zh_simple_python_42,wrong,correct,b_correct_a_wrong
uiuc-convai_CoALM-8B::zh_simple_python::zh_simple_python_47,wrong,correct,b_correct_a_wrong
uiuc-convai_CoALM-8B::zh_simple_python::zh_simple_python_56,correct,correct,both_correct
uiuc-convai_CoALM-8B::zh_simple_python::zh_simple_python_58,wrong,correct,b_correct_a_wrong
uiuc-convai_CoALM-8B::zh_simple_python::zh_simple_python_68,wrong,wrong,both_wrong
uiuc-convai_CoALM-8B::zh_simple_python::zh_simple_python_69,wrong,wrong,both_wrong
uiuc-convai_CoALM-8B::zh_simple_python::zh_simple_python_76,wrong,correct,b_correct_a_wrong
uiuc-convai_CoALM-8B::zh_simple_python::zh_simple_python_77,correct,correct,both_correct
uiuc-convai_CoALM-8B::zh_simple_python::zh_simple_python_78,wrong,correct,b_correct_a_wrong
uiuc-convai_CoALM-8B::zh_simple_python::zh_simple_python_83,wrong,correct,b_correct_a_wrong
uiuc-convai_CoALM-8B::zh_simple_python::zh_simple_python_85,correct,correct,both_correct
uiuc-convai_CoALM-8B::zh_simple_python::zh_simple_python_90,wrong,correct,b_correct_a_wrong
uiuc-convai_CoALM-8B::zh_simple_python::zh_simple_python_91,correct,correct,both_correct
uiuc-convai_CoALM-8B::zh_simple_python::zh_simple_python_92,wrong,correct,b_correct_a_wrong
uiuc-convai_CoALM-8B::zh_simple_python::zh_simple_python_99,wrong,wrong,both_wrong
watt-ai_watt-tool-8B::zh_multiple::zh_multiple_109,correct,correct,both_correct
watt-ai_watt-tool-8B::zh_multiple::zh_multiple_113,wrong,wrong,both_wrong
watt-ai_watt-tool-8B::zh_multiple::zh_multiple_114,correct,correct,both_correct
watt-ai_watt-tool-8B::zh_multiple::zh_multiple_115,correct,correct,both_correct
watt-ai_watt-tool-8B::zh_multiple::zh_multiple_127,wrong,correct,b_correct_a_wrong
watt-ai_watt-tool-8B::zh_multiple::zh_multiple_134,correct,correct,both_correct
watt-ai_watt-tool-8B::zh_multiple::zh_multiple_136,correct,correct,both_correct
watt-ai_watt-tool-8B::zh_multiple::zh_multiple_149,correct,correct,both_correct
watt-ai_watt-tool-8B::zh_multiple::zh_multiple_160,wrong,correct,b_correct_a_wrong
watt-ai_watt-tool-8B::zh_multiple::zh_multiple_165,correct,correct,both_correct
watt-ai_watt-tool-8B::zh_multiple::zh_multiple_168,correct,correct,both_correct
watt-ai_watt-tool-8B::zh_multiple::zh_multiple_169,wrong,correct,b_correct_a_wrong
watt-ai_watt-tool-8B::zh_multiple::zh_multiple_186,wrong,correct,b_correct_a_wrong
watt-ai_watt-tool-8B::zh_multiple::zh_multiple_190,correct,correct,both_correct
watt-ai_watt-tool-8B::zh_multiple::zh_multiple_192,wrong,correct,b_correct_a_wrong
watt-ai_watt-tool-8B::zh_multiple::zh_multiple_196,correct,correct,both_correct
watt-ai_watt-tool-8B::zh_multiple::zh_multiple_58,wrong,correct,b_correct_a_wrong
watt-ai_watt-tool-8B::zh_multiple::zh_multiple_61,wrong,correct,b_correct_a_wrong
watt-ai_watt-tool-8B::zh_multiple::zh_multiple_67,correct,correct,both_correct
watt-ai_watt-tool-8B::zh_multiple::zh_multiple_78,correct,correct,both_correct
watt-ai_watt-tool-8B::zh_multiple::zh_multiple_80,wrong,correct,b_correct_a_wrong
watt-ai_watt-tool-8B::zh_multiple::zh_multiple_91,wrong,correct,b_correct_a_wrong
watt-ai_watt-tool-8B::zh_multiple::zh_multiple_94,correct,correct,both_correct
watt-ai_watt-tool-8B::zh_parallel::zh_parallel_101,correct,correct,both_correct
watt-ai_watt-tool-8B::zh_parallel::zh_parallel_117,wrong,correct,b_correct_a_wrong
watt-ai_watt-tool-8B::zh_parallel::zh_parallel_119,correct,correct,both_correct
watt-ai_watt-tool-8B::zh_parallel::zh_parallel_130,correct,correct,both_correct
watt-ai_watt-tool-8B::zh_parallel::zh_parallel_159,wrong,correct,b_correct_a_wrong
watt-ai_watt-tool-8B::zh_parallel::zh_parallel_181,wrong,correct,b_correct_a_wrong
watt-ai_watt-tool-8B::zh_parallel::zh_parallel_189,correct,correct,both_correct
watt-ai_watt-tool-8B::zh_parallel::zh_parallel_194,correct,correct,both_correct
watt-ai_watt-tool-8B::zh_parallel::zh_parallel_21,correct,correct,both_correct
watt-ai_watt-tool-8B::zh_parallel::zh_parallel_30,correct,correct,both_correct
watt-ai_watt-tool-8B::zh_parallel::zh_parallel_44,correct,correct,both_correct
watt-ai_watt-tool-8B::zh_parallel::zh_parallel_48,wrong,correct,b_correct_a_wrong
watt-ai_watt-tool-8B::zh_parallel::zh_parallel_91,correct,correct,both_correct
watt-ai_watt-tool-8B::zh_parallel::zh_parallel_94,wrong,correct,b_correct_a_wrong
watt-ai_watt-tool-8B::zh_parallel_multiple::zh_parallel_multiple_103,correct,correct,both_correct
watt-ai_watt-tool-8B::zh_parallel_multiple::zh_parallel_multiple_105,correct,correct,both_correct
watt-ai_watt-tool-8B::zh_parallel_multiple::zh_parallel_multiple_106,wrong,correct,b_correct_a_wrong
watt-ai_watt-tool-8B::zh_parallel_multiple::zh_parallel_multiple_113,correct,correct,both_correct
watt-ai_watt-tool-8B::zh_parallel_multiple::zh_parallel_multiple_115,correct,correct,both_correct
watt-ai_watt-tool-8B::zh_parallel_multiple::zh_parallel_multiple_122,correct,correct,both_correct
watt-ai_watt-tool-8B::zh_parallel_multiple::zh_parallel_multiple_127,correct,correct,both_correct
watt-ai_watt-tool-8B::zh_parallel_multiple::zh_parallel_multiple_128,correct,correct,both_correct
watt-ai_watt-tool-8B::zh_parallel_multiple::zh_parallel_multiple_129,correct,correct,both_correct
watt-ai_watt-tool-8B::zh_parallel_multiple::zh_parallel_multiple_135,correct,correct,both_correct
watt-ai_watt-tool-8B::zh_parallel_multiple::zh_parallel_multiple_137,correct,correct,both_correct
watt-ai_watt-tool-8B::zh_parallel_multiple::zh_parallel_multiple_141,correct,correct,both_correct
watt-ai_watt-tool-8B::zh_parallel_multiple::zh_parallel_multiple_145,correct,correct,both_correct
watt-ai_watt-tool-8B::zh_parallel_multiple::zh_parallel_multiple_147,correct,correct,both_correct
watt-ai_watt-tool-8B::zh_parallel_multiple::zh_parallel_multiple_148,correct,correct,both_correct
watt-ai_watt-tool-8B::zh_parallel_multiple::zh_parallel_multiple_158,correct,correct,both_correct
watt-ai_watt-tool-8B::zh_parallel_multiple::zh_parallel_multiple_159,correct,correct,both_correct
watt-ai_watt-tool-8B::zh_parallel_multiple::zh_parallel_multiple_160,correct,correct,both_correct
watt-ai_watt-tool-8B::zh_parallel_multiple::zh_parallel_multiple_161,correct,correct,both_correct
watt-ai_watt-tool-8B::zh_parallel_multiple::zh_parallel_multiple_165,correct,correct,both_correct
watt-ai_watt-tool-8B::zh_parallel_multiple::zh_parallel_multiple_169,wrong,correct,b_correct_a_wrong
watt-ai_watt-tool-8B::zh_parallel_multiple::zh_parallel_multiple_176,correct,correct,both_correct
watt-ai_watt-tool-8B::zh_parallel_multiple::zh_parallel_multiple_192,correct,correct,both_correct
watt-ai_watt-tool-8B::zh_parallel_multiple::zh_parallel_multiple_198,wrong,correct,b_correct_a_wrong
watt-ai_watt-tool-8B::zh_parallel_multiple::zh_parallel_multiple_32,correct,correct,both_correct
watt-ai_watt-tool-8B::zh_parallel_multiple::zh_parallel_multiple_33,correct,correct,both_correct
watt-ai_watt-tool-8B::zh_parallel_multiple::zh_parallel_multiple_54,wrong,correct,b_correct_a_wrong
watt-ai_watt-tool-8B::zh_parallel_multiple::zh_parallel_multiple_64,wrong,correct,b_correct_a_wrong
watt-ai_watt-tool-8B::zh_parallel_multiple::zh_parallel_multiple_65,correct,correct,both_correct
watt-ai_watt-tool-8B::zh_parallel_multiple::zh_parallel_multiple_69,wrong,wrong,both_wrong
watt-ai_watt-tool-8B::zh_parallel_multiple::zh_parallel_multiple_87,correct,correct,both_correct
watt-ai_watt-tool-8B::zh_parallel_multiple::zh_parallel_multiple_93,correct,correct,both_correct
watt-ai_watt-tool-8B::zh_parallel_multiple::zh_parallel_multiple_94,wrong,correct,b_correct_a_wrong
watt-ai_watt-tool-8B::zh_parallel_multiple::zh_parallel_multiple_97,wrong,correct,b_correct_a_wrong
watt-ai_watt-tool-8B::zh_simple_python::zh_simple_python_110,correct,correct,both_correct
watt-ai_watt-tool-8B::zh_simple_python::zh_simple_python_122,wrong,correct,b_correct_a_wrong
watt-ai_watt-tool-8B::zh_simple_python::zh_simple_python_126,wrong,correct,b_correct_a_wrong
watt-ai_watt-tool-8B::zh_simple_python::zh_simple_python_128,wrong,correct,b_correct_a_wrong
watt-ai_watt-tool-8B::zh_simple_python::zh_simple_python_156,correct,correct,both_correct
watt-ai_watt-tool-8B::zh_simple_python::zh_simple_python_159,wrong,correct,b_correct_a_wrong
watt-ai_watt-tool-8B::zh_simple_python::zh_simple_python_163,correct,correct,both_correct
watt-ai_watt-tool-8B::zh_simple_python::zh_simple_python_164,correct,correct,both_correct
watt-ai_watt-tool-8B::zh_simple_python::zh_simple_python_166,correct,correct,both_correct
watt-ai_watt-tool-8B::zh_simple_python::zh_simple_python_197,correct,correct,both_correct
watt-ai_watt-tool-8B::zh_simple_python::zh_simple_python_200,correct,correct,both_correct
watt-ai_watt-tool-8B::zh_simple_python::zh_simple_python_216,correct,correct,both_correct
watt-ai_watt-tool-8B::zh_simple_python::zh_simple_python_224,wrong,correct,b_correct_a_wrong
watt-ai_watt-tool-8B::zh_simple_python::zh_simple_python_229,correct,correct,both_correct
watt-ai_watt-tool-8B::zh_simple_python::zh_simple_python_234,wrong,correct,b_correct_a_wrong
watt-ai_watt-tool-8B::zh_simple_python::zh_simple_python_267,wrong,correct,b_correct_a_wrong
watt-ai_watt-tool-8B::zh_simple_python::zh_simple_python_273,correct,correct,both_correct
watt-ai_watt-tool-8B::zh_simple_python::zh_simple_python_276,correct,correct,both_correct
watt-ai_watt-tool-8B::zh_simple_python::zh_simple_python_283,correct,correct,both_correct
watt-ai_watt-tool-8B::zh_simple_python::zh_simple_python_295,wrong,correct,b_correct_a_wrong
watt-ai_watt-tool-8B::zh_simple_python::zh_simple_python_304,wrong,correct,b_correct_a_wrong
watt-ai_watt-tool-8B::zh_simple_python::zh_simple_python_322,correct,correct,both_correct
watt-ai_watt-tool-8B::zh_simple_python::zh_simple_python_327,correct,correct,both_correct
watt-ai_watt-tool-8B::zh_simple_python::zh_simple_python_340,wrong,correct,b_correct_a_wrong
watt-ai_watt-tool-8B::zh_simple_python::zh_simple_python_344,correct,correct,both_correct
watt-ai_watt-tool-8B::zh_simple_python::zh_simple_python_352,correct,correct,both_correct
watt-ai_watt-tool-8B::zh_simple_python::zh_simple_python_356,wrong,correct,b_correct_a_wrong
watt-ai_watt-tool-8B::zh_simple_python::zh_simple_python_364,correct,correct,both_correct
watt-ai_watt-tool-8B::zh_simple_python::zh_simple_python_367,wrong,correct,b_correct_a_wrong
watt-ai_watt-tool-8B::zh_simple_python::zh_simple_python_370,wrong,correct,b_correct_a_wrong
watt-ai_watt-tool-8B::zh_simple_python::zh_simple_python_372,correct,correct,both_correct
watt-ai_watt-tool-8B::zh_simple_python::zh_simple_python_373,correct,correct,both_correct
watt-ai_watt-tool-8B::zh_simple_python::zh_simple_python_375,wrong,correct,b_correct_a_wrong
watt-ai_watt-tool-8B::zh_simple_python::zh_simple_python_386,correct,correct,both_correct
watt-ai_watt-tool-8B::zh_simple_python::zh_simple_python_387,wrong,correct,b_correct_a_wrong
watt-ai_watt-tool-8B::zh_simple_python::zh_simple_python_390,wrong,correct,b_correct_a_wrong
watt-ai_watt-tool-8B::zh_simple_python::zh_simple_python_65,wrong,wrong,both_wrong
watt-ai_watt-tool-8B::zh_simple_python::zh_simple_python_76,correct,correct,both_correct
watt-ai_watt-tool-8B::zh_simple_python::zh_simple_python_77,correct,correct,both_correct
watt-ai_watt-tool-8B::zh_simple_python::zh_simple_python_91,correct,correct,both_correct
watt-ai_watt-tool-8B::zh_simple_python::zh_simple_python_98,wrong,correct,b_correct_a_wrong
